Country_Code,Standard_Country,Year,Region,Income_Group,GDP_Current_USD,GDP_Per_Capita_Growth_Pct,Education_Pct_GDP,Military_Exp_USD,Military_Pct_GDP,Happiness_Score,Log_GDP_per_Capita,Social_Support,Healthy_Life_Expectancy,Freedom,Generosity,Corruption,Dystopia_Residual,Prosperity_Score,GDP_in_Billions,GDP_in_Trillions,Education_Military_Gap,Spending_Priority,Complete_Core_Data_Flag,Complete_Social_Data_Flag
ABW,Aruba,2011,Latin America & Caribbean,High income,2637859217.87709,2.61052505937265,5.91466999053955,,,,,,,,,,,,2.63785921787709,0.00263785921787709,,Data Not Available,Missing Core Data,Missing Social Data
AFE,Africa Eastern and Southern,2011,,,959822476083.878,1.32056264735158,4.63901452250474,13243429787.9745,1.52552678849218,,,,,,,,,,959.8224760838781,0.959822476083878,3.11348773401256,Education-Focused,Complete Core Data,Missing Social Data
AFG,Afghanistan,2011,"Middle East, North Africa, Afghanistan & Pakistan",Low income,17805098206.3141,-3.21329500579925,3.4620099067688,325806949.72333,1.82134545354632,4.258,,,,,,,,34.8713436478,17.8050982063141,0.0178050982063141,1.6406644532224801,Education-Focused,Complete Core Data,Complete Social Data
AFW,Africa Western and Central,2011,,,691133400013.31,2.00165680033342,2.65335988998413,4987982651.04179,0.800118887721733,,,,,,,,,,691.13340001331,0.69113340001331,1.853241002262397,Education-Focused,Complete Core Data,Missing Social Data
AGO,Angola,2011,Sub-Saharan Africa,Lower middle income,125551634704.473,-0.356512141669299,,3639496373.5446,3.25566035129376,4.178,,,,,,,,39.8578960675,125.551634704473,0.125551634704473,,Data Not Available,Missing Core Data,Missing Social Data
ALB,Albania,2011,Europe & Central Asia,Upper middle income,12973755874.5365,2.73953255678821,3.17881310743026,197006789.236335,1.52826633776627,5.134,,,,,,,,57.8283447361,12.9737558745365,0.0129737558745365,1.6505467696639902,Education-Focused,Complete Core Data,Complete Social Data
AND,Andorra,2011,Europe & Central Asia,High income,3629133062.55168,3.7495175357235,2.98706007003784,,,,,,,,,,,,3.6291330625516802,0.00362913306255168,,Data Not Available,Missing Core Data,Missing Social Data
ARE,United Arab Emirates,2011,"Middle East, North Africa, Afghanistan & Pakistan",High income,368881143635.126,3.21040480797836,,19181756296.8005,5.46631452753061,6.977,,,,,,,,63.9137272492,368.88114363512597,0.368881143635126,,Data Not Available,Missing Core Data,Missing Social Data
ARG,Argentina,2011,Latin America & Caribbean,Upper middle income,530158122010.442,4.88127252804149,5.29063987731934,4051930104.57065,0.764287095310235,6.242,,,,,,,,59.5807529592,530.1581220104421,0.530158122010442,4.526352782009106,Education-Focused,Complete Core Data,Complete Social Data
ARM,Armenia,2011,Europe & Central Asia,Upper middle income,10142111824.5835,5.28437530828725,3.14384007453919,390871433.902191,3.85394644115574,4.474,,,,,,,,55.8713364243,10.1421118245835,0.0101421118245835,-0.7101063666165501,Military-Focused,Complete Core Data,Complete Social Data
ASM,American Samoa,2011,East Asia & Pacific,High income,570000000.0,0.606612624100549,,,,,,,,,,,,,0.57,0.00057,,Data Not Available,Missing Core Data,Missing Social Data
ATG,Antigua and Barbuda,2011,Latin America & Caribbean,High income,1287359259.25926,-3.10800074739414,,,,,,,,,,,,,1.28735925925926,0.00128735925925926,,Data Not Available,Missing Core Data,Missing Social Data
AUS,Australia,2011,East Asia & Pacific,High income,1402939868653.4,0.981771621515961,,26597198655.3381,1.75526613878209,7.345,,,,,,,,79.1207150737,1402.9398686533998,1.4029398686533998,,Data Not Available,Missing Core Data,Missing Social Data
AUT,Austria,2011,Europe & Central Asia,High income,428954737064.057,2.5811033185299,5.62787008285522,3409721208.58269,0.795931958980622,7.227,,,,,,,,78.7424414374,428.954737064057,0.428954737064057,4.831938123874599,Education-Focused,Complete Core Data,Complete Social Data
AZE,Azerbaijan,2011,Europe & Central Asia,Upper middle income,65952796427.9473,-2.84718268648209,2.43564009666443,3080084995.80846,4.67013555547022,4.582,,,,,,,,51.2173306487,65.9527964279473,0.06595279642794731,-2.23449545880579,Military-Focused,Complete Core Data,Complete Social Data
BDI,Burundi,2011,Sub-Saharan Africa,Low income,2235812879.56709,0.368535841377152,6.31926012039185,,,3.678,,,,,,,,36.576539845,2.23581287956709,0.00223581287956709,,Data Not Available,Missing Core Data,Complete Social Data
BEL,Belgium,2011,Europe & Central Asia,High income,527196649048.639,0.613616927857308,6.38481998443604,5499370964.2666,1.04450113453523,7.113,,,,,,,,76.2031057879,527.196649048639,0.5271966490486389,5.340318849900809,Education-Focused,Complete Core Data,Complete Social Data
BEN,Benin,2011,Sub-Saharan Africa,Lower middle income,10693321363.6574,-0.0571230167535077,,,,3.493,,,,,,,,46.098758173,10.6933213636574,0.0106933213636574,,Data Not Available,Missing Core Data,Missing Social Data
BFA,Burkina Faso,2011,Sub-Saharan Africa,Low income,12080295977.5632,3.51633623623128,3.98515009880066,138850860.201837,1.15090587793045,3.926,,,,,,,,43.8710706262,12.0802959775632,0.0120802959775632,2.83424422087021,Education-Focused,Complete Core Data,Complete Social Data
BGD,Bangladesh,2011,South Asia,Lower middle income,128607482310.357,5.501503282369,2.13269996643066,1801539801.81356,1.21766894947597,4.807,,,,,,,,45.2820583562,128.607482310357,0.12860748231035699,0.91503101695469,Education-Focused,Complete Core Data,Complete Social Data
BGR,Bulgaria,2011,Europe & Central Asia,High income,57681293006.9721,2.74691014250048,3.54690003395081,757931260.042945,1.31400025609446,3.889,,,,,,,,62.0257702332,57.6812930069721,0.0576812930069721,2.23289977785635,Education-Focused,Complete Core Data,Complete Social Data
BHR,Bahrain,2011,"Middle East, North Africa, Afghanistan & Pakistan",High income,29914680851.0638,4.78747209697194,2.31235396487985,1033510638.29787,3.59149722735675,5.568,,,,,,,,61.5957242722,29.9146808510638,0.029914680851063802,-1.2791432624768997,Military-Focused,Complete Core Data,Complete Social Data
BHS,"Bahamas, The",2011,Latin America & Caribbean,High income,10070450000.0,-0.537416355238307,2.35576638581195,,,,,,,,,,,,10.07045,0.01007045,,Data Not Available,Missing Core Data,Missing Social Data
BIH,Bosnia and Herzegovina,2011,Europe & Central Asia,Upper middle income,18644233537.1093,2.83942425948602,,211878260.622344,1.13643026444417,4.857,,,,,,,,56.5756799405,18.644233537109297,0.018644233537109298,,Data Not Available,Missing Core Data,Missing Social Data
BLR,Belarus,2011,Europe & Central Asia,Upper middle income,61762382327.9319,5.7975501732946,4.68479013442993,756277351.280397,1.22449510976582,5.566,,,,,,,,55.9932206818,61.7623823279319,0.0617623823279319,3.4602950246641098,Education-Focused,Complete Core Data,Complete Social Data
BLZ,Belize,2011,Latin America & Caribbean,Upper middle income,1831576700.0,-2.28218512422295,5.51786910233588,15416250.0,0.842255994312455,6.451,,,,,,,,55.0641295072,1.8315767,0.0018315767,4.675613108023425,Education-Focused,Complete Core Data,Complete Social Data
BMU,Bermuda,2011,North America,High income,6312691000.0,-3.75482688131365,2.19656988306324,,,,,,,,,,,,6.312691,0.006312691,,Data Not Available,Missing Core Data,Missing Social Data
BOL,Bolivia,2011,Latin America & Caribbean,Lower middle income,23963164696.592,3.51064971722133,6.45054006576538,403569202.360977,1.68412265690433,5.633,,,,,,,,51.9516636888,23.963164696592,0.023963164696591998,4.7664174088610505,Education-Focused,Complete Core Data,Complete Social Data
BRA,Brazil,2011,Latin America & Caribbean,Upper middle income,2616156606579.21,3.13169854409105,5.73741006851196,36936209895.8053,1.41185115924524,6.697,,,,,,,,60.5837089243,2616.15660657921,2.61615660657921,4.32555890926672,Education-Focused,Complete Core Data,Complete Social Data
BRB,Barbados,2011,Latin America & Caribbean,High income,5663100000.0,-0.633787547060066,,,,,,,,,,,,,5.6631,0.0056631,,Data Not Available,Missing Core Data,Missing Social Data
BRN,Brunei Darussalam,2011,East Asia & Pacific,High income,18524791062.657,1.91129549119837,3.32213997840881,415371528.964711,2.24224141990167,,,,,,,,,,18.524791062657002,0.018524791062657,1.0798985585071401,Education-Focused,Complete Core Data,Missing Social Data
BTN,Bhutan,2011,South Asia,Lower middle income,1977728658.68259,7.30476940871061,4.31658983230591,,,,,,,,,,,,1.97772865868259,0.00197772865868259,,Data Not Available,Missing Core Data,Missing Social Data
BWA,Botswana,2011,Sub-Saharan Africa,Upper middle income,15110643612.1729,4.75557328946104,10.8265537416631,363324481.153045,2.40443003238577,4.581,,,,,,,,55.7095725701,15.110643612172899,0.0151106436121729,8.42212370927733,Education-Focused,Complete Core Data,Complete Social Data
CAF,Central African Republic,2011,Sub-Saharan Africa,Low income,2437982705.12093,2.55065326927321,1.10792005062103,49874328.7289188,2.04840124780659,3.568,,,,,,,,34.2561033805,2.4379827051209304,0.0024379827051209304,-0.94048119718556,Military-Focused,Complete Core Data,Complete Social Data
CAN,Canada,2011,North America,High income,1793326630174.52,2.13607717133128,5.26204013824463,21393720863.7223,1.19329189549638,7.499,,,,,,,,78.7685177517,1793.32663017452,1.79332663017452,4.068748242748249,Education-Focused,Complete Core Data,Complete Social Data
CHE,Switzerland,2011,Europe & Central Asia,High income,715888126682.396,0.687339980952387,4.85663986206055,4973863848.78193,0.694782257657599,7.499,,,,,,,,81.8350433639,715.888126682396,0.715888126682396,4.161857604402951,Education-Focused,Complete Core Data,Complete Social Data
CHI,Channel Islands,2011,Europe & Central Asia,High income,9648680025.8275,0.438026517384117,,,,,,,,,,,,,9.648680025827499,0.0096486800258275,,Data Not Available,Missing Core Data,Missing Social Data
CHL,Chile,2011,Latin America & Caribbean,High income,251382573893.87,5.18104033334399,4.06173992156982,5686752069.60146,2.26361278130337,6.128,,,,,,,,68.8456303009,251.38257389387,0.25138257389387,1.7981271402664496,Education-Focused,Complete Core Data,Complete Social Data
CHN,China,2011,East Asia & Pacific,Upper middle income,7671757207851.29,8.86480747550642,,125286373164.011,1.65908251595704,4.68,,,,,,,,57.25675062,7671.75720785129,7.67175720785129,,Data Not Available,Missing Core Data,Missing Social Data
CIV,Cote d'Ivoire,2011,Sub-Saharan Africa,Lower middle income,36693710801.3976,-7.40424970030114,2.8657500743866,357330259.014212,1.00705786228658,4.197,,,,,,,,42.3122398884,36.6937108013976,0.0366937108013976,1.8586922121000198,Education-Focused,Complete Core Data,Complete Social Data
CMR,Cameroon,2011,Sub-Saharan Africa,Lower middle income,30630910495.217,0.496174364645441,2.65335988998413,347477885.670932,1.13588889236589,4.376,,,,,,,,43.2776843773,30.630910495216998,0.030630910495217,1.51747099761824,Education-Focused,Complete Core Data,Complete Social Data
COD,"Congo, Dem. Rep.",2011,Sub-Saharan Africa,Low income,26392379641.765,4.1213329035411,,238787546.588275,0.904759163497381,,,,,,,,,34.3499197157,26.392379641765,0.026392379641765,,Data Not Available,Missing Core Data,Missing Social Data
COG,"Congo, Rep.",2011,Sub-Saharan Africa,Lower middle income,15655383576.6515,-1.06295910259951,2.64652978173867,,,,,,,,,,,41.478080062,15.6553835766515,0.0156553835766515,,Data Not Available,Missing Core Data,Missing Social Data
COL,Colombia,2011,Latin America & Caribbean,Upper middle income,334966134804.887,5.80823503363762,4.46608018875122,10306578505.9573,3.07710698956258,6.202,,,,,,,,56.442606093,334.966134804887,0.334966134804887,1.3889731991886398,Education-Focused,Complete Core Data,Complete Social Data
COM,Comoros,2011,Sub-Saharan Africa,Lower middle income,1023086273.53336,2.08269275960269,2.8304500579834,,,3.7,,,,,,,,45.2658351831,1.02308627353336,0.00102308627353336,,Data Not Available,Missing Core Data,Complete Social Data
CPV,Cabo Verde,2011,Sub-Saharan Africa,Upper middle income,2046817987.20109,3.58680088003479,4.59785985946655,9757536.56239718,0.476996486976338,,,,,,,,,55.5482879461,2.04681798720109,0.0020468179872010902,4.120863372490212,Education-Focused,Complete Core Data,Missing Social Data
CRI,Costa Rica,2011,Latin America & Caribbean,High income,42762613698.9636,3.18309278796906,6.37988996505737,0.0,,7.251,,,,,,,,66.7484243905,42.7626136989636,0.0427626136989636,,Data Not Available,Missing Core Data,Complete Social Data
CUB,Cuba,2011,Latin America & Caribbean,Upper middle income,68990000000.0,2.76444210196216,,93744493.3920705,3.08450500072474,5.418,,,,,,,,53.3401015124,68.99,0.06899,,Data Not Available,Missing Core Data,Missing Social Data
CUW,Curacao,2011,Latin America & Caribbean,High income,2930092237.27161,-0.909566558660117,5.64725392834695,,,,,,,,,,,,2.9300922372716096,0.00293009223727161,,Data Not Available,Missing Core Data,Missing Social Data
CYM,Cayman Islands,2011,Latin America & Caribbean,High income,4186073160.18254,-1.57275972465099,,,,,,,,,,,,,4.18607316018254,0.00418607316018254,,Data Not Available,Missing Core Data,Missing Social Data
CYP,Cyprus,2011,Europe & Central Asia,High income,27641549301.6561,-2.1129375771815,6.52042007446289,479735318.444996,1.73783209097559,6.416,,,,,,,,70.5472637978,27.641549301656102,0.0276415493016561,4.7825879834873,Education-Focused,Complete Core Data,Complete Social Data
CZE,Czechia,2011,Europe & Central Asia,High income,231429378717.312,1.56218619113156,4.20787000656128,2474313259.0035,1.06914296806992,6.36,,,,,,,,71.9472753371,231.429378717312,0.231429378717312,3.13872703849136,Education-Focused,Complete Core Data,Complete Social Data
DEU,Germany,2011,Europe & Central Asia,High income,3823575803793.78,5.69928311502757,4.88583993911743,45163212878.2034,1.18233731589884,6.572,,,,,,,,79.4379637084,3823.57580379378,3.82357580379378,3.70350262321859,Education-Focused,Complete Core Data,Complete Social Data
DJI,Djibouti,2011,"Middle East, North Africa, Afghanistan & Pakistan",Lower middle income,1239144501.77525,,,,,4.957,,,,,,,,48.2490067491,1.23914450177525,0.00123914450177525,,Data Not Available,Missing Core Data,Missing Social Data
DMA,Dominica,2011,Latin America & Caribbean,Upper middle income,532081481.481481,-0.238324807305119,,,,,,,,,,,,,0.532081481481481,0.000532081481481481,,Data Not Available,Missing Core Data,Missing Social Data
DNK,Denmark,2011,Europe & Central Asia,High income,344315595263.175,0.894526404293345,8.47716045379639,4518590126.86474,1.3123392890178,7.856,,,,,,,,82.532406611,344.315595263175,0.344315595263175,7.164821164778591,Education-Focused,Complete Core Data,Complete Social Data
DOM,Dominican Republic,2011,Latin America & Caribbean,Upper middle income,57948261615.957,1.89038252427819,1.87925755786153,348559830.088199,0.602928060143009,5.036,,,,,,,,56.1171561881,57.948261615957,0.057948261615957,1.276329497718521,Education-Focused,Complete Core Data,Complete Social Data
DZA,Algeria,2011,"Middle East, North Africa, Afghanistan & Pakistan",Upper middle income,218331946925.304,1.00399237129356,9.12453448642892,8652237040.00252,3.9628827473348,5.368,,,,,,,,49.467006065,218.33194692530398,0.218331946925304,5.161651739094121,Education-Focused,Complete Core Data,Complete Social Data
EAR,Early-demographic dividend,2011,,,9832704039068.24,3.3373148760035,3.87058997154235,208669249055.578,2.17403408319242,,,,,,,,,,9832.70403906824,9.83270403906824,1.69655588834993,Education-Focused,Complete Core Data,Missing Social Data
ECS,Europe & Central Asia,2011,,,23432000301407.5,2.09775339309826,4.85663986206055,399660545514.511,1.71946693772579,,,,,,,,,,23432.0003014075,23.4320003014075,3.1371729243347604,Education-Focused,Complete Core Data,Missing Social Data
ECU,Ecuador,2011,Latin America & Caribbean,Upper middle income,78986648000.0,6.71524931054121,4.74424982070923,2453700000.0,3.10647440690889,5.425,,,,,,,,53.1872618232,78.986648,0.078986648,1.6377754138003402,Education-Focused,Complete Core Data,Complete Social Data
EGY,"Egypt, Arab Rep.",2011,"Middle East, North Africa, Afghanistan & Pakistan",Lower middle income,235989672977.625,-0.354646267702748,,4463974191.06902,1.83702551137618,4.853,,,,,,,,48.5846893428,235.989672977625,0.235989672977625,,Data Not Available,Missing Core Data,Missing Social Data
ERI,Eritrea,2011,Sub-Saharan Africa,Low income,2065001626.01626,6.74798297853228,,,,,,,,,,,,34.2403172911,2.06500162601626,0.00206500162601626,,Data Not Available,Missing Core Data,Missing Social Data
ESP,Spain,2011,Europe & Central Asia,High income,1487568659241.25,-0.992358604711711,4.71897983551025,19695435494.297,1.32573618168037,6.761,,,,,,,,72.6048521034,1487.56865924125,1.48756865924125,3.39324365382988,Education-Focused,Complete Core Data,Complete Social Data
EST,Estonia,2011,Europe & Central Asia,High income,23303915794.7569,7.93414724975237,4.99514007568359,389237580.888435,1.67245488569073,5.33,,,,,,,,72.2962442559,23.3039157947569,0.0233039157947569,3.3226851899928604,Education-Focused,Complete Core Data,Complete Social Data
ETH,Ethiopia,2011,,,31952763089.33,8.06141676362226,5.4857702255249,332441772.391593,1.09070647415251,,,,,,,,,39.8275786319,31.952763089330002,0.031952763089330004,4.39506375137239,Education-Focused,Complete Core Data,Missing Social Data
FIN,Finland,2011,Europe & Central Asia,High income,275126915515.565,1.91685338301681,6.45624017715454,4099505807.28569,1.49199362525613,7.579,,,,,,,,81.7787007985,275.126915515565,0.275126915515565,4.96424655189841,Education-Focused,Complete Core Data,Complete Social Data
FJI,Fiji,2011,East Asia & Pacific,Upper middle income,3779411899.37483,2.41603525489221,4.17305994033813,60785527.4678088,1.61040391811109,,,,,,,,,,3.77941189937483,0.0037794118993748297,2.5626560222270403,Education-Focused,Complete Core Data,Missing Social Data
FRA,France,2011,Europe & Central Asia,High income,2870408553990.28,1.94433505424516,,54120871009.5016,1.88794614981494,6.746,,,,,,,,75.8790186922,2870.40855399028,2.8704085539902797,,Data Not Available,Missing Core Data,Missing Social Data
FRO,Faroe Islands,2011,Europe & Central Asia,High income,2505740669.27039,3.80958187983906,,,,,,,,,,,,,2.50574066927039,0.00250574066927039,,Data Not Available,Missing Core Data,Missing Social Data
FSM,"Micronesia, Fed. Sts.",2011,East Asia & Pacific,Lower middle income,306799375.530804,3.63146339591056,,,,,,,,,,,,,0.306799375530804,0.000306799375530804,,Data Not Available,Missing Core Data,Missing Social Data
GAB,Gabon,2011,Sub-Saharan Africa,Upper middle income,18210307743.5816,3.35937600321799,2.987459897995,265965337.617035,1.46243422997043,,,,,,,,,47.7374441245,18.210307743581602,0.0182103077435816,1.52502566802457,Education-Focused,Complete Core Data,Missing Social Data
GBR,United Kingdom,2011,Europe & Central Asia,High income,2675590034128.66,0.0663488911998797,5.57219982147217,66569552573.1349,2.49903987829525,6.936,,,,,,,,78.3399157242,2675.59003412866,2.67559003412866,3.0731599431769197,Education-Focused,Complete Core Data,Complete Social Data
GEO,Georgia,2011,Europe & Central Asia,Upper middle income,15475290469.2869,8.8036288733672,2.5149199962616,468779626.836253,3.0291791684272,3.892,,,,,,,,57.9878212226,15.4752904692869,0.0154752904692869,-0.5142591721656,Military-Focused,Complete Core Data,Complete Social Data
GHA,Ghana,2011,Sub-Saharan Africa,Lower middle income,39336668080.559,11.3370417824575,8.14097023010254,234327479.578,0.43515452267479,4.705,,,,,,,,52.9984487451,39.336668080559,0.039336668080558995,7.7058157074277505,Education-Focused,Complete Core Data,Complete Social Data
GIB,Gibraltar,2011,Europe & Central Asia,High income,,,,,,,,,,,,,,,,,,Data Not Available,Missing Core Data,Missing Social Data
GIN,Guinea,2011,Sub-Saharan Africa,Lower middle income,6785137203.33153,3.02826048764469,2.28742003440857,,,4.171,,,,,,,,38.4925267721,6.78513720333153,0.00678513720333153,,Data Not Available,Missing Core Data,Complete Social Data
GMB,"Gambia, The",2011,Sub-Saharan Africa,Low income,1409693596.93594,-10.7772609082744,2.50116991996765,,,,,,,,,,,47.2596845721,1.40969359693594,0.00140969359693594,,Data Not Available,Missing Core Data,Missing Social Data
GNB,Guinea-Bissau,2011,Sub-Saharan Africa,Low income,1157074319.19388,5.28027330014127,1.76593005657196,17519804.3512353,1.51613050510836,,,,,,,,,39.0985048556,1.1570743191938802,0.00115707431919388,0.2497995514636,Education-Focused,Complete Core Data,Missing Social Data
GNQ,Equatorial Guinea,2011,Sub-Saharan Africa,Upper middle income,21357343668.9447,1.99905762799257,,,,,,,,,,,,46.0141959086,21.357343668944697,0.0213573436689447,,Data Not Available,Missing Core Data,Missing Social Data
GRC,Greece,2011,Europe & Central Asia,High income,283228079776.041,-9.74334160929287,,7128608267.12819,2.52021146748907,6.133,,,,,,,,66.246563845,283.228079776041,0.28322807977604103,,Data Not Available,Missing Core Data,Missing Social Data
GRD,Grenada,2011,Latin America & Caribbean,Upper middle income,778655555.555555,0.321541246692931,5.48532342071091,,,,,,,,,,,,0.778655555555555,0.000778655555555555,,Data Not Available,Missing Core Data,Missing Social Data
GRL,Greenland,2011,Europe & Central Asia,High income,2684461375.46585,-1.11918135533512,,,,,,,,,,,,,2.6844613754658497,0.0026844613754658498,,Data Not Available,Missing Core Data,Missing Social Data
GTM,Guatemala,2011,Latin America & Caribbean,Upper middle income,46876006272.2387,2.10758860221354,2.96865010261536,197433150.684228,0.459619447723005,6.277,,,,,,,,53.3125097591,46.8760062722387,0.0468760062722387,2.509030654892355,Education-Focused,Complete Core Data,Complete Social Data
GUM,Guam,2011,East Asia & Pacific,High income,4984000000.0,0.0650356763903517,,,,,,,,,,,,,4.984,0.004984,,Data Not Available,Missing Core Data,Missing Social Data
GUY,Guyana,2011,Latin America & Caribbean,High income,3691384317.52178,5.63372747844741,2.50669002532959,32416747.5418836,0.878175345601621,5.993,,,,,,,,53.8350034426,3.69138431752178,0.00369138431752178,1.6285146797279688,Education-Focused,Complete Core Data,Complete Social Data
HKG,"Hong Kong SAR, China",2011,East Asia & Pacific,High income,248513617677.287,4.11214756917033,3.41823005676269,,,,,,,,,,,78.2134544663,248.513617677287,0.248513617677287,,Data Not Available,Missing Core Data,Missing Social Data
HND,Honduras,2011,Latin America & Caribbean,Lower middle income,17710275685.4074,1.71164194817371,,200358405.886737,1.13130910330426,5.564,,,,,,,,50.7827587099,17.7102756854074,0.0177102756854074,,Data Not Available,Missing Core Data,Missing Social Data
HRV,Croatia,2011,Europe & Central Asia,High income,62889007657.3899,0.234570646490468,4.10584020614624,1090923901.93254,1.73660237614066,5.623,,,,,,,,64.792449825,62.889007657389904,0.0628890076573899,2.3692378300055803,Education-Focused,Complete Core Data,Complete Social Data
HTI,Haiti,2011,Latin America & Caribbean,Lower middle income,13008746038.8867,3.91514494215959,,0.0,,3.789,,,,,,,,39.2692301384,13.0087460388867,0.0130087460388867,,Data Not Available,Missing Core Data,Missing Social Data
HUN,Hungary,2011,Europe & Central Asia,High income,141712804953.868,2.2059103447462,4.57056999206543,1472069831.63811,1.03876980779352,4.943,,,,,,,,67.1614310101,141.71280495386802,0.141712804953868,3.53180018427191,Education-Focused,Complete Core Data,Complete Social Data
IDB,IDA blend,2011,,,888614216908.754,1.68403729203021,2.8657500743866,11166959643.4729,1.36317186337142,,,,,,,,,,888.614216908754,0.888614216908754,1.5025782110151797,Education-Focused,Complete Core Data,Missing Social Data
IDN,Indonesia,2011,East Asia & Pacific,Upper middle income,892969104563.171,4.82294276512758,3.18944001197815,5838026185.71723,0.653776702606807,5.159,,,,,,,,56.2705231404,892.9691045631711,0.892969104563171,2.5356633093713428,Education-Focused,Complete Core Data,Complete Social Data
IMN,Isle of Man,2011,Europe & Central Asia,High income,6565667052.79737,1.38472598626136,,,,,,,,,,,,,6.56566705279737,0.00656566705279737,,Data Not Available,Missing Core Data,Missing Social Data
IND,India,2011,South Asia,Lower middle income,1823051829894.55,3.76074153145865,3.79618000984192,49633815793.7027,2.70448222276966,4.975,,,,,,,,49.5946296416,1823.05182989455,1.82305182989455,1.0916977870722597,Education-Focused,Complete Core Data,Complete Social Data
IRL,Ireland,2011,Europe & Central Asia,High income,240975871046.644,1.166742916706,5.77199983596802,1300331547.01086,0.539508228229788,7.284,,,,,,,,77.8436635083,240.97587104664402,0.240975871046644,5.232491607738233,Education-Focused,Complete Core Data,Complete Social Data
IRN,"Iran, Islamic Rep.",2011,"Middle East, North Africa, Afghanistan & Pakistan",Upper middle income,629082257472.368,1.38495950276369,3.48497009277344,14277667360.5682,2.38163454250427,5.149,,,,,,,,45.6989895019,629.082257472368,0.629082257472368,1.1033355502691702,Education-Focused,Complete Core Data,Complete Social Data
IRQ,Iraq,2011,"Middle East, North Africa, Afghanistan & Pakistan",Upper middle income,185749664444.444,3.81441942451566,,4278632478.63248,2.30344021962536,4.882,,,,,,,,41.7859316867,185.749664444444,0.185749664444444,,Data Not Available,Missing Core Data,Missing Social Data
ISL,Iceland,2011,Europe & Central Asia,High income,15394005872.149,1.07078538162074,6.78996992111206,0.0,,6.888,,,,,,,,78.846101306,15.394005872149,0.015394005872149,,Data Not Available,Missing Core Data,Complete Social Data
ISR,Israel,2011,"Middle East, North Africa, Afghanistan & Pakistan",High income,268094998225.028,3.58663560932411,5.42928981781006,15100066207.7677,5.63236402188698,7.199,,,,,,,,68.9370866428,268.094998225028,0.268094998225028,-0.20307420407691978,Military-Focused,Complete Core Data,Complete Social Data
ITA,Italy,2011,Europe & Central Asia,High income,2306974020278.21,0.347491108002188,4.09431982040405,33828804971.12,1.46829220552997,6.578,,,,,,,,71.0671349736,2306.97402027821,2.30697402027821,2.62602761487408,Education-Focused,Complete Core Data,Complete Social Data
JAM,Jamaica,2011,Latin America & Caribbean,Upper middle income,14444661522.1463,1.29087650393585,6.26664018630981,133638559.827692,0.925165752936644,6.208,,,,,,,,58.6537513943,14.4446615221463,0.0144446615221463,5.341474433373166,Education-Focused,Complete Core Data,Complete Social Data
JOR,Jordan,2011,"Middle East, North Africa, Afghanistan & Pakistan",Lower middle income,29524149154.9296,0.218599818569089,3.59900580598478,1594788732.39437,5.40164163067694,5.706,,,,,,,,56.6112113174,29.5241491549296,0.0295241491549296,-1.8026358246921599,Military-Focused,Complete Core Data,Complete Social Data
JPN,Japan,2011,East Asia & Pacific,High income,6233147172341.35,0.209251802844406,3.60526990890503,60762213840.8911,0.974823565427991,6.059,,,,,,,,76.0205381538,6233.14717234135,6.23314717234135,2.6304463434770393,Education-Focused,Complete Core Data,Complete Social Data
KAZ,Kazakhstan,2011,Europe & Central Asia,Upper middle income,192626464617.071,5.95764573473487,3.6143401736456,1803970781.81161,0.93651358475802,5.594,,,,,,,,54.6993997637,192.626464617071,0.192626464617071,2.67782658888758,Education-Focused,Complete Core Data,Complete Social Data
KEN,Kenya,2011,Sub-Saharan Africa,Lower middle income,46869473150.61,2.26952218964762,4.70012998580933,646678106.716751,1.37974304585955,4.18,,,,,,,,46.9732583984,46.86947315061,0.04686947315061,3.3203869399497794,Education-Focused,Complete Core Data,Complete Social Data
KGZ,Kyrgyz Republic,2011,Europe & Central Asia,Lower middle income,6197765984.28468,4.43705345314649,6.79061985015869,210651901.984878,3.39883593465625,,,,,,,,,51.0361519302,6.19776598428468,0.006197765984284681,3.39178391550244,Education-Focused,Complete Core Data,Missing Social Data
KHM,Cambodia,2011,East Asia & Pacific,Lower middle income,16032622023.8265,5.66993084409259,1.20887994766235,192159418.504374,1.1985526648033,4.101,,,,,,,,47.3893718325,16.0326220238265,0.0160326220238265,0.010327282859049935,Education-Focused,Complete Core Data,Complete Social Data
KIR,Kiribati,2011,East Asia & Pacific,Lower middle income,195970140.170383,1.45038004681834,,,,,,,,,,,,,0.195970140170383,0.00019597014017038301,,Data Not Available,Missing Core Data,Missing Social Data
KNA,St. Kitts and Nevis,2011,Latin America & Caribbean,High income,836092592.592593,1.52991480984264,2.49706527276352,,,,,,,,,,,,0.8360925925925929,0.0008360925925925929,,Data Not Available,Missing Core Data,Missing Social Data
KOR,"Korea, Rep.",2011,East Asia & Pacific,High income,1307103477219.1,2.89375816160189,,30991707946.4761,2.37114288990647,5.643,,,,,,,,71.2267851582,1307.1034772191001,1.3071034772191001,,Data Not Available,Missing Core Data,Missing Social Data
KWT,Kuwait,2011,"Middle East, North Africa, Afghanistan & Pakistan",High income,154039231245.856,2.99936488052495,,5393526319.03152,3.50139726568748,6.574,,,,,,,,61.2464095933,154.039231245856,0.154039231245856,,Data Not Available,Missing Core Data,Missing Social Data
LAO,Lao PDR,2011,East Asia & Pacific,Lower middle income,8750104617.17303,6.48536557882839,1.70801997184753,19009820.5990989,0.212126552452257,5.161,,,,,,,,47.2044629859,8.750104617173031,0.008750104617173031,1.4958934193952729,Education-Focused,Complete Core Data,Complete Social Data
LBN,Lebanon,2011,"Middle East, North Africa, Afghanistan & Pakistan",Lower middle income,39927125961.5257,-0.215990101752055,1.65251994132996,1626533996.68325,4.07375676942933,5.049,,,,,,,,54.8601615169,39.927125961525704,0.0399271259615257,-2.4212368280993704,Military-Focused,Complete Core Data,Complete Social Data
LBR,Liberia,2011,Sub-Saharan Africa,Low income,2398000000.0,4.04086635073222,,12540500.0,0.535918803418803,4.04,,,,,,,,44.0089193852,2.398,0.002398,,Data Not Available,Missing Core Data,Missing Social Data
LBY,Libya,2011,"Middle East, North Africa, Afghanistan & Pakistan",Upper middle income,48169263294.1007,-49.1278565212286,,,,5.178,,,,,,,,46.1472612167,48.1692632941007,0.0481692632941007,,Data Not Available,Missing Core Data,Missing Social Data
LCA,St. Lucia,2011,Latin America & Caribbean,Upper middle income,1568370370.37037,3.78344996295867,3.5988199710846,,,,,,,,,,,,1.56837037037037,0.00156837037037037,,Data Not Available,Missing Core Data,Missing Social Data
LCN,Latin America & Caribbean,2011,,,6139415369063.72,3.28344806878529,4.14937019348145,73819638767.9944,1.28584934657878,,,,,,,,,,6139.4153690637195,6.13941536906372,2.86352084690267,Education-Focused,Complete Core Data,Missing Social Data
LIE,Liechtenstein,2011,Europe & Central Asia,High income,5739706004.89616,,2.55604004859924,,,,,,,,,,,,5.73970600489616,0.0057397060048961605,,Data Not Available,Missing Core Data,Missing Social Data
LKA,Sri Lanka,2011,South Asia,Lower middle income,67753285896.6254,7.99726895717046,1.74292004108429,1753321575.5438,2.68531865302989,4.26,,,,,,,,52.7873845622,67.7532858966254,0.0677532858966254,-0.9423986119455998,Military-Focused,Complete Core Data,Complete Social Data
LSO,Lesotho,2011,Sub-Saharan Africa,Lower middle income,2579409619.96722,3.69398595274109,,58169320.7531059,2.25552295756199,,,,,,,,,44.5276177188,2.57940961996722,0.00257940961996722,,Data Not Available,Missing Core Data,Missing Social Data
LTE,Late-demographic dividend,2011,,,16665376541950.8,6.50336641178397,4.0735502243042,322468888342.283,2.0006089074155,,,,,,,,,,16665.3765419508,16.6653765419508,2.0729413168887003,Education-Focused,Complete Core Data,Missing Social Data
LTU,Lithuania,2011,Europe & Central Asia,High income,43186501862.7907,8.75223892258067,5.15469980239868,344605215.42864,0.797082443059276,5.588,,,,,,,,66.1941383121,43.186501862790706,0.0431865018627907,4.357617359339404,Education-Focused,Complete Core Data,Complete Social Data
LUX,Luxembourg,2011,Europe & Central Asia,High income,61696281326.2453,-1.17679800508684,,232152414.315602,0.376775588804359,7.051,,,,,,,,80.1323229031,61.6962813262453,0.0616962813262453,,Data Not Available,Missing Core Data,Missing Social Data
LVA,Latvia,2011,Europe & Central Asia,High income,26575547900.8247,4.92957999064132,5.24315977096558,296834929.212511,1.1073762662641,4.762,,,,,,,,67.3340095837,26.5755479008247,0.0265755479008247,4.13578350470148,Education-Focused,Complete Core Data,Complete Social Data
MAC,"Macao SAR, China",2011,East Asia & Pacific,High income,36848881944.6939,18.8340221202044,2.67528009414673,,,,,,,,,,,,36.8488819446939,0.0368488819446939,,Data Not Available,Missing Core Data,Missing Social Data
MAF,St. Martin (French part),2011,Latin America & Caribbean,High income,775875748.523832,,,,,,,,,,,,,,0.775875748523832,0.000775875748523832,,Data Not Available,Missing Core Data,Missing Social Data
MAR,Morocco,2011,"Middle East, North Africa, Afghanistan & Pakistan",Lower middle income,110080631332.375,4.06561020586629,,3342698955.60745,3.29749523520352,4.793,,,,,,,,51.810307804,110.080631332375,0.110080631332375,,Data Not Available,Missing Core Data,Missing Social Data
MCO,Monaco,2011,Europe & Central Asia,High income,6088689808.38347,4.5537743299959,1.58989000320435,,,,,,,,,,,,6.08868980838347,0.00608868980838347,,Data Not Available,Missing Core Data,Missing Social Data
MDA,Moldova,2011,Europe & Central Asia,Upper middle income,8414352020.49442,5.87938512338968,7.13638019561768,22966963.6924335,0.272949600366091,,,,,,,,,53.4241541871,8.41435202049442,0.00841435202049442,6.8634305952515895,Education-Focused,Complete Core Data,Missing Social Data
MDG,Madagascar,2011,Sub-Saharan Africa,Low income,11551819617.874,-1.26548226968092,2.38168001174927,71989808.0113771,0.623191026336477,4.309,,,,,,,,43.792957701,11.551819617874001,0.011551819617874,1.7584889854127927,Education-Focused,Complete Core Data,Complete Social Data
MDV,Maldives,2011,South Asia,Upper middle income,2774350240.04918,5.0911686527859,3.08072996139526,,,,,,,,,,,,2.77435024004918,0.00277435024004918,,Data Not Available,Missing Core Data,Missing Social Data
MEX,Mexico,2011,Latin America & Caribbean,Upper middle income,1229013703416.76,1.99026327799889,4.9040699005127,5498458541.61133,0.447386999972132,6.74,,,,,,,,57.9566414641,1229.01370341676,1.22901370341676,4.456682900540568,Education-Focused,Complete Core Data,Complete Social Data
MHL,Marshall Islands,2011,East Asia & Pacific,Upper middle income,172300000.0,-0.239905288671963,,,,,,,,,,,,,0.1723,0.0001723,,Data Not Available,Missing Core Data,Missing Social Data
MKD,North Macedonia,2011,Europe & Central Asia,Upper middle income,10494626767.6445,2.81001401364465,,132461994.809047,1.26218709982742,4.369,,,,,,,,59.4824298778,10.494626767644501,0.0104946267676445,,Data Not Available,Missing Core Data,Missing Social Data
MLI,Mali,2011,Sub-Saharan Africa,Low income,15452791789.0031,-0.338811373050731,3.14614009857178,161062674.572866,1.2410333300729,3.967,,,,,,,,45.0669029255,15.452791789003099,0.0154527917890031,1.90510676849888,Education-Focused,Complete Core Data,Complete Social Data
MLT,Malta,2011,"Middle East, North Africa, Afghanistan & Pakistan",High income,9789361703.07204,0.565202297816086,7.57771015167236,55893126.4813618,0.571705680644883,5.96,,,,,,,,72.1681049552,9.789361703072041,0.00978936170307204,7.0060044710274765,Education-Focused,Complete Core Data,Complete Social Data
MMR,Myanmar,2011,East Asia & Pacific,Lower middle income,59977326085.9908,4.74658078594661,0.787440001964569,,,5.322,,,,,,,,39.5703399567,59.977326085990796,0.0599773260859908,,Data Not Available,Missing Core Data,Complete Social Data
MNE,Montenegro,2011,Europe & Central Asia,Upper middle income,4507126949.08507,3.25692677248162,,79376663.8168915,1.74896930267889,5.147,,,,,,,,61.8688694532,4.50712694908507,0.004507126949085069,,Data Not Available,Missing Core Data,Missing Social Data
MNG,Mongolia,2011,East Asia & Pacific,Upper middle income,10409797377.8571,15.2830434931644,4.6090202331543,87157848.1572792,0.837270236688781,4.562,,,,,,,,52.9602950611,10.4097973778571,0.0104097973778571,3.7717499964655197,Education-Focused,Complete Core Data,Complete Social Data
MNP,Northern Mariana Islands,2011,East Asia & Pacific,High income,729000000.0,-6.54977616215164,,,,,,,,,,,,,0.729,0.000729,,Data Not Available,Missing Core Data,Missing Social Data
MOZ,Mozambique,2011,Sub-Saharan Africa,Low income,14619279988.716,4.19033881987379,5.53052494030773,118871183.035407,0.813112431836901,4.693,,,,,,,,43.7361385921,14.619279988716,0.014619279988716,4.717412508470829,Education-Focused,Complete Core Data,Complete Social Data
MRT,Mauritania,2011,Sub-Saharan Africa,Lower middle income,6764627745.9033,0.846509288912657,2.33102011680603,0.0,,4.643,,,,,,,,40.1955081477,6.7646277459033,0.0067646277459033005,,Data Not Available,Missing Core Data,Complete Social Data
MUS,Mauritius,2011,Sub-Saharan Africa,Upper middle income,11677718382.4259,3.91100124069837,3.33207011222839,17512018.3933672,0.152035252096647,5.477,,,,,,,,64.6766750709,11.6777183824259,0.0116777183824259,3.180034860131743,Education-Focused,Complete Core Data,Complete Social Data
MWI,Malawi,2011,Sub-Saharan Africa,Low income,11648142958.3651,1.91798932347378,2.85346007347107,52804842.9862952,0.468557773532063,4.624,,,,,,,,47.4560352852,11.648142958365101,0.011648142958365101,2.384902299939007,Education-Focused,Complete Core Data,Complete Social Data
MYS,Malaysia,2011,East Asia & Pacific,Upper middle income,297951668674.835,3.46597439015295,5.76293992996216,4692483660.13072,1.55285313376988,5.823,,,,,,,,63.5124284623,297.95166867483505,0.297951668674835,4.21008679619228,Education-Focused,Complete Core Data,Complete Social Data
NAM,Namibia,2011,Sub-Saharan Africa,Lower middle income,12523359440.5499,3.30348908465837,8.02137930818109,443591424.475254,3.5745889549471,4.886,,,,,,,,55.9162206391,12.5233594405499,0.0125233594405499,4.44679035323399,Education-Focused,Complete Core Data,Complete Social Data
NCL,New Caledonia,2011,East Asia & Pacific,High income,10351448004.7674,,,,,,,,,,,,,,10.3514480047674,0.010351448004767401,,Data Not Available,Missing Core Data,Missing Social Data
NER,Niger,2011,Sub-Saharan Africa,Low income,8772950777.79176,-1.38136228282855,3.07762002944946,83947561.3839522,0.976041978774068,4.122,,,,,,,,41.1682051431,8.77295077779176,0.00877295077779176,2.101578050675392,Education-Focused,Complete Core Data,Complete Social Data
NGA,Nigeria,2011,Sub-Saharan Africa,Lower middle income,414466676831.16,2.39734841623091,,2384936021.71384,0.579227031040921,4.856,,,,,,,,43.0415347179,414.46667683116,0.41446667683115995,,Data Not Available,Missing Core Data,Missing Social Data
NIC,Nicaragua,2011,Latin America & Caribbean,Lower middle income,9774329332.71276,4.82579847166105,,51453111.1339038,0.526411336509848,5.115,,,,,,,,51.345382822,9.77432933271276,0.00977432933271276,,Data Not Available,Missing Core Data,Missing Social Data
NLD,Netherlands,2011,Europe & Central Asia,High income,913140741332.687,1.29975033814375,5.41595983505249,11647934608.0864,1.27726127378573,7.512,,,,,,,,80.8452245669,913.140741332687,0.913140741332687,4.13869856126676,Education-Focused,Complete Core Data,Complete Social Data
NOR,Norway,2011,Europe & Central Asia,High income,501360549669.404,-0.197405946610559,6.4148998260498,7232260585.48231,1.44252755140788,7.524,,,,,,,,82.2651652309,501.360549669404,0.501360549669404,4.97237227464192,Education-Focused,Complete Core Data,Complete Social Data
NPL,Nepal,2011,South Asia,Lower middle income,21573872420.7008,2.96035780817019,3.8426399230957,284518851.062623,1.35067285523943,4.474,,,,,,,,44.7720599622,21.573872420700802,0.0215738724207008,2.4919670678562698,Education-Focused,Complete Core Data,Complete Social Data
NRU,Nauru,2011,East Asia & Pacific,High income,65071879.7787162,14.0811226451365,,,,,,,,,,,,,0.0650718797787162,6.50718797787162e-05,,Data Not Available,Missing Core Data,Missing Social Data
NZL,New Zealand,2011,East Asia & Pacific,High income,168484908960.078,1.31801414005311,,1937686540.63406,1.16234930052697,7.372,,,,,,,,80.2325006658,168.484908960078,0.168484908960078,,Data Not Available,Missing Core Data,Missing Social Data
OMN,Oman,2011,"Middle East, North Africa, Afghanistan & Pakistan",High income,77497529258.7776,-7.78414520830087,,5000715214.56437,6.45275108066004,,,,,,,,,58.8540159929,77.4975292587776,0.0774975292587776,,Data Not Available,Missing Core Data,Missing Social Data
PAK,Pakistan,2011,"Middle East, North Africa, Afghanistan & Pakistan",Lower middle income,230586581059.665,0.408754534144464,2.00100994110107,6954787511.26317,2.91924318438144,5.149,,,,,,,,40.8714957184,230.586581059665,0.230586581059665,-0.9182332432803699,Military-Focused,Complete Core Data,Complete Social Data
PAN,Panama,2011,Latin America & Caribbean,High income,35687738251.8135,9.94036228958628,3.07034993171692,0.0,,6.863,,,,,,,,63.3941214154,35.6877382518135,0.0356877382518135,,Data Not Available,Missing Core Data,Complete Social Data
PER,Peru,2011,Latin America & Caribbean,Upper middle income,171761737046.585,5.53595626254707,2.6635000705719,2355167833.84937,1.37118305528699,5.258,,,,,,,,58.2385481307,171.76173704658498,0.17176173704658498,1.29231701528491,Education-Focused,Complete Core Data,Complete Social Data
PHL,Philippines,2011,East Asia & Pacific,Lower middle income,234216730291.32,1.83760514144211,,2701492158.26159,1.15341455205701,4.825,,,,,,,,54.4946886088,234.21673029132,0.23421673029132,,Data Not Available,Missing Core Data,Missing Social Data
PLW,Palau,2011,East Asia & Pacific,High income,198742370.605469,6.9406210208851,,,,,,,,,,,,,0.19874237060546898,0.000198742370605469,,Data Not Available,Missing Core Data,Missing Social Data
PNG,Papua New Guinea,2011,East Asia & Pacific,Lower middle income,17985138065.8549,-1.79758471709076,,64193136.1425914,0.356925097321889,,,,,,,,,47.5198052176,17.9851380658549,0.0179851380658549,,Data Not Available,Missing Core Data,Missing Social Data
POL,Poland,2011,Europe & Central Asia,High income,527848543023.469,5.19888222323388,4.82901000976562,9455422988.00142,1.79131485643585,5.803,,,,,,,,68.8404368895,527.848543023469,0.527848543023469,3.0376951533297696,Education-Focused,Complete Core Data,Complete Social Data
PRI,Puerto Rico (US),2011,Latin America & Caribbean,High income,100351700000.0,0.477827773852212,,,,,,,,,,,,,100.3517,0.1003517,,Data Not Available,Missing Core Data,Missing Social Data
PRK,"Korea, Dem. People's Rep.",2011,East Asia & Pacific,Low income,,,,0.0,,,,,,,,,,,,,,Data Not Available,Missing Core Data,Missing Social Data
PRT,Portugal,2011,Europe & Central Asia,High income,245426767676.002,-1.56885655182528,5.11688995361328,3651882589.26399,1.48992161044294,5.327,,,,,,,,71.711615168,245.42676767600202,0.24542676767600202,3.6269683431703403,Education-Focused,Complete Core Data,Complete Social Data
PRY,Paraguay,2011,Latin America & Caribbean,Upper middle income,33756238766.4931,2.91154988839506,3.69283008575439,285106240.844392,0.844603850849582,5.398,,,,,,,,56.0392331,33.7562387664931,0.0337562387664931,2.848226234904808,Education-Focused,Complete Core Data,Complete Social Data
PSE,West Bank and Gaza,2011,"Middle East, North Africa, Afghanistan & Pakistan",Lower middle income,11186100000.0,6.86783487502541,5.33527994155884,,,,,,,,,,,,11.1861,0.0111861,,Data Not Available,Missing Core Data,Missing Social Data
PYF,French Polynesia,2011,East Asia & Pacific,High income,6203940036.91982,-3.37156943541497,,,,,,,,,,,,,6.203940036919819,0.0062039400369198194,,Data Not Available,Missing Core Data,Missing Social Data
QAT,Qatar,2011,"Middle East, North Africa, Afghanistan & Pakistan",High income,167775274725.275,12.8219517991965,4.01223993301392,,,6.569,,,,,,,,62.8132720832,167.77527472527498,0.16777527472527498,,Data Not Available,Missing Core Data,Complete Social Data
ROU,Romania,2011,Europe & Central Asia,High income,192623977894.173,5.01083371448033,2.91359996795654,2379871482.4133,1.23556866931776,5.178,,,,,,,,62.4796689073,192.623977894173,0.19262397789417302,1.6780312986387798,Education-Focused,Complete Core Data,Complete Social Data
RUS,Russia,2011,Europe & Central Asia,High income,2045922753398.04,4.17697624368184,3.71261270253186,70237523951.4946,3.43304383760131,5.284,,,,,,,,54.6194720282,2045.92275339804,2.04592275339804,0.27956886493054967,Education-Focused,Complete Core Data,Complete Social Data
RWA,Rwanda,2011,Sub-Saharan Africa,Low income,6884913658.10632,5.34277697300234,4.38346004486084,75383928.5565552,1.09493104282603,4.204,,,,,,,,48.8016742216,6.884913658106321,0.006884913658106321,3.28852900203481,Education-Focused,Complete Core Data,Complete Social Data
SAU,Saudi Arabia,2011,"Middle East, North Africa, Afghanistan & Pakistan",High income,680660800000.0,6.79984191573597,,48530933333.3333,7.17239914861776,6.597,,,,,,,,53.8276124729,680.6608,0.6806608,,Data Not Available,Missing Core Data,Missing Social Data
SDN,Sudan,2011,Sub-Saharan Africa,Low income,55018567210.5263,5.87200118550977,,,,4.424,,,,,,,,39.0500636321,55.0185672105263,0.055018567210526295,,Data Not Available,Missing Core Data,Missing Social Data
SEN,Senegal,2011,Sub-Saharan Africa,Lower middle income,17814283639.3119,-1.19544188286081,4.90302991867065,230190350.650397,1.29386015954483,4.414,,,,,,,,49.6888802829,17.814283639311903,0.017814283639311902,3.6091697591258196,Education-Focused,Complete Core Data,Complete Social Data
SGP,Singapore,2011,East Asia & Pacific,High income,279356499090.458,4.02338164865897,3.03077006340027,8922267805.18056,3.19387456850782,6.549,,,,,,,,76.9686016353,279.356499090458,0.279356499090458,-0.16310450510755015,Military-Focused,Complete Core Data,Complete Social Data
SLB,Solomon Islands,2011,East Asia & Pacific,Lower middle income,1063898226.71892,3.54895845172413,,,,,,,,,,,,,1.06389822671892,0.00106389822671892,,Data Not Available,Missing Core Data,Missing Social Data
SLE,Sierra Leone,2011,Sub-Saharan Africa,Low income,4861632884.67985,5.31595837430623,1.61538004875183,25476183.9067774,0.530893039714345,3.586,,,,,,,,41.9880342683,4.8616328846798496,0.00486163288467985,1.084487009037485,Education-Focused,Complete Core Data,Complete Social Data
SLV,El Salvador,2011,Latin America & Caribbean,Upper middle income,20283780000.0,3.40079170641816,3.89854001998901,220700000.0,1.08806149544119,5.956,,,,,,,,55.3214999257,20.28378,0.02028378,2.81047852454782,Education-Focused,Complete Core Data,Complete Social Data
SMR,San Marino,2011,Europe & Central Asia,High income,1813717438.69134,-6.48781473647414,2.70296001434326,,,,,,,,,,,,1.81371743869134,0.00181371743869134,,Data Not Available,Missing Core Data,Missing Social Data
SOM,"Somalia, Fed. Rep.",2011,Sub-Saharan Africa,Low income,2906000096.93249,5.94202931699242,,,,,,,,,,,,31.5716862852,2.9060000969324897,0.00290600009693249,,Data Not Available,Missing Core Data,Missing Social Data
SRB,Serbia,2011,Europe & Central Asia,Upper middle income,51251098408.0924,0.813571323609423,4.0735502243042,986958193.674369,1.92573079525961,4.564,,,,,,,,57.7167877672,51.251098408092396,0.0512510984080924,2.1478194290445902,Education-Focused,Complete Core Data,Complete Social Data
SSD,South Sudan,2011,Sub-Saharan Africa,Low income,14907308932.7534,-9.66551859182802,0.962890028953552,1052721970.36864,6.09441532228387,,,,,,,,,34.2710161811,14.9073089327534,0.014907308932753402,-5.131525293330318,Military-Focused,Complete Core Data,Missing Social Data
STP,Sao Tome and Principe,2011,Sub-Saharan Africa,Lower middle income,226455001.243083,-0.114189921572034,8.79410245042467,,,,,,,,,,,54.448500091,0.226455001243083,0.000226455001243083,,Data Not Available,Missing Core Data,Missing Social Data
SUR,Suriname,2011,Latin America & Caribbean,Upper middle income,4422276621.78703,4.64182224452708,,,,,,,,,,,,57.9562532804,4.42227662178703,0.00442227662178703,,Data Not Available,Missing Core Data,Missing Social Data
SVK,Slovak Republic,2011,Europe & Central Asia,High income,99705104723.4341,2.43026958601608,3.90686988830566,1064842810.57336,1.06939130819127,,,,,,,,,68.9778899868,99.7051047234341,0.0997051047234341,2.8374785801143902,Education-Focused,Complete Core Data,Missing Social Data
SVN,Slovenia,2011,Europe & Central Asia,High income,51199194599.3094,0.446560894988352,5.58290004730225,665679671.372271,1.30187924610493,5.922,,,,,,,,73.5330468566,51.1991945993094,0.051199194599309404,4.28102080119732,Education-Focused,Complete Core Data,Complete Social Data
SWE,Sweden,2011,Europe & Central Asia,High income,570538581144.45,2.38777753247983,6.40655994415283,6324747364.3036,1.10855139297702,7.379,,,,,,,,83.1177264735,570.53858114445,0.57053858114445,5.29800855117581,Education-Focused,Complete Core Data,Complete Social Data
SWZ,Eswatini,2011,Sub-Saharan Africa,Lower middle income,4722912047.32265,1.27643647351354,6.86432981491089,106629408.921201,2.21867209215692,,,,,,,,,42.711774615,4.72291204732265,0.00472291204732265,4.6456577227539695,Education-Focused,Complete Core Data,Missing Social Data
SXM,Sint Maarten (Dutch part),2011,Latin America & Caribbean,High income,936089385.47486,3.15617110858607,,,,,,,,,,,,,0.93608938547486,0.0009360893854748599,,Data Not Available,Missing Core Data,Missing Social Data
SYC,Seychelles,2011,Sub-Saharan Africa,High income,1058918707.26124,12.4265876590009,3.62995004653931,8712704.9511348,0.855504063317464,,,,,,,,,62.398785458,1.05891870726124,0.00105891870726124,2.774445983221846,Education-Focused,Complete Core Data,Missing Social Data
SYR,Syrian Arab Republic,2011,"Middle East, North Africa, Afghanistan & Pakistan",Low income,67539428159.4474,1.07121071780338,,2494887483.1484,,,,,,,,,,43.4293162732,67.5394281594474,0.0675394281594474,,Data Not Available,Missing Core Data,Missing Social Data
TCA,Turks and Caicos Islands,2011,Latin America & Caribbean,High income,842941000.0,0.865882697036824,3.16663368961357,,,,,,,,,,,,0.842941,0.000842941,,Data Not Available,Missing Core Data,Missing Social Data
TCD,Chad,2011,Sub-Saharan Africa,Low income,16685349673.9957,0.870883384911707,1.64717996120453,609706993.08702,3.75931302180558,3.919,,,,,,,,31.5067192634,16.685349673995702,0.0166853496739957,-2.1121330606010504,Military-Focused,Complete Core Data,Complete Social Data
TGO,Togo,2011,Sub-Saharan Africa,Low income,5422439152.10906,3.00979901078473,3.07750010490417,59018874.0023651,1.52606374846498,3.007,,,,,,,,39.5495484951,5.42243915210906,0.00542243915210906,1.55143635643919,Education-Focused,Complete Core Data,Complete Social Data
THA,Thailand,2011,East Asia & Pacific,Upper middle income,370818739623.622,0.215045559628464,4.80556011199951,5156739374.97745,1.39063450331731,5.804,,,,,,,,60.1048357886,370.81873962362204,0.370818739623622,3.4149256086822,Education-Focused,Complete Core Data,Complete Social Data
TJK,Tajikistan,2011,Europe & Central Asia,Lower middle income,6522756255.012,5.0303552095006,3.93511009216309,71342116.7937044,1.09380663999495,4.614,,,,,,,,47.1524323277,6.522756255012,0.0065227562550120004,2.84130345216814,Education-Focused,Complete Core Data,Complete Social Data
TKM,Turkmenistan,2011,Europe & Central Asia,Upper middle income,29233333333.3333,12.2971678479084,,,,6.568,,,,,,,,50.1907862344,29.233333333333302,0.029233333333333302,,Data Not Available,Missing Core Data,Missing Social Data
TLS,Timor-Leste,2011,East Asia & Pacific,Lower middle income,1042534597.52614,3.52215352261622,10.1935195922852,20530000.0,1.96949347659248,,,,,,,,,,1.04253459752614,0.00104253459752614,8.22402611569272,Education-Focused,Complete Core Data,Missing Social Data
TON,Tonga,2011,East Asia & Pacific,Upper middle income,414143828.494419,6.53506653770044,,,,,,,,,,,,,0.414143828494419,0.00041414382849441897,,Data Not Available,Missing Core Data,Missing Social Data
TTO,Trinidad and Tobago,2011,Latin America & Caribbean,High income,25433007437.1605,-1.06803812728484,3.85078840215008,146080695.23973,0.566437190906244,6.263,,,,,,,,61.3011675045,25.433007437160498,0.0254330074371605,3.2843512112438358,Education-Focused,Complete Core Data,Complete Social Data
TUN,Tunisia,2011,"Middle East, North Africa, Afghanistan & Pakistan",Lower middle income,48123325825.0739,-3.1268978636142,,715239597.096137,1.48625780102894,5.141,,,,,,,,55.5975360326,48.1233258250739,0.0481233258250739,,Data Not Available,Missing Core Data,Missing Social Data
TUR,Turkiye,2011,Europe & Central Asia,Upper middle income,844192507380.795,9.36292358017863,4.22150993347168,17006477805.3076,2.0275060358965,5.234,,,,,,,,56.356276647,844.1925073807951,0.8441925073807951,2.19400389757518,Education-Focused,Complete Core Data,Complete Social Data
TUV,Tuvalu,2011,East Asia & Pacific,Upper middle income,39196957.4908996,5.17330072524878,,,,,,,,,,,,,0.0391969574908996,3.91969574908996e-05,,Data Not Available,Missing Core Data,Missing Social Data
TZA,Tanzania,2011,Sub-Saharan Africa,Lower middle income,34657140096.4836,4.70485004341454,4.57789905920015,307473984.174236,0.903150747306732,3.8,,,,,,,,46.5320490647,34.657140096483595,0.034657140096483595,3.674748311893418,Education-Focused,Complete Core Data,Complete Social Data
UGA,Uganda,2011,Sub-Saharan Africa,Low income,27871725241.4723,6.23090993981926,2.29890990257263,607135070.855218,2.538786699798,4.313,,,,,,,,44.1775116533,27.8717252414723,0.0278717252414723,-0.23987679722536992,Military-Focused,Complete Core Data,Complete Social Data
UKR,Ukraine,2011,Europe & Central Asia,Upper middle income,169333835201.554,5.78262206521443,5.93769979476929,3684633313.08456,2.25828771122262,5.089,,,,,,,,54.8261395044,169.333835201554,0.16933383520155398,3.6794120835466697,Education-Focused,Complete Core Data,Complete Social Data
URY,Uruguay,2011,Latin America & Caribbean,High income,50342406067.0777,4.90150561357953,4.14937019348145,824833542.16069,1.71974893241654,5.898,,,,,,,,67.5482946743,50.3424060670777,0.0503424060670777,2.4296212610649097,Education-Focused,Complete Core Data,Complete Social Data
USA,United States,2011,North America,High income,15599728123000.0,0.762796405429199,,752288000000.0,4.82244197600452,7.27,,,,,,,,76.8263397833,15599.728123,15.599728123,,Data Not Available,Missing Core Data,Missing Social Data
UZB,Uzbekistan,2011,Europe & Central Asia,Lower middle income,60178909297.208,5.89233420258107,,,,5.225,,,,,,,,48.3794491607,60.178909297208,0.060178909297208,,Data Not Available,Missing Core Data,Missing Social Data
VCT,St. Vincent and the Grenadines,2011,Latin America & Caribbean,Upper middle income,713796370.37037,-0.0518118530617357,,,,,,,,,,,,,0.71379637037037,0.0007137963703703701,,Data Not Available,Missing Core Data,Missing Social Data
VEN,"Venezuela, RB",2011,,,316482190800.364,2.84817755288964,,3577531587.43851,1.13040534078431,,,,,,,,,49.4240218668,316.48219080036404,0.316482190800364,,Data Not Available,Missing Core Data,Missing Social Data
VGB,British Virgin Islands,2011,Latin America & Caribbean,High income,,,,,,,,,,,,,,,,,,Data Not Available,Missing Core Data,Missing Social Data
VIR,Virgin Islands (U.S.),2011,Latin America & Caribbean,High income,4223000000.0,-8.14745069217943,,,,,,,,,,,,,4.223,0.004223,,Data Not Available,Missing Core Data,Missing Social Data
VNM,Viet Nam,2011,East Asia & Pacific,Lower middle income,172595049183.925,5.1944977799937,3.7802300453186,2686520590.1569,1.55654936250578,5.425,,,,,,,,53.7371377522,172.595049183925,0.172595049183925,2.22368068281282,Education-Focused,Complete Core Data,Complete Social Data
VUT,Vanuatu,2011,East Asia & Pacific,Lower middle income,770153588.218833,0.92597879599046,,,,,,,,,,,,,0.770153588218833,0.000770153588218833,,Data Not Available,Missing Core Data,Missing Social Data
WSM,Samoa,2011,East Asia & Pacific,Upper middle income,744097050.169115,2.94772599922624,4.77426341839114,,,,,,,,,,,,0.744097050169115,0.0007440970501691149,,Data Not Available,Missing Core Data,Missing Social Data
XKX,Kosovo,2011,Europe & Central Asia,Upper middle income,6341613609.97976,6.12959202990389,,50968863.7737974,0.804774182927632,5.42,,,,,,,,,6.34161360997976,0.0063416136099797606,,Data Not Available,Missing Core Data,Missing Social Data
YEM,"Yemen, Rep.",2011,"Middle East, North Africa, Afghanistan & Pakistan",Low income,32726417878.391,-15.3366875285688,,1612254443.40505,4.92646180284206,4.454,,,,,,,,36.8428417756,32.726417878391,0.032726417878391,,Data Not Available,Missing Core Data,Missing Social Data
ZAF,South Africa,2011,Sub-Saharan Africa,Upper middle income,458199494830.834,1.90092049729387,5.28899002075195,4594154077.94655,1.00265340405471,5.101,,,,,,,,56.5937645708,458.199494830834,0.458199494830834,4.286336616697239,Education-Focused,Complete Core Data,Complete Social Data
ZMB,Zambia,2011,Sub-Saharan Africa,Lower middle income,23459515275.5776,2.11650829571791,3.35772272046971,309113764.151856,1.3176391076812,4.705,,,,,,,,48.3020685952,23.459515275577598,0.0234595152755776,2.04008361278851,Education-Focused,Complete Core Data,Complete Social Data
ZWE,Zimbabwe,2011,Sub-Saharan Africa,Lower middle income,14109000000.0,12.187491621401,,198438000.0,1.407162104666,3.978,,,,,,,,39.8745714499,14.109,0.014109,,Data Not Available,Missing Core Data,Missing Social Data
ABW,Aruba,2012,Latin America & Caribbean,High income,2615208379.88827,-2.4846479774957,6.3472900390625,,,,,,,,,,,,2.6152083798882697,0.00261520837988827,,Data Not Available,Missing Core Data,Missing Social Data
AFE,Africa Eastern and Southern,2012,,,969265729636.028,-0.810806958448879,4.67612504959106,13839864655.0265,1.55783552956438,,,,,,,,,,969.2657296360279,0.969265729636028,3.1182895200266803,Education-Focused,Complete Core Data,Missing Social Data
AFG,Afghanistan,2012,"Middle East, North Africa, Afghanistan & Pakistan",Low income,19907329777.5872,8.27936899310519,2.60420989990234,238583385.374322,1.17541612009987,4.04,,,,,,,,34.6203024668,19.9073297775872,0.0199073297775872,1.4287937798024701,Education-Focused,Complete Core Data,Complete Social Data
AFW,Africa Western and Central,2012,,,748030003656.802,2.24605754290037,2.68840026027393,4921502460.77794,0.711070613000623,,,,,,,,,,748.030003656802,0.7480300036568021,1.977329647273307,Education-Focused,Complete Core Data,Missing Social Data
AGO,Angola,2012,Sub-Saharan Africa,Lower middle income,143572907527.976,4.37008778613288,3.08191085718142,4144634851.46856,3.23665949921649,5.589,,,,,,,,39.93000134,143.572907527976,0.14357290752797602,-0.15474864203506966,Military-Focused,Complete Core Data,Complete Social Data
ALB,Albania,2012,Europe & Central Asia,Upper middle income,12246499747.9714,2.5545386692104,3.29533986928598,183204695.660212,1.48708257655216,5.55,,,,,,,,57.6552407806,12.246499747971399,0.0122464997479714,1.8082572927338199,Education-Focused,Complete Core Data,Complete Social Data
AND,Andorra,2012,Europe & Central Asia,High income,3188653258.61001,-3.80075429834201,2.56577895521486,,,,,,,,,,,,3.1886532586100103,0.00318865325861001,,Data Not Available,Missing Core Data,Missing Social Data
ARE,United Arab Emirates,2012,"Middle East, North Africa, Afghanistan & Pakistan",High income,392793464942.138,0.619829719966987,,19024098025.8679,5.07555649376756,7.144,,,,,,,,64.1392551113,392.793464942138,0.392793464942138,,Data Not Available,Missing Core Data,Missing Social Data
ARG,Argentina,2012,Latin America & Caribbean,Upper middle income,545982375701.128,-2.0383253093713,5.3458399772644,4563217858.77234,0.784824735364742,6.562,,,,,,,,59.9668203039,545.982375701128,0.545982375701128,4.561015241899658,Education-Focused,Complete Core Data,Complete Social Data
ARM,Armenia,2012,Europe & Central Asia,Upper middle income,10619320682.9474,7.33470454115984,2.77248001098633,380571678.896068,3.58376691873744,4.316,,,,,,,,55.621352952,10.619320682947398,0.0106193206829474,-0.8112869077511102,Military-Focused,Complete Core Data,Complete Social Data
ASM,American Samoa,2012,East Asia & Pacific,High income,640000000.0,-3.62202258510453,,,,,,,,,,,,,0.64,0.00064,,Data Not Available,Missing Core Data,Missing Social Data
ATG,Antigua and Barbuda,2012,Latin America & Caribbean,High income,1364729629.62963,2.27378133147778,2.13043025907083,,,,,,,,,,,,1.36472962962963,0.0013647296296296302,,Data Not Available,Missing Core Data,Missing Social Data
AUS,Australia,2012,East Asia & Pacific,High income,1552728401401.58,2.15339832775771,,26216580848.4356,1.67028165223311,7.35,,,,,,,,78.8623130107,1552.7284014015802,1.55272840140158,,Data Not Available,Missing Core Data,Missing Social Data
AUT,Austria,2012,Europe & Central Asia,High income,406750487603.59,0.170488694211613,5.51612997055054,3187227448.7533,0.783538525853244,7.369,,,,,,,,79.1761139044,406.75048760359005,0.40675048760359,4.732591444697296,Education-Focused,Complete Core Data,Complete Social Data
AZE,Azerbaijan,2012,Europe & Central Asia,Upper middle income,69679944504.1972,0.85388594737168,2.06763005256653,3246122612.63039,4.65861825196324,4.604,,,,,,,,50.6434829952,69.67994450419721,0.0696799445041972,-2.59098819939671,Military-Focused,Complete Core Data,Complete Social Data
BDI,Burundi,2012,Sub-Saharan Africa,Low income,2327402362.81574,0.762376963720541,6.16776990890503,58966662.2761714,2.5271777075949,3.706,,,,,,,,37.1135375216,2.3274023628157403,0.0023274023628157402,3.64059220131013,Education-Focused,Complete Core Data,Complete Social Data
BEL,Belgium,2012,Europe & Central Asia,High income,498414364944.961,-0.403775116080638,6.56625986099243,5168997833.7235,1.0370296665755,6.967,,,,,,,,76.1591069246,498.414364944961,0.498414364944961,5.52923019441693,Education-Focused,Complete Core Data,Complete Social Data
BEN,Benin,2012,Sub-Saharan Africa,Lower middle income,11141358115.8991,1.74647753021327,3.56202006340027,78223091.0412182,0.702056157787745,3.528,,,,,,,,45.922297263,11.141358115899099,0.0111413581158991,2.859963905612525,Education-Focused,Complete Core Data,Complete Social Data
BFA,Burkina Faso,2012,Sub-Saharan Africa,Low income,12561015156.5683,3.28878346500349,3.60315990447998,147729698.91896,1.17602847916222,4.259,,,,,,,,44.4688147305,12.5610151565683,0.0125610151565683,2.42713142531776,Education-Focused,Complete Core Data,Complete Social Data
BGD,Bangladesh,2012,South Asia,Lower middle income,133310747603.483,5.50548020192592,2.17549991607666,1823425076.37789,1.18089723364654,4.804,,,,,,,,45.9253048005,133.310747603483,0.133310747603483,0.9946026824301202,Education-Focused,Complete Core Data,Complete Social Data
BGR,Bulgaria,2012,Europe & Central Asia,High income,54297052002.2338,1.33406661288926,3.47650003433227,722052494.990309,1.32981896505284,3.981,,,,,,,,62.5080120699,54.297052002233805,0.0542970520022338,2.1466810692794303,Education-Focused,Complete Core Data,Complete Social Data
BHR,Bahrain,2012,"Middle East, North Africa, Afghanistan & Pakistan",High income,31963404255.3191,2.60578123430011,2.54483008384705,1182180851.06383,3.8444905725653,5.312,,,,,,,,61.5109988019,31.963404255319098,0.0319634042553191,-1.2996604887182501,Military-Focused,Complete Core Data,Complete Social Data
BHS,"Bahamas, The",2012,Latin America & Caribbean,High income,10720400000.0,3.47892776270808,2.30391197238935,,,,,,,,,,,,10.7204,0.0107204,,Data Not Available,Missing Core Data,Missing Social Data
BIH,Bosnia and Herzegovina,2012,Europe & Central Asia,Upper middle income,17226735995.6905,1.11532015786369,,197344650.21252,1.14557192089501,4.813,,,,,,,,56.4855065546,17.226735995690497,0.0172267359956905,,Data Not Available,Missing Core Data,Missing Social Data
BLR,Belarus,2012,Europe & Central Asia,Upper middle income,65685890438.8922,1.86726973670382,4.95964002609253,807423262.843503,1.22921872178113,5.504,,,,,,,,56.0880593913,65.6858904388922,0.0656858904388922,3.7304213043114003,Education-Focused,Complete Core Data,Complete Social Data
BLZ,Belize,2012,Latin America & Caribbean,Upper middle income,1917083500.0,1.73206971753382,5.47351989539787,15219125.0,0.796165416080834,,,,,,,,,55.4404314223,1.9170835,0.0019170835,4.677354479317036,Education-Focused,Complete Core Data,Missing Social Data
BMU,Bermuda,2012,North America,High income,6378188000.0,-5.17585752397146,2.38597137100485,,,,,,,,,,,,6.378188,0.006378188,,Data Not Available,Missing Core Data,Missing Social Data
BOL,Bolivia,2012,Latin America & Caribbean,Lower middle income,27084497481.9103,3.45406361160401,6.62799978256226,499873229.567294,1.84560643919497,5.857,,,,,,,,52.3073085942,27.0844974819103,0.027084497481910302,4.78239334336729,Education-Focused,Complete Core Data,Complete Social Data
BRA,Brazil,2012,Latin America & Caribbean,Upper middle income,2465228293706.86,1.09733293754664,5.85510015487671,33987005074.0629,1.37865646470437,6.849,,,,,,,,60.7703091534,2465.22829370686,2.46522829370686,4.47644369017234,Education-Focused,Complete Core Data,Complete Social Data
BRB,Barbados,2012,Latin America & Caribbean,High income,5761450000.0,-3.69257089899511,4.58823013305664,,,,,,,,,,,,5.76145,0.00576145,,Data Not Available,Missing Core Data,Missing Social Data
BRN,Brunei Darussalam,2012,East Asia & Pacific,High income,19048443340.7732,-0.62162371685136,2.88964009284973,411261473.947038,2.15903448896045,,,,,,,,,,19.0484433407732,0.0190484433407732,0.7306056038892801,Education-Focused,Complete Core Data,Missing Social Data
BTN,Bhutan,2012,South Asia,Lower middle income,1973387227.96519,4.006257825918,,,,,,,,,,,,,1.9733872279651898,0.0019733872279651898,,Data Not Available,Missing Core Data,Missing Social Data
BWA,Botswana,2012,Sub-Saharan Africa,Upper middle income,13907464500.1489,-1.83175900387364,8.1098729741114,326874161.65079,2.34377212582193,3.97,,,,,,,,56.4823137256,13.9074645001489,0.0139074645001489,5.7661008482894704,Education-Focused,Complete Core Data,Complete Social Data
CAF,Central African Republic,2012,Sub-Saharan Africa,Low income,2510126512.22831,4.00963689358869,1.98034724839473,42746025.1857394,1.70284520206217,3.623,,,,,,,,34.3920363376,2.51012651222831,0.0025101265122283102,0.2775020463325599,Education-Focused,Complete Core Data,Complete Social Data
CAN,Canada,2012,North America,High income,1828366481521.6,0.658841956783917,,20452107110.9741,1.11840459807104,7.477,,,,,,,,79.3426214435,1828.3664815216,1.8283664815216,,Data Not Available,Missing Core Data,Missing Social Data
CHE,Switzerland,2012,Europe & Central Asia,High income,686420221557.99,0.110596623356798,4.89862012863159,4592165377.67521,0.669001710434324,7.65,,,,,,,,81.7017988002,686.42022155799,0.68642022155799,4.229618418197266,Education-Focused,Complete Core Data,Complete Social Data
CHI,Channel Islands,2012,Europe & Central Asia,High income,9454638123.23572,-6.37565059386247,,,,,,,,,,,,,9.45463812323572,0.00945463812323572,,Data Not Available,Missing Core Data,Missing Social Data
CHL,Chile,2012,Latin America & Caribbean,High income,267024782486.855,5.14158431251035,,5466101782.01784,2.04588028294284,6.587,,,,,,,,69.1229694896,267.02478248685503,0.267024782486855,,Data Not Available,Missing Core Data,Missing Social Data
CHN,China,2012,East Asia & Pacific,Upper middle income,8673664713189.24,7.12701272347094,,145127609596.207,1.70094267160117,4.978,,,,,,,,57.1725293671,8673.66471318924,8.67366471318924,,Data Not Available,Missing Core Data,Missing Social Data
CIV,Cote d'Ivoire,2012,Sub-Saharan Africa,Lower middle income,36302302877.2977,5.39583595248281,3.43445992469788,407596534.123237,1.10066387533087,,,,,,,,,42.4139474546,36.3023028772977,0.0363023028772977,2.33379604936701,Education-Focused,Complete Core Data,Missing Social Data
CMR,Cameroon,2012,Sub-Saharan Africa,Lower middle income,30155062329.2821,1.723811615485,2.60304999351502,354447463.111647,1.17534857560788,4.42,,,,,,,,43.7875199967,30.1550623292821,0.0301550623292821,1.42770141790714,Education-Focused,Complete Core Data,Complete Social Data
COD,"Congo, Dem. Rep.",2012,Sub-Saharan Africa,Low income,30029369928.7318,5.10047276850003,,332493979.374942,1.10722925521469,,,,,,,,,34.4743682146,30.0293699287318,0.0300293699287318,,Data Not Available,Missing Core Data,Missing Social Data
COG,"Congo, Rep.",2012,Sub-Saharan Africa,Lower middle income,17692911296.3044,6.91517273107118,2.73923061622047,,,,,,,,,,,42.9204751959,17.692911296304402,0.0176929112963044,,Data Not Available,Missing Core Data,Missing Social Data
COL,Colombia,2012,Latin America & Caribbean,Upper middle income,370691143018.039,2.87569627540904,4.37038993835449,11706271912.7386,3.15600586340429,6.416,,,,,,,,57.1296786488,370.691143018039,0.370691143018039,1.2143840749502006,Education-Focused,Complete Core Data,Complete Social Data
COM,Comoros,2012,Sub-Saharan Africa,Lower middle income,1015843490.82374,1.11385857437342,2.74783992767334,,,3.851,,,,,,,,46.4478376517,1.01584349082374,0.00101584349082374,,Data Not Available,Missing Core Data,Complete Social Data
CPV,Cabo Verde,2012,Sub-Saharan Africa,Upper middle income,1913081210.41411,0.983345735610456,5.39769575795208,9736385.83866217,0.506009716198007,,,,,,,,,55.9714219609,1.91308121041411,0.00191308121041411,4.891686041754073,Education-Focused,Complete Core Data,Missing Social Data
CRI,Costa Rica,2012,Latin America & Caribbean,High income,47231655431.7355,3.66596860469166,6.58239984512329,0.0,,7.257,,,,,,,,66.9680443305,47.2316554317355,0.0472316554317355,,Data Not Available,Missing Core Data,Complete Social Data
CUB,Cuba,2012,Latin America & Caribbean,Upper middle income,73141000000.0,3.00028175038565,11.5516604913797,126872246.696035,3.93759997812444,,,,,,,,,53.4644213394,73.141,0.073141,7.614060513255259,Education-Focused,Complete Core Data,Missing Social Data
CUW,Curacao,2012,Latin America & Caribbean,High income,3012836256.55523,-1.17256148626109,5.38283590387706,,,,,,,,,,,,3.01283625655523,0.0030128362565552303,,Data Not Available,Missing Core Data,Missing Social Data
CYM,Cayman Islands,2012,Latin America & Caribbean,High income,4291004485.56803,-1.48099826202056,,,,,,,,,,,,,4.29100448556803,0.0042910044855680295,,Data Not Available,Missing Core Data,Missing Social Data
CYP,Cyprus,2012,Europe & Central Asia,High income,25047436974.6819,-4.90738549673117,,414496321.441512,1.65475170209627,6.466,,,,,,,,70.2060333784,25.0474369746819,0.0250474369746819,,Data Not Available,Missing Core Data,Missing Social Data
CZE,Czechia,2012,Europe & Central Asia,High income,210363223087.728,-0.909418387644408,4.19049978256226,2220610394.58562,1.05560770651415,6.29,,,,,,,,71.3590700127,210.363223087728,0.210363223087728,3.1348920760481103,Education-Focused,Complete Core Data,Complete Social Data
DEU,Germany,2012,Europe & Central Asia,High income,3596483233406.25,0.275091009850499,4.83153009414673,43798225349.2896,1.21725965761789,6.672,,,,,,,,79.8246809889,3596.48323340625,3.59648323340625,3.61427043652884,Education-Focused,Complete Core Data,Complete Social Data
DJI,Djibouti,2012,"Middle East, North Africa, Afghanistan & Pakistan",Lower middle income,1353632941.5207,,6.35127551762696,,,4.69,,,,,,,,48.0748771832,1.3536329415207,0.0013536329415207,,Data Not Available,Missing Core Data,Complete Social Data
DMA,Dominica,2012,Latin America & Caribbean,Upper middle income,520355555.555556,-0.2512858516139,4.52896287885139,,,,,,,,,,,,0.520355555555556,0.000520355555555556,,Data Not Available,Missing Core Data,Missing Social Data
DNK,Denmark,2012,Europe & Central Asia,High income,326792574244.963,-0.380977125445526,7.24570989608765,4422458083.58423,1.35329314051826,7.693,,,,,,,,82.7584861178,326.792574244963,0.326792574244963,5.89241675556939,Education-Focused,Complete Core Data,Complete Social Data
DOM,Dominican Republic,2012,Latin America & Caribbean,Upper middle income,60561635555.6383,1.50210074555162,,396187178.568069,0.653151461976632,4.963,,,,,,,,56.1266711265,60.5616355556383,0.060561635555638295,,Data Not Available,Missing Core Data,Missing Social Data
DZA,Algeria,2012,"Middle East, North Africa, Afghanistan & Pakistan",Upper middle income,227143746075.934,0.379563284418055,7.02950889772261,9326287144.03632,4.10589825804389,5.422,,,,,,,,49.31768316,227.143746075934,0.227143746075934,2.92361063967872,Education-Focused,Complete Core Data,Complete Social Data
EAR,Early-demographic dividend,2012,,,10275142735646.4,2.68358566392817,4.20262503623962,225521065481.283,2.26416134656599,,,,,,,,,,10275.142735646401,10.2751427356464,1.9384636896736294,Education-Focused,Complete Core Data,Missing Social Data
ECS,Europe & Central Asia,2012,,,22560574822089.8,-0.0770417005690689,4.80692505836487,395001890822.779,1.76531399103805,,,,,,,,,,22560.574822089802,22.5605748220898,3.04161106732682,Education-Focused,Complete Core Data,Missing Social Data
ECU,Ecuador,2012,Latin America & Caribbean,Upper middle income,87735048000.0,4.11233799510666,4.65310001373291,2589776000.0,2.95181465866835,5.865,,,,,,,,53.7964533553,87.735048,0.087735048,1.7012853550645604,Education-Focused,Complete Core Data,Complete Social Data
EGY,"Egypt, Arab Rep.",2012,"Middle East, North Africa, Afghanistan & Pakistan",Lower middle income,279116666666.667,-0.0429670178954922,,4557748767.35039,1.64817579267929,4.273,,,,,,,,47.7077081423,279.116666666667,0.279116666666667,,Data Not Available,Missing Core Data,Missing Social Data
ERI,Eritrea,2012,Sub-Saharan Africa,Low income,,,,,,,,,,,,,,34.7705390385,,,,Data Not Available,Missing Core Data,Missing Social Data
ESP,Spain,2012,Europe & Central Asia,High income,1330994811670.31,-2.92815897770406,4.46012020111084,18860623363.4077,1.41695174735802,6.322,,,,,,,,73.1972079545,1330.9948116703101,1.33099481167031,3.04316845375282,Education-Focused,Complete Core Data,Complete Social Data
EST,Estonia,2012,Europe & Central Asia,High income,23237406116.3988,4.04377186018716,4.67340993881226,436852911.624656,1.87984897526434,5.426,,,,,,,,72.7235542021,23.237406116398798,0.0232374061163988,2.7935609635479204,Education-Focused,Complete Core Data,Complete Social Data
ETH,Ethiopia,2012,,,43310721414.0829,5.64374376946701,5.56677007675171,366539017.667525,0.868361507077892,,,,,,,,,40.0153354513,43.3107214140829,0.0433107214140829,4.698408569673818,Education-Focused,Complete Core Data,Missing Social Data
FIN,Finland,2012,Europe & Central Asia,High income,257443384492.969,-1.99029082999297,7.1715497970581,3943239958.16491,1.53160526604717,7.389,,,,,,,,81.9631153519,257.443384492969,0.257443384492969,5.63994453101093,Education-Focused,Complete Core Data,Complete Social Data
FJI,Fiji,2012,East Asia & Pacific,Upper middle income,3972028104.47328,1.19750021980838,4.46150592221937,59221516.4060361,1.49096169403815,,,,,,,,,,3.97202810447328,0.00397202810447328,2.97054422818122,Education-Focused,Complete Core Data,Missing Social Data
FRA,France,2012,Europe & Central Asia,High income,2683007095787.23,-0.299598729272304,,50216507403.1664,1.87154409463222,6.764,,,,,,,,76.2224781983,2683.00709578723,2.68300709578723,,Data Not Available,Missing Core Data,Missing Social Data
FRO,Faroe Islands,2012,Europe & Central Asia,High income,2427200388.91831,7.64027356784398,,,,,,,,,,,,,2.42720038891831,0.0024272003889183103,,Data Not Available,Missing Core Data,Missing Social Data
FSM,"Micronesia, Fed. Sts.",2012,East Asia & Pacific,Lower middle income,322838077.579294,-1.86916426162232,11.7192291367391,,,,,,,,,,,,0.322838077579294,0.00032283807757929405,,Data Not Available,Missing Core Data,Missing Social Data
GAB,Gabon,2012,Sub-Saharan Africa,Upper middle income,17170464016.0593,1.552307854364,3.01340007781982,278143957.126655,1.61980464787095,4.114,,,,,,,,48.3497553913,17.1704640160593,0.0171704640160593,1.3935954299488702,Education-Focused,Complete Core Data,Complete Social Data
GBR,United Kingdom,2012,Europe & Central Asia,High income,2719715961539.83,0.807661642969506,,65452487554.2416,2.41781748358099,6.883,,,,,,,,79.0496998269,2719.71596153983,2.71971596153983,,Data Not Available,Missing Core Data,Missing Social Data
GEO,Georgia,2012,Europe & Central Asia,Upper middle income,16894392033.2256,7.36675215463949,1.86033999919891,491982529.358533,2.91212426772649,4.187,,,,,,,,58.5957448043,16.8943920332256,0.0168943920332256,-1.0517842685275798,Military-Focused,Complete Core Data,Complete Social Data
GHA,Ghana,2012,Sub-Saharan Africa,Lower middle income,41271701060.954,6.67974740594653,7.91913986206055,337260972.703278,0.593208552483374,5.091,,,,,,,,53.2064769153,41.271701060954,0.041271701060954,7.325931309577176,Education-Focused,Complete Core Data,Complete Social Data
GIB,Gibraltar,2012,Europe & Central Asia,High income,,,,,,,,,,,,,,,,,,Data Not Available,Missing Core Data,Missing Social Data
GIN,Guinea,2012,Sub-Saharan Africa,Lower middle income,7638044556.84656,3.34759058991902,1.83369994163513,168913357.467903,2.24508735704069,3.847,,,,,,,,39.1885078042,7.63804455684656,0.007638044556846559,-0.4113874154055601,Military-Focused,Complete Core Data,Complete Social Data
GMB,"Gambia, The",2012,Sub-Saharan Africa,Low income,1415004738.26621,2.18645897140155,2.63756990432739,11173079.8607106,0.792325301857297,,,,,,,,,47.0122045429,1.41500473826621,0.00141500473826621,1.845244602470093,Education-Focused,Complete Core Data,Missing Social Data
GNB,Guinea-Bissau,2012,Sub-Saharan Africa,Low income,1049412177.11413,-4.29238918450449,1.8863799571991,24491750.6811589,2.33372193259001,,,,,,,,,39.6984609719,1.04941217711413,0.00104941217711413,-0.4473419753909098,Military-Focused,Complete Core Data,Missing Social Data
GNQ,Equatorial Guinea,2012,Sub-Saharan Africa,Upper middle income,22388344143.9131,3.98800386782088,,,,,,,,,,,,46.1976114267,22.388344143913102,0.0223883441439131,,Data Not Available,Missing Core Data,Missing Social Data
GRC,Greece,2012,Europe & Central Asia,High income,238841140018.233,-7.83408943355501,,5914988423.39784,2.47639628901893,5.435,,,,,,,,65.5571020277,238.841140018233,0.238841140018233,,Data Not Available,Missing Core Data,Missing Social Data
GRD,Grenada,2012,Latin America & Caribbean,Upper middle income,799881481.481481,-1.76486904539074,5.07225880686028,,,,,,,,,,,,0.799881481481481,0.000799881481481481,,Data Not Available,Missing Core Data,Missing Social Data
GRL,Greenland,2012,Europe & Central Asia,High income,2609678486.36749,1.53697694464276,,,,,,,,,,,,,2.60967848636749,0.00260967848636749,,Data Not Available,Missing Core Data,Missing Social Data
GTM,Guatemala,2012,Latin America & Caribbean,Upper middle income,49593929487.1263,0.944366952930409,3.00524997711182,224366543.649735,0.475870730886697,5.965,,,,,,,,53.3262226576,49.593929487126296,0.0495939294871263,2.529379246225123,Education-Focused,Complete Core Data,Complete Social Data
GUM,Guam,2012,East Asia & Pacific,High income,5265000000.0,2.26402706379456,,,,,,,,,,,,,5.265,0.005265,,Data Not Available,Missing Core Data,Missing Social Data
GUY,Guyana,2012,Latin America & Caribbean,High income,4063088535.76331,5.25728662587919,2.24131989479065,33542606.6021394,0.825543220373685,,,,,,,,,54.5136716501,4.06308853576331,0.00406308853576331,1.4157766744169649,Education-Focused,Complete Core Data,Missing Social Data
HKG,"Hong Kong SAR, China",2012,East Asia & Pacific,High income,262628865879.697,0.583751958193886,3.50960993766785,,,,,,,,,,,78.2560843795,262.628865879697,0.26262886587969697,,Data Not Available,Missing Core Data,Missing Social Data
HND,Honduras,2012,Latin America & Caribbean,Lower middle income,18528554397.5695,2.04382616957031,6.29972793577391,209705674.231625,1.13179437578958,5.142,,,,,,,,50.8221360334,18.5285543975695,0.0185285543975695,5.16793355998433,Education-Focused,Complete Core Data,Complete Social Data
HRV,Croatia,2012,Europe & Central Asia,High income,57548115904.416,-1.77266552955663,,953070002.010722,1.65593775106979,5.661,,,,,,,,64.8073276754,57.548115904416,0.057548115904416,,Data Not Available,Missing Core Data,Missing Social Data
HTI,Haiti,2012,Latin America & Caribbean,Lower middle income,13708925477.1304,-1.04324222181728,,0.0,,4.341,,,,,,,,39.0115959616,13.7089254771304,0.0137089254771304,,Data Not Available,Missing Core Data,Missing Social Data
HUN,Hungary,2012,Europe & Central Asia,High income,128470269689.958,-0.828646515876528,4.15359020233154,1322277702.75073,1.0292472545828,4.775,,,,,,,,66.8313723164,128.470269689958,0.128470269689958,3.1243429477487403,Education-Focused,Complete Core Data,Complete Social Data
IDB,IDA blend,2012,,,982900021354.995,2.14873683820251,3.43445992469788,12034526683.4237,1.385050209957,,,,,,,,,,982.900021354995,0.982900021354995,2.04940971474088,Education-Focused,Complete Core Data,Missing Social Data
IDN,Indonesia,2012,East Asia & Pacific,Upper middle income,917869913332.649,4.67540374198676,3.40748000144958,6531097955.28321,0.711549473406383,5.348,,,,,,,,56.9161608815,917.869913332649,0.917869913332649,2.6959305280431973,Education-Focused,Complete Core Data,Complete Social Data
IMN,Isle of Man,2012,Europe & Central Asia,High income,6690228371.66909,7.3636916765798,,,,,,,,,,,,,6.6902283716690905,0.00669022837166909,,Data Not Available,Missing Core Data,Missing Social Data
IND,India,2012,South Asia,Lower middle income,1827637590410.41,4.01726735836323,3.8675000667572,47216920048.2061,2.61816634758562,4.772,,,,,,,,49.5774580232,1827.63759041041,1.8276375904104099,1.24933371917158,Education-Focused,Complete Core Data,Complete Social Data
IRL,Ireland,2012,Europe & Central Asia,High income,226921827888.137,-0.826164036751607,5.70776987075806,1157531729.65486,0.509289132793347,7.076,,,,,,,,78.1903549925,226.921827888137,0.226921827888137,5.198480737964713,Education-Focused,Complete Core Data,Complete Social Data
IRN,"Iran, Islamic Rep.",2012,"Middle East, North Africa, Afghanistan & Pakistan",Upper middle income,644019315003.54,-4.94408603979183,2.93899989128113,16493963286.9287,2.68660846849974,4.643,,,,,,,,46.4014361508,644.01931500354,0.64401931500354,0.25239142278139015,Education-Focused,Complete Core Data,Complete Social Data
IRQ,Iraq,2012,"Middle East, North Africa, Afghanistan & Pakistan",Upper middle income,218002476129.472,8.88055394419878,,4141066053.83435,1.89956836613945,4.817,,,,,,,,42.8492398212,218.00247612947197,0.218002476129472,,Data Not Available,Missing Core Data,Missing Social Data
ISL,Iceland,2012,Europe & Central Asia,High income,14943757823.3226,0.632418770044652,7.58223009109497,0.0,,7.355,,,,,,,,78.7045152379,14.9437578233226,0.0149437578233226,,Data Not Available,Missing Core Data,Complete Social Data
ISR,Israel,2012,"Middle East, North Africa, Afghanistan & Pakistan",High income,263589172712.391,0.573190077448643,5.56122016906738,14524419593.7675,5.51022054656508,7.301,,,,,,,,69.138445305,263.589172712391,0.263589172712391,0.05099962250230039,Education-Focused,Complete Core Data,Complete Social Data
ITA,Italy,2012,Europe & Central Asia,High income,2097929495121.68,-3.38984189684089,4.03481006622315,29781008205.1256,1.41946238544527,6.021,,,,,,,,70.6653395828,2097.92949512168,2.09792949512168,2.61534768077788,Education-Focused,Complete Core Data,Complete Social Data
JAM,Jamaica,2012,Latin America & Caribbean,Upper middle income,14807086555.5283,-1.04151903293869,6.1124701499939,137635505.668112,0.929536056664277,5.374,,,,,,,,58.763523183,14.807086555528299,0.0148070865555283,5.182934093329623,Education-Focused,Complete Core Data,Complete Social Data
JOR,Jordan,2012,"Middle East, North Africa, Afghanistan & Pakistan",Lower middle income,31634561690.1408,0.988823291779653,3.63716008451231,1472816901.40845,4.65572090662121,5.414,,,,,,,,56.314238867,31.6345616901408,0.0316345616901408,-1.0185608221088995,Military-Focused,Complete Core Data,Complete Social Data
JPN,Japan,2012,East Asia & Pacific,High income,6272362996105.03,1.53678665868971,3.41945004463196,60011530194.6974,0.956761841659896,6.064,,,,,,,,76.2334285452,6272.36299610503,6.272362996105031,2.462688202972064,Education-Focused,Complete Core Data,Complete Social Data
KAZ,Kazakhstan,2012,Europe & Central Asia,Upper middle income,207998568865.789,3.34601033412712,3.90163701288194,2177543205.48846,1.04690637071706,5.671,,,,,,,,54.8758427167,207.998568865789,0.207998568865789,2.85473064216488,Education-Focused,Complete Core Data,Complete Social Data
KEN,Kenya,2012,Sub-Saharan Africa,Lower middle income,56396704671.5777,1.87670753904403,4.93122005462646,840072589.956654,1.48957729008126,4.403,,,,,,,,47.7763193162,56.396704671577695,0.056396704671577695,3.4416427645452004,Education-Focused,Complete Core Data,Complete Social Data
KGZ,Kyrgyz Republic,2012,Europe & Central Asia,Lower middle income,6605142884.36215,-1.95288116304553,7.38423013687134,211843946.856152,3.20725902845126,,,,,,,,,50.7011155541,6.6051428843621505,0.00660514288436215,4.17697110842008,Education-Focused,Complete Core Data,Missing Social Data
KHM,Cambodia,2012,East Asia & Pacific,Lower middle income,17826536699.8016,6.04756982656951,1.23062002658844,217305727.746095,1.21900137646164,4.067,,,,,,,,47.5814827132,17.8265366998016,0.017826536699801603,0.011618650126799857,Education-Focused,Complete Core Data,Complete Social Data
KIR,Kiribati,2012,East Asia & Pacific,Lower middle income,207001545.867109,4.26113729441184,12.499488,,,,,,,,,,,,0.207001545867109,0.000207001545867109,,Data Not Available,Missing Core Data,Missing Social Data
KNA,St. Kitts and Nevis,2012,Latin America & Caribbean,High income,824585185.185185,-1.04787778946711,2.49200145387318,,,,,,,,,,,,0.824585185185185,0.000824585185185185,,Data Not Available,Missing Core Data,Missing Social Data
KOR,"Korea, Rep.",2012,East Asia & Pacific,High income,1335343586437.67,2.00997301929048,,31951760810.319,2.39205949733254,6.267,,,,,,,,72.5949654265,1335.34358643767,1.33534358643767,,Data Not Available,Missing Core Data,Missing Social Data
KWT,Kuwait,2012,"Middle East, North Africa, Afghanistan & Pakistan",High income,174047662680.041,0.0983286715542846,,5941536636.94559,3.41374157981372,6.515,,,,,,,,61.063180466,174.047662680041,0.174047662680041,,Data Not Available,Missing Core Data,Missing Social Data
LAO,Lao PDR,2012,East Asia & Pacific,Lower middle income,10192846339.4029,6.49513527103458,1.82147002220154,20327157.6570726,0.199455064976167,4.787,,,,,,,,47.5300966944,10.1928463394029,0.0101928463394029,1.622014957225373,Education-Focused,Complete Core Data,Complete Social Data
LBN,Lebanon,2012,"Middle East, North Africa, Afghanistan & Pakistan",Lower middle income,44016799515.7546,-0.172272058447192,2.14902997016907,1757213930.34826,3.99214379436289,4.931,,,,,,,,55.4108224937,44.0167995157546,0.0440167995157546,-1.84311382419382,Military-Focused,Complete Core Data,Complete Social Data
LBR,Liberia,2012,Sub-Saharan Africa,Low income,2791614000.0,4.24345556941776,1.77711999416351,15179000.0,0.567439252336449,4.196,,,,,,,,44.8739888382,2.791614,0.002791614,1.2096807418270612,Education-Focused,Complete Core Data,Complete Social Data
LBY,Libya,2012,"Middle East, North Africa, Afghanistan & Pakistan",Upper middle income,92540938129.1315,91.7813702690939,,2987413407.73267,3.74560382719202,5.34,,,,,,,,45.7485198822,92.5409381291315,0.0925409381291315,,Data Not Available,Missing Core Data,Missing Social Data
LCA,St. Lucia,2012,Latin America & Caribbean,Upper middle income,1598207407.40741,-0.563683330885993,3.29098010063171,,,,,,,,,,,,1.59820740740741,0.0015982074074074098,,Data Not Available,Missing Core Data,Missing Social Data
LCN,Latin America & Caribbean,2012,,,6202552292365.06,1.56128317615645,4.76829504966736,75354386298.7924,1.3045875396482,,,,,,,,,,6202.55229236506,6.20255229236506,3.46370751001916,Education-Focused,Complete Core Data,Missing Social Data
LIE,Liechtenstein,2012,Europe & Central Asia,High income,5456102482.28614,,,,,,,,,,,,,,5.45610248228614,0.005456102482286141,,Data Not Available,Missing Core Data,Missing Social Data
LKA,Sri Lanka,2012,South Asia,Lower middle income,70447217163.7784,7.80902906849383,1.45343005657196,1474902627.68117,2.15519951243996,4.151,,,,,,,,53.1700096864,70.44721716377839,0.0704472171637784,-0.7017694558679999,Military-Focused,Complete Core Data,Complete Social Data
LSO,Lesotho,2012,Sub-Saharan Africa,Lower middle income,2477702216.26888,5.27066659627468,,53240145.8227009,2.14823978786685,4.898,,,,,,,,44.2691493337,2.47770221626888,0.00247770221626888,,Data Not Available,Missing Core Data,Missing Social Data
LTE,Late-demographic dividend,2012,,,17836300107332.0,5.11202274988041,4.38928008079529,356582053532.262,2.06677706366236,,,,,,,,,,17836.300107332,17.836300107332,2.32250301713293,Education-Focused,Complete Core Data,Missing Social Data
LTU,Lithuania,2012,Europe & Central Asia,High income,42709372066.8627,5.74397608423232,4.78232002258301,328631681.612931,0.769173393857888,5.426,,,,,,,,66.5604065715,42.7093720668627,0.0427093720668627,4.013146628725122,Education-Focused,Complete Core Data,Complete Social Data
LUX,Luxembourg,2012,Europe & Central Asia,High income,59776383527.3602,-0.762183314011807,3.87815999984741,214571871.297993,0.358937251707305,7.054,,,,,,,,80.2370688243,59.776383527360196,0.0597763835273602,3.519222748140105,Education-Focused,Complete Core Data,Complete Social Data
LVA,Latvia,2012,Europe & Central Asia,High income,27116149948.6683,8.64449958601972,6.83852005004883,255740342.589249,0.942934638140067,5.046,,,,,,,,67.5038126264,27.1161499486683,0.0271161499486683,5.895585411908763,Education-Focused,Complete Core Data,Complete Social Data
MAC,"Macao SAR, China",2012,East Asia & Pacific,High income,43193350975.6862,5.6980527343963,3.32516002655029,,,,,,,,,,,,43.1933509756862,0.043193350975686204,,Data Not Available,Missing Core Data,Missing Social Data
MAF,St. Martin (French part),2012,Latin America & Caribbean,High income,,,,,,,,,,,,,,,,,,Data Not Available,Missing Core Data,Missing Social Data
MAR,Morocco,2012,"Middle East, North Africa, Afghanistan & Pakistan",Lower middle income,106937392311.129,1.66384638357194,5.55294838577208,3402700835.84055,3.46275007931538,4.885,,,,,,,,52.4329788158,106.937392311129,0.106937392311129,2.0901983064567,Education-Focused,Complete Core Data,Complete Social Data
MCO,Monaco,2012,Europe & Central Asia,High income,5742749294.00852,-1.21400229828895,1.78004002571106,,,,,,,,,,,,5.7427492940085205,0.00574274929400852,,Data Not Available,Missing Core Data,Missing Social Data
MDA,Moldova,2012,Europe & Central Asia,Upper middle income,8709138634.82921,-0.576700868382531,6.9834098815918,23870072.823951,0.27407991661782,,,,,,,,,54.0073196243,8.70913863482921,0.00870913863482921,6.70932996497398,Education-Focused,Complete Core Data,Missing Social Data
MDG,Madagascar,2012,Sub-Saharan Africa,Low income,11578975061.9479,0.20064094160324,2.34067010879517,68636017.8043436,0.592764957720632,3.966,,,,,,,,43.7766918823,11.5789750619479,0.0115789750619479,1.747905151074538,Education-Focused,Complete Core Data,Complete Social Data
MDV,Maldives,2012,South Asia,Upper middle income,2886163997.20531,-1.08988000428648,3.34085988998413,,,,,,,,,,,,2.8861639972053097,0.00288616399720531,,Data Not Available,Missing Core Data,Missing Social Data
MEX,Mexico,2012,Latin America & Caribbean,Upper middle income,1255110424817.79,2.1573183045698,4.88349008560181,5717035574.62318,0.455502051174913,7.088,,,,,,,,58.2478645075,1255.11042481779,1.25511042481779,4.427988034426897,Education-Focused,Complete Core Data,Complete Social Data
MHL,Marshall Islands,2012,East Asia & Pacific,Upper middle income,180700000.0,-0.35386854623583,,,,,,,,,,,,,0.1807,0.0001807,,Data Not Available,Missing Core Data,Missing Social Data
MKD,North Macedonia,2012,Europe & Central Asia,Upper middle income,9745261300.57788,-0.0653472343038857,,119410402.524102,1.22531966171625,4.574,,,,,,,,59.5487908164,9.74526130057788,0.00974526130057788,,Data Not Available,Missing Core Data,Missing Social Data
MLI,Mali,2012,Sub-Saharan Africa,Low income,14795114602.6396,-3.91930567411303,2.90706992149353,148865779.870604,1.19640574526633,4.247,,,,,,,,45.4514278508,14.7951146026396,0.014795114602639601,1.7106641762272,Education-Focused,Complete Core Data,Complete Social Data
MLT,Malta,2012,"Middle East, North Africa, Afghanistan & Pakistan",High income,9609532089.16031,3.16977820606121,6.24788999557495,49922008.9066599,0.519475728040563,5.964,,,,,,,,72.1497987539,9.60953208916031,0.009609532089160312,5.728414267534387,Education-Focused,Complete Core Data,Complete Social Data
MMR,Myanmar,2012,East Asia & Pacific,Lower middle income,59937796648.2158,6.43324807639843,,2969236076.31588,4.12480380212694,4.439,,,,,,,,40.5482505956,59.937796648215794,0.059937796648215795,,Data Not Available,Missing Core Data,Missing Social Data
MNE,Montenegro,2012,Europe & Central Asia,Upper middle income,4071829462.26447,-2.65570357284696,,67712201.3018217,1.65646177250839,5.299,,,,,,,,61.8852424223,4.07182946226447,0.0040718294622644705,,Data Not Available,Missing Core Data,Missing Social Data
MNG,Mongolia,2012,East Asia & Pacific,Upper middle income,12292770631.565,10.2081460867694,5.19521999359131,113622769.928844,0.924305618490081,4.834,,,,,,,,53.8427654612,12.292770631565,0.012292770631565,4.2709143751012295,Education-Focused,Complete Core Data,Complete Social Data
MNP,Northern Mariana Islands,2012,East Asia & Pacific,High income,746000000.0,1.51906574643922,,,,,,,,,,,,,0.746,0.000746,,Data Not Available,Missing Core Data,Missing Social Data
MOZ,Mozambique,2012,Sub-Saharan Africa,Low income,16688114144.0745,4.93805479095479,5.5575098991394,139100553.342967,0.833531162295525,4.971,,,,,,,,43.7948399875,16.6881141440745,0.0166881141440745,4.723978736843875,Education-Focused,Complete Core Data,Complete Social Data
MRT,Mauritania,2012,Sub-Saharan Africa,Lower middle income,6728208836.22143,1.11502444521069,2.15821003913879,142299912.345762,2.11497466612287,4.758,,,,,,,,40.535993111,6.728208836221429,0.00672820883622143,0.043235373015920064,Education-Focused,Complete Core Data,Complete Social Data
MUS,Mauritius,2012,Sub-Saharan Africa,Upper middle income,11832323837.1071,3.20949947880025,3.41820001602173,16662229.6173045,0.14279440115901,5.477,,,,,,,,64.5242732485,11.832323837107099,0.0118323238371071,3.27540561486272,Education-Focused,Complete Core Data,Complete Social Data
MWI,Malawi,2012,Sub-Saharan Africa,Low income,8773203178.16512,-0.983601161818072,2.52861185625253,46155953.6903969,0.543771636934602,4.113,,,,,,,,47.1064913103,8.773203178165119,0.008773203178165118,1.984840219317928,Education-Focused,Complete Core Data,Complete Social Data
MYS,Malaysia,2012,East Asia & Pacific,Upper middle income,314443047642.111,3.69276569143121,5.73902988433838,4507252007.25201,1.41333070740643,5.76,,,,,,,,64.2077270924,314.443047642111,0.314443047642111,4.32569917693195,Education-Focused,Complete Core Data,Complete Social Data
NAM,Namibia,2012,Sub-Saharan Africa,Lower middle income,13042053591.6857,2.74809367129893,9.24281237985165,412163503.642522,3.16654259121144,,,,,,,,,55.6098380626,13.042053591685699,0.0130420535916857,6.076269788640209,Education-Focused,Complete Core Data,Missing Social Data
NCL,New Caledonia,2012,East Asia & Pacific,High income,9659151917.40484,,,,,,,,,,,,,,9.65915191740484,0.00965915191740484,,Data Not Available,Missing Core Data,Missing Social Data
NER,Niger,2012,Sub-Saharan Africa,Low income,9426912647.59111,6.45537638540985,3.1868200302124,148865779.870604,1.62398436872309,4.152,,,,,,,,41.4735866371,9.42691264759111,0.00942691264759111,1.5628356614893102,Education-Focused,Complete Core Data,Complete Social Data
NGA,Nigeria,2012,Sub-Saharan Africa,Lower middle income,463971018239.281,1.37822146587332,0.549233086121929,2316478199.86159,0.504264930204985,5.248,,,,,,,,43.6421756873,463.971018239281,0.463971018239281,0.04496815591694403,Education-Focused,Complete Core Data,Complete Social Data
NIC,Nicaragua,2012,Latin America & Caribbean,Lower middle income,10532017231.8253,5.0120845551519,,70132969.8004391,0.665903553721293,5.507,,,,,,,,51.7408829137,10.5320172318253,0.0105320172318253,,Data Not Available,Missing Core Data,Missing Social Data
NLD,Netherlands,2012,Europe & Central Asia,High income,845689017065.625,-1.34363605737404,5.36694002151489,10364720786.7464,1.22552534668627,7.512,,,,,,,,80.9890398299,845.689017065625,0.845689017065625,4.14141467482862,Education-Focused,Complete Core Data,Complete Social Data
NOR,Norway,2012,Europe & Central Asia,High income,512777309840.997,1.37764088326504,7.32766008377075,7143962183.06833,1.39318999611811,7.655,,,,,,,,82.288323412,512.777309840997,0.512777309840997,5.93447008765264,Education-Focused,Complete Core Data,Complete Social Data
NPL,Nepal,2012,South Asia,Lower middle income,21703100877.1309,4.40244630730626,3.29737997055054,256686839.473598,1.24370217046399,4.156,,,,,,,,45.4650226907,21.7031008771309,0.021703100877130902,2.0536778000865503,Education-Focused,Complete Core Data,Complete Social Data
NRU,Nauru,2012,East Asia & Pacific,High income,101055722.95058,22.3119628983076,,,,,,,,,,,,,0.10105572295058,0.00010105572295058,,Data Not Available,Missing Core Data,Missing Social Data
NZL,New Zealand,2012,East Asia & Pacific,High income,176560711239.147,1.80664874629129,,1953081553.6183,1.11637221213693,7.221,,,,,,,,80.1821697872,176.560711239147,0.17656071123914702,,Data Not Available,Missing Core Data,Missing Social Data
OMN,Oman,2012,"Middle East, North Africa, Afghanistan & Pakistan",High income,87408842652.7958,-5.57202783891576,,9250650195.05852,10.5832031528957,6.853,,,,,,,,59.1821859268,87.40884265279581,0.0874088426527958,,Data Not Available,Missing Core Data,Missing Social Data
PAK,Pakistan,2012,"Middle East, North Africa, Afghanistan & Pakistan",Lower middle income,250106966104.704,1.08227196914481,1.97880005836487,7478831888.57671,3.09577353673779,5.292,,,,,,,,40.9202412742,250.10696610470401,0.250106966104704,-1.1169734783729202,Military-Focused,Complete Core Data,Complete Social Data
PAN,Panama,2012,Latin America & Caribbean,High income,41595439720.9767,7.70986516046257,,0.0,,7.143,,,,,,,,63.4088745882,41.5954397209767,0.0415954397209767,,Data Not Available,Missing Core Data,Missing Social Data
PER,Peru,2012,Latin America & Caribbean,Upper middle income,192650021648.583,5.25513020005759,2.92276000976562,2857983382.19855,1.48351279277452,5.776,,,,,,,,58.8198857452,192.65002164858302,0.192650021648583,1.4392472169911001,Education-Focused,Complete Core Data,Complete Social Data
PHL,Philippines,2012,East Asia & Pacific,Lower middle income,261920540962.63,4.8407653397621,,2898685257.45463,1.10670418975985,4.985,,,,,,,,55.2016420786,261.92054096263,0.26192054096263,,Data Not Available,Missing Core Data,Missing Social Data
PLW,Palau,2012,East Asia & Pacific,High income,215616882.324219,3.44620204916832,,,,,,,,,,,,,0.215616882324219,0.000215616882324219,,Data Not Available,Missing Core Data,Missing Social Data
PNG,Papua New Guinea,2012,East Asia & Pacific,Lower middle income,21295168665.7247,1.78156409666185,,110623185.275838,0.519471738934463,,,,,,,,,47.3044079104,21.295168665724702,0.0212951686657247,,Data Not Available,Missing Core Data,Missing Social Data
POL,Poland,2012,Europe & Central Asia,High income,498148649702.66,1.51202436704637,4.83311986923218,8986838792.09222,1.80404649861118,5.822,,,,,,,,69.1163191727,498.14864970265995,0.49814864970266,3.0290733706210005,Education-Focused,Complete Core Data,Complete Social Data
PRI,Puerto Rico (US),2012,Latin America & Caribbean,High income,101564800000.0,0.915046581773325,,,,,,,,,,,,,101.5648,0.1015648,,Data Not Available,Missing Core Data,Missing Social Data
PRK,"Korea, Dem. People's Rep.",2012,East Asia & Pacific,Low income,,,,0.0,,,,,,,,,,,,,,Data Not Available,Missing Core Data,Missing Social Data
PRT,Portugal,2012,Europe & Central Asia,High income,216536676771.973,-3.66111452137058,4.94226980209351,3039982320.30569,1.40383146309083,5.101,,,,,,,,71.7924673375,216.536676771973,0.216536676771973,3.5384383390026803,Education-Focused,Complete Core Data,Complete Social Data
PRY,Paraguay,2012,Latin America & Caribbean,Upper middle income,33271921136.3071,-2.09516519053814,3.66877007484436,320909756.560571,0.964506788033691,5.779,,,,,,,,56.6752445669,33.2719211363071,0.0332719211363071,2.7042632868106686,Education-Focused,Complete Core Data,Complete Social Data
PSE,West Bank and Gaza,2012,"Middle East, North Africa, Afghanistan & Pakistan",Lower middle income,12208400000.0,3.51036746369036,4.74210977554321,,,,,,,,,,,,12.2084,0.0122084,,Data Not Available,Missing Core Data,Missing Social Data
PYF,French Polynesia,2012,East Asia & Pacific,High income,5692858099.00217,-1.41984532236675,,,,,,,,,,,,,5.692858099002169,0.00569285809900217,,Data Not Available,Missing Core Data,Missing Social Data
QAT,Qatar,2012,"Middle East, North Africa, Afghanistan & Pakistan",High income,186833516483.516,-1.20900847640003,3.50744009017944,,,6.666,,,,,,,,63.2536933599,186.83351648351598,0.18683351648351598,,Data Not Available,Missing Core Data,Complete Social Data
ROU,Romania,2012,Europe & Central Asia,High income,179117323107.087,2.35828066727251,2.8234601020813,2102886223.40119,1.17392522752233,5.033,,,,,,,,61.9161686172,179.117323107087,0.179117323107087,1.6495348745589702,Education-Focused,Complete Core Data,Complete Social Data
RUS,Russia,2012,Europe & Central Asia,High income,2208293553878.42,3.76271915500016,3.79310011863708,81469399931.2577,3.68924043459907,5.464,,,,,,,,54.4380242505,2208.29355387842,2.20829355387842,0.10385968403801016,Education-Focused,Complete Core Data,Complete Social Data
RWA,Rwanda,2012,Sub-Saharan Africa,Low income,7654761050.18587,6.07172678530065,4.42103004455566,79793910.0920567,1.04224962789709,3.715,,,,,,,,49.1931167261,7.65476105018587,0.007654761050185871,3.3787804166585698,Education-Focused,Complete Core Data,Complete Social Data
SAU,Saudi Arabia,2012,"Middle East, North Africa, Afghanistan & Pakistan",High income,751921333333.333,1.40889754697817,,56497866666.6667,7.61580760228465,6.48,,,,,,,,54.625337921,751.921333333333,0.751921333333333,,Data Not Available,Missing Core Data,Missing Social Data
SDN,Sudan,2012,Sub-Saharan Africa,Low income,37632919966.6667,-7.20056369222739,,,,4.401,,,,,,,,38.9730295975,37.632919966666705,0.0376329199666667,,Data Not Available,Missing Core Data,Missing Social Data
SEN,Senegal,2012,Sub-Saharan Africa,Lower middle income,17660870411.5235,1.2557464643975,4.77698993682861,196661489.010376,1.11347959476351,3.959,,,,,,,,49.8453903998,17.660870411523497,0.017660870411523498,3.6635103420650994,Education-Focused,Complete Core Data,Complete Social Data
SGP,Singapore,2012,East Asia & Pacific,High income,295092888076.589,1.90446223662212,3.07084989547729,9171948018.69278,3.10816619008299,6.546,,,,,,,,76.821129229,295.09288807658896,0.295092888076589,-0.03731629460569996,Military-Focused,Complete Core Data,Complete Social Data
SLB,Solomon Islands,2012,East Asia & Pacific,Lower middle income,1185217634.37393,-1.22485253459861,,,,,,,,,,,,,1.18521763437393,0.00118521763437393,,Data Not Available,Missing Core Data,Missing Social Data
SLE,Sierra Leone,2012,Sub-Saharan Africa,Low income,6141666509.36295,7.81299564274897,1.77787005901337,29758934.0797967,0.517911005474655,4.318,,,,,,,,42.4460348799,6.14166650936295,0.006141666509362951,1.259959053538715,Education-Focused,Complete Core Data,Complete Social Data
SLV,El Salvador,2012,Latin America & Caribbean,Upper middle income,21386150000.0,2.48637921457058,3.7124400138855,224300000.0,1.04880962679117,5.809,,,,,,,,55.257468569,21.38615,0.02138615,2.66363038709433,Education-Focused,Complete Core Data,Complete Social Data
SMR,San Marino,2012,Europe & Central Asia,High income,1604701299.43546,-9.40251314800584,,,,,,,,,,,,,1.6047012994354601,0.0016047012994354602,,Data Not Available,Missing Core Data,Missing Social Data
SOM,"Somalia, Fed. Rep.",2012,Sub-Saharan Africa,Low income,4364670159.99578,5.73256533810552,,,,,,,,,,,,31.5046345282,4.36467015999578,0.00436467015999578,,Data Not Available,Missing Core Data,Missing Social Data
SRB,Serbia,2012,Europe & Central Asia,Upper middle income,45103269969.4112,0.040200455150412,,865072419.745536,1.91798161392813,4.813,,,,,,,,57.5315786276,45.1032699694112,0.0451032699694112,,Data Not Available,Missing Core Data,Missing Social Data
SSD,South Sudan,2012,Sub-Saharan Africa,Low income,11931472169.4915,-48.4287258315307,1.57674938085481,988225988.700565,8.77114861951039,,,,,,,,,34.3856318915,11.931472169491501,0.011931472169491501,-7.1943992386555795,Military-Focused,Complete Core Data,Missing Social Data
STP,Sao Tome and Principe,2012,Sub-Saharan Africa,Lower middle income,225815131.929273,0.883420959148197,6.92846012115479,,,,,,,,,,,54.7289428971,0.22581513192927302,0.000225815131929273,,Data Not Available,Missing Core Data,Missing Social Data
SUR,Suriname,2012,Latin America & Caribbean,Upper middle income,4980000000.0,1.52880858968571,,,,6.269,,,,,,,,58.152124916,4.98,0.00498,,Data Not Available,Missing Core Data,Missing Social Data
SVK,Slovak Republic,2012,Europe & Central Asia,High income,94724394278.052,1.39646371759601,3.85490989685059,1020180034.79405,1.0769371641209,,,,,,,,,68.8525712029,94.724394278052,0.094724394278052,2.77797273272969,Education-Focused,Complete Core Data,Missing Social Data
SVN,Slovenia,2012,Europe & Central Asia,High income,46167053954.3367,-3.11922481726151,5.6702299118042,543496416.521263,1.17717193840362,6.06,,,,,,,,73.2818304704,46.1670539543367,0.0461670539543367,4.49305797340058,Education-Focused,Complete Core Data,Complete Social Data
SWE,Sweden,2012,Europe & Central Asia,High income,549739674655.127,-1.14837721022437,7.57456016540527,6243671605.39748,1.13574610579856,7.48,,,,,,,,83.0951664766,549.739674655127,0.549739674655127,6.43881405960671,Education-Focused,Complete Core Data,Complete Social Data
SWZ,Eswatini,2012,Sub-Saharan Africa,Lower middle income,4747813067.26006,3.53199247160502,5.59328219778155,90639795.2733079,1.91455696202532,,,,,,,,,42.9172268158,4.7478130672600605,0.00474781306726006,3.6787252357562297,Education-Focused,Complete Core Data,Missing Social Data
SXM,Sint Maarten (Dutch part),2012,Latin America & Caribbean,High income,985865921.787709,-0.798052973690176,4.61834872782909,,,,,,,,,,,,0.985865921787709,0.000985865921787709,,Data Not Available,Missing Core Data,Missing Social Data
SYC,Seychelles,2012,Sub-Saharan Africa,High income,1089407839.19709,2.10412826503328,2.54216003417969,9924109.7489784,0.936679584641367,,,,,,,,,62.2387148969,1.0894078391970898,0.00108940783919709,1.605480449538323,Education-Focused,Complete Core Data,Missing Social Data
SYR,Syrian Arab Republic,2012,"Middle East, North Africa, Afghanistan & Pakistan",Low income,43190318032.5627,-25.9560309972065,,,,,,,,,,,,43.6101428233,43.1903180325627,0.0431903180325627,,Data Not Available,Missing Core Data,Missing Social Data
TCA,Turks and Caicos Islands,2012,Latin America & Caribbean,High income,832848000.0,-6.54753243910046,2.69749326490282,,,,,,,,,,,,0.832848,0.000832848,,Data Not Available,Missing Core Data,Missing Social Data
TCD,Chad,2012,Sub-Saharan Africa,Low income,17892228569.8861,5.29734255122003,1.52493000030518,,,4.056,,,,,,,,32.7560836377,17.8922285698861,0.0178922285698861,,Data Not Available,Missing Core Data,Complete Social Data
TGO,Togo,2012,Sub-Saharan Africa,Low income,5413541649.14901,3.54419025979273,3.37651991844177,62931049.6800365,1.62464311756716,2.936,,,,,,,,40.4588263759,5.41354164914901,0.00541354164914901,1.7518768008746097,Education-Focused,Complete Core Data,Complete Social Data
THA,Thailand,2012,East Asia & Pacific,Upper middle income,397558325278.579,6.58038336266074,4.53672981262207,5408091535.27158,1.38988888346862,6.371,,,,,,,,60.0231707134,397.558325278579,0.397558325278579,3.1468409291534503,Education-Focused,Complete Core Data,Complete Social Data
TJK,Tajikistan,2012,Europe & Central Asia,Lower middle income,7633036903.07634,4.96076448659319,4.01803016662598,76260471.8313278,0.999142722822931,4.38,,,,,,,,48.1528621674,7.63303690307634,0.0076330369030763396,3.018887443803049,Education-Focused,Complete Core Data,Complete Social Data
TKM,Turkmenistan,2012,Europe & Central Asia,Upper middle income,35164210526.3158,8.70665885774136,3.04924988746643,,,5.628,,,,,,,,50.0268232134,35.164210526315806,0.035164210526315805,,Data Not Available,Missing Core Data,Complete Social Data
TLS,Timor-Leste,2012,East Asia & Pacific,Lower middle income,1160555039.5788,2.58043399760261,7.16214990615845,33388000.0,2.87728369527749,,,,,,,,,,1.1605550395788,0.0011605550395788,4.28486621088096,Education-Focused,Complete Core Data,Missing Social Data
TON,Tonga,2012,East Asia & Pacific,Upper middle income,471122971.305043,1.02306619626815,,,,,,,,,,,,,0.471122971305043,0.000471122971305043,,Data Not Available,Missing Core Data,Missing Social Data
TTO,Trinidad and Tobago,2012,Latin America & Caribbean,High income,27147349937.4689,6.13730928249969,3.57398000577018,168762442.453652,0.641229257894688,6.519,,,,,,,,61.6908555354,27.1473499374689,0.0271473499374689,2.932750747875492,Education-Focused,Complete Core Data,Complete Social Data
TUN,Tunisia,2012,"Middle East, North Africa, Afghanistan & Pakistan",Lower middle income,47311401812.6733,3.04657312459409,5.95086002349854,681225950.611119,1.43987394498013,4.826,,,,,,,,55.6322962113,47.3114018126733,0.0473114018126733,4.5109860785184095,Education-Focused,Complete Core Data,Complete Social Data
TUR,Turkiye,2012,Europe & Central Asia,Upper middle income,885327622479.052,3.48010432023058,4.38721990585327,17694320712.6949,2.00944811786941,5.345,,,,,,,,56.8757612538,885.327622479052,0.8853276224790521,2.3777717879838596,Education-Focused,Complete Core Data,Complete Social Data
TUV,Tuvalu,2012,East Asia & Pacific,Upper middle income,39345579.4723758,-3.50614324243331,,,,,,,,,,,,,0.039345579472375804,3.93455794723758e-05,,Data Not Available,Missing Core Data,Missing Social Data
TZA,Tanzania,2012,Sub-Saharan Africa,Lower middle income,39650394362.9287,1.53892032694513,4.22964300342458,359739418.825016,0.91379934806313,3.77,,,,,,,,46.4731771829,39.6503943629287,0.039650394362928706,3.31584365536145,Education-Focused,Complete Core Data,Complete Social Data
UGA,Uganda,2012,Sub-Saharan Africa,Low income,27305915910.7877,0.865151267915266,1.79746997356415,351838247.037404,1.17612274538488,4.443,,,,,,,,44.6058119891,27.3059159107877,0.027305915910787702,0.62134722817927,Education-Focused,Complete Core Data,Complete Social Data
UKR,Ukraine,2012,Europe & Central Asia,Upper middle income,182591753827.949,0.364275557578679,6.44267988204956,4136914809.35499,2.35345197687142,5.057,,,,,,,,54.7938979562,182.591753827949,0.182591753827949,4.08922790517814,Education-Focused,Complete Core Data,Complete Social Data
URY,Uruguay,2012,Latin America & Caribbean,High income,54232266358.7811,3.27196082931438,4.09353338283242,924640335.588313,1.60724459656554,6.355,,,,,,,,67.4352731217,54.2322663587811,0.054232266358781096,2.48628878626688,Education-Focused,Complete Core Data,Complete Social Data
USA,United States,2012,North America,High income,16253972230000.0,1.47570596897309,,725205000000.0,4.4617099699335,7.082,,,,,,,,76.6945207742,16253.97223,16.25397223,,Data Not Available,Missing Core Data,Missing Social Data
UZB,Uzbekistan,2012,Europe & Central Asia,Lower middle income,67517349212.0609,5.49671909783243,,,,5.623,,,,,,,,48.8002280435,67.51734921206089,0.0675173492120609,,Data Not Available,Missing Core Data,Missing Social Data
VCT,St. Vincent and the Grenadines,2012,Latin America & Caribbean,Upper middle income,730032592.592593,1.73945379802912,,,,,,,,,,,,,0.7300325925925929,0.000730032592592593,,Data Not Available,Missing Core Data,Missing Social Data
VEN,"Venezuela, RB",2012,,,372592062768.06,4.30852326939915,,5114847099.99301,1.34147173233053,,,,,,,,,49.7617895441,372.59206276806,0.37259206276806,,Data Not Available,Missing Core Data,Missing Social Data
VGB,British Virgin Islands,2012,Latin America & Caribbean,High income,,,3.55560728835564,,,,,,,,,,,,,,,Data Not Available,Missing Core Data,Missing Social Data
VIR,Virgin Islands (U.S.),2012,Latin America & Caribbean,High income,4089000000.0,-14.7321849465745,,,,,,,,,,,,,4.089,0.004089,,Data Not Available,Missing Core Data,Missing Social Data
VNM,Viet Nam,2012,East Asia & Pacific,Lower middle income,195590661129.249,4.27630507146044,4.40817022323608,3360860380.25735,1.71831331991755,5.533,,,,,,,,53.6158460225,195.59066112924899,0.195590661129249,2.6898569033185304,Education-Focused,Complete Core Data,Complete Social Data
VUT,Vanuatu,2012,East Asia & Pacific,Lower middle income,747839697.746593,-1.1852141346526,,,,,,,,,,,,,0.747839697746593,0.000747839697746593,,Data Not Available,Missing Core Data,Missing Social Data
WSM,Samoa,2012,East Asia & Pacific,Upper middle income,773141661.165548,-4.60663349940492,4.89170722777607,,,,,,,,,,,,0.7731416611655479,0.000773141661165548,,Data Not Available,Missing Core Data,Missing Social Data
XKX,Kosovo,2012,Europe & Central Asia,Upper middle income,6163484244.63408,0.857974394903721,,43390403.8833654,0.703950801287396,5.222,,,,,,,,,6.16348424463408,0.00616348424463408,,Data Not Available,Missing Core Data,Missing Social Data
YEM,"Yemen, Rep.",2012,"Middle East, North Africa, Afghanistan & Pakistan",Low income,35401331609.5916,-0.670663085005188,,1618840126.70806,4.57388404478979,4.054,,,,,,,,36.24004484,35.4013316095916,0.0354013316095916,,Data Not Available,Missing Core Data,Missing Social Data
ZAF,South Africa,2012,Sub-Saharan Africa,Upper middle income,434400545085.811,0.897179683754416,5.52322006225586,4489590095.94432,1.03352274081458,4.963,,,,,,,,57.3003009053,434.40054508581096,0.434400545085811,4.48969732144128,Education-Focused,Complete Core Data,Complete Social Data
ZMB,Zambia,2012,Sub-Saharan Africa,Lower middle income,25503060420.026,4.16438800509357,3.69500242842903,346301423.09,1.3578688500397,5.006,,,,,,,,48.4783417352,25.503060420026,0.025503060420026,2.33713357838933,Education-Focused,Complete Core Data,Complete Social Data
ZWE,Zimbabwe,2012,Sub-Saharan Africa,Lower middle income,17123500000.0,14.7871576858869,6.07021391405834,318272000.0,1.85949988315027,4.827,,,,,,,,40.7660871702,17.1235,0.0171235,4.21071403090807,Education-Focused,Complete Core Data,Complete Social Data
ABW,Aruba,2013,Latin America & Caribbean,High income,2727849162.01117,4.85525795729174,6.44295978546143,,,,,,,,,,,,2.72784916201117,0.0027278491620111697,,Data Not Available,Missing Core Data,Missing Social Data
AFE,Africa Eastern and Southern,2013,,,981308886976.783,1.52775556150408,4.63769446369719,15581977215.0537,1.7517010035687,,,,,,,,,,981.308886976783,0.981308886976783,2.88599346012849,Education-Focused,Complete Core Data,Missing Social Data
AFG,Afghanistan,2013,"Middle East, North Africa, Afghanistan & Pakistan",Low income,20146416757.5987,2.0520682606117,3.45445990562439,217194107.113298,1.07694976762403,,,,,,,,,34.6122331977,20.1464167575987,0.020146416757598703,2.37751013800036,Education-Focused,Complete Core Data,Missing Social Data
AFW,Africa Western and Central,2013,,,844180401591.48,3.18957889504057,2.70691990852356,6171135414.06019,0.765519899436827,,,,,,,,,,844.18040159148,0.84418040159148,1.941400009086733,Education-Focused,Complete Core Data,Missing Social Data
AGO,Angola,2013,Sub-Saharan Africa,Lower middle income,148845200696.792,0.921826358320473,4.43894951297476,6090751702.00884,4.45523942155109,,,,,,,,,40.258443975,148.845200696792,0.148845200696792,-0.01628990857633017,Military-Focused,Complete Core Data,Missing Social Data
ALB,Albania,2013,Europe & Central Asia,Upper middle income,12796985886.1478,3.28889031489732,3.53355002403259,180015508.820867,1.40898210141146,,,,,,,,,57.9655399937,12.7969858861478,0.012796985886147801,2.12456792262113,Education-Focused,Complete Core Data,Missing Social Data
AND,Andorra,2013,Europe & Central Asia,High income,3193513470.43941,-1.44394540350855,2.50616002082825,,,,,,,,,,,,3.1935134704394104,0.0031935134704394103,,Data Not Available,Missing Core Data,Missing Social Data
ARE,United Arab Emirates,2013,"Middle East, North Africa, Afghanistan & Pakistan",High income,409632675289.313,0.805452996724028,,23561061946.9027,6.03468625064444,,,,,,,,,64.7024680557,409.632675289313,0.40963267528931296,,Data Not Available,Missing Core Data,Missing Social Data
ARG,Argentina,2013,Latin America & Caribbean,Upper middle income,552025140252.246,1.39351266056681,5.43660020828247,5137974300.9699,0.83773642721392,,,,,,,,,59.5047185088,552.0251402522459,0.552025140252246,4.59886378106855,Education-Focused,Complete Core Data,Missing Social Data
ARM,Armenia,2013,Europe & Central Asia,Upper middle income,11121464437.0415,3.37178358702843,2.65018010139465,444551859.501106,3.99724455730484,,,,,,,,,56.6442231567,11.1214644370415,0.0111214644370415,-1.3470644559101896,Military-Focused,Complete Core Data,Missing Social Data
ASM,American Samoa,2013,East Asia & Pacific,High income,638000000.0,-1.62801355404956,,,,,,,,,,,,,0.638,0.000638,,Data Not Available,Missing Core Data,Missing Social Data
ATG,Antigua and Barbuda,2013,Latin America & Caribbean,High income,1325496296.2963,-1.50846791062001,2.35972143126598,,,,,,,,,,,,1.3254962962963,0.0013254962962963,,Data Not Available,Missing Core Data,Missing Social Data
AUS,Australia,2013,East Asia & Pacific,High income,1583737461925.39,0.902732553895234,,24825262588.8168,1.63819651223089,,,,,,,,,78.9766894292,1583.7374619253899,1.5837374619253899,,Data Not Available,Missing Core Data,Missing Social Data
AUT,Austria,2013,Europe & Central Asia,High income,426580502769.417,-0.836906795346636,5.59404993057251,3229065841.34293,0.757180192579996,,,,,,,,,79.4175965297,426.58050276941697,0.426580502769417,4.836869737992513,Education-Focused,Complete Core Data,Missing Social Data
AZE,Azerbaijan,2013,Europe & Central Asia,Upper middle income,74160560123.6902,4.48320316777964,2.44213008880615,3367574161.19744,4.54092330961466,,,,,,,,,51.153263342,74.1605601236902,0.0741605601236902,-2.0987932208085103,Military-Focused,Complete Core Data,Missing Social Data
BDI,Burundi,2013,Sub-Saharan Africa,Low income,2451624637.67157,1.2220776240641,5.99539995193481,60859500.0932422,2.4824131147541,,,,,,,,,37.3500142937,2.45162463767157,0.00245162463767157,3.51298683718071,Education-Focused,Complete Core Data,Missing Social Data
BEL,Belgium,2013,Europe & Central Asia,High income,524097026598.55,-0.166173060728624,6.60135984420776,5263164882.84678,1.0045200869807,,,,,,,,,76.283187466,524.09702659855,0.52409702659855,5.59683975722706,Education-Focused,Complete Core Data,Missing Social Data
BEN,Benin,2013,Sub-Saharan Africa,Lower middle income,12517845123.9315,4.076668026964,3.3275101184845,86003157.6390576,0.687239683496254,,,,,,,,,45.5125832887,12.5178451239315,0.0125178451239315,2.6402704349882464,Education-Focused,Complete Core Data,Missing Social Data
BFA,Burkina Faso,2013,Sub-Saharan Africa,Low income,13444300485.8412,2.66508275857795,4.08343982696533,166136345.235204,1.23609025726906,,,,,,,,,45.1443679774,13.4443004858412,0.0134443004858412,2.84734956969627,Education-Focused,Complete Core Data,Missing Social Data
BGD,Bangladesh,2013,South Asia,Lower middle income,149998957434.186,5.02341839695075,1.96616995334625,2047989070.87034,1.11372942922328,,,,,,,,,46.1000488996,149.998957434186,0.149998957434186,0.85244052412297,Education-Focused,Complete Core Data,Missing Social Data
BGR,Bulgaria,2013,Europe & Central Asia,High income,55819262374.9039,1.48366085514411,4.05766010284424,811634330.232022,1.45404283053363,,,,,,,,,62.7278842713,55.8192623749039,0.0558192623749039,2.6036172723106104,Education-Focused,Complete Core Data,Missing Social Data
BHR,Bahrain,2013,"Middle East, North Africa, Afghanistan & Pakistan",High income,33823324468.0851,1.5766868455926,2.38286995887756,1347606382.97872,4.14139762975071,,,,,,,,,60.144480681,33.8233244680851,0.0338233244680851,-1.7585276708731499,Military-Focused,Complete Core Data,Missing Social Data
BHS,"Bahamas, The",2013,Latin America & Caribbean,High income,10475300000.0,-3.756252482479,2.4242884241713,,,,,,,,,,,,10.4753,0.0104753,,Data Not Available,Missing Core Data,Missing Social Data
BIH,Bosnia and Herzegovina,2013,Europe & Central Asia,Upper middle income,18179109209.3892,4.02941435250273,,197617188.825905,1.08705579799922,,,,,,,,,56.631295013,18.1791092093892,0.0181791092093892,,Data Not Available,Missing Core Data,Missing Social Data
BLR,Belarus,2013,Europe & Central Asia,Upper middle income,75527558966.4473,1.03749004802856,5.0094199180603,959801690.305798,1.27079665150066,,,,,,,,,55.7077468155,75.5275589664473,0.07552755896644729,3.73862326655964,Education-Focused,Complete Core Data,Missing Social Data
BLZ,Belize,2013,Latin America & Caribbean,Upper middle income,2035191450.0,1.86924052413502,5.12474012374878,17778875.0,0.874010589302631,,,,,,,,,55.3486910398,2.03519145,0.00203519145,4.250729534446149,Education-Focused,Complete Core Data,Missing Social Data
BMU,Bermuda,2013,North America,High income,6465756000.0,-0.166771480196203,2.2795032068669,,,,,,,,,,,,6.465756,0.006465756,,Data Not Available,Missing Core Data,Missing Social Data
BOL,Bolivia,2013,Latin America & Caribbean,Lower middle income,30659338885.6729,5.12847092655504,6.80321979522705,564512107.577424,1.84124031434345,,,,,,,,,53.2328667017,30.659338885672902,0.0306593388856729,4.9619794808836,Education-Focused,Complete Core Data,Missing Social Data
BRA,Brazil,2013,Latin America & Caribbean,Upper middle income,2472819362043.74,2.17333080616082,5.8388500213623,32874787230.5887,1.32944608382557,,,,,,,,,61.4453017727,2472.81936204374,2.47281936204374,4.50940393753673,Education-Focused,Complete Core Data,Missing Social Data
BRB,Barbados,2013,Latin America & Caribbean,High income,5667200000.0,-2.02836384026963,4.50306987762451,,,,,,,,,,,,5.6672,0.0056672,,Data Not Available,Missing Core Data,Missing Social Data
BRN,Brunei Darussalam,2013,East Asia & Pacific,High income,18094148098.6536,-3.46841841572171,,412094279.75415,2.27750759504916,,,,,,,,,,18.094148098653598,0.0180941480986536,,Data Not Available,Missing Core Data,Missing Social Data
BTN,Bhutan,2013,South Asia,Lower middle income,1943696951.65411,0.614996700864396,5.16565990447998,,,,,,,,,,,,1.94369695165411,0.0019436969516541099,,Data Not Available,Missing Core Data,Missing Social Data
BWA,Botswana,2013,Sub-Saharan Africa,Upper middle income,14271738933.2042,9.43871073960261,8.0172064061589,306438573.576809,2.1471710497407,,,,,,,,,56.8461552215,14.271738933204201,0.0142717389332042,5.8700353564181995,Education-Focused,Complete Core Data,Missing Social Data
CAF,Central African Republic,2013,Sub-Saharan Africa,Low income,1691544110.18543,-36.8245466038613,2.63821423826355,47923241.4489087,2.83390827023391,,,,,,,,,34.2493316785,1.69154411018543,0.0016915441101854301,-0.19569403197036017,Military-Focused,Complete Core Data,Missing Social Data
CAN,Canada,2013,North America,High income,1846597421834.98,1.2535901034471,4.58899021148682,18515731209.9437,1.00236720047397,,,,,,,,,78.8755518601,1846.59742183498,1.8465974218349799,3.5866230110128496,Education-Focused,Complete Core Data,Missing Social Data
CHE,Switzerland,2013,Europe & Central Asia,High income,706234937370.968,0.628360626093993,4.91392993927002,5032883664.3277,0.712636242390875,,,,,,,,,82.3222715219,706.234937370968,0.706234937370968,4.201293696879145,Education-Focused,Complete Core Data,Missing Social Data
CHI,Channel Islands,2013,Europe & Central Asia,High income,9594745810.67159,-0.133468759749221,,,,,,,,,,,,,9.59474581067159,0.00959474581067159,,Data Not Available,Missing Core Data,Missing Social Data
CHL,Chile,2013,Latin America & Caribbean,High income,277395018842.417,2.32789256098182,4.54814004898071,5529879480.60968,1.99462247217943,,,,,,,,,69.5031684173,277.395018842417,0.277395018842417,2.5535175768012803,Education-Focused,Complete Core Data,Missing Social Data
CHN,China,2013,East Asia & Pacific,Upper middle income,9743124247267.24,7.06322465705706,,164070469321.744,1.7143409229625,,,,,,,,,57.6116121369,9743.12424726724,9.74312424726724,,Data Not Available,Missing Core Data,Missing Social Data
CIV,Cote d'Ivoire,2013,Sub-Saharan Africa,Lower middle income,42760235484.6093,8.5732243032672,3.45859003067017,430003610.836489,0.995019119922897,,,,,,,,,42.0093712174,42.7602354846093,0.0427602354846093,2.463570910747273,Education-Focused,Complete Core Data,Missing Social Data
CMR,Cameroon,2013,Sub-Saharan Africa,Lower middle income,33728621180.3231,2.08714719116143,2.65546989440918,392840630.898917,1.16504114303499,,,,,,,,,44.2653672716,33.7286211803231,0.033728621180323104,1.49042875137419,Education-Focused,Complete Core Data,Missing Social Data
COD,"Congo, Dem. Rep.",2013,Sub-Saharan Africa,Low income,34891189160.3002,5.95809677482721,2.06220006942749,374475653.351818,1.07353188499408,,,,,,,,,34.2992121223,34.8911891603002,0.0348911891603002,0.9886681844334098,Education-Focused,Complete Core Data,Missing Social Data
COG,"Congo, Rep.",2013,Sub-Saharan Africa,Lower middle income,17958720699.0868,-3.09694323656935,5.0138814089415,367057295.47164,2.04447551898046,,,,,,,,,43.1582103565,17.9587206990868,0.0179587206990868,2.9694058899610396,Education-Focused,Complete Core Data,Missing Social Data
COL,Colombia,2013,Latin America & Caribbean,Upper middle income,382093697077.685,4.14129387844136,4.87855005264282,12503812627.422,3.27226285651869,,,,,,,,,57.0423756066,382.093697077685,0.382093697077685,1.6062871961241294,Education-Focused,Complete Core Data,Missing Social Data
COM,Comoros,2013,Sub-Saharan Africa,Lower middle income,1116224106.83728,2.28108217474703,2.3827600479126,,,,,,,,,,,45.9028565084,1.11622410683728,0.00111622410683728,,Data Not Available,Missing Core Data,Missing Social Data
CPV,Cabo Verde,2013,Sub-Saharan Africa,Upper middle income,2028910915.16446,0.579092309567969,4.56156015396118,9815671.63454704,0.48366416567439,,,,,,,,,56.341096055,2.02891091516446,0.00202891091516446,4.07789598828679,Education-Focused,Complete Core Data,Missing Social Data
CRI,Costa Rica,2013,Latin America & Caribbean,High income,50949668841.6696,1.36003489549176,6.68738985061646,0.0,,,,,,,,,,67.1917091557,50.9496688416696,0.0509496688416696,,Data Not Available,Missing Core Data,Missing Social Data
CUB,Cuba,2013,Latin America & Caribbean,Upper middle income,77148000000.0,2.79314623294214,10.67169596101,119383259.911894,3.51272878104423,,,,,,,,,53.3916636001,77.148,0.077148,7.158967179965771,Education-Focused,Complete Core Data,Missing Social Data
CUW,Curacao,2013,Latin America & Caribbean,High income,3033568606.16651,-1.75580756838953,5.11633014678955,,,,,,,,,,,,3.03356860616651,0.00303356860616651,,Data Not Available,Missing Core Data,Missing Social Data
CYM,Cayman Islands,2013,Latin America & Caribbean,High income,4405796081.15984,-1.34352002810977,,,,,,,,,,,,,4.405796081159839,0.004405796081159839,,Data Not Available,Missing Core Data,Missing Social Data
CYP,Cyprus,2013,Europe & Central Asia,High income,23959712860.8331,-6.48031760121023,6.46747016906738,384925361.045941,1.60700908951525,,,,,,,,,70.0983244241,23.9597128608331,0.0239597128608331,4.86046107955213,Education-Focused,Complete Core Data,Missing Social Data
CZE,Czechia,2013,Europe & Central Asia,High income,213024360541.119,-0.0749629946207335,4.02132987976074,2148784401.09143,1.00870446252121,,,,,,,,,71.6638495036,213.024360541119,0.21302436054111898,3.0126254172395304,Education-Focused,Complete Core Data,Missing Social Data
DEU,Germany,2013,Europe & Central Asia,High income,3807023797050.99,0.12338547838786,4.83911991119385,44242647302.8936,1.16213791467872,,,,,,,,,79.890083365,3807.02379705099,3.80702379705099,3.6769819965151305,Education-Focused,Complete Core Data,Missing Social Data
DJI,Djibouti,2013,"Middle East, North Africa, Afghanistan & Pakistan",Lower middle income,2044440443.16654,,4.64782533103312,,,,,,,,,,,47.1879237581,2.0444404431665397,0.0020444404431665397,,Data Not Available,Missing Core Data,Missing Social Data
DMA,Dominica,2013,Latin America & Caribbean,Upper middle income,545325925.925926,-0.851878257402049,4.35428103166344,,,,,,,,,,,,0.545325925925926,0.0005453259259259259,,Data Not Available,Missing Core Data,Missing Social Data
DNK,Denmark,2013,Europe & Central Asia,High income,344631016965.12,0.970845909690212,8.46860980987549,4216647585.33628,1.22352490397164,,,,,,,,,82.2683502053,344.63101696512,0.34463101696512,7.24508490590385,Education-Focused,Complete Core Data,Missing Social Data
DOM,Dominican Republic,2013,Latin America & Caribbean,Upper middle income,62555417414.582,3.66423400861591,3.62818152019188,383380254.0656,0.611824773045351,,,,,,,,,56.8286334855,62.555417414582,0.062555417414582,3.0163567471465287,Education-Focused,Complete Core Data,Missing Social Data
DZA,Algeria,2013,"Middle East, North Africa, Afghanistan & Pakistan",Upper middle income,229701430292.157,0.548743629610698,6.65906035504841,10161588239.1481,4.42382453876042,,,,,,,,,48.4681716176,229.701430292157,0.229701430292157,2.2352358162879904,Education-Focused,Complete Core Data,Missing Social Data
EAR,Early-demographic dividend,2013,,,10330333855700.2,2.52888247042478,4.4985499382019,240796719321.048,2.38353324920221,,,,,,,,,,10330.333855700199,10.3303338557002,2.11501668899969,Education-Focused,Complete Core Data,Missing Social Data
ECS,Europe & Central Asia,2013,,,23574066317473.4,0.484024424314484,4.99779987335205,404329763515.782,1.73054348064907,,,,,,,,,,23574.0663174734,23.5740663174734,3.26725639270298,Education-Focused,Complete Core Data,Missing Social Data
ECU,Ecuador,2013,Latin America & Caribbean,Upper middle income,96570334000.0,5.61780573490684,4.92997980117798,2735825000.0,2.83298697009902,,,,,,,,,54.546504982,96.570334,0.096570334,2.0969928310789605,Education-Focused,Complete Core Data,Missing Social Data
EGY,"Egypt, Arab Rep.",2013,"Middle East, North Africa, Afghanistan & Pakistan",Lower middle income,288434108527.132,-0.14323388107762,,4359834243.76995,1.61005697699419,,,,,,,,,47.7910883661,288.434108527132,0.288434108527132,,Data Not Available,Missing Core Data,Missing Social Data
ERI,Eritrea,2013,Sub-Saharan Africa,Low income,,,,,,,,,,,,,,34.1983129312,,,,Data Not Available,Missing Core Data,Missing Social Data
ESP,Spain,2013,Europe & Central Asia,High income,1362186923157.65,-1.07017018206768,4.32852983474731,17242959322.0024,1.26618872678062,,,,,,,,,73.2770549592,1362.18692315765,1.36218692315765,3.06234110796669,Education-Focused,Complete Core Data,Missing Social Data
EST,Estonia,2013,Europe & Central Asia,High income,25451032780.7573,2.1192820000981,4.78006982803345,479314460.824341,1.88381591331462,,,,,,,,,73.4043451935,25.451032780757302,0.0254510327807573,2.89625391471883,Education-Focused,Complete Core Data,Missing Social Data
ETH,Ethiopia,2013,,,47648276605.0123,7.61661454720691,4.4985499382019,345064165.844028,0.806417193723534,,,,,,,,,40.0101565401,47.6482766050123,0.0476482766050123,3.692132744478366,Education-Focused,Complete Core Data,Missing Social Data
FIN,Finland,2013,Europe & Central Asia,High income,270268036626.275,-1.43490157636175,7.15288019180298,4161139945.21741,1.54007184381097,,,,,,,,,82.1829256527,270.268036626275,0.270268036626275,5.612808347992011,Education-Focused,Complete Core Data,Missing Social Data
FJI,Fiji,2013,East Asia & Pacific,Upper middle income,4189967998.51424,4.57032082317075,3.88288998603821,58108276.8995161,1.38677744785356,,,,,,,,,,4.1899679985142395,0.00418996799851424,2.49611253818465,Education-Focused,Complete Core Data,Missing Social Data
FRA,France,2013,Europe & Central Asia,High income,2816077607875.26,0.26214454973659,,52001462447.6638,1.84711648361859,,,,,,,,,76.0709860466,2816.0776078752597,2.81607760787526,,Data Not Available,Missing Core Data,Missing Social Data
FRO,Faroe Islands,2013,Europe & Central Asia,High income,2690110520.92548,5.95487801988345,,,,,,,,,,,,,2.69011052092548,0.0026901105209254797,,Data Not Available,Missing Core Data,Missing Social Data
FSM,"Micronesia, Fed. Sts.",2013,East Asia & Pacific,Lower middle income,312808581.662958,-3.88222427731633,12.3438831906748,,,,,,,,,,,,0.31280858166295805,0.000312808581662958,,Data Not Available,Missing Core Data,Missing Social Data
GAB,Gabon,2013,Sub-Saharan Africa,Upper middle income,17595744798.3398,1.98480609519432,3.02971005439758,282163387.579953,1.60404717948982,,,,,,,,,48.1917155626,17.5957447983398,0.0175957447983398,1.42566287490776,Education-Focused,Complete Core Data,Missing Social Data
GBR,United Kingdom,2013,Europe & Central Asia,High income,2796908333283.39,1.03970154694078,5.52529001235962,63837724855.4312,2.29232047399432,,,,,,,,,79.6361953052,2796.90833328339,2.79690833328339,3.2329695383653,Education-Focused,Complete Core Data,Missing Social Data
GEO,Georgia,2013,Europe & Central Asia,Upper middle income,17517660143.6859,5.44978265548417,2.8330966857175,441878926.976772,2.52250044602568,,,,,,,,,58.2168420411,17.5176601436859,0.0175176601436859,0.31059623969182004,Education-Focused,Complete Core Data,Missing Social Data
GHA,Ghana,2013,Sub-Saharan Africa,Lower middle income,62845721959.827,4.75796338524816,4.57644987106323,254997057.393618,0.400294579040699,,,,,,,,,52.6943335757,62.845721959827,0.062845721959827,4.176155292022531,Education-Focused,Complete Core Data,Missing Social Data
GIB,Gibraltar,2013,Europe & Central Asia,High income,,,,,,,,,,,,,,,,,,Data Not Available,Missing Core Data,Missing Social Data
GIN,Guinea,2013,Sub-Saharan Africa,Lower middle income,8376613539.28278,1.4353219620192,2.63421988487244,196818705.594191,2.38618429535759,,,,,,,,,40.338433765,8.37661353928278,0.00837661353928278,0.24803558951485005,Education-Focused,Complete Core Data,Missing Social Data
GMB,"Gambia, The",2013,Sub-Saharan Africa,Low income,1375609453.43746,-0.0966163079995681,1.81839001178741,10378890.6934834,0.754494266076443,,,,,,,,,47.2463069467,1.3756094534374599,0.00137560945343746,1.0638957457109672,Education-Focused,Complete Core Data,Missing Social Data
GNB,Guinea-Bissau,2013,Sub-Saharan Africa,Low income,1109682824.13594,0.543365078897963,2.01027011871338,21710792.6483686,1.9570423918299,,,,,,,,,40.2701614163,1.10968282413594,0.0011096828241359401,0.053227726883479765,Education-Focused,Complete Core Data,Missing Social Data
GNQ,Equatorial Guinea,2013,Sub-Saharan Africa,Upper middle income,21948834283.7856,-7.8885603944365,,,,,,,,,,,,46.1759096744,21.948834283785597,0.0219488342837856,,Data Not Available,Missing Core Data,Missing Social Data
GRC,Greece,2013,Europe & Central Asia,High income,236556279640.705,-1.56089629701783,,5655183035.72021,2.39130807647224,,,,,,,,,64.8710479145,236.556279640705,0.236556279640705,,Data Not Available,Missing Core Data,Missing Social Data
GRD,Grenada,2013,Latin America & Caribbean,Upper middle income,842618518.518518,1.70896295471954,,,,,,,,,,,,,0.842618518518518,0.000842618518518518,,Data Not Available,Missing Core Data,Missing Social Data
GRL,Greenland,2013,Europe & Central Asia,High income,2684946990.12448,-0.726861643140481,,,,,,,,,,,,,2.68494699012448,0.00268494699012448,,Data Not Available,Missing Core Data,Missing Social Data
GTM,Guatemala,2013,Latin America & Caribbean,Upper middle income,52996420177.4409,1.68869465074424,2.88808989524841,249757853.378152,0.471272593167646,,,,,,,,,53.5395663645,52.9964201774409,0.052996420177440905,2.416817302080764,Education-Focused,Complete Core Data,Missing Social Data
GUM,Guam,2013,East Asia & Pacific,High income,5399000000.0,1.91405054312719,,,,,,,,,,,,,5.399,0.005399,,Data Not Available,Missing Core Data,Missing Social Data
GUY,Guyana,2013,Latin America & Caribbean,High income,4167800928.83553,3.13748133371095,,35163485.7882898,0.843693300095089,,,,,,,,,54.7035441697,4.16780092883553,0.0041678009288355295,,Data Not Available,Missing Core Data,Missing Social Data
HKG,"Hong Kong SAR, China",2013,East Asia & Pacific,High income,275696879834.966,2.68790568876102,3.76031994819641,,,,,,,,,,,78.4432833366,275.696879834966,0.275696879834966,,Data Not Available,Missing Core Data,Missing Social Data
HND,Honduras,2013,Latin America & Caribbean,Lower middle income,18499729214.904,0.777167217053545,5.87493991851807,254071606.749817,1.3795353155606,,,,,,,,,51.3584808236,18.499729214904,0.018499729214904,4.4954046029574695,Education-Focused,Complete Core Data,Missing Social Data
HRV,Croatia,2013,Europe & Central Asia,High income,59846265181.8502,0.490141287616666,4.50127983093262,962051495.613846,1.60780875391152,,,,,,,,,64.2309782132,59.8462651818502,0.0598462651818502,2.8934710770210996,Education-Focused,Complete Core Data,Missing Social Data
HTI,Haiti,2013,Latin America & Caribbean,Lower middle income,14902488604.2421,2.767509667507,,4480843.38790874,0.0303030932089833,,,,,,,,,38.8754307492,14.9024886042421,0.0149024886042421,,Data Not Available,Missing Core Data,Missing Social Data
HUN,Hungary,2013,Europe & Central Asia,High income,135646053778.582,2.52439305270235,4.19040012359619,1280050962.2477,0.943669886878651,,,,,,,,,66.1280575343,135.646053778582,0.135646053778582,3.2467302367175384,Education-Focused,Complete Core Data,Missing Social Data
IDB,IDA blend,2013,,,1071507625598.43,3.44773291093739,4.92554579365837,12790128684.3647,1.3284237096508,,,,,,,,,,1071.50762559843,1.0715076255984302,3.5971220840075695,Education-Focused,Complete Core Data,Missing Social Data
IDN,Indonesia,2013,East Asia & Pacific,Upper middle income,912524136718.018,4.25603923226443,3.35904002189636,8384028600.92532,0.918769839183066,,,,,,,,,57.3102081785,912.524136718018,0.9125241367180179,2.440270182713294,Education-Focused,Complete Core Data,Missing Social Data
IMN,Isle of Man,2013,Europe & Central Asia,High income,7001175622.71266,4.38197664616249,,,,,,,,,,,,,7.00117562271266,0.00700117562271266,,Data Not Available,Missing Core Data,Missing Social Data
IND,India,2013,South Asia,Lower middle income,1856721507621.58,4.97769997302639,3.84467005729675,47403528801.4226,2.5488248901417,,,,,,,,,49.8036125429,1856.72150762158,1.8567215076215802,1.2958451671550497,Education-Focused,Complete Core Data,Missing Social Data
IRL,Ireland,2013,Europe & Central Asia,High income,242924245718.756,1.65624859275668,5.23177003860474,1195763444.3723,0.49161342312128,,,,,,,,,78.5743515624,242.924245718756,0.242924245718756,4.74015661548346,Education-Focused,Complete Core Data,Missing Social Data
IRN,"Iran, Islamic Rep.",2013,"Middle East, North Africa, Afghanistan & Pakistan",Upper middle income,500399839839.877,-2.80061992960059,2.85279011726379,11997186984.0994,2.18077190909837,,,,,,,,,47.193301569,500.399839839877,0.500399839839877,0.67201820816542,Education-Focused,Complete Core Data,Missing Social Data
IRQ,Iraq,2013,"Middle East, North Africa, Afghanistan & Pakistan",Upper middle income,234637675128.645,2.6646473210161,,7780188679.24528,3.31583096149399,,,,,,,,,43.0508948124,234.637675128645,0.234637675128645,,Data Not Available,Missing Core Data,Missing Social Data
ISL,Iceland,2013,Europe & Central Asia,High income,16244319958.6808,2.62166783315034,7.44866991043091,0.0,,,,,,,,,,78.8704672722,16.244319958680798,0.016244319958680798,,Data Not Available,Missing Core Data,Missing Social Data
ISR,Israel,2013,"Middle East, North Africa, Afghanistan & Pakistan",High income,298478070673.058,2.16142471851542,5.76972007751465,16247825942.4609,5.44373442389891,,,,,,,,,69.6086332307,298.47807067305797,0.298478070673058,0.3259856536157404,Education-Focused,Complete Core Data,Missing Social Data
ITA,Italy,2013,Europe & Central Asia,High income,2153225581941.46,-2.01397031609169,4.12192010879517,29957445904.5168,1.39167747666985,,,,,,,,,71.1558849876,2153.22558194146,2.15322558194146,2.7302426321253197,Education-Focused,Complete Core Data,Missing Social Data
JAM,Jamaica,2013,Latin America & Caribbean,Upper middle income,14264205152.6126,0.111200802511547,6.25106000900269,128431323.011542,0.898967963739861,,,,,,,,,58.89850319,14.2642051526126,0.0142642051526126,5.352092045262829,Education-Focused,Complete Core Data,Missing Social Data
JOR,Jordan,2013,"Middle East, North Africa, Afghanistan & Pakistan",Lower middle income,34454440140.8451,-2.58592238614169,3.78372228032099,1444929577.46479,4.19373981956594,,,,,,,,,57.0275898629,34.4544401408451,0.0344544401408451,-0.4100175392449503,Military-Focused,Complete Core Data,Missing Social Data
JPN,Japan,2013,East Asia & Pacific,High income,5212328181166.18,2.15237106568597,3.40874004364014,49023932406.8581,0.940538501428935,,,,,,,,,76.3065021499,5212.32818116618,5.21232818116618,2.468201542211205,Education-Focused,Complete Core Data,Missing Social Data
KAZ,Kazakhstan,2013,Europe & Central Asia,Upper middle income,236634603409.089,4.48819679131283,3.44564886564109,2551124374.70831,1.07808460394627,,,,,,,,,55.6180025391,236.63460340908898,0.23663460340908898,2.3675642616948203,Education-Focused,Complete Core Data,Missing Social Data
KEN,Kenya,2013,Sub-Saharan Africa,Lower middle income,61671440407.8387,1.26331129067221,4.83721017837524,860560896.114738,1.39539650803677,,,,,,,,,49.1023247085,61.6714404078387,0.0616714404078387,3.44181367033847,Education-Focused,Complete Core Data,Missing Social Data
KGZ,Kyrgyz Republic,2013,Europe & Central Asia,Lower middle income,7335033800.59056,8.51417444984632,6.78020000457764,234442449.229016,3.19620405364784,,,,,,,,,50.6905872587,7.33503380059056,0.00733503380059056,3.5839959509298,Education-Focused,Complete Core Data,Missing Social Data
KHM,Cambodia,2013,East Asia & Pacific,Lower middle income,19807135252.8649,6.25691498312409,1.57648003101349,243470109.876467,1.22920405585317,,,,,,,,,48.4652649312,19.8071352528649,0.0198071352528649,0.34727597516032005,Education-Focused,Complete Core Data,Missing Social Data
KIR,Kiribati,2013,East Asia & Pacific,Lower middle income,201730860.757856,6.26028947416073,12.0902942583732,,,,,,,,,,,,0.201730860757856,0.000201730860757856,,Data Not Available,Missing Core Data,Missing Social Data
KNA,St. Kitts and Nevis,2013,Latin America & Caribbean,High income,874548148.148148,5.64641698929439,3.26205857202123,,,,,,,,,,,,0.874548148148148,0.000874548148148148,,Data Not Available,Missing Core Data,Missing Social Data
KOR,"Korea, Rep.",2013,East Asia & Pacific,High income,1434669686501.84,2.82226288554209,,34311220715.1665,2.39128707318548,,,,,,,,,72.6803234915,1434.66968650184,1.43466968650184,,Data Not Available,Missing Core Data,Missing Social Data
KWT,Kuwait,2013,"Middle East, North Africa, Afghanistan & Pakistan",High income,174168116534.844,-3.77371634598551,,5697937802.28007,3.27153182701652,,,,,,,,,61.5598173913,174.168116534844,0.174168116534844,,Data Not Available,Missing Core Data,Missing Social Data
LAO,Lao PDR,2013,East Asia & Pacific,Lower middle income,11983252626.5452,6.51642199042166,3.23380994796753,22677713.1196136,0.189895181780941,,,,,,,,,48.2935102772,11.9832526265452,0.011983252626545201,3.0439147661865893,Education-Focused,Complete Core Data,Missing Social Data
LBN,Lebanon,2013,"Middle East, North Africa, Afghanistan & Pakistan",Lower middle income,46880103080.597,-5.35004515636365,2.4339599609375,1935718241.37232,4.12908273269169,,,,,,,,,55.0158497295,46.880103080597,0.046880103080597,-1.69512277175419,Military-Focused,Complete Core Data,Missing Social Data
LBR,Liberia,2013,Sub-Saharan Africa,Low income,3177198100.0,6.3241100027268,1.69078004360199,15111500.0,0.496435611038108,,,,,,,,,44.7437665849,3.1771981,0.0031771981,1.194344432563882,Education-Focused,Complete Core Data,Missing Social Data
LBY,Libya,2013,"Middle East, North Africa, Afghanistan & Pakistan",Upper middle income,75351107029.0605,-19.6276937990081,,3964690154.13652,7.63933084825893,,,,,,,,,46.6863435669,75.3511070290605,0.0753511070290605,,Data Not Available,Missing Core Data,Missing Social Data
LCA,St. Lucia,2013,Latin America & Caribbean,Upper middle income,1660392592.59259,-2.26163327907432,3.87661004066467,,,,,,,,,,,,1.6603925925925902,0.0016603925925925901,,Data Not Available,Missing Core Data,Missing Social Data
LCN,Latin America & Caribbean,2013,,,6252550709058.29,1.6554196879446,4.87855005264282,78457040978.9097,1.30940871294164,,,,,,,,,,6252.55070905829,6.25255070905829,3.5691413397011793,Education-Focused,Complete Core Data,Missing Social Data
LIE,Liechtenstein,2013,Europe & Central Asia,High income,6391708310.67727,,,,,,,,,,,,,,6.39170831067727,0.00639170831067727,,Data Not Available,Missing Core Data,Missing Social Data
LKA,Sri Lanka,2013,South Asia,Lower middle income,76976203829.4765,7.00602738719888,1.5645899772644,1600841410.40839,2.15404824269909,,,,,,,,,54.1296577435,76.9762038294765,0.07697620382947651,-0.58945826543469,Military-Focused,Complete Core Data,Missing Social Data
LSO,Lesotho,2013,Sub-Saharan Africa,Lower middle income,2367112931.642,0.696148188602265,,47941183.1723469,2.02653187465999,,,,,,,,,44.5405045961,2.367112931642,0.0023671129316420003,,Data Not Available,Missing Core Data,Missing Social Data
LTE,Late-demographic dividend,2013,,,19233518032034.2,4.89509447579069,4.44108986854553,389357403530.656,2.09437350609127,,,,,,,,,,19233.5180320342,19.233518032034198,2.3467163624542597,Education-Focused,Complete Core Data,Missing Social Data
LTU,Lithuania,2013,Europe & Central Asia,High income,46303660422.0434,5.026825169489,4.62416982650757,354862149.703384,0.766528272772994,,,,,,,,,67.2231013965,46.30366042204341,0.046303660422043404,3.857641553734576,Education-Focused,Complete Core Data,Missing Social Data
LUX,Luxembourg,2013,Europe & Central Asia,High income,65203276466.9763,0.814651722760445,,233682396.412975,0.358492375793951,,,,,,,,,80.1339517843,65.2032764669763,0.06520327646697631,,Data Not Available,Missing Core Data,Missing Social Data
LVA,Latvia,2013,Europe & Central Asia,High income,29152128167.8438,3.19545170389934,7.24962997436523,283568932.739998,0.972846248892055,,,,,,,,,68.3697004463,29.1521281678438,0.0291521281678438,6.276783725473175,Education-Focused,Complete Core Data,Missing Social Data
MAC,"Macao SAR, China",2013,East Asia & Pacific,High income,51559125350.236,6.28976356008269,2.05048990249634,,,,,,,,,,,,51.559125350236,0.051559125350236,,Data Not Available,Missing Core Data,Missing Social Data
MAF,St. Martin (French part),2013,Latin America & Caribbean,High income,,,,,,,,,,,,,,,,,,Data Not Available,Missing Core Data,Missing Social Data
MAR,Morocco,2013,"Middle East, North Africa, Afghanistan & Pakistan",Lower middle income,115739287305.08,2.7578648778037,,4065552316.93534,3.80578290120645,,,,,,,,,52.7969102093,115.73928730508,0.11573928730508,,Data Not Available,Missing Core Data,Missing Social Data
MCO,Monaco,2013,Europe & Central Asia,High income,6555591709.88585,7.3019059415093,1.33440005779266,,,,,,,,,,,,6.55559170988585,0.00655559170988585,,Data Not Available,Missing Core Data,Missing Social Data
MDA,Moldova,2013,Europe & Central Asia,Upper middle income,9496717875.51932,9.0730755766005,5.90975516494477,26710522.1342994,0.281261545863777,,,,,,,,,55.2144053092,9.49671787551932,0.00949671787551932,5.628493619080993,Education-Focused,Complete Core Data,Missing Social Data
MDG,Madagascar,2013,Sub-Saharan Africa,Low income,12423555455.3853,-0.444341802421619,1.77695000171661,71877874.4942023,0.578559931839726,,,,,,,,,42.902923418,12.4235554553853,0.0124235554553853,1.1983900698768841,Education-Focused,Complete Core Data,Missing Social Data
MDV,Maldives,2013,South Asia,Upper middle income,3295009237.50107,3.43150186988382,3.3882999420166,,,,,,,,,,,,3.29500923750107,0.00329500923750107,,Data Not Available,Missing Core Data,Missing Social Data
MEX,Mexico,2013,Latin America & Caribbean,Upper middle income,1327436290282.67,-0.447810738278491,4.50858020782471,6473144378.32759,0.48764287589738,,,,,,,,,58.3561137471,1327.43629028267,1.32743629028267,4.02093733192733,Education-Focused,Complete Core Data,Missing Social Data
MHL,Marshall Islands,2013,East Asia & Pacific,Upper middle income,186400000.0,5.32061452634225,,,,,,,,,,,,,0.1864,0.0001864,,Data Not Available,Missing Core Data,Missing Social Data
MKD,North Macedonia,2013,Europe & Central Asia,Upper middle income,10817702346.0674,3.30559670350297,,126506348.703425,1.16943718855289,,,,,,,,,59.6065178605,10.8177023460674,0.0108177023460674,,Data Not Available,Missing Core Data,Missing Social Data
MLI,Mali,2013,Sub-Saharan Africa,Low income,15747192680.9101,0.317423676118025,2.75836992263794,153833697.676302,1.16137913160626,,,,,,,,,45.7667976635,15.747192680910102,0.0157471926809101,1.5969907910316798,Education-Focused,Complete Core Data,Missing Social Data
MLT,Malta,2013,"Middle East, North Africa, Afghanistan & Pakistan",High income,10796782636.1081,5.09582251827085,7.40672016143799,53789438.883423,0.498340372182382,,,,,,,,,72.5912643438,10.796782636108102,0.010796782636108102,6.9083797892556085,Education-Focused,Complete Core Data,Missing Social Data
MMR,Myanmar,2013,East Asia & Pacific,Lower middle income,60269732854.827,7.50873881521075,,2366989084.91061,4.11633459177026,,,,,,,,,41.7871782398,60.269732854827005,0.060269732854827,,Data Not Available,Missing Core Data,Missing Social Data
MNE,Montenegro,2013,Europe & Central Asia,Upper middle income,4422097762.7848,3.1920026066844,,64836243.0774909,1.45226142609027,,,,,,,,,61.9071463495,4.4220977627848,0.0044220977627848,,Data Not Available,Missing Core Data,Missing Social Data
MNG,Mongolia,2013,East Asia & Pacific,Upper middle income,12582122604.2577,9.36487841658389,4.94078016281128,103464069.871976,0.822311489894261,,,,,,,,,54.6010840498,12.5821226042577,0.0125821226042577,4.118468672917019,Education-Focused,Complete Core Data,Missing Social Data
MNP,Northern Mariana Islands,2013,East Asia & Pacific,High income,772000000.0,3.60738653208077,,,,,,,,,,,,,0.772,0.000772,,Data Not Available,Missing Core Data,Missing Social Data
MOZ,Mozambique,2013,Sub-Saharan Africa,Low income,17198073057.1981,3.53500457192386,6.03575992584229,157892114.36316,0.918079927497185,,,,,,,,,43.2848063127,17.1980730571981,0.0171980730571981,5.117679998345104,Education-Focused,Complete Core Data,Missing Social Data
MRT,Mauritania,2013,Sub-Saharan Africa,Lower middle income,7223071097.08417,0.935521308544125,2.29352998733521,144215483.467584,1.99659728958967,,,,,,,,,40.7336079733,7.22307109708417,0.007223071097084171,0.29693269774554,Education-Focused,Complete Core Data,Missing Social Data
MUS,Mauritius,2013,Sub-Saharan Africa,Upper middle income,12434596541.2996,3.11040555437714,3.56775999069214,23200896.376061,0.188733237769964,,,,,,,,,65.0462111362,12.4345965412996,0.0124345965412996,3.379026752922176,Education-Focused,Complete Core Data,Missing Social Data
MWI,Malawi,2013,Sub-Saharan Africa,Low income,8031571927.62055,2.46076368480048,3.72169995307922,62925520.091546,0.809790589117754,,,,,,,,,47.2326008554,8.03157192762055,0.00803157192762055,2.911909363961466,Education-Focused,Complete Core Data,Missing Social Data
MYS,Malaysia,2013,East Asia & Pacific,Upper middle income,323276235524.415,2.91923259894287,5.48122978210449,4915722759.45679,1.49929579850642,,,,,,,,,64.1862863005,323.276235524415,0.323276235524415,3.9819339835980703,Education-Focused,Complete Core Data,Missing Social Data
NAM,Namibia,2013,Sub-Saharan Africa,Lower middle income,12043307277.1235,2.90208375663774,8.59541659523254,389958736.662434,3.20641632429402,,,,,,,,,55.800838877,12.043307277123501,0.0120433072771235,5.389000270938521,Education-Focused,Complete Core Data,Missing Social Data
NCL,New Caledonia,2013,East Asia & Pacific,High income,10151382933.1594,,,,,,,,,,,,,,10.1513829331594,0.010151382933159401,,Data Not Available,Missing Core Data,Missing Social Data
NER,Niger,2013,Sub-Saharan Africa,Low income,10224897437.8648,1.43045373805732,3.68953990936279,106064286.292608,1.0452311825973,,,,,,,,,42.2988796486,10.224897437864799,0.0102248974378648,2.64430872676549,Education-Focused,Complete Core Data,Missing Social Data
NGA,Nigeria,2013,Sub-Saharan Africa,Lower middle income,520117180313.906,3.81449207685264,0.534206768008091,2418760170.87063,0.469695304520636,,,,,,,,,42.9955135405,520.117180313906,0.520117180313906,0.06451146348745496,Education-Focused,Complete Core Data,Missing Social Data
NIC,Nicaragua,2013,Latin America & Caribbean,Lower middle income,10982988249.2103,3.47943447123747,,74532010.9372725,0.678614215031222,,,,,,,,,51.8351338453,10.982988249210301,0.0109829882492103,,Data Not Available,Missing Core Data,Missing Social Data
NLD,Netherlands,2013,Europe & Central Asia,High income,883951539006.669,-0.324530183160419,5.48417997360229,10226260324.8451,1.1572088159419,,,,,,,,,81.4196635218,883.9515390066689,0.8839515390066689,4.32697115766039,Education-Focused,Complete Core Data,Missing Social Data
NOR,Norway,2013,Europe & Central Asia,High income,526014468085.106,-0.197883206152966,7.43905019760132,7391829787.23404,1.40525218139781,,,,,,,,,82.4231010752,526.014468085106,0.526014468085106,6.0337980162035105,Education-Focused,Complete Core Data,Missing Social Data
NPL,Nepal,2013,South Asia,Lower middle income,22162204924.5726,3.31847430980025,3.01811003684998,281038425.693598,1.3407258743985,,,,,,,,,46.1050013894,22.162204924572602,0.0221622049245726,1.67738416245148,Education-Focused,Complete Core Data,Missing Social Data
NRU,Nauru,2013,East Asia & Pacific,High income,94385014.9425842,1.6485827070359,,,,,,,,,,,,,0.09438501494258421,9.43850149425842e-05,,Data Not Available,Missing Core Data,Missing Social Data
NZL,New Zealand,2013,East Asia & Pacific,High income,191012364176.878,1.80431778832353,5.88539981842041,1952413462.24814,1.04392336294516,,,,,,,,,80.7137582383,191.01236417687798,0.191012364176878,4.8414764554752505,Education-Focused,Complete Core Data,Missing Social Data
OMN,Oman,2013,"Middle East, North Africa, Afghanistan & Pakistan",High income,89936020806.2419,-2.64416002304453,4.35383987426758,8766319895.96879,9.74727260107489,,,,,,,,,59.4876953885,89.9360208062419,0.0899360208062419,-5.39343272680731,Military-Focused,Complete Core Data,Missing Social Data
PAK,Pakistan,2013,"Middle East, North Africa, Afghanistan & Pakistan",Lower middle income,258657231672.412,2.68232501000951,2.23698997497559,7655678989.26487,3.08802003540329,,,,,,,,,40.9841457585,258.65723167241197,0.258657231672412,-0.8510300604276999,Military-Focused,Complete Core Data,Missing Social Data
PAN,Panama,2013,Latin America & Caribbean,High income,46949496479.4008,4.48786620046779,,0.0,,,,,,,,,,63.2577410393,46.9494964794008,0.046949496479400804,,Data Not Available,Missing Core Data,Missing Social Data
PER,Peru,2013,Latin America & Caribbean,Upper middle income,201175543571.392,4.90271487934022,3.29729008674622,3305451871.31792,1.64306905104789,,,,,,,,,59.1179880235,201.175543571392,0.201175543571392,1.6542210356983298,Education-Focused,Complete Core Data,Missing Social Data
PHL,Philippines,2013,East Asia & Pacific,Lower middle income,283902828588.718,4.76266633818079,,3377027861.15129,1.18950172893764,,,,,,,,,55.7496865987,283.902828588718,0.283902828588718,,Data Not Available,Missing Core Data,Missing Social Data
PLW,Palau,2013,East Asia & Pacific,High income,224110610.961914,-1.90623711880076,,,,,,,,,,,,,0.224110610961914,0.000224110610961914,,Data Not Available,Missing Core Data,Missing Social Data
PNG,Papua New Guinea,2013,East Asia & Pacific,Lower middle income,21261338064.8783,1.05749757557005,,105100890.617551,0.494549266247379,,,,,,,,,47.2204573624,21.2613380648783,0.0212613380648783,,Data Not Available,Missing Core Data,Missing Social Data
POL,Poland,2013,Europe & Central Asia,High income,518179836405.36,0.745031977271424,4.99779987335205,9275711727.44588,1.7900581767381,,,,,,,,,69.074844078,518.17983640536,0.51817983640536,3.20774169661395,Education-Focused,Complete Core Data,Missing Social Data
PRI,Puerto Rico (US),2013,Latin America & Caribbean,High income,102450000000.0,0.506273089098627,6.48106002807617,,,,,,,,,,,,102.45,0.10245,,Data Not Available,Missing Core Data,Missing Social Data
PRK,"Korea, Dem. People's Rep.",2013,East Asia & Pacific,Low income,,,,0.0,,,,,,,,,,,,,,Data Not Available,Missing Core Data,Missing Social Data
PRT,Portugal,2013,Europe & Central Asia,High income,226677408291.745,-0.439198387971658,5.26528978347778,3262259363.56068,1.43957267155316,,,,,,,,,71.5597253672,226.677408291745,0.226677408291745,3.82571711192462,Education-Focused,Complete Core Data,Missing Social Data
PRY,Paraguay,2013,Latin America & Caribbean,Upper middle income,38501122141.4135,6.74651223746731,2.67871193892232,371215575.362154,0.964167260244977,,,,,,,,,57.4793562489,38.5011221414135,0.0385011221414135,1.7145446786773433,Education-Focused,Complete Core Data,Missing Social Data
PSE,West Bank and Gaza,2013,"Middle East, North Africa, Afghanistan & Pakistan",Lower middle income,13515500000.0,2.21485047926886,4.89467000961304,,,,,,,,,,,,13.5155,0.0135155,,Data Not Available,Missing Core Data,Missing Social Data
PYF,French Polynesia,2013,East Asia & Pacific,High income,6031827122.60663,-0.201995117223149,,,,,,,,,,,,,6.0318271226066305,0.006031827122606631,,Data Not Available,Missing Core Data,Missing Social Data
QAT,Qatar,2013,"Middle East, North Africa, Afghanistan & Pakistan",High income,198727747252.747,-5.12869057023956,4.07384014129639,,,,,,,,,,,64.221360354,198.727747252747,0.198727747252747,,Data Not Available,Missing Core Data,Missing Social Data
ROU,Romania,2013,Europe & Central Asia,High income,189798603751.235,0.651822267051088,3.06785011291504,2452512981.08128,1.29223076714816,,,,,,,,,62.0931681581,189.798603751235,0.18979860375123497,1.7756193457668799,Education-Focused,Complete Core Data,Missing Social Data
RUS,Russia,2013,Europe & Central Asia,High income,2292470078346.22,1.45314767875932,3.76382994651794,88352896463.5598,3.85404258314373,,,,,,,,,55.0226340787,2292.4700783462204,2.2924700783462204,-0.09021263662579004,Military-Focused,Complete Core Data,Missing Social Data
RWA,Rwanda,2013,Sub-Saharan Africa,Low income,7819964030.17937,2.23301483103715,4.7421498298645,82480715.5803265,1.05488528481013,,,,,,,,,49.596484526,7.81996403017937,0.00781996403017937,3.6872645450543704,Education-Focused,Complete Core Data,Missing Social Data
SAU,Saudi Arabia,2013,"Middle East, North Africa, Afghanistan & Pakistan",High income,769755733333.333,-2.47720466086211,,67020000000.0,8.89019141193183,,,,,,,,,54.8824313882,769.755733333333,0.769755733333333,,Data Not Available,Missing Core Data,Missing Social Data
SDN,Sudan,2013,Sub-Saharan Africa,Low income,43024018082.1918,-0.372546263586997,,,,,,,,,,,,38.3630287725,43.0240180821918,0.043024018082191806,,Data Not Available,Missing Core Data,Missing Social Data
SEN,Senegal,2013,Sub-Saharan Africa,Lower middle income,18918667724.8817,-0.578035528287558,5.68656015396118,236737915.958222,1.25170125603319,,,,,,,,,48.9405925858,18.918667724881697,0.0189186677248817,4.43485889792799,Education-Focused,Complete Core Data,Missing Social Data
SGP,Singapore,2013,East Asia & Pacific,High income,307576360584.992,3.13397914899265,2.85435009002686,9345680492.28802,3.03849114883637,,,,,,,,,76.5009016933,307.576360584992,0.307576360584992,-0.18414105880951004,Military-Focused,Complete Core Data,Missing Social Data
SLB,Solomon Islands,2013,East Asia & Pacific,Lower middle income,1285905957.64116,1.46287648550671,,,,,,,,,,,,,1.28590595764116,0.0012859059576411601,,Data Not Available,Missing Core Data,Missing Social Data
SLE,Sierra Leone,2013,Sub-Saharan Africa,Low income,7502762862.72657,11.8800866018127,1.56069004535675,31684939.4114253,0.469957196664839,,,,,,,,,43.171912951,7.50276286272657,0.00750276286272657,1.090732848691911,Education-Focused,Complete Core Data,Missing Social Data
SLV,El Salvador,2013,Latin America & Caribbean,Upper middle income,21990960000.0,1.76908303690966,3.80149006843567,237500000.0,1.07998923193894,,,,,,,,,55.7096088623,21.99096,0.02199096,2.72150083649673,Education-Focused,Complete Core Data,Missing Social Data
SMR,San Marino,2013,Europe & Central Asia,High income,1678741475.14095,0.501232920728725,3.26723534651899,,,,,,,,,,,,1.67874147514095,0.00167874147514095,,Data Not Available,Missing Core Data,Missing Social Data
SOM,"Somalia, Fed. Rep.",2013,Sub-Saharan Africa,Low income,5062881600.00104,7.43785495856901,,26050000.0,0.443857556653604,,,,,,,,,31.2976102229,5.062881600001041,0.00506288160000104,,Data Not Available,Missing Core Data,Missing Social Data
SRB,Serbia,2013,Europe & Central Asia,Upper middle income,50455529604.0696,0.941379127713546,,932203595.302429,1.84757469294627,,,,,,,,,57.8554511031,50.4555296040696,0.050455529604069606,,Data Not Available,Missing Core Data,Missing Social Data
SSD,South Sudan,2013,Sub-Saharan Africa,Low income,18426469016.9492,8.97551236063792,1.02450001239777,981983050.847458,6.56986369718549,,,,,,,,,33.5114590843,18.4264690169492,0.0184264690169492,-5.54536368478772,Military-Focused,Complete Core Data,Missing Social Data
STP,Sao Tome and Principe,2013,Sub-Saharan Africa,Lower middle income,267041747.584354,3.10107564312558,6.68509006500244,,,,,,,,,,,54.9745544621,0.267041747584354,0.000267041747584354,,Data Not Available,Missing Core Data,Missing Social Data
SUR,Suriname,2013,Latin America & Caribbean,Upper middle income,5145757575.75758,1.77805890287095,,,,,,,,,,,,58.40706008,5.14575757575758,0.00514575757575758,,Data Not Available,Missing Core Data,Missing Social Data
SVK,Slovak Republic,2013,Europe & Central Asia,High income,99134277850.3418,0.595167879643,4.06078004837036,967923107.869653,0.976653153261356,,,,,,,,,68.5595659506,99.1342778503418,0.0991342778503418,3.084126895109004,Education-Focused,Complete Core Data,Missing Social Data
SVN,Slovenia,2013,Europe & Central Asia,High income,47867056858.8892,-0.958293257973466,5.46767997741699,506742932.103314,1.05894724003693,,,,,,,,,72.9119165391,47.8670568588892,0.0478670568588892,4.408732737380061,Education-Focused,Complete Core Data,Missing Social Data
SWE,Sweden,2013,Europe & Central Asia,High income,584125353119.18,0.284298669472349,7.6465802192688,6528737467.32024,1.11768901606678,,,,,,,,,82.8876484841,584.1253531191801,0.58412535311918,6.528891203202019,Education-Focused,Complete Core Data,Missing Social Data
SWZ,Eswatini,2013,Sub-Saharan Africa,Lower middle income,4463396204.01995,3.53016648859264,5.08461029694871,86040376.7558151,1.95189144736842,,,,,,,,,43.6070288295,4.46339620401995,0.00446339620401995,3.13271884958029,Education-Focused,Complete Core Data,Missing Social Data
SXM,Sint Maarten (Dutch part),2013,Latin America & Caribbean,High income,1022905027.93296,-1.04128853057725,,,,,,,,,,,,,1.0229050279329601,0.00102290502793296,,Data Not Available,Missing Core Data,Missing Social Data
SYC,Seychelles,2013,Sub-Saharan Africa,High income,1333160407.38516,-0.599133304568014,3.61840009689331,13766451.3239843,1.03655893266994,,,,,,,,,62.9277618124,1.33316040738516,0.00133316040738516,2.58184116422337,Education-Focused,Complete Core Data,Missing Social Data
SYR,Syrian Arab Republic,2013,"Middle East, North Africa, Afghanistan & Pakistan",Low income,21361254635.051,-22.5827773307621,,,,,,,,,,,,42.3415579912,21.361254635050997,0.021361254635050998,,Data Not Available,Missing Core Data,Missing Social Data
TCA,Turks and Caicos Islands,2013,Latin America & Caribbean,High income,863328000.0,-3.51219274120511,2.80478695053816,,,,,,,,,,,,0.863328,0.000863328,,Data Not Available,Missing Core Data,Missing Social Data
TCD,Chad,2013,Sub-Saharan Africa,Low income,17865316886.3315,-0.767831669015877,2.06696009635925,726459396.000324,4.29488547231355,,,,,,,,,33.6725187115,17.865316886331502,0.0178653168863315,-2.2279253759543,Military-Focused,Complete Core Data,Missing Social Data
TGO,Togo,2013,Sub-Saharan Africa,Low income,6021729629.82454,3.14131477096478,3.17475008964539,72419237.3087199,1.67620536115859,,,,,,,,,40.9075842794,6.02172962982454,0.00602172962982454,1.4985447284868,Education-Focused,Complete Core Data,Missing Social Data
THA,Thailand,2013,East Asia & Pacific,Upper middle income,420333654592.547,2.08615316028128,4.12401008605957,5555742693.48435,1.34525091985427,,,,,,,,,60.0048120617,420.333654592547,0.420333654592547,2.7787591662053,Education-Focused,Complete Core Data,Missing Social Data
TJK,Tajikistan,2013,Europe & Central Asia,Lower middle income,8448411318.25417,4.75131202806213,5.29397617900035,,,,,,,,,,,48.7596099934,8.44841131825417,0.00844841131825417,,Data Not Available,Missing Core Data,Missing Social Data
TKM,Turkmenistan,2013,Europe & Central Asia,Upper middle income,39197543859.6491,7.77319736128649,,,,,,,,,,,,50.6383169705,39.1975438596491,0.0391975438596491,,Data Not Available,Missing Core Data,Missing Social Data
TLS,Timor-Leste,2013,East Asia & Pacific,Lower middle income,1395727420.71268,0.985680210416689,5.66632986068726,31683000.0,2.27036904335364,,,,,,,,,,1.3957274207126802,0.00139572742071268,3.3959608173336204,Education-Focused,Complete Core Data,Missing Social Data
TON,Tonga,2013,East Asia & Pacific,Upper middle income,451788498.263614,0.752077131516813,,,,,,,,,,,,,0.451788498263614,0.000451788498263614,,Data Not Available,Missing Core Data,Missing Social Data
TTO,Trinidad and Tobago,2013,Latin America & Caribbean,High income,28560537057.1548,2.95466061754502,3.75275872925405,211176025.939717,0.76306904134769,,,,,,,,,62.0020052401,28.5605370571548,0.028560537057154802,2.98968968790636,Education-Focused,Complete Core Data,Missing Social Data
TUN,Tunisia,2013,"Middle East, North Africa, Afghanistan & Pakistan",Lower middle income,48685446413.953,1.2189966874892,,759358881.242845,1.5597373837127,,,,,,,,,56.1812080446,48.685446413953,0.048685446413953004,,Data Not Available,Missing Core Data,Missing Social Data
TUR,Turkiye,2013,Europe & Central Asia,Upper middle income,962167643588.925,7.10372830173409,4.34479999542236,18427646196.757,1.92395966496054,,,,,,,,,57.6077407105,962.1676435889251,0.962167643588925,2.42084033046182,Education-Focused,Complete Core Data,Missing Social Data
TUV,Tuvalu,2013,East Asia & Pacific,Upper middle income,38615890.6320745,3.71231073854945,,,,,,,,,,,,,0.0386158906320745,3.8615890632074495e-05,,Data Not Available,Missing Core Data,Missing Social Data
TZA,Tanzania,2013,Sub-Saharan Africa,Lower middle income,45648857242.315,3.62722794168234,4.63769446369719,443379945.514983,0.972362603264413,,,,,,,,,46.7781018556,45.648857242315,0.045648857242315,3.6653318604327767,Education-Focused,Complete Core Data,Missing Social Data
UGA,Uganda,2013,Sub-Saharan Africa,Low income,28915786516.6123,0.656669463732158,1.87114000320435,300075573.371887,0.937840989830747,,,,,,,,,45.3638029735,28.9157865166123,0.0289157865166123,0.9332990133736029,Education-Focused,Complete Core Data,Missing Social Data
UKR,Ukraine,2013,Europe & Central Asia,Upper middle income,190498811460.028,0.226082936004985,6.41987991333008,4386419892.40586,2.3928953083474,,,,,,,,,54.5043495694,190.498811460028,0.190498811460028,4.02698460498268,Education-Focused,Complete Core Data,Missing Social Data
URY,Uruguay,2013,Latin America & Caribbean,High income,61337621933.7857,4.32675421961548,4.23893022537231,1045084368.40872,1.68721815702608,,,,,,,,,67.7904254446,61.3376219337857,0.061337621933785696,2.55171206834623,Education-Focused,Complete Core Data,Missing Social Data
USA,United States,2013,North America,High income,16843190993000.0,1.34816252731798,,679229000000.0,4.02370560438155,,,,,,,,,76.8088723441,16843.190993,16.843190993,,Data Not Available,Missing Core Data,Missing Social Data
UZB,Uzbekistan,2013,Europe & Central Asia,Lower middle income,73180037914.9104,5.62825943062448,5.74191999435425,,,,,,,,,,,49.295082733,73.1800379149104,0.0731800379149104,,Data Not Available,Missing Core Data,Missing Social Data
VCT,St. Vincent and the Grenadines,2013,Latin America & Caribbean,Upper middle income,764781259.259259,3.0319570809024,,,,,,,,,,,,,0.764781259259259,0.000764781259259259,,Data Not Available,Missing Core Data,Missing Social Data
VEN,"Venezuela, RB",2013,,,258930655486.37,0.128922904421614,,6199698500.15542,1.66955178280415,,,,,,,,,49.5163767596,258.93065548637,0.25893065548637,,Data Not Available,Missing Core Data,Missing Social Data
VGB,British Virgin Islands,2013,Latin America & Caribbean,High income,,,4.45811210742524,,,,,,,,,,,,,,,Data Not Available,Missing Core Data,Missing Social Data
VIR,Virgin Islands (U.S.),2013,Latin America & Caribbean,High income,3738000000.0,-6.15764738406951,,,,,,,,,,,,,3.738,0.003738,,Data Not Available,Missing Core Data,Missing Social Data
VNM,Viet Nam,2013,East Asia & Pacific,Lower middle income,213708811665.34,4.31498880369921,4.52833986282349,3727249276.27619,1.74407703676771,,,,,,,,,54.4547257069,213.70881166534,0.21370881166534,2.78426282605578,Education-Focused,Complete Core Data,Missing Social Data
VUT,Vanuatu,2013,East Asia & Pacific,Lower middle income,758304466.245339,-1.74696050530071,,,,,,,,,,,,,0.758304466245339,0.000758304466245339,,Data Not Available,Missing Core Data,Missing Social Data
WSM,Samoa,2013,East Asia & Pacific,Upper middle income,797736334.281305,-0.786395614806608,4.61486064947671,,,,,,,,,,,,0.797736334281305,0.000797736334281305,,Data Not Available,Missing Core Data,Missing Social Data
XKX,Kosovo,2013,Europe & Central Asia,Upper middle income,6735328609.6594,4.70387084053738,,48597681.233312,0.721739287326993,,,,,,,,,,6.7353286096594,0.0067353286096594,,Data Not Available,Missing Core Data,Missing Social Data
YEM,"Yemen, Rep.",2013,"Middle East, North Africa, Afghanistan & Pakistan",Low income,40415233436.1767,1.67911232409898,,1648750523.52366,4.07952717554633,,,,,,,,,35.5527942547,40.4152334361767,0.040415233436176694,,Data Not Available,Missing Core Data,Missing Social Data
ZAF,South Africa,2013,Sub-Saharan Africa,Upper middle income,400886013595.573,0.805658809846705,5.35070991516113,4118208483.42734,1.02779402383821,,,,,,,,,57.6057277208,400.886013595573,0.400886013595573,4.32291589132292,Education-Focused,Complete Core Data,Missing Social Data
ZMB,Zambia,2013,Sub-Saharan Africa,Lower middle income,28037239462.7142,1.74618059430358,3.71820710892018,381345802.082696,1.35973638684875,,,,,,,,,49.363245749,28.0372394627142,0.0280372394627142,2.35847072207143,Education-Focused,Complete Core Data,Missing Social Data
ZWE,Zimbabwe,2013,Sub-Saharan Africa,Lower middle income,19100750000.0,0.563614570952865,5.99598135667974,356700000.0,1.86822395642382,,,,,,,,,41.9246606104,19.10075,0.01910075,4.12775740025592,Education-Focused,Complete Core Data,Missing Social Data
ABW,Aruba,2014,Latin America & Caribbean,High income,2790849720.67039,0.35112842842166,5.85128021240234,,,,,,,,,,,,2.79084972067039,0.0027908497206703903,,Data Not Available,Missing Core Data,Missing Social Data
AFE,Africa Eastern and Southern,2014,,,998836162271.296,1.14792763944376,4.65965986251831,16829353040.2181,1.805596975896,,,,,,,,,,998.8361622712961,0.998836162271296,2.8540628866223097,Education-Focused,Complete Core Data,Missing Social Data
AFG,Afghanistan,2014,"Middle East, North Africa, Afghanistan & Pakistan",Low income,20497128555.6972,-0.939984755736006,3.69521999359131,268238787.719988,1.29801287790022,3.575,,,,,,,,35.843859216,20.497128555697202,0.0204971285556972,2.39720711569109,Education-Focused,Complete Core Data,Complete Social Data
AFW,Africa Western and Central,2014,,,904071921008.085,2.84487672753886,2.66667008399963,6451564749.92889,0.7273812097636,,,,,,,,,,904.0719210080849,0.904071921008085,1.9392888742360297,Education-Focused,Complete Core Data,Missing Social Data
AGO,Angola,2014,Sub-Saharan Africa,Lower middle income,153449860496.402,0.821220988941135,,6846249313.34052,4.69845451564414,4.033,,,,,,,,39.4682634205,153.449860496402,0.153449860496402,,Data Not Available,Missing Core Data,Missing Social Data
ALB,Albania,2014,Europe & Central Asia,Upper middle income,13296322588.1684,3.83017022939833,3.18177734553254,178120368.027763,1.34651599128914,4.959,,,,,,,,57.6980008654,13.2963225881684,0.0132963225881684,1.8352613542434002,Education-Focused,Complete Core Data,Complete Social Data
AND,Andorra,2014,Europe & Central Asia,High income,3271686452.47686,4.52989381717444,3.07420992851257,,,,,,,,,,,,3.27168645247686,0.00327168645247686,,Data Not Available,Missing Core Data,Missing Social Data
ARE,United Arab Emirates,2014,"Middle East, North Africa, Afghanistan & Pakistan",High income,424935874744.724,-0.124078023674471,,22755071477.1954,5.64365135247024,6.901,,,,,,,,64.8481588358,424.935874744724,0.424935874744724,,Data Not Available,Missing Core Data,Missing Social Data
ARG,Argentina,2014,Latin America & Caribbean,Upper middle income,526319673731.638,-3.51326421042003,5.36144018173218,4979442724.4582,0.878100924236765,6.574,,,,,,,,59.6169805276,526.319673731638,0.526319673731638,4.483339257495415,Education-Focused,Complete Core Data,Complete Social Data
ARM,Armenia,2014,Europe & Central Asia,Upper middle income,11609513246.7958,3.88187670110254,2.24724006652832,457807021.791353,3.94337826474581,4.35,,,,,,,,57.1616584003,11.6095132467958,0.0116095132467958,-1.6961381982174903,Military-Focused,Complete Core Data,Complete Social Data
ASM,American Samoa,2014,East Asia & Pacific,High income,643000000.0,2.79061243809868,,,,,,,,,,,,,0.643,0.000643,,Data Not Available,Missing Core Data,Missing Social Data
ATG,Antigua and Barbuda,2014,Latin America & Caribbean,High income,1378707407.40741,1.39120573166151,2.3044409375638,,,,,,,,,,,,1.37870740740741,0.00137870740740741,,Data Not Available,Missing Core Data,Missing Social Data
AUS,Australia,2014,East Asia & Pacific,High income,1474677007565.64,1.08218148890933,,25783708714.0042,1.77241725032578,7.284,,,,,,,,78.5855644962,1474.67700756564,1.47467700756564,,Data Not Available,Missing Core Data,Missing Social Data
AUT,Austria,2014,Europe & Central Asia,High income,438556021078.034,-0.0285805465757676,5.49767017364502,3305159256.48245,0.75464957585912,7.2,,,,,,,,79.5403676123,438.556021078034,0.438556021078034,4.7430205977859,Education-Focused,Complete Core Data,Complete Social Data
AZE,Azerbaijan,2014,Europe & Central Asia,Upper middle income,75239785452.1022,1.52243135535144,2.63303995132446,3427179917.06482,4.55501312398224,5.212,,,,,,,,51.8399267322,75.2397854521022,0.0752397854521022,-1.9219731726577804,Military-Focused,Complete Core Data,Complete Social Data
BDI,Burundi,2014,Sub-Saharan Africa,Low income,2705826648.21019,0.765722877623617,6.78452014923096,62177428.7401455,2.29794559090695,2.906,,,,,,,,37.6215234176,2.70582664821019,0.0027058266482101897,4.48657455832401,Education-Focused,Complete Core Data,Complete Social Data
BEL,Belgium,2014,Europe & Central Asia,High income,537987419164.351,1.31477462306464,6.55866003036499,5191507314.94392,0.966272329768275,6.937,,,,,,,,76.4621160522,537.987419164351,0.537987419164351,5.592387700596715,Education-Focused,Complete Core Data,Complete Social Data
BEN,Benin,2014,Sub-Saharan Africa,Lower middle income,13284527846.9081,3.26077217060734,3.161789894104,92990706.1881213,0.700924948797968,3.34,,,,,,,,46.5066559852,13.2845278469081,0.0132845278469081,2.460864945306032,Education-Focused,Complete Core Data,Complete Social Data
BFA,Burkina Faso,2014,Sub-Saharan Africa,Low income,13943016076.7436,1.27047655599692,4.05329990386963,177166971.776294,1.27234195224905,3.587,,,,,,,,45.4154262175,13.9430160767436,0.0139430160767436,2.7809579516205796,Education-Focused,Complete Core Data,Complete Social Data
BGD,Bangladesh,2014,South Asia,Lower middle income,172886611653.786,5.09905460197942,2.09871663086838,2355991524.71152,1.1364432719278,4.694,,,,,,,,46.5789502256,172.88661165378602,0.17288661165378602,0.9622733589405799,Education-Focused,Complete Core Data,Complete Social Data
BGR,Bulgaria,2014,Europe & Central Asia,High income,57080897012.1077,2.18296501943183,4.19388008117676,747532532.136439,1.30960223173333,4.218,,,,,,,,63.2893757989,57.0808970121077,0.057080897012107695,2.8842778494434294,Education-Focused,Complete Core Data,Complete Social Data
BHR,Bahrain,2014,"Middle East, North Africa, Afghanistan & Pakistan",High income,34772526595.7447,-0.560855463138182,2.36918997764587,1475265957.44681,4.41851202803887,5.96,,,,,,,,58.8956828128,34.7725265957447,0.034772526595744695,-2.0493220503929996,Military-Focused,Complete Core Data,Complete Social Data
BHS,"Bahamas, The",2014,Latin America & Caribbean,High income,11139100000.0,0.955837779605616,2.24714705533939,,,,,,,,,,,,11.1391,0.0111391,,Data Not Available,Missing Core Data,Missing Social Data
BIH,Bosnia and Herzegovina,2014,Europe & Central Asia,Upper middle income,18558734107.1478,2.45997274934615,3.31473965674631,190380454.641275,1.02582688734534,4.949,,,,,,,,57.1702727727,18.5587341071478,0.0185587341071478,2.2889127694009703,Education-Focused,Complete Core Data,Complete Social Data
BLR,Belarus,2014,Europe & Central Asia,Upper middle income,78813069120.9984,1.59406202466224,4.81830978393555,821490199.261989,1.04232763587955,5.813,,,,,,,,56.369105617,78.81306912099839,0.07881306912099839,3.7759821480560003,Education-Focused,Complete Core Data,Complete Social Data
BLZ,Belize,2014,Latin America & Caribbean,Upper middle income,2138242200.0,1.71986752597024,5.1395001411438,19916875.0,0.931313121713426,,,,,,,,,55.8348858397,2.1382422,0.0021382422,4.208187019430373,Education-Focused,Complete Core Data,Missing Social Data
BMU,Bermuda,2014,North America,High income,6413988000.0,-3.63285540773872,1.5368800163269,,,,,,,,,,,,6.413988,0.006413988,,Data Not Available,Missing Core Data,Missing Social Data
BOL,Bolivia,2014,Latin America & Caribbean,Lower middle income,32996188017.3661,3.84418416828554,7.47811985015869,625909654.613603,1.89691504477836,5.89,,,,,,,,53.5317015891,32.9961880173661,0.0329961880173661,5.581204805380329,Education-Focused,Complete Core Data,Complete Social Data
BRA,Brazil,2014,Latin America & Caribbean,Upper middle income,2456043766032.38,-0.303163572469245,5.94848012924194,32660239369.4525,1.330244423168,6.983,,,,,,,,61.085917394,2456.04376603238,2.45604376603238,4.61823570607394,Education-Focused,Complete Core Data,Complete Social Data
BRB,Barbados,2014,Latin America & Caribbean,High income,5620600000.0,0.505392415183394,5.35950994491577,,,,,,,,,,,,5.6206,0.0056206,,Data Not Available,Missing Core Data,Missing Social Data
BRN,Brunei Darussalam,2014,East Asia & Pacific,High income,17097797386.0336,-3.80575468176978,3.35321998596191,527785180.451652,3.08686095781185,,,,,,,,,,17.0977973860336,0.0170977973860336,0.2663590281500601,Education-Focused,Complete Core Data,Missing Social Data
BTN,Bhutan,2014,South Asia,Lower middle income,2089079570.58285,4.74506543590765,5.4618501663208,,,5.253,,,,,,,,,2.0890795705828498,0.00208907957058285,,Data Not Available,Missing Core Data,Missing Social Data
BWA,Botswana,2014,Sub-Saharan Africa,Upper middle income,15470088500.7414,4.17099012944411,7.88874188960311,346281321.660338,2.21199714449013,4.332,,,,,,,,56.692415516,15.470088500741399,0.0154700885007414,5.67674474511298,Education-Focused,Complete Core Data,Complete Social Data
CAF,Central African Republic,2014,Sub-Saharan Africa,Low income,1894813389.40325,0.497506544343594,2.22015331698693,38407009.9214563,2.02965439546462,3.678,,,,,,,,33.3209057778,1.89481338940325,0.00189481338940325,0.19049892152230985,Education-Focused,Complete Core Data,Complete Social Data
CAN,Canada,2014,North America,High income,1805749878439.94,1.84840952337521,4.84358978271484,17853640477.6849,0.989925299438869,7.427,,,,,,,,79.0518230779,1805.74987843994,1.80574987843994,3.8536644832759714,Education-Focused,Complete Core Data,Complete Social Data
CHE,Switzerland,2014,Europe & Central Asia,High income,726537808338.0,1.10869373261926,4.93057012557983,4612776476.68481,0.634898338463689,7.587,,,,,,,,82.4966321093,726.537808338,0.726537808338,4.295671787116142,Education-Focused,Complete Core Data,Complete Social Data
CHI,Channel Islands,2014,Europe & Central Asia,High income,10527973277.6068,1.8297582773701,,,,,,,,,,,,,10.527973277606801,0.0105279732776068,,Data Not Available,Missing Core Data,Missing Social Data
CHL,Chile,2014,Latin America & Caribbean,High income,259560978224.359,0.783002086375433,4.75168991088867,5102777422.11734,1.9671068502734,6.67,,,,,,,,69.032088905,259.560978224359,0.25956097822435903,2.78458306061527,Education-Focused,Complete Core Data,Complete Social Data
CHN,China,2014,East Asia & Pacific,Upper middle income,10674533168257.4,6.78666987945924,,182109204619.08,1.73840928794394,5.14,,,,,,,,58.1120132963,10674.5331682574,10.674533168257401,,Data Not Available,Missing Core Data,Missing Social Data
CIV,Cote d'Ivoire,2014,Sub-Saharan Africa,Lower middle income,48843005613.7091,6.75169825092141,3.31416988372803,521260529.25103,1.0677761217949,3.655,,,,,,,,42.8704234368,48.843005613709096,0.0488430056137091,2.2463937619331302,Education-Focused,Complete Core Data,Complete Social Data
CMR,Cameroon,2014,Sub-Saharan Africa,Lower middle income,36386544706.0806,2.56873406379989,2.58396005630493,401529118.101393,1.10497962306915,4.252,,,,,,,,44.6771765052,36.3865447060806,0.0363865447060806,1.4789804332357799,Education-Focused,Complete Core Data,Complete Social Data
COD,"Congo, Dem. Rep.",2014,Sub-Saharan Africa,Low income,38352980552.8665,3.72497982298587,1.95142996311188,341224634.406213,0.88969520971371,,,,,,,,,35.0608313435,38.3529805528665,0.0383529805528665,1.06173475339817,Education-Focused,Complete Core Data,Missing Social Data
COG,"Congo, Rep.",2014,Sub-Saharan Africa,Lower middle income,17919321078.0284,4.1002792779107,3.18255996704102,704893729.407907,3.94035726748698,,,,,,,,,43.5443704029,17.9193210780284,0.0179193210780284,-0.7577973004459597,Military-Focused,Complete Core Data,Missing Social Data
COL,Colombia,2014,Latin America & Caribbean,Upper middle income,381240864422.407,3.5703066542077,4.62945985794067,11845950895.3824,3.10825884811044,6.477,,,,,,,,57.7451070113,381.24086442240696,0.38124086442240696,1.5212010098302304,Education-Focused,Complete Core Data,Complete Social Data
COM,Comoros,2014,Sub-Saharan Africa,Lower middle income,1149587661.00693,-0.0905881667515871,2.74472999572754,,,3.956,,,,,,,,46.68039865,1.1495876610069302,0.00114958766100693,,Data Not Available,Missing Core Data,Complete Social Data
CPV,Cabo Verde,2014,Sub-Saharan Africa,Upper middle income,2041930125.42979,0.676815488926465,4.52133989334106,10048862.0699012,0.492596173932618,,,,,,,,,56.4864107449,2.04193012542979,0.00204193012542979,4.028743719408442,Education-Focused,Complete Core Data,Missing Social Data
CRI,Costa Rica,2014,Latin America & Caribbean,High income,52016408854.2658,2.43499498820891,6.67953014373779,0.0,,7.226,,,,,,,,67.6719749296,52.0164088542658,0.0520164088542658,,Data Not Available,Missing Core Data,Complete Social Data
CUB,Cuba,2014,Latin America & Caribbean,Upper middle income,80656100000.0,1.15852883229009,9.6074568445536,125638766.519824,3.53600476096013,,,,,,,,,53.3319133038,80.6561,0.0806561,6.071452083593469,Education-Focused,Complete Core Data,Missing Social Data
CUW,Curacao,2014,Latin America & Caribbean,High income,3059406995.39666,-1.96746748586641,5.95464718602819,,,,,,,,,,,,3.05940699539666,0.00305940699539666,,Data Not Available,Missing Core Data,Missing Social Data
CYM,Cayman Islands,2014,Latin America & Caribbean,High income,4562853582.32463,0.0864597299432575,,,,,,,,,,,,,4.56285358232463,0.00456285358232463,,Data Not Available,Missing Core Data,Missing Social Data
CYP,Cyprus,2014,Europe & Central Asia,High income,23225918259.9824,-1.48883694697456,6.42111015319824,357806822.598924,1.54260195978916,5.689,,,,,,,,69.0960345137,23.2259182599824,0.0232259182599824,4.878508193409081,Education-Focused,Complete Core Data,Complete Social Data
CZE,Czechia,2014,Europe & Central Asia,High income,210911285077.683,2.13762755318902,3.93603992462158,2022883295.19451,0.959115722257081,6.505,,,,,,,,71.5330102893,210.911285077683,0.210911285077683,2.976924202364499,Education-Focused,Complete Core Data,Complete Social Data
DEU,Germany,2014,Europe & Central Asia,High income,3964870735760.77,1.75510660613023,4.82582998275757,44662831167.6836,1.12769949450115,6.75,,,,,,,,80.2460631733,3964.87073576077,3.96487073576077,3.69813048825642,Education-Focused,Complete Core Data,Complete Social Data
DJI,Djibouti,2014,"Middle East, North Africa, Afghanistan & Pakistan",Lower middle income,2220637966.25047,5.28018025983934,4.38407521258509,,,4.369,,,,,,,,46.7719829239,2.2206379662504703,0.00222063796625047,,Data Not Available,Missing Core Data,Complete Social Data
DMA,Dominica,2014,Latin America & Caribbean,Upper middle income,572255555.555555,1.37836503321573,4.33216630134647,,,,,,,,,,,,0.572255555555555,0.000572255555555555,,Data Not Available,Missing Core Data,Missing Social Data
DNK,Denmark,2014,Europe & Central Asia,High income,352832602064.452,0.765766155124069,7.63833999633789,4056861510.68455,1.1497978040996,7.527,,,,,,,,82.0066003549,352.83260206445203,0.35283260206445205,6.48854219223829,Education-Focused,Complete Core Data,Complete Social Data
DOM,Dominican Republic,2014,Latin America & Caribbean,Upper middle income,67014329099.5549,5.84760695663518,3.62243443144513,437572465.844162,0.651437855543241,4.885,,,,,,,,56.7297301558,67.0143290995549,0.0670143290995549,2.9709965759018893,Education-Focused,Complete Core Data,Complete Social Data
DZA,Algeria,2014,"Middle East, North Africa, Afghanistan & Pakistan",Upper middle income,238942664192.59,2.00005200987388,6.54889841545277,11863212527.8272,4.96487829782902,5.605,,,,,,,,49.3137776111,238.94266419259,0.23894266419259,1.5840201176237505,Education-Focused,Complete Core Data,Complete Social Data
EAR,Early-demographic dividend,2014,,,10533364326771.5,2.56072250150419,3.89878023242693,254431499226.66,2.55382594531241,,,,,,,,,,10533.3643267715,10.5333643267715,1.3449542871145201,Education-Focused,Complete Core Data,Missing Social Data
ECS,Europe & Central Asia,2014,,,23920533649825.0,1.51781802179238,4.82582998275757,401777092932.816,1.69565348693862,,,,,,,,,,23920.533649825,23.920533649825,3.13017649581895,Education-Focused,Complete Core Data,Missing Social Data
ECU,Ecuador,2014,Latin America & Caribbean,Upper middle income,102717794000.0,2.74412306472649,5.21019983291626,2786519000.0,2.71279094772759,5.975,,,,,,,,55.1860723808,102.717794,0.102717794,2.4974088851886695,Education-Focused,Complete Core Data,Complete Social Data
EGY,"Egypt, Arab Rep.",2014,"Middle East, North Africa, Afghanistan & Pakistan",Lower middle income,305595408895.265,0.599558564006458,,5085121576.27973,1.68969483568075,4.194,,,,,,,,47.122244608,305.595408895265,0.30559540889526504,,Data Not Available,Missing Core Data,Missing Social Data
ERI,Eritrea,2014,Sub-Saharan Africa,Low income,,,,,,,,,,,,,,34.0196221667,,,,Data Not Available,Missing Core Data,Missing Social Data
ESP,Spain,2014,Europe & Central Asia,High income,1380244561361.96,1.83396646193863,4.27524995803833,17178549314.7619,1.24625944103127,6.329,,,,,,,,73.4308272439,1380.24456136196,1.38024456136196,3.02899051700706,Education-Focused,Complete Core Data,Complete Social Data
EST,Estonia,2014,Europe & Central Asia,High income,27055689003.0038,3.59411590769302,4.32586002349854,512119045.123526,1.89535477779564,5.429,,,,,,,,73.7848052445,27.0556890030038,0.0270556890030038,2.4305052457028995,Education-Focused,Complete Core Data,Complete Social Data
ETH,Ethiopia,2014,,,55612228233.5179,7.33861859355025,4.60201978683472,414476025.830071,0.768407756190907,,,,,,,,,40.0043234687,55.6122282335179,0.0556122282335179,3.8336120306438133,Education-Focused,Complete Core Data,Missing Social Data
FIN,Finland,2014,Europe & Central Asia,High income,273478528954.901,-0.888801631577977,7.13832998275757,3985508351.98832,1.45927959000267,7.406,,,,,,,,82.2820981801,273.478528954901,0.273478528954901,5.6790503927549,Education-Focused,Complete Core Data,Complete Social Data
FJI,Fiji,2014,East Asia & Pacific,Upper middle income,4857104768.86844,5.4616102411598,3.76960923580896,74787941.1272158,1.53977309916003,,,,,,,,,,4.85710476886844,0.0048571047688684395,2.22983613664893,Education-Focused,Complete Core Data,Missing Social Data
FRA,France,2014,Europe & Central Asia,High income,2861236112552.42,0.519383764691739,,53134750898.8024,1.85952906556899,6.575,,,,,,,,75.9654014591,2861.23611255242,2.8612361125524197,,Data Not Available,Missing Core Data,Missing Social Data
FRO,Faroe Islands,2014,Europe & Central Asia,High income,2914012679.27277,5.03591158487879,,,,,,,,,,,,,2.91401267927277,0.00291401267927277,,Data Not Available,Missing Core Data,Missing Social Data
FSM,"Micronesia, Fed. Sts.",2014,East Asia & Pacific,Lower middle income,313994033.967662,-2.83295569738213,12.2281680903257,,,,,,,,,,,,0.31399403396766196,0.00031399403396766196,,Data Not Available,Missing Core Data,Missing Social Data
GAB,Gabon,2014,Sub-Saharan Africa,Upper middle income,18203966895.8433,0.869784891054778,2.66667008399963,208124773.338136,1.14481839629997,3.896,,,,,,,,48.2197983264,18.2039668958433,0.0182039668958433,1.5218516876996597,Education-Focused,Complete Core Data,Complete Social Data
GBR,United Kingdom,2014,Europe & Central Asia,High income,3085362169410.29,2.39229911882015,5.60134983062744,66995468654.2895,2.18448549185402,6.867,,,,,,,,79.6934052998,3085.36216941029,3.08536216941029,3.4168643387734194,Education-Focused,Complete Core Data,Complete Social Data
GEO,Georgia,2014,Europe & Central Asia,Upper middle income,17966015109.3043,4.04162752314514,2.94113947736272,415643210.857482,2.31346741070778,4.297,,,,,,,,58.9418651382,17.966015109304298,0.0179660151093043,0.6276720666549402,Education-Focused,Complete Core Data,Complete Social Data
GHA,Ghana,2014,Sub-Saharan Africa,Lower middle income,54678533805.9064,0.452244093941871,4.39978981018066,252653833.716615,0.484989051455069,4.633,,,,,,,,53.2506353604,54.678533805906405,0.054678533805906405,3.9148007587255904,Education-Focused,Complete Core Data,Complete Social Data
GIB,Gibraltar,2014,Europe & Central Asia,High income,,,,,,,,,,,,,,,,,,Data Not Available,Missing Core Data,Missing Social Data
GIN,Guinea,2014,Sub-Saharan Africa,Lower middle income,8778473372.82124,1.15630967477851,2.42281007766724,196945589.753241,2.27643791059905,3.656,,,,,,,,40.2551022483,8.778473372821239,0.00877847337282124,0.1463721670681899,Education-Focused,Complete Core Data,Complete Social Data
GMB,"Gambia, The",2014,Sub-Saharan Africa,Low income,1229461721.40861,-4.17258609769029,2.23094010353088,14599970.2849394,1.18750912674762,,,,,,,,,46.8786363305,1.22946172140861,0.0012294617214086102,1.0434309767832597,Education-Focused,Complete Core Data,Missing Social Data
GNB,Guinea-Bissau,2014,Sub-Saharan Africa,Low income,1135250721.0374,-1.65358336592615,,21470831.2086587,1.89380436110046,,,,,,,,,39.9617948558,1.1352507210374,0.0011352507210374,,Data Not Available,Missing Core Data,Missing Social Data
GNQ,Equatorial Guinea,2014,Sub-Saharan Africa,Upper middle income,21765453081.9826,-3.43058595312914,,166540270.521497,0.766177996343115,,,,,,,,,46.3504275531,21.765453081982603,0.021765453081982602,,Data Not Available,Missing Core Data,Missing Social Data
GRC,Greece,2014,Europe & Central Asia,High income,233911581521.062,1.46585655106406,,5531285908.87966,2.36784026258467,4.857,,,,,,,,65.2862841882,233.911581521062,0.233911581521062,,Data Not Available,Missing Core Data,Missing Social Data
GRD,Grenada,2014,Latin America & Caribbean,Upper middle income,911496296.296296,6.73549593358203,4.47756594772942,,,,,,,,,,,,0.911496296296296,0.000911496296296296,,Data Not Available,Missing Core Data,Missing Social Data
GRL,Greenland,2014,Europe & Central Asia,High income,2842065708.35962,5.09192733313645,,,,,,,,,,,,,2.84206570835962,0.00284206570835962,,Data Not Available,Missing Core Data,Missing Social Data
GTM,Guatemala,2014,Latin America & Caribbean,Upper middle income,57852159007.6243,2.48328449500936,2.98563003540039,245672875.883208,0.424656428368739,6.123,,,,,,,,54.0490242904,57.8521590076243,0.0578521590076243,2.5609736070316513,Education-Focused,Complete Core Data,Complete Social Data
GUM,Guam,2014,East Asia & Pacific,High income,5610000000.0,2.08830750386504,,,,,,,,,,,,,5.61,0.00561,,Data Not Available,Missing Core Data,Missing Social Data
GUY,Guyana,2014,Latin America & Caribbean,High income,4127660151.8087,1.1191644103188,4.36033010482788,39280967.4697968,0.951652170035393,,,,,,,,,55.2782985124,4.1276601518087,0.0041276601518087,3.408677934792487,Education-Focused,Complete Core Data,Missing Social Data
HKG,"Hong Kong SAR, China",2014,East Asia & Pacific,High income,291459995978.893,2.04318180024958,3.57254004478455,,,,,,,,,,,78.3894466608,291.459995978893,0.291459995978893,,Data Not Available,Missing Core Data,Missing Social Data
HND,Honduras,2014,Latin America & Caribbean,Lower middle income,19756533971.8698,1.0812751128465,7.09010982513428,241887992.174126,1.19271597688079,4.788,,,,,,,,51.173770802,19.7565339718698,0.0197565339718698,5.89739384825349,Education-Focused,Complete Core Data,Complete Social Data
HRV,Croatia,2014,Europe & Central Asia,High income,59606934500.9957,0.207342945184919,,1076424945.72479,1.80811715937665,5.759,,,,,,,,65.2624540895,59.6069345009957,0.0596069345009957,,Data Not Available,Missing Core Data,Missing Social Data
HTI,Haiti,2014,Latin America & Caribbean,Lower middle income,15146883497.6331,1.39231187945737,1.75226998329163,5296049.73106428,0.0355624820363801,4.518,,,,,,,,39.2136641673,15.1468834976331,0.015146883497633101,1.71670750125525,Education-Focused,Complete Core Data,Complete Social Data
HUN,Hungary,2014,Europe & Central Asia,High income,141128696412.321,4.75555169835647,4.59878015518188,1209801890.21288,0.857233093600132,4.8,,,,,,,,66.6105062093,141.128696412321,0.141128696412321,3.7415470615817483,Education-Focused,Complete Core Data,Complete Social Data
IDB,IDA blend,2014,,,1164584937017.84,3.57212002326628,4.01573491096496,14177117031.0897,1.29613950352946,,,,,,,,,,1164.58493701784,1.16458493701784,2.7195954074354995,Education-Focused,Complete Core Data,Missing Social Data
IDN,Indonesia,2014,East Asia & Pacific,Upper middle income,890814755533.537,3.77968595157438,3.28800988197327,6929248704.20671,0.777855178232831,5.399,,,,,,,,57.9008060931,890.814755533537,0.890814755533537,2.5101547037404393,Education-Focused,Complete Core Data,Complete Social Data
IMN,Isle of Man,2014,Europe & Central Asia,High income,7708454412.32126,5.46721088334894,,,,,,,,,,,,,7.70845441232126,0.0077084544123212605,,Data Not Available,Missing Core Data,Missing Social Data
IND,India,2014,South Asia,Lower middle income,2039126479154.52,6.06398074162718,3.89878023242693,50914096277.083,2.54398176462257,4.565,,,,,,,,50.216986002,2039.12647915452,2.03912647915452,1.3547984678043599,Education-Focused,Complete Core Data,Complete Social Data
IRL,Ireland,2014,Europe & Central Asia,High income,266490442124.309,8.58909717383906,4.73554992675781,1192733691.2242,0.447668415911946,6.94,,,,,,,,78.5334618675,266.49044212430897,0.266490442124309,4.287881510845864,Education-Focused,Complete Core Data,Complete Social Data
IRN,"Iran, Islamic Rep.",2014,"Middle East, North Africa, Afghanistan & Pakistan",Upper middle income,462284793280.825,3.58412137758084,2.61668992042542,9901118855.30265,2.11655706144949,4.686,,,,,,,,46.8144045555,462.284793280825,0.462284793280825,0.5001328589759297,Education-Focused,Complete Core Data,Complete Social Data
IRQ,Iraq,2014,"Middle East, North Africa, Afghanistan & Pakistan",Upper middle income,228415656174.957,-1.2842545257663,,6923644082.33276,2.9506139914123,4.677,,,,,,,,43.1738282085,228.415656174957,0.228415656174957,,Data Not Available,Missing Core Data,Missing Social Data
ISL,Iceland,2014,Europe & Central Asia,High income,18052183514.8695,0.786303485429585,7.6414098739624,0.0,,7.561,,,,,,,,78.9239460874,18.052183514869498,0.0180521835148695,,Data Not Available,Missing Core Data,Complete Social Data
ISR,Israel,2014,"Middle East, North Africa, Afghanistan & Pakistan",High income,315017088116.716,1.80280307810176,5.69225978851318,17737375713.577,5.63057461102748,7.278,,,,,,,,69.5966342372,315.017088116716,0.315017088116716,0.06168517748569968,Education-Focused,Complete Core Data,Complete Social Data
ITA,Italy,2014,Europe & Central Asia,High income,2173255507985.84,-0.0164634913490715,4.04026985168457,27701034334.9422,1.27633070266495,5.948,,,,,,,,70.9803452956,2173.2555079858403,2.17325550798584,2.7639391490196203,Education-Focused,Complete Core Data,Complete Social Data
JAM,Jamaica,2014,Latin America & Caribbean,Upper middle income,13899217679.9219,0.327176684512608,6.01584005355835,121310243.549976,0.872784216786518,5.709,,,,,,,,59.4050422052,13.8992176799219,0.0138992176799219,5.143055836771832,Education-Focused,Complete Core Data,Complete Social Data
JOR,Jordan,2014,"Middle East, North Africa, Afghanistan & Pakistan",Lower middle income,36847643521.1268,-6.02217249989295,3.76692408663556,1548873239.43662,4.20345261907888,5.192,,,,,,,,56.7825830803,36.8476435211268,0.0368476435211268,-0.4365285324433201,Military-Focused,Complete Core Data,Complete Social Data
JPN,Japan,2014,East Asia & Pacific,High income,4896994405353.29,0.429381122519686,3.41529989242554,46903466612.5187,0.957800914762225,5.987,,,,,,,,76.3944192726,4896.99440535329,4.89699440535329,2.4574989776633154,Education-Focused,Complete Core Data,Complete Social Data
KAZ,Kazakhstan,2014,Europe & Central Asia,Upper middle income,221415613595.469,2.6806378826727,3.42903954512824,2306468864.80956,1.0416921334727,5.855,,,,,,,,56.0210558517,221.41561359546898,0.221415613595469,2.38734741165554,Education-Focused,Complete Core Data,Complete Social Data
KEN,Kenya,2014,Sub-Saharan Africa,Lower middle income,68285796514.2896,2.59218353342239,4.7172999382019,819042626.799535,1.19943336712808,4.419,,,,,,,,49.3403937087,68.2857965142896,0.06828579651428959,3.51786657107382,Education-Focused,Complete Core Data,Complete Social Data
KGZ,Kyrgyz Republic,2014,Europe & Central Asia,Lower middle income,7468102412.68237,1.75718622899099,5.53159999847412,252115132.114057,3.37589282594698,,,,,,,,,50.6253174386,7.46810241268237,0.00746810241268237,2.15570717252714,Education-Focused,Complete Core Data,Missing Social Data
KHM,Cambodia,2014,East Asia & Pacific,Lower middle income,22041463967.9009,6.41109251902618,1.44690001010895,277974068.111455,1.26114158531483,3.819,,,,,,,,47.9570505428,22.041463967900903,0.022041463967900903,0.18575842479411997,Education-Focused,Complete Core Data,Complete Social Data
KIR,Kiribati,2014,East Asia & Pacific,Lower middle income,200287281.98074,-0.0428972459236832,11.513136036036,,,,,,,,,,,,0.20028728198074,0.00020028728198074,,Data Not Available,Missing Core Data,Missing Social Data
KNA,St. Kitts and Nevis,2014,Latin America & Caribbean,High income,952111111.111111,7.53127511202617,2.85307503792741,,,,,,,,,,,,0.952111111111111,0.000952111111111111,,Data Not Available,Missing Core Data,Missing Social Data
KOR,"Korea, Rep.",2014,East Asia & Pacific,High income,1556252422020.44,2.5683693516693,,37552298953.8232,2.41327231110109,5.984,,,,,,,,72.3666568599,1556.25242202044,1.55625242202044,,Data Not Available,Missing Core Data,Missing Social Data
KWT,Kuwait,2014,"Middle East, North Africa, Afghanistan & Pakistan",High income,162650450684.725,-3.83157244878866,,5832103419.52984,3.58561842128005,6.295,,,,,,,,60.6461227312,162.650450684725,0.162650450684725,,Data Not Available,Missing Core Data,Missing Social Data
LAO,Lao PDR,2014,East Asia & Pacific,Lower middle income,13279245886.3854,6.13842534644749,2.93781995773315,,,4.876,,,,,,,,47.1287491477,13.2792458863854,0.013279245886385401,,Data Not Available,Missing Core Data,Complete Social Data
LBN,Lebanon,2014,"Middle East, North Africa, Afghanistan & Pakistan",Lower middle income,48095213746.6003,-7.26145145442744,,2270065959.79379,4.71994151384666,4.839,,,,,,,,54.5129415177,48.0952137466003,0.0480952137466003,,Data Not Available,Missing Core Data,Missing Social Data
LBR,Liberia,2014,Sub-Saharan Africa,Low income,3225652000.0,-1.37370786861489,2.20005011558533,14531000.0,0.470258899676375,4.571,,,,,,,,44.051028621,3.225652,0.003225652,1.7297912159089548,Education-Focused,Complete Core Data,Complete Social Data
LBY,Libya,2014,"Middle East, North Africa, Afghanistan & Pakistan",Upper middle income,57372355592.022,-24.5110536856449,,3755652496.35093,15.4795763013832,5.754,,,,,,,,45.8330397591,57.372355592022004,0.057372355592022,,Data Not Available,Missing Core Data,Missing Social Data
LCA,St. Lucia,2014,Latin America & Caribbean,Upper middle income,1749185185.18518,0.880621538906311,3.89103007316589,,,,,,,,,,,,1.7491851851851798,0.00174918518518518,,Data Not Available,Missing Core Data,Missing Social Data
LCN,Latin America & Caribbean,2014,,,6217846355596.35,0.177344508373139,4.69057488441467,72705458926.1897,1.27513469861409,,,,,,,,,,6217.84635559635,6.2178463555963495,3.4154401858005805,Education-Focused,Complete Core Data,Missing Social Data
LIE,Liechtenstein,2014,Europe & Central Asia,High income,6657526979.72277,,,,,,,,,,,,,,6.657526979722769,0.0066575269797227695,,Data Not Available,Missing Core Data,Missing Social Data
LKA,Sri Lanka,2014,South Asia,Lower middle income,82531125190.5224,5.38986888056003,1.85859000682831,1914591220.29078,2.41264701190051,4.271,,,,,,,,54.290309595,82.5311251905224,0.0825311251905224,-0.5540570050722,Military-Focused,Complete Core Data,Complete Social Data
LSO,Lesotho,2014,Sub-Saharan Africa,Lower middle income,2441063054.05792,0.557309193389017,,47693396.0282348,1.95379607639772,4.898,,,,,,,,45.2284787018,2.44106305405792,0.00244106305405792,,Data Not Available,Missing Core Data,Missing Social Data
LTE,Late-demographic dividend,2014,,,19998109576538.4,4.53382712976753,4.62945985794067,403824833488.883,2.08944184657119,,,,,,,,,,19998.109576538398,19.998109576538397,2.5400180113694804,Education-Focused,Complete Core Data,Missing Social Data
LTU,Lithuania,2014,Europe & Central Asia,High income,48306546656.9281,4.62035286553186,4.5076699256897,426913695.365894,0.883731669079507,5.833,,,,,,,,68.0872647805,48.3065466569281,0.0483065466569281,3.623938256610193,Education-Focused,Complete Core Data,Complete Social Data
LUX,Luxembourg,2014,Europe & Central Asia,High income,68804811897.6445,0.232565199204004,3.85569000244141,252079423.061844,0.366856825936978,6.946,,,,,,,,79.3836386011,68.8048118976445,0.0688048118976445,3.488833176504432,Education-Focused,Complete Core Data,Complete Social Data
LVA,Latvia,2014,Europe & Central Asia,High income,30277203767.4058,3.06097381676449,5.47479009628296,295728965.265711,0.978038880665435,5.098,,,,,,,,68.851349413,30.2772037674058,0.0302772037674058,4.496751215617525,Education-Focused,Complete Core Data,Complete Social Data
MAC,"Macao SAR, China",2014,East Asia & Pacific,High income,54930501310.2956,-6.73432773895128,2.04853010177612,,,,,,,,,,,,54.930501310295604,0.0549305013102956,,Data Not Available,Missing Core Data,Missing Social Data
MAF,St. Martin (French part),2014,Latin America & Caribbean,High income,772921958.529509,,,,,,,,,,,,,,0.772921958529509,0.000772921958529509,,Data Not Available,Missing Core Data,Missing Social Data
MAR,Morocco,2014,"Middle East, North Africa, Afghanistan & Pakistan",Lower middle income,119130841411.664,1.43852495314533,5.48276036642721,4048612524.35018,3.39845864113579,5.013,,,,,,,,52.9037236413,119.13084141166401,0.119130841411664,2.08430172529142,Education-Focused,Complete Core Data,Complete Social Data
MCO,Monaco,2014,Europe & Central Asia,High income,7070017323.65476,5.1665902777315,1.02186000347137,,,,,,,,,,,,7.070017323654761,0.007070017323654761,,Data Not Available,Missing Core Data,Missing Social Data
MDA,Moldova,2014,Europe & Central Asia,Upper middle income,9402090137.7423,5.06366581042911,6.33807992935181,27565559.8376303,0.293185445408591,,,,,,,,,55.2582747996,9.4020901377423,0.0094020901377423,6.044894483943219,Education-Focused,Complete Core Data,Missing Social Data
MDG,Madagascar,2014,Sub-Saharan Africa,Low income,12522957399.2281,0.605710119846222,2.3812301158905,69676655.2533081,0.556391260884791,3.681,,,,,,,,43.9645942682,12.5229573992281,0.0125229573992281,1.8248388550057089,Education-Focused,Complete Core Data,Complete Social Data
MDV,Maldives,2014,South Asia,Upper middle income,3697353039.20043,4.32797689766733,3.0885899066925,,,,,,,,,,,,3.69735303920043,0.00369735303920043,,Data Not Available,Missing Core Data,Missing Social Data
MEX,Mexico,2014,Latin America & Caribbean,Upper middle income,1364507717614.13,1.27091420531951,5.06807994842529,6758693845.00224,0.495321031372806,7.187,,,,,,,,58.5828916018,1364.50771761413,1.3645077176141298,4.572758917052484,Education-Focused,Complete Core Data,Complete Social Data
MHL,Marshall Islands,2014,East Asia & Pacific,Upper middle income,186000000.0,0.495281427303354,,,,,,,,,,,,,0.186,0.000186,,Data Not Available,Missing Core Data,Missing Social Data
MKD,North Macedonia,2014,Europe & Central Asia,Upper middle income,11362265252.778,3.90792755780767,,124185105.67971,1.09296080025624,5.007,,,,,,,,59.8746683044,11.362265252778,0.011362265252778,,Data Not Available,Missing Core Data,Missing Social Data
MLI,Mali,2014,Sub-Saharan Africa,Low income,17081681993.1695,3.18909645758293,3.09299993515015,218118403.124955,1.51593383195421,3.995,,,,,,,,44.2155991308,17.0816819931695,0.0170816819931695,1.57706610319594,Education-Focused,Complete Core Data,Complete Social Data
MLT,Malta,2014,"Middle East, North Africa, Afghanistan & Pakistan",High income,11888032873.8295,5.47839368855718,6.84973001480103,56514879.9166599,0.476026297334065,6.302,,,,,,,,73.4424043844,11.8880328738295,0.0118880328738295,6.373703717466965,Education-Focused,Complete Core Data,Complete Social Data
MMR,Myanmar,2014,East Asia & Pacific,Lower middle income,65531374210.3224,7.27568618509038,,2372895911.61414,3.78953444074754,4.307,,,,,,,,42.3626959943,65.5313742103224,0.0655313742103224,,Data Not Available,Missing Core Data,Missing Social Data
MNE,Montenegro,2014,Europe & Central Asia,Upper middle income,4579636601.80039,2.18041940678877,,67544018.0425184,1.47227234869517,5.192,,,,,,,,61.5203639656,4.579636601800391,0.0045796366018003905,,Data Not Available,Missing Core Data,Missing Social Data
MNG,Mongolia,2014,East Asia & Pacific,Upper middle income,12226514668.0622,5.5513088464518,4.71483993530273,105114434.894888,0.85972525833079,4.874,,,,,,,,54.7618097181,12.226514668062201,0.0122265146680622,3.8551146769719398,Education-Focused,Complete Core Data,Complete Social Data
MNP,Northern Mariana Islands,2014,East Asia & Pacific,High income,832000000.0,5.33556203023453,,,,,,,,,,,,,0.832,0.000832,,Data Not Available,Missing Core Data,Missing Social Data
MOZ,Mozambique,2014,Sub-Saharan Africa,Low income,17978246586.0662,4.62514159794316,6.39920843528224,173752248.992546,0.96645825007793,4.971,,,,,,,,43.6542677499,17.9782465860662,0.0179782465860662,5.43275018520431,Education-Focused,Complete Core Data,Complete Social Data
MRT,Mauritania,2014,Sub-Saharan Africa,Lower middle income,6592537781.81518,1.18070235725725,2.55796423507035,144844330.663143,2.19709519242621,4.436,,,,,,,,39.8179088842,6.59253778181518,0.00659253778181518,0.3608690426441399,Education-Focused,Complete Core Data,Complete Social Data
MUS,Mauritius,2014,Sub-Saharan Africa,Upper middle income,13230490081.5656,3.63919007388208,4.81514978408813,19744222.0827661,0.151017482159405,5.477,,,,,,,,65.2146782666,13.2304900815656,0.013230490081565599,4.664132301928725,Education-Focused,Complete Core Data,Complete Social Data
MWI,Malawi,2014,Sub-Saharan Africa,Low income,8801326169.14547,2.70386402914775,3.32569003105164,49454535.9108862,0.580771278154093,4.292,,,,,,,,47.652664673,8.80132616914547,0.00880132616914547,2.744918752897547,Education-Focused,Complete Core Data,Complete Social Data
MYS,Malaysia,2014,East Asia & Pacific,Upper middle income,338066095097.254,4.20447757863825,5.21264982223511,4919245322.85852,1.45511301633341,5.77,,,,,,,,64.6585694721,338.06609509725405,0.33806609509725405,3.7575368059017,Education-Focused,Complete Core Data,Complete Social Data
NAM,Namibia,2014,Sub-Saharan Africa,Lower middle income,12435430969.6301,3.35635017944713,3.66711166353218,537456013.694723,4.32586724007944,,,,,,,,,55.8640425827,12.4354309696301,0.012435430969630101,-0.6587555765472595,Military-Focused,Complete Core Data,Missing Social Data
NCL,New Caledonia,2014,East Asia & Pacific,High income,10635035594.7528,,,,,,,,,,,,,,10.6350355947528,0.0106350355947528,,Data Not Available,Missing Core Data,Missing Social Data
NER,Niger,2014,Sub-Saharan Africa,Low income,10862943543.5419,2.77949866185601,5.10368013381958,145600369.857069,1.33859819740079,3.845,,,,,,,,42.4016874956,10.8629435435419,0.0108629435435419,3.76508193641879,Education-Focused,Complete Core Data,Complete Social Data
NGA,Nigeria,2014,Sub-Saharan Africa,Lower middle income,574183763411.508,3.53757268118461,0.470742539133469,2357671219.29062,0.414718776586509,5.268,,,,,,,,43.1036847468,574.183763411508,0.574183763411508,0.056023762546959954,Education-Focused,Complete Core Data,Complete Social Data
NIC,Nicaragua,2014,Latin America & Caribbean,Lower middle income,11880438824.4494,3.35791289379488,4.08329010009766,81391929.9411777,0.685091959091359,5.828,,,,,,,,52.6893445147,11.8804388244494,0.0118804388244494,3.3981981410063007,Education-Focused,Complete Core Data,Complete Social Data
NLD,Netherlands,2014,Europe & Central Asia,High income,901556501756.467,1.24763624808071,5.40205001831055,10332602877.9244,1.14761127983414,7.378,,,,,,,,81.4066491186,901.556501756467,0.9015565017564671,4.25443873847641,Education-Focused,Complete Core Data,Complete Social Data
NOR,Norway,2014,Europe & Central Asia,High income,501736471832.848,0.903762655946366,7.64402008056641,7336785328.3336,1.46227942776465,7.522,,,,,,,,82.3340996866,501.736471832848,0.501736471832848,6.18174065280176,Education-Focused,Complete Core Data,Complete Social Data
NPL,Nepal,2014,South Asia,Lower middle income,22731612922.1906,5.69591211662627,3.47214007377625,328115662.238927,1.43375979820575,4.514,,,,,,,,48.4896592822,22.7316129221906,0.0227316129221906,2.0383802755705,Education-Focused,Complete Core Data,Complete Social Data
NRU,Nauru,2014,East Asia & Pacific,High income,99149244.4001333,13.4151871712962,4.47278425925926,,,,,,,,,,,,0.0991492444001333,9.914924440013329e-05,,Data Not Available,Missing Core Data,Missing Social Data
NZL,New Zealand,2014,East Asia & Pacific,High income,201518402787.38,2.11605987877432,5.8033299446106,1994775497.22439,0.998146779850979,7.286,,,,,,,,80.708466026,201.51840278738,0.20151840278738,4.8051831647596215,Education-Focused,Complete Core Data,Complete Social Data
OMN,Oman,2014,"Middle East, North Africa, Afghanistan & Pakistan",High income,92699089726.9181,-2.97274165335905,,8213524057.21717,8.86041181394662,6.853,,,,,,,,59.0830853673,92.6990897269181,0.09269908972691811,,Data Not Available,Missing Core Data,Missing Social Data
PAK,Pakistan,2014,"Middle East, North Africa, Afghanistan & Pakistan",Lower middle income,271390474857.632,2.56600413102157,2.2043399810791,8676510710.11249,3.09657969704779,5.194,,,,,,,,40.772583262,271.390474857632,0.271390474857632,-0.8922397159686901,Military-Focused,Complete Core Data,Complete Social Data
PAN,Panama,2014,Latin America & Caribbean,High income,51427104881.9655,2.83087716733978,3.08107995986939,0.0,,6.786,,,,,,,,64.5036350382,51.4271048819655,0.0514271048819655,,Data Not Available,Missing Core Data,Complete Social Data
PER,Peru,2014,Latin America & Caribbean,Upper middle income,200786250582.943,1.36938882425959,3.69599008560181,3217574656.89716,1.60248762240244,5.824,,,,,,,,59.2837483141,200.78625058294298,0.200786250582943,2.0935024631993704,Education-Focused,Complete Core Data,Complete Social Data
PHL,Philippines,2014,East Asia & Pacific,Lower middle income,297483555338.044,4.61514068278228,2.66454238129968,3103131460.15886,1.04312706559466,5.073,,,,,,,,56.6099519402,297.483555338044,0.297483555338044,1.6214153157050197,Education-Focused,Complete Core Data,Complete Social Data
PLW,Palau,2014,East Asia & Pacific,High income,245591094.970703,4.77040588838096,,,,,,,,,,,,,0.245591094970703,0.000245591094970703,,Data Not Available,Missing Core Data,Missing Social Data
PNG,Papua New Guinea,2014,East Asia & Pacific,Lower middle income,23210823987.308,10.6031750853758,,112375755.926034,0.484413309982487,,,,,,,,,47.6775455222,23.210823987308,0.023210823987307998,,Data Not Available,Missing Core Data,Missing Social Data
POL,Poland,2014,Europe & Central Asia,High income,542134167178.627,3.99831832124629,4.93858003616333,10345153574.8722,1.90822735552002,5.791,,,,,,,,69.2453503413,542.134167178627,0.5421341671786271,3.0303526806433103,Education-Focused,Complete Core Data,Complete Social Data
PRI,Puerto Rico (US),2014,Latin America & Caribbean,High income,102445800000.0,0.0887811529566989,6.07265996932983,,,,,,,,,,,,102.4458,0.1024458,,Data Not Available,Missing Core Data,Missing Social Data
PRK,"Korea, Dem. People's Rep.",2014,East Asia & Pacific,Low income,,,,0.0,,,,,,,,,,,,,,Data Not Available,Missing Core Data,Missing Social Data
PRT,Portugal,2014,Europe & Central Asia,High income,230078616299.675,1.28604644379557,5.12005996704102,3002398602.04712,1.30668261277534,5.102,,,,,,,,72.2248429691,230.078616299675,0.230078616299675,3.81337735426568,Education-Focused,Complete Core Data,Complete Social Data
PRY,Paraguay,2014,Latin America & Caribbean,Upper middle income,40377929295.6522,3.78558222391715,2.59655894629063,398370830.477549,0.986605391734507,5.878,,,,,,,,57.7183825103,40.3779292956522,0.0403779292956522,1.6099535545561232,Education-Focused,Complete Core Data,Complete Social Data
PSE,West Bank and Gaza,2014,"Middle East, North Africa, Afghanistan & Pakistan",Lower middle income,13989700000.0,-2.47102630481804,,,,,,,,,,,,,13.9897,0.0139897,,Data Not Available,Missing Core Data,Missing Social Data
PYF,French Polynesia,2014,East Asia & Pacific,High income,6151996560.84289,-0.0102536380222915,,,,,,,,,,,,,6.15199656084289,0.00615199656084289,,Data Not Available,Missing Core Data,Missing Social Data
QAT,Qatar,2014,"Middle East, North Africa, Afghanistan & Pakistan",High income,206224725274.725,-6.18522597672184,3.60535001754761,,,6.611,,,,,,,,64.0950271663,206.22472527472502,0.20622472527472502,,Data Not Available,Missing Core Data,Complete Social Data
ROU,Romania,2014,Europe & Central Asia,High income,199722319675.741,4.50672544401942,3.12494993209839,2691470287.45885,1.3476637836228,5.124,,,,,,,,62.4774267934,199.722319675741,0.199722319675741,1.77728614847559,Education-Focused,Complete Core Data,Complete Social Data
RUS,Russia,2014,Europe & Central Asia,High income,2059241589895.01,-1.12194041744186,4.01387977600098,84696504653.4978,4.11299297822323,5.716,,,,,,,,54.8488771245,2059.24158989501,2.05924158989501,-0.09911320222224962,Military-Focused,Complete Core Data,Complete Social Data
RWA,Rwanda,2014,Sub-Saharan Africa,Low income,8238966124.23115,3.63164570583949,4.19644021987915,90937793.2166852,1.10273875155611,3.465,,,,,,,,50.7817941817,8.23896612423115,0.00823896612423115,3.09370146832304,Education-Focused,Complete Core Data,Complete Social Data
SAU,Saudi Arabia,2014,"Middle East, North Africa, Afghanistan & Pakistan",High income,787153066666.667,1.5065962283723,,80762400000.0,10.5350604637453,6.411,,,,,,,,54.4103343576,787.153066666667,0.787153066666667,,Data Not Available,Missing Core Data,Missing Social Data
SDN,Sudan,2014,Sub-Saharan Africa,Low income,49516748617.9775,1.86452924090501,,,,4.55,,,,,,,,38.0004279517,49.5167486179775,0.0495167486179775,,Data Not Available,Missing Core Data,Missing Social Data
SEN,Senegal,2014,Sub-Saharan Africa,Lower middle income,19797253440.2679,2.91207940579723,5.72907018661499,239893634.512306,1.21336600293871,3.904,,,,,,,,49.8075488861,19.797253440267898,0.0197972534402679,4.51570418367628,Education-Focused,Complete Core Data,Complete Social Data
SGP,Singapore,2014,East Asia & Pacific,High income,314863580758.455,2.59472315486744,3.01358665503678,9596602344.02747,3.04786038477706,6.798,,,,,,,,77.327942478,314.86358075845504,0.314863580758455,-0.03427372974027998,Military-Focused,Complete Core Data,Complete Social Data
SLB,Solomon Islands,2014,East Asia & Pacific,Lower middle income,1335576762.84974,-2.41306586755394,,,,,,,,,,,,,1.33557676284974,0.00133557676284974,,Data Not Available,Missing Core Data,Missing Social Data
SLE,Sierra Leone,2014,Sub-Saharan Africa,Low income,7686138790.90872,-9.99126868436694,1.73754000663757,48810630.7877162,0.747309962312162,4.507,,,,,,,,43.4350235267,7.68613879090872,0.00768613879090872,0.990230044325408,Education-Focused,Complete Core Data,Complete Social Data
SLV,El Salvador,2014,Latin America & Caribbean,Upper middle income,22593470000.0,1.33132680650547,3.82416009902954,233900000.0,1.03525487674093,6.13,,,,,,,,55.8575719138,22.59347,0.02259347,2.7889052222886104,Education-Focused,Complete Core Data,Complete Social Data
SMR,San Marino,2014,Europe & Central Asia,High income,1673911426.17254,0.471381910733299,3.19357628015873,,,,,,,,,,,,1.6739114261725399,0.00167391142617254,,Data Not Available,Missing Core Data,Missing Social Data
SOM,"Somalia, Fed. Rep.",2014,Sub-Saharan Africa,Low income,5728399719.99958,5.13914593415699,,60258000.0,0.935247555486575,,,,,,,,,31.690459025,5.72839971999958,0.00572839971999958,,Data Not Available,Missing Core Data,Missing Social Data
SRB,Serbia,2014,Europe & Central Asia,Upper middle income,49114321280.3466,-1.32558635982964,,918557178.284071,1.8702430512257,5.123,,,,,,,,58.0275854174,49.1143212803466,0.0491143212803466,,Data Not Available,Missing Core Data,Missing Social Data
SSD,South Sudan,2014,Sub-Saharan Africa,Low income,13962212847.4576,2.7406396602203,1.23246002197266,1301525423.72881,8.57452320335879,,,,,,,,,33.0484008256,13.9622128474576,0.013962212847457599,-7.342063181386131,Military-Focused,Complete Core Data,Missing Social Data
STP,Sao Tome and Principe,2014,Sub-Saharan Africa,Lower middle income,293119143.246825,2.97674276212585,4.4321699142456,,,,,,,,,,,55.4233879558,0.293119143246825,0.000293119143246825,,Data Not Available,Missing Core Data,Missing Social Data
SUR,Suriname,2014,Latin America & Caribbean,Upper middle income,5240606060.60606,-0.851471419293389,,,,6.269,,,,,,,,58.2097665129,5.24060606060606,0.00524060606060606,,Data Not Available,Missing Core Data,Missing Social Data
SVK,Slovak Republic,2014,Europe & Central Asia,High income,101713075598.862,2.608326498525,4.20446014404297,997703821.802668,0.982206647396956,,,,,,,,,68.7071923498,101.713075598862,0.101713075598862,3.2222534966460135,Education-Focused,Complete Core Data,Missing Social Data
SVN,Slovenia,2014,Europe & Central Asia,High income,49514466379.6057,2.66181374029557,5.34328985214233,486194870.396018,0.983232647144707,5.848,,,,,,,,72.7040077849,49.5144663796057,0.0495144663796057,4.360057204997624,Education-Focused,Complete Core Data,Complete Social Data
SWE,Sweden,2014,Europe & Central Asia,High income,577727767303.596,1.28579244857269,7.62924003601074,6555518063.89502,1.1347022453612,7.364,,,,,,,,82.6807372026,577.7277673035959,0.577727767303596,6.494537790649541,Education-Focused,Complete Core Data,Complete Social Data
SWZ,Eswatini,2014,Sub-Saharan Africa,Lower middle income,4285065665.03168,1.49073514248317,7.28094005584717,81355664.003534,1.82286935337352,,,,,,,,,43.9430730601,4.28506566503168,0.00428506566503168,5.45807070247365,Education-Focused,Complete Core Data,Missing Social Data
SXM,Sint Maarten (Dutch part),2014,Latin America & Caribbean,High income,1361811508.37989,-0.685454189827837,3.06759489680727,,,,,,,,,,,,1.36181150837989,0.00136181150837989,,Data Not Available,Missing Core Data,Missing Social Data
SYC,Seychelles,2014,Sub-Saharan Africa,High income,1387577870.08161,2.45761243916046,3.95247006416321,30909152.7178874,2.22757343262158,,,,,,,,,63.1850696912,1.38757787008161,0.00138757787008161,1.7248966315416299,Education-Focused,Complete Core Data,Missing Social Data
SYR,Syrian Arab Republic,2014,"Middle East, North Africa, Afghanistan & Pakistan",Low income,21502061465.9498,-4.14663574302196,,,,,,,,,,,,40.1487448504,21.502061465949797,0.0215020614659498,,Data Not Available,Missing Core Data,Missing Social Data
TCA,Turks and Caicos Islands,2014,Latin America & Caribbean,High income,956605000.0,4.37835200669825,2.74654631561921,,,,,,,,,,,,0.956605,0.000956605,,Data Not Available,Missing Core Data,Missing Social Data
TCD,Chad,2014,Sub-Saharan Africa,Low income,18144336903.7175,-1.51652756708047,2.32031229563021,392382954.592792,2.15784238896733,3.667,,,,,,,,33.846786,18.144336903717498,0.018144336903717497,0.16246990666288008,Education-Focused,Complete Core Data,Complete Social Data
TGO,Togo,2014,Sub-Saharan Africa,Low income,6393314707.85456,2.98962512799103,3.4237699508667,83080011.5611006,1.81828886251592,2.839,,,,,,,,41.3435692125,6.39331470785456,0.00639331470785456,1.6054810883507802,Education-Focused,Complete Core Data,Complete Social Data
THA,Thailand,2014,East Asia & Pacific,Upper middle income,407339040197.651,0.45053655380589,3.91917751852112,5582641023.40427,1.37997604796617,6.455,,,,,,,,59.899479014,407.339040197651,0.407339040197651,2.53920147055495,Education-Focused,Complete Core Data,Complete Social Data
TJK,Tajikistan,2014,Europe & Central Asia,Lower middle income,9112605459.32845,4.0554323883913,5.59398898966753,104280689.192818,1.1283850454994,4.786,,,,,,,,48.739611355,9.11260545932845,0.00911260545932845,4.46560394416813,Education-Focused,Complete Core Data,Complete Social Data
TKM,Turkmenistan,2014,Europe & Central Asia,Upper middle income,43524210526.3158,7.83190052629024,,,,5.548,,,,,,,,49.6374694829,43.524210526315805,0.043524210526315804,,Data Not Available,Missing Core Data,Missing Social Data
TLS,Timor-Leste,2014,East Asia & Pacific,Lower middle income,1447535182.8616,2.42106373753114,7.51430988311768,29624000.0,2.04684585089477,,,,,,,,,,1.4475351828615999,0.0014475351828616,5.46746403222291,Education-Focused,Complete Core Data,Missing Social Data
TON,Tonga,2014,East Asia & Pacific,Upper middle income,440997738.014078,2.43921846288526,,,,,,,,,,,,,0.44099773801407804,0.000440997738014078,,Data Not Available,Missing Core Data,Missing Social Data
TTO,Trinidad and Tobago,2014,Latin America & Caribbean,High income,29474180005.1333,3.3020638436403,3.59013796983043,188885806.75642,0.656301051048555,6.168,,,,,,,,62.1874767961,29.474180005133302,0.0294741800051333,2.933836918781875,Education-Focused,Complete Core Data,Complete Social Data
TUN,Tunisia,2014,"Middle East, North Africa, Afghanistan & Pakistan",Lower middle income,50271812920.612,1.87486431059185,,908359962.890424,1.8068874807375,4.739,,,,,,,,54.9581481236,50.271812920612,0.050271812920612,,Data Not Available,Missing Core Data,Missing Social Data
TUR,Turkiye,2014,Europe & Central Asia,Upper middle income,942343431928.654,3.19911298885714,4.41256999969482,17576538470.5059,1.87196639443904,5.332,,,,,,,,57.8496584499,942.343431928654,0.9423434319286541,2.5406036052557797,Education-Focused,Complete Core Data,Complete Social Data
TUV,Tuvalu,2014,East Asia & Pacific,Upper middle income,38760982.6540096,0.154770575382372,,,,,,,,,,,,,0.0387609826540096,3.87609826540096e-05,,Data Not Available,Missing Core Data,Missing Social Data
TZA,Tanzania,2014,Sub-Saharan Africa,Lower middle income,49986726460.6805,3.51147946313948,3.38488006591797,507285798.994075,1.0157610032095,3.781,,,,,,,,46.4560126453,49.986726460680494,0.049986726460680496,2.36911906270847,Education-Focused,Complete Core Data,Complete Social Data
UGA,Uganda,2014,Sub-Saharan Africa,Low income,32612397257.4458,2.04948459267207,1.91472005844116,325663027.213463,0.924476429892299,3.931,,,,,,,,45.7518805721,32.6123972574458,0.0326123972574458,0.9902436285488612,Education-Focused,Complete Core Data,Complete Social Data
UKR,Ukraine,2014,Europe & Central Asia,Upper middle income,133503871861.723,-5.08846879597155,5.87491989135742,3961551378.68037,2.96736825853937,4.681,,,,,,,,54.1606041188,133.503871861723,0.133503871861723,2.90755163281805,Education-Focused,Complete Core Data,Complete Social Data
URY,Uruguay,2014,Latin America & Caribbean,High income,61496186973.902,2.9005302021196,4.26735019683838,1034499446.67959,1.74099456885648,6.485,,,,,,,,68.0671913192,61.496186973902,0.061496186973902,2.5263556279819,Education-Focused,Complete Core Data,Complete Social Data
USA,United States,2014,North America,High income,17550680174000.0,1.71094543857326,,647789000000.0,3.67891817387645,7.119,,,,,,,,76.9717947064,17550.680174,17.550680174,,Data Not Available,Missing Core Data,Missing Social Data
UZB,Uzbekistan,2014,Europe & Central Asia,Lower middle income,80845385809.4529,5.109537480447,5.71325016021729,,,6.003,,,,,,,,49.3349358567,80.84538580945289,0.0808453858094529,,Data Not Available,Missing Core Data,Complete Social Data
VCT,St. Vincent and the Grenadines,2014,Latin America & Caribbean,Upper middle income,770900000.0,1.71007773700347,,,,,,,,,,,,,0.7709,0.0007709,,Data Not Available,Missing Core Data,Missing Social Data
VEN,"Venezuela, RB",2014,,,214689614732.719,-4.98041137903969,,1554727108.23932,1.16181680999136,,,,,,,,,48.8803033767,214.689614732719,0.214689614732719,,Data Not Available,Missing Core Data,Missing Social Data
VGB,British Virgin Islands,2014,Latin America & Caribbean,High income,,,4.00919804063438,,,,,,,,,,,,,,,Data Not Available,Missing Core Data,Missing Social Data
VIR,Virgin Islands (U.S.),2014,Latin America & Caribbean,High income,3565000000.0,-1.62976237975002,,,,,,,,,,,,,3.565,0.003565,,Data Not Available,Missing Core Data,Missing Social Data
VNM,Viet Nam,2014,East Asia & Pacific,Lower middle income,233451469642.519,5.13784099364456,3.54012312110584,4255721581.237,1.82295771785959,5.36,,,,,,,,54.3918173842,233.45146964251902,0.233451469642519,1.71716540324625,Education-Focused,Complete Core Data,Complete Social Data
VUT,Vanuatu,2014,East Asia & Pacific,Lower middle income,773717010.546445,0.305492659735435,5.17257022857666,,,,,,,,,,,,0.773717010546445,0.0007737170105464451,,Data Not Available,Missing Core Data,Missing Social Data
WSM,Samoa,2014,East Asia & Pacific,Upper middle income,796683519.593842,-0.23024857506843,5.41392159958726,,,,,,,,,,,,0.796683519593842,0.000796683519593842,,Data Not Available,Missing Core Data,Missing Social Data
XKX,Kosovo,2014,Europe & Central Asia,Upper middle income,7074394734.88431,3.65273027273803,,53575787.7448802,0.758327843608571,5.589,,,,,,,,,7.07439473488431,0.00707439473488431,,Data Not Available,Missing Core Data,Missing Social Data
YEM,"Yemen, Rep.",2014,"Middle East, North Africa, Afghanistan & Pakistan",Low income,43228585321.3272,-3.20471705643189,,1714830843.68747,3.96689083277903,4.077,,,,,,,,35.791246581,43.2285853213272,0.0432285853213272,,Data Not Available,Missing Core Data,Missing Social Data
ZAF,South Africa,2014,Sub-Saharan Africa,Upper middle income,381198869776.106,-0.257188966137676,5.48977994918823,3892485091.06944,1.02189399625968,4.642,,,,,,,,58.2053683106,381.198869776106,0.381198869776106,4.467885952928549,Education-Focused,Complete Core Data,Complete Social Data
ZMB,Zambia,2014,Sub-Saharan Africa,Lower middle income,27141023558.0829,1.42432240940171,5.15225706811611,443604666.534936,1.6338689575111,5.129,,,,,,,,48.9339894829,27.1410235580829,0.0271410235580829,3.5183881106050094,Education-Focused,Complete Core Data,Complete Social Data
ZWE,Zimbabwe,2014,Sub-Saharan Africa,Lower middle income,19505500000.0,0.982274048982148,6.13835396313315,368100000.0,1.88778911739064,4.61,,,,,,,,42.5041729113,19.5055,0.0195055,4.25056484574251,Education-Focused,Complete Core Data,Complete Social Data
ABW,Aruba,2015,Latin America & Caribbean,High income,2962906703.91061,2.55621874043514,5.88826990127563,,,,,,,,,,,,2.96290670391061,0.0029629067039106103,,Data Not Available,Missing Core Data,Missing Social Data
AFE,Africa Eastern and Southern,2015,,,910002035578.038,0.195170651571047,4.73791868878759,15383318097.6508,1.54122446300319,,,,,,,,,,910.002035578038,0.9100020355780379,3.1966942257844,Education-Focused,Complete Core Data,Missing Social Data
AFG,Afghanistan,2015,"Middle East, North Africa, Afghanistan & Pakistan",Low income,19134221644.7325,-1.66505744749013,3.25578999519348,199517108.764826,0.994575822723645,3.36,,,,,,,,35.0750498595,19.1342216447325,0.0191342216447325,2.261214172469835,Education-Focused,Complete Core Data,Complete Social Data
AFW,Africa Western and Central,2015,,,778022057597.448,0.191502169894335,3.13882994651794,5016333439.14496,0.674778833747135,,,,,,,,,,778.022057597448,0.778022057597448,2.4640511127708047,Education-Focused,Complete Core Data,Missing Social Data
AGO,Angola,2015,Sub-Saharan Africa,Lower middle income,102543067840.732,-2.80470818378251,3.48689580393413,3608299114.61674,3.10542629308278,3.866,,,,,,,,39.6539086972,102.543067840732,0.102543067840732,0.38146951085135017,Education-Focused,Complete Core Data,Complete Social Data
ALB,Albania,2015,Europe & Central Asia,Upper middle income,11470171826.9575,3.81743447071763,3.41300010681152,132350667.590834,1.16230386432234,4.655,,,,,,,,58.1754810463,11.4701718269575,0.0114701718269575,2.25069624248918,Education-Focused,Complete Core Data,Complete Social Data
AND,Andorra,2015,Europe & Central Asia,High income,2789882569.1005,3.63079793724701,3.28034996986389,,,,,,,,,,,,2.7898825691005,0.0027898825691005003,,Data Not Available,Missing Core Data,Missing Social Data
ARE,United Arab Emirates,2015,"Middle East, North Africa, Afghanistan & Pakistan",High income,381973042886.317,1.47473600077311,,,,6.573,,,,,,,,65.4849354343,381.973042886317,0.381973042886317,,Data Not Available,Missing Core Data,Missing Social Data
ARG,Argentina,2015,Latin America & Caribbean,Upper middle income,594749285413.212,1.66091253843923,5.77611017227173,5482616700.96393,0.850128597463815,6.65,,,,,,,,59.0377275924,594.7492854132121,0.594749285413212,4.925981574807915,Education-Focused,Complete Core Data,Complete Social Data
ARM,Armenia,2015,Europe & Central Asia,Upper middle income,10553337518.414,3.51599547257022,2.80591011047363,447379807.506819,4.23922578573229,4.36,,,,,,,,57.1299537331,10.553337518413999,0.010553337518414,-1.43331567525866,Military-Focused,Complete Core Data,Complete Social Data
ASM,American Samoa,2015,East Asia & Pacific,High income,673000000.0,4.29662336687659,,,,,,,,,,,,,0.673,0.000673,,Data Not Available,Missing Core Data,Missing Social Data
ATG,Antigua and Barbuda,2015,Latin America & Caribbean,High income,1437485185.18519,0.691094824520249,1.9934755302761,,,,,,,,,,,,1.43748518518519,0.00143748518518519,,Data Not Available,Missing Core Data,Missing Social Data
AUS,Australia,2015,East Asia & Pacific,High income,1356805839935.9,0.704511799724457,,24046205860.2554,1.95232628501993,7.313,,,,,,,,78.6967414418,1356.8058399359,1.3568058399359,,Data Not Available,Missing Core Data,Missing Social Data
AUT,Austria,2015,Europe & Central Asia,High income,379546097300.633,0.174259722821304,5.49143981933594,2665409781.52379,0.702576919833039,7.119,,,,,,,,79.5329086759,379.546097300633,0.379546097300633,4.7888628995029014,Education-Focused,Complete Core Data,Complete Social Data
AZE,Azerbaijan,2015,Europe & Central Asia,Upper middle income,53076235354.746,-0.147024760133903,2.95167994499206,2900551382.15215,5.46487679293858,5.291,,,,,,,,52.260346662,53.076235354746004,0.053076235354746,-2.51319684794652,Military-Focused,Complete Core Data,Complete Social Data
BDI,Burundi,2015,Sub-Saharan Africa,Low income,2810532912.49975,-2.63843207790325,6.37133979797363,66164584.4355924,2.13131991459474,2.905,,,,,,,,37.8744260087,2.8105329124997502,0.00281053291249975,4.24001988337889,Education-Focused,Complete Core Data,Complete Social Data
BEL,Belgium,2015,Europe & Central Asia,High income,461044767544.531,0.887876358046185,6.46963977813721,4202062770.32272,0.911829965009217,6.929,,,,,,,,76.7153367951,461.044767544531,0.461044767544531,5.557809813127992,Education-Focused,Complete Core Data,Complete Social Data
BEN,Benin,2015,Sub-Saharan Africa,Lower middle income,11388160996.7738,-1.18432043750336,3.17298007011414,90896085.8906078,0.798485297889781,3.484,,,,,,,,46.5092968241,11.3881609967738,0.0113881609967738,2.3744947722243595,Education-Focused,Complete Core Data,Complete Social Data
BFA,Burkina Faso,2015,Sub-Saharan Africa,Low income,11832159315.6298,0.888259827767996,3.67008996009827,147934736.66413,1.25078088033268,3.739,,,,,,,,45.2969239452,11.8321593156298,0.0118321593156298,2.41930907976559,Education-Focused,Complete Core Data,Complete Social Data
BGD,Bangladesh,2015,South Asia,Lower middle income,195146608978.131,5.60449539732434,1.87225417109978,2815281640.95454,1.20851710681525,4.643,,,,,,,,45.9864959448,195.146608978131,0.19514660897813102,0.6637370642845299,Education-Focused,Complete Core Data,Complete Social Data
BGR,Bulgaria,2015,Europe & Central Asia,High income,50765918159.1476,4.72028584001873,3.88469004631042,632509635.003401,1.24593360652028,4.217,,,,,,,,62.5496013678,50.765918159147596,0.0507659181591476,2.63875643979014,Education-Focused,Complete Core Data,Complete Social Data
BHR,Bahrain,2015,"Middle East, North Africa, Afghanistan & Pakistan",High income,32523297872.3404,-1.66329278716239,2.55344009399414,1442021276.59574,4.6441113490364,6.218,,,,,,,,59.4302315929,32.5232978723404,0.0325232978723404,-2.09067125504226,Military-Focused,Complete Core Data,Complete Social Data
BHS,"Bahamas, The",2015,Latin America & Caribbean,High income,11837600000.0,0.198544914739557,2.2723175918231,,,,,,,,,,,,11.8376,0.0118376,,Data Not Available,Missing Core Data,Missing Social Data
BIH,Bosnia and Herzegovina,2015,Europe & Central Asia,Upper middle income,16404348361.0926,5.65603511201289,3.0181128667772,162215681.880471,0.988857622509173,5.163,,,,,,,,57.2482612485,16.404348361092598,0.0164043483610926,2.029255244268027,Education-Focused,Complete Core Data,Complete Social Data
BLR,Belarus,2015,Europe & Central Asia,Upper middle income,56454769844.7632,-3.9572512636508,4.78751993179321,642492621.860309,1.13806602416355,5.802,,,,,,,,56.5504794292,56.4547698447632,0.0564547698447632,3.64945390762966,Education-Focused,Complete Core Data,Complete Social Data
BLZ,Belize,2015,Latin America & Caribbean,Upper middle income,2193095150.0,0.623344723744751,5.35711002349854,19717625.0,0.892830505973699,5.956,,,,,,,,55.6685753842,2.19309515,0.00219309515,4.46427951752484,Education-Focused,Complete Core Data,Complete Social Data
BMU,Bermuda,2015,North America,High income,6654541000.0,0.878744268938576,1.50163996219635,,,,,,,,,,,,6.654541,0.006654541,,Data Not Available,Missing Core Data,Missing Social Data
BOL,Bolivia,2015,Latin America & Caribbean,Lower middle income,33000198248.9146,3.27865155787241,8.1434497833252,580617340.150506,1.75943591545975,5.822,,,,,,,,53.6081920796,33.0001982489146,0.0330001982489146,6.38401386786545,Education-Focused,Complete Core Data,Complete Social Data
BRA,Brazil,2015,Latin America & Caribbean,Upper middle income,1802211999456.42,-4.30639755989316,6.24105978012085,24617701683.0655,1.36551715396161,6.952,,,,,,,,61.2090809112,1802.21199945642,1.8022119994564199,4.875542626159239,Education-Focused,Complete Core Data,Complete Social Data
BRB,Barbados,2015,Latin America & Caribbean,High income,5698150000.0,-1.39790250487843,5.15997517232471,,,,,,,,,,,,5.69815,0.00569815,,Data Not Available,Missing Core Data,Missing Social Data
BRN,Brunei Darussalam,2015,East Asia & Pacific,High income,12930296870.1247,-1.68097052571925,,424022039.167265,3.27929046083748,,,,,,,,,,12.930296870124701,0.0129302968701247,,Data Not Available,Missing Core Data,Missing Social Data
BTN,Bhutan,2015,South Asia,Lower middle income,2187815803.36833,5.58370603464722,6.92886018753052,,,5.196,,,,,,,,,2.18781580336833,0.00218781580336833,,Data Not Available,Missing Core Data,Missing Social Data
BWA,Botswana,2015,Sub-Saharan Africa,Upper middle income,13530748844.505,-6.19995412245493,8.39457941644674,383739877.542959,2.82519449903662,3.974,,,,,,,,57.075563955,13.530748844504998,0.013530748844505,5.569384917410121,Education-Focused,Complete Core Data,Complete Social Data
CAF,Central African Republic,2015,Sub-Saharan Africa,Low income,1695825714.19282,4.19878078824811,1.9102285875012,26703885.6228391,1.57531677890907,,,,,,,,,32.0152198037,1.6958257141928201,0.00169582571419282,0.3349118085921299,Education-Focused,Complete Core Data,Missing Social Data
CAN,Canada,2015,North America,High income,1556508816217.14,-0.11236916498423,4.73936986923218,17937641894.7407,1.15270937445521,7.404,,,,,,,,79.3289220743,1556.5088162171398,1.5565088162171399,3.5866604947769707,Education-Focused,Complete Core Data,Complete Social Data
CHE,Switzerland,2015,Europe & Central Asia,High income,694118186379.628,0.494129645915152,4.99560022354126,4521076909.31875,0.651341082840214,7.509,,,,,,,,82.6811506436,694.118186379628,0.6941181863796281,4.344259140701046,Education-Focused,Complete Core Data,Complete Social Data
CHI,Channel Islands,2015,Europe & Central Asia,High income,10109273770.329,-0.0726855379298144,,,,,,,,,,,,,10.109273770329,0.010109273770329,,Data Not Available,Missing Core Data,Missing Social Data
CHL,Chile,2015,Latin America & Caribbean,High income,242450355830.884,1.11370445947465,4.90390014648438,4630772773.72175,1.9096233898132,6.705,,,,,,,,69.2614663444,242.450355830884,0.242450355830884,2.99427675667118,Education-Focused,Complete Core Data,Complete Social Data
CHN,China,2015,East Asia & Pacific,Upper middle income,11280814787468.9,6.35855026398104,,196538827230.79,1.77677106896806,5.245,,,,,,,,58.3597370705,11280.8147874689,11.2808147874689,,Data Not Available,Missing Core Data,Missing Social Data
CIV,Cote d'Ivoire,2015,Sub-Saharan Africa,Lower middle income,45815005169.2651,4.14232947521536,3.49412989616394,569671621.544538,1.24391728133935,3.916,,,,,,,,45.0199102058,45.8150051692651,0.0458150051692651,2.25021261482459,Education-Focused,Complete Core Data,Complete Social Data
CMR,Cameroon,2015,Sub-Saharan Africa,Lower middle income,32210233020.4569,2.40123368709621,2.65791010856628,353815494.553489,1.09889864309409,4.513,,,,,,,,44.4339729833,32.210233020456904,0.032210233020456905,1.5590114654721903,Education-Focused,Complete Core Data,Complete Social Data
COD,"Congo, Dem. Rep.",2015,Sub-Saharan Africa,Low income,40179574490.3032,2.90483865777841,2.17043995857239,491276877.079054,1.22338305167721,,,,,,,,,35.1002529932,40.1795744903032,0.040179574490303196,0.94705690689518,Education-Focused,Complete Core Data,Missing Social Data
COG,"Congo, Rep.",2015,Sub-Saharan Africa,Lower middle income,12434793867.3568,-1.98214587471384,3.13882994651794,,,,,,,,,,,42.9946913353,12.4347938673568,0.0124347938673568,,Data Not Available,Missing Core Data,Missing Social Data
COL,Colombia,2015,Latin America & Caribbean,Upper middle income,293492370193.166,2.06923227113727,4.47038984298706,9127165374.88958,3.10996008410671,6.481,,,,,,,,57.8152840744,293.49237019316604,0.29349237019316604,1.3604297588803496,Education-Focused,Complete Core Data,Complete Social Data
COM,Comoros,2015,Sub-Saharan Africa,Lower middle income,966029600.862227,-0.965303682858504,2.5450599193573,,,3.956,,,,,,,,46.702063811,0.966029600862227,0.0009660296008622269,,Data Not Available,Missing Core Data,Complete Social Data
CPV,Cabo Verde,2015,Sub-Saharan Africa,Upper middle income,1749857620.35329,0.922631249857901,4.80622005462646,8922219.45508732,0.510089039086437,,,,,,,,,56.3031180156,1.74985762035329,0.00174985762035329,4.296131015540023,Education-Focused,Complete Core Data,Missing Social Data
CRI,Costa Rica,2015,Latin America & Caribbean,High income,56441920820.5194,2.55664330007954,6.87349987030029,0.0,,7.087,,,,,,,,68.4307724195,56.4419208205194,0.0564419208205194,,Data Not Available,Missing Core Data,Complete Social Data
CUB,Cuba,2015,Latin America & Caribbean,Upper middle income,87132800000.0,4.53753785531039,8.9633578559392,118370044.052863,3.08379144526184,,,,,,,,,53.3630122885,87.1328,0.0871328,5.879566410677361,Education-Focused,Complete Core Data,Missing Social Data
CUW,Curacao,2015,Latin America & Caribbean,High income,3058779211.89831,-0.858779715385708,5.95011209033324,,,,,,,,,,,,3.0587792118983104,0.0030587792118983103,,Data Not Available,Missing Core Data,Missing Social Data
CYM,Cayman Islands,2015,Latin America & Caribbean,High income,4708167255.28727,0.36080343256711,,,,,,,,,,,,,4.70816725528727,0.00470816725528727,,Data Not Available,Missing Core Data,Missing Social Data
CYP,Cyprus,2015,Europe & Central Asia,High income,19909278416.8575,3.19512275980128,6.30491018295288,327891760.008872,1.64766762744388,5.546,,,,,,,,68.7676560715,19.909278416857497,0.0199092784168575,4.657242555509,Education-Focused,Complete Core Data,Complete Social Data
CZE,Czechia,2015,Europe & Central Asia,High income,189107698561.919,4.75262406436026,5.71913003921509,1779887189.3897,0.941202924537164,6.596,,,,,,,,71.7008164644,189.107698561919,0.189107698561919,4.777927114677926,Education-Focused,Complete Core Data,Complete Social Data
DEU,Germany,2015,Europe & Central Asia,High income,3425099578746.09,0.786705244581157,4.76157999038696,38170021071.3098,1.11541840455009,6.994,,,,,,,,80.3401955619,3425.0995787460897,3.42509957874609,3.6461615858368703,Education-Focused,Complete Core Data,Complete Social Data
DJI,Djibouti,2015,"Middle East, North Africa, Afghanistan & Pakistan",Lower middle income,2424391785.43897,5.45836831293627,3.59895992279053,,,,,,,,,,,46.9461419575,2.4243917854389703,0.00242439178543897,,Data Not Available,Missing Core Data,Missing Social Data
DMA,Dominica,2015,Latin America & Caribbean,Upper middle income,583177777.777778,-3.42415928778391,3.09856009483337,,,,,,,,,,,,0.583177777777778,0.000583177777777778,,Data Not Available,Missing Core Data,Missing Social Data
DNK,Denmark,2015,Europe & Central Asia,High income,301758922337.637,1.38566632188861,,3364047774.07406,1.11481302624419,7.526,,,,,,,,82.4313633192,301.75892233763705,0.301758922337637,,Data Not Available,Missing Core Data,Missing Social Data
DOM,Dominican Republic,2015,Latin America & Caribbean,Upper middle income,70966782572.4386,5.76452490966611,3.60400277306673,458007157.526361,0.643674978238558,5.155,,,,,,,,57.2034747469,70.9667825724386,0.0709667825724386,2.960327794828172,Education-Focused,Complete Core Data,Complete Social Data
DZA,Algeria,2015,"Middle East, North Africa, Afghanistan & Pakistan",Upper middle income,187493855609.345,1.09962061859601,6.17633014564047,10407345244.3615,5.55074215961894,6.355,,,,,,,,49.8523603044,187.493855609345,0.187493855609345,0.6255879860215297,Education-Focused,Complete Core Data,Complete Social Data
EAR,Early-demographic dividend,2015,,,10127250782286.2,2.82086052831947,4.0238801240921,252110382015.032,2.61118156180197,,,,,,,,,,10127.250782286199,10.127250782286199,1.4126985622901302,Education-Focused,Complete Core Data,Missing Social Data
ECS,Europe & Central Asia,2015,,,20603435735279.6,1.62980421272351,4.78751993179321,341553161091.321,1.67456464837656,,,,,,,,,,20603.435735279603,20.6034357352796,3.1129552834166505,Education-Focused,Complete Core Data,Missing Social Data
ECU,Ecuador,2015,Latin America & Caribbean,Upper middle income,97209558000.0,-1.30274985042635,5.10570001602173,2597510000.0,2.6720726618256,5.976,,,,,,,,55.7177456363,97.209558,0.097209558,2.43362735419613,Education-Focused,Complete Core Data,Complete Social Data
EGY,"Egypt, Arab Rep.",2015,"Middle East, North Africa, Afghanistan & Pakistan",Lower middle income,329366576819.407,2.20415858015615,,5475490833.44169,1.72314742829085,4.362,,,,,,,,47.0843594652,329.366576819407,0.329366576819407,,Data Not Available,Missing Core Data,Missing Social Data
ERI,Eritrea,2015,Sub-Saharan Africa,Low income,,,,,,,,,,,,,,34.8632660725,,,,Data Not Available,Missing Core Data,Missing Social Data
ESP,Spain,2015,Europe & Central Asia,High income,1206164777553.12,4.14701193619516,4.24903011322021,15187168681.3796,1.25969265356283,6.361,,,,,,,,73.3367180857,1206.16477755312,1.2061647775531201,2.9893374596573805,Education-Focused,Complete Core Data,Complete Social Data
EST,Estonia,2015,Europe & Central Asia,High income,23311847750.9394,1.77141701957223,5.05127000808716,463568814.461573,1.98944501754528,5.517,,,,,,,,74.2347026651,23.3118477509394,0.0233118477509394,3.06182499054188,Education-Focused,Complete Core Data,Complete Social Data
ETH,Ethiopia,2015,,,62103418181.8182,7.4680767605293,4.73791868878759,442532624.456259,0.70541465068261,,,,,,,,,40.0595034875,62.1034181818182,0.0621034181818182,4.03250403810498,Education-Focused,Complete Core Data,Missing Social Data
FIN,Finland,2015,Europe & Central Asia,High income,233210733506.25,0.136127693741741,7.07199001312256,3399134967.28402,1.45819060668341,7.413,,,,,,,,82.0402686734,233.21073350625,0.23321073350625,5.61379940643915,Education-Focused,Complete Core Data,Complete Social Data
FJI,Fiji,2015,East Asia & Pacific,Upper middle income,4682479893.97558,4.38823265794895,4.80931781024695,42617557.6035115,0.910147310120732,,,,,,,,,,4.6824798939755805,0.00468247989397558,3.8991705001262176,Education-Focused,Complete Core Data,Missing Social Data
FRA,France,2015,Europe & Central Asia,High income,2442483452642.5,0.708030590350688,,45647471640.5013,1.86973268204402,6.478,,,,,,,,76.4038258848,2442.4834526425,2.4424834526425,,Data Not Available,Missing Core Data,Missing Social Data
FRO,Faroe Islands,2015,Europe & Central Asia,High income,2573905971.05459,-0.0144355164052712,,,,,,,,,,,,,2.5739059710545904,0.00257390597105459,,Data Not Available,Missing Core Data,Missing Social Data
FSM,"Micronesia, Fed. Sts.",2015,East Asia & Pacific,Lower middle income,310175057.802073,4.1262434088662,12.407919883728,,,,,,,,,,,,0.310175057802073,0.000310175057802073,,Data Not Available,Missing Core Data,Missing Social Data
GAB,Gabon,2015,Sub-Saharan Africa,Upper middle income,14383107762.6952,0.693296575495864,2.82435985823512,170374503.339251,1.18502560854907,4.121,,,,,,,,48.802410875,14.3831077626952,0.0143831077626952,1.6393342496860501,Education-Focused,Complete Core Data,Complete Social Data
GBR,United Kingdom,2015,Europe & Central Asia,High income,2945579890258.46,1.40598896714546,5.55453014373779,59990205719.3245,2.04890800410498,6.725,,,,,,,,79.5326847142,2945.57989025846,2.94557989025846,3.5056221396328104,Education-Focused,Complete Core Data,Complete Social Data
GEO,Georgia,2015,Europe & Central Asia,Upper middle income,15223796148.8396,3.18839294862944,3.10870368877345,299514176.284605,1.96739841458037,4.252,,,,,,,,59.3651941124,15.2237961488396,0.0152237961488396,1.14130527419308,Education-Focused,Complete Core Data,Complete Social Data
GHA,Ghana,2015,Sub-Saharan Africa,Lower middle income,49436806230.4839,-0.208325820413904,4.43404006958008,190540362.002907,0.392915126090548,4.276,,,,,,,,53.1715132683,49.4368062304839,0.0494368062304839,4.041124943489532,Education-Focused,Complete Core Data,Complete Social Data
GIB,Gibraltar,2015,Europe & Central Asia,High income,,,,,,,,,,,,,,,,,,Data Not Available,Missing Core Data,Missing Social Data
GIN,Guinea,2015,Sub-Saharan Africa,Lower middle income,8794201742.84609,1.2305341257089,2.51713991165161,221414232.310207,2.5177315199509,3.607,,,,,,,,40.1072408611,8.79420174284609,0.00879420174284609,-0.0005916082992900584,Military-Focused,Complete Core Data,Complete Social Data
GMB,"Gambia, The",2015,Sub-Saharan Africa,Low income,1378176608.93204,1.25137248146628,2.16002988815308,14288131.905326,1.00885846696253,,,,,,,,,46.284467202,1.37817660893204,0.00137817660893204,1.1511714211905502,Education-Focused,Complete Core Data,Missing Social Data
GNB,Guinea-Bissau,2015,Sub-Saharan Africa,Low income,1152384166.79638,3.4407197814937,,17036957.2925502,1.47900420224188,,,,,,,,,40.3626297768,1.1523841667963801,0.00115238416679638,,Data Not Available,Missing Core Data,Missing Social Data
GNQ,Equatorial Guinea,2015,Sub-Saharan Africa,Upper middle income,13185496881.0174,-12.4917142663428,,137262659.565475,1.04143202034015,,,,,,,,,46.0465949646,13.1854968810174,0.013185496881017401,,Data Not Available,Missing Core Data,Missing Social Data
GRC,Greece,2015,Europe & Central Asia,High income,194567373678.099,0.431225575747547,3.68238997459412,4818121326.3835,2.47743424261411,5.033,,,,,,,,66.0014763847,194.567373678099,0.194567373678099,1.2049557319800104,Education-Focused,Complete Core Data,Complete Social Data
GRD,Grenada,2015,Latin America & Caribbean,Upper middle income,997007407.407407,5.9402683055354,4.23861035989182,,,,,,,,,,,,0.997007407407407,0.0009970074074074071,,Data Not Available,Missing Core Data,Missing Social Data
GRL,Greenland,2015,Europe & Central Asia,High income,2499113022.81675,-2.2149188822392,,,,,,,,,,,,,2.49911302281675,0.00249911302281675,,Data Not Available,Missing Core Data,Missing Social Data
GTM,Guatemala,2015,Latin America & Caribbean,Upper middle income,62186066547.6566,2.20204503621608,3.03032994270325,252455480.635391,0.405967931287061,6.324,,,,,,,,54.2444587549,62.1860665476566,0.0621860665476566,2.6243620114161894,Education-Focused,Complete Core Data,Complete Social Data
GUM,Guam,2015,East Asia & Pacific,High income,5799000000.0,1.18092123655293,,,,,,,,,,,,,5.799,0.005799,,Data Not Available,Missing Core Data,Missing Social Data
GUY,Guyana,2015,Latin America & Caribbean,High income,4279840193.7046,0.0833711927134857,3.89569997787476,46430508.4745763,1.08486547097887,,,,,,,,,55.3435859031,4.2798401937046,0.0042798401937046,2.8108345068958895,Education-Focused,Complete Core Data,Missing Social Data
HKG,"Hong Kong SAR, China",2015,East Asia & Pacific,High income,309385622601.348,1.51995547711607,3.26210999488831,,,,,,,,,,,78.3662860894,309.385622601348,0.309385622601348,,Data Not Available,Missing Core Data,Missing Social Data
HND,Honduras,2015,Latin America & Caribbean,Lower middle income,20979791685.416,1.88202222037501,6.41298007965088,288148902.676174,1.35173104039659,4.871,,,,,,,,52.0749761656,20.979791685416,0.020979791685416,5.06124903925429,Education-Focused,Complete Core Data,Complete Social Data
HRV,Croatia,2015,Europe & Central Asia,High income,50998893384.8289,3.54911571283303,,891540479.724287,1.7487025038306,5.488,,,,,,,,65.5397393335,50.998893384828904,0.0509988933848289,,Data Not Available,Missing Core Data,Missing Social Data
HTI,Haiti,2015,Latin America & Caribbean,Lower middle income,14849629308.6025,-0.0454395053176881,1.85497999191284,5634558.9108878,0.0399858125348653,4.028,,,,,,,,39.9054194606,14.8496293086025,0.0148496293086025,1.8149941793779747,Education-Focused,Complete Core Data,Complete Social Data
HUN,Hungary,2015,Europe & Central Asia,High income,125244126623.289,4.03310873929586,4.49287986755371,1132476291.73782,0.904216708106145,5.145,,,,,,,,66.2714428757,125.244126623289,0.12524412662328901,3.588663159447565,Education-Focused,Complete Core Data,Complete Social Data
IDB,IDA blend,2015,,,1104888256132.44,1.7546859479457,3.31647992134094,13997415713.9572,1.40101641076237,,,,,,,,,,1104.88825613244,1.10488825613244,1.9154635105785702,Education-Focused,Complete Core Data,Missing Social Data
IDN,Indonesia,2015,East Asia & Pacific,Upper middle income,860854232686.214,3.70583428895539,3.58361005783081,7595030527.64333,0.882266734481239,5.314,,,,,,,,58.5430408689,860.854232686214,0.860854232686214,2.701343323349571,Education-Focused,Complete Core Data,Complete Social Data
IMN,Isle of Man,2015,Europe & Central Asia,High income,7084800892.22284,-0.0295616197691402,,,,,,,,,,,,,7.08480089222284,0.00708480089222284,,Data Not Available,Missing Core Data,Missing Social Data
IND,India,2015,South Asia,Lower middle income,2103588360044.94,6.71566734640226,4.1145601272583,51295483753.9436,2.45745006060163,4.404,,,,,,,,50.7079542259,2103.58836004494,2.10358836004494,1.6571100666566698,Education-Focused,Complete Core Data,Complete Social Data
IRL,Ireland,2015,Europe & Central Asia,High income,302101388556.271,23.4520270725761,3.62438988685608,997005655.983143,0.329854616599638,6.907,,,,,,,,79.2736076717,302.101388556271,0.302101388556271,3.294535270256442,Education-Focused,Complete Core Data,Complete Social Data
IRN,"Iran, Islamic Rep.",2015,"Middle East, North Africa, Afghanistan & Pakistan",Upper middle income,409191686496.677,-2.75798228082138,2.62911009788513,10588769670.8684,2.55709080686915,4.813,,,,,,,,46.4938586788,409.191686496677,0.409191686496677,0.07201929101598026,Education-Focused,Complete Core Data,Complete Social Data
IRQ,Iraq,2015,"Middle East, North Africa, Afghanistan & Pakistan",Upper middle income,166774104959.102,-0.153622231589026,,9604231010.85097,5.41292532011925,4.575,,,,,,,,43.880801633,166.77410495910198,0.166774104959102,,Data Not Available,Missing Core Data,Missing Social Data
ISL,Iceland,2015,Europe & Central Asia,High income,17700486957.1907,2.69299664107407,7.45796012878418,0.0,,7.501,,,,,,,,79.1141933283,17.7004869571907,0.0177004869571907,,Data Not Available,Missing Core Data,Complete Social Data
ISR,Israel,2015,"Middle East, North Africa, Afghanistan & Pakistan",High income,303469434072.296,0.231915657737829,5.79657983779907,16457098752.1976,5.42297442402595,7.267,,,,,,,,69.5412443334,303.469434072296,0.30346943407229604,0.3736054137731193,Education-Focused,Complete Core Data,Complete Social Data
ITA,Italy,2015,Europe & Central Asia,High income,1845428048839.1,1.03826511770654,4.05422019958496,22180845070.4225,1.20247316488401,5.977,,,,,,,,70.6449375993,1845.4280488391,1.8454280488391002,2.85174703470095,Education-Focused,Complete Core Data,Complete Social Data
JAM,Jamaica,2015,Latin America & Caribbean,Upper middle income,14963589915.5912,0.605132259299552,5.45523023605347,123854135.722601,0.872353476007681,5.51,,,,,,,,59.3816418125,14.9635899155912,0.0149635899155912,4.58287676004579,Education-Focused,Complete Core Data,Complete Social Data
JOR,Jordan,2015,"Middle East, North Africa, Afghanistan & Pakistan",Lower middle income,38587017887.3239,-5.58980174753611,3.71272133351629,1614929577.46479,4.1851629472753,5.303,,,,,,,,57.293095862,38.587017887323896,0.038587017887323896,-0.47244161375901017,Military-Focused,Complete Core Data,Complete Social Data
JPN,Japan,2015,East Asia & Pacific,High income,4444930651964.18,1.66846511717627,3.31221008300781,42106103305.7928,0.947283532698529,5.921,,,,,,,,76.4483846416,4444.93065196418,4.44493065196418,2.364926550309281,Education-Focused,Complete Core Data,Complete Social Data
KAZ,Kazakhstan,2015,Europe & Central Asia,Upper middle income,184388404706.042,-0.299093532608879,2.78858995437622,2046197674.3312,1.1097215472116,5.919,,,,,,,,56.4671724871,184.388404706042,0.18438840470604198,1.6788684071646198,Education-Focused,Complete Core Data,Complete Social Data
KEN,Kenya,2015,Sub-Saharan Africa,Lower middle income,70120446896.8359,2.65589352795405,4.74349021911621,843667802.797011,1.20316940776845,4.356,,,,,,,,50.3000360817,70.1204468968359,0.0701204468968359,3.54032081134776,Education-Focused,Complete Core Data,Complete Social Data
KGZ,Kyrgyz Republic,2015,Europe & Central Asia,Lower middle income,6678177511.66313,1.56807607660568,5.98551988601685,230507508.956734,3.45165293268545,,,,,,,,,51.9940711037,6.6781775116631295,0.00667817751166313,2.5338669533314,Education-Focused,Complete Core Data,Missing Social Data
KHM,Cambodia,2015,East Asia & Pacific,Lower middle income,24174170369.0738,5.652931676093,,325188062.343281,1.34520463175237,3.907,,,,,,,,47.1890720361,24.1741703690738,0.024174170369073798,,Data Not Available,Missing Core Data,Missing Social Data
KIR,Kiribati,2015,East Asia & Pacific,Lower middle income,191559398.688293,9.84707092632536,10.7683901960784,,,,,,,,,,,,0.191559398688293,0.00019155939868829302,,Data Not Available,Missing Core Data,Missing Social Data
KNA,St. Kitts and Nevis,2015,Latin America & Caribbean,High income,957222222.222222,0.69841246781877,2.54938006401062,,,,,,,,,,,,0.957222222222222,0.0009572222222222219,,Data Not Available,Missing Core Data,Missing Social Data
KOR,"Korea, Rep.",2015,East Asia & Pacific,High income,1539212301135.55,2.37903405951899,4.24247980117798,36570769322.5744,2.3763712275445,5.835,,,,,,,,72.3705274514,1539.21230113555,1.53921230113555,1.8661085736334804,Education-Focused,Complete Core Data,Complete Social Data
KWT,Kuwait,2015,"Middle East, North Africa, Afghanistan & Pakistan",High income,114585555688.511,-3.83270102171981,,5735132890.36545,5.0074693972269,6.239,,,,,,,,60.1232729999,114.58555568851101,0.114585555688511,,Data Not Available,Missing Core Data,Missing Social Data
LAO,Lao PDR,2015,East Asia & Pacific,Lower middle income,14426380125.6488,5.71702901311374,2.73689787884215,,,4.876,,,,,,,,47.7035375222,14.4263801256488,0.0144263801256488,,Data Not Available,Missing Core Data,Complete Social Data
LBN,Lebanon,2015,"Middle East, North Africa, Afghanistan & Pakistan",Lower middle income,49929337836.8159,-1.48529943559267,,2239416093.73945,4.48517082491055,5.129,,,,,,,,54.4402049154,49.929337836815904,0.049929337836815905,,Data Not Available,Missing Core Data,Missing Social Data
LBR,Liberia,2015,Sub-Saharan Africa,Low income,3227075700.0,-2.06002320038729,2.11587468207978,14799000.0,0.478622250970246,3.622,,,,,,,,44.1396106643,3.2270757,0.0032270757,1.637252431109534,Education-Focused,Complete Core Data,Complete Social Data
LBY,Libya,2015,"Middle East, North Africa, Afghanistan & Pakistan",Upper middle income,48717501321.3052,-2.43005265175647,,,,5.615,,,,,,,,45.1439503534,48.7175013213052,0.0487175013213052,,Data Not Available,Missing Core Data,Missing Social Data
LCA,St. Lucia,2015,Latin America & Caribbean,Upper middle income,1807640740.74074,-0.337052867572226,3.88088011741638,,,,,,,,,,,,1.80764074074074,0.0018076407407407401,,Data Not Available,Missing Core Data,Missing Social Data
LCN,Latin America & Caribbean,2015,,,5289615626446.62,-0.736675500628351,4.44749157539063,59355779388.2505,1.24149552100816,,,,,,,,,,5289.61562644662,5.28961562644662,3.20599605438247,Education-Focused,Complete Core Data,Missing Social Data
LIE,Liechtenstein,2015,Europe & Central Asia,High income,6268515276.17441,,,,,,,,,,,,,,6.26851527617441,0.00626851527617441,,Data Not Available,Missing Core Data,Missing Social Data
LKA,Sri Lanka,2015,South Asia,Lower middle income,85090301052.0465,3.25185230562724,2.10998010635376,2057866406.9716,2.41701116575955,4.415,,,,,,,,54.9200727033,85.0903010520465,0.0850903010520465,-0.3070310594057899,Military-Focused,Complete Core Data,Complete Social Data
LSO,Lesotho,2015,Sub-Saharan Africa,Lower middle income,2359686724.53829,1.92251059472272,7.64272055728181,44025926.2497655,1.86575300076387,,,,,,,,,45.1746698027,2.35968672453829,0.00235968672453829,5.77696755651794,Education-Focused,Complete Core Data,Missing Social Data
LTE,Late-demographic dividend,2015,,,18797219107172.1,4.01152074611161,4.47038984298706,363281187892.703,2.03281630717931,,,,,,,,,,18797.219107172103,18.7972191071721,2.4375735358077497,Education-Focused,Complete Core Data,Missing Social Data
LTU,Lithuania,2015,Europe & Central Asia,High income,41540954817.2039,3.75632420325671,4.21646022796631,471221026.949096,1.13486085095513,5.813,,,,,,,,68.4388048401,41.540954817203904,0.0415409548172039,3.0815993770111803,Education-Focused,Complete Core Data,Complete Social Data
LUX,Luxembourg,2015,Europe & Central Asia,High income,60071584216.1375,-0.11547655084216,3.76792001724243,249528668.071421,0.415571527949753,6.871,,,,,,,,79.9848564193,60.071584216137495,0.060071584216137494,3.3523484892926767,Education-Focused,Complete Core Data,Complete Social Data
LVA,Latvia,2015,Europe & Central Asia,High income,26344565876.8902,4.63645212679371,5.46670007705688,282688255.517356,1.07352247572393,5.56,,,,,,,,69.7876535302,26.3445658768902,0.026344565876890203,4.39317760133295,Education-Focused,Complete Core Data,Complete Social Data
MAC,"Macao SAR, China",2015,East Asia & Pacific,High income,44940613353.1038,-24.3342148018188,3.00247001647949,,,,,,,,,,,,44.9406133531038,0.0449406133531038,,Data Not Available,Missing Core Data,Missing Social Data
MAF,St. Martin (French part),2015,Latin America & Caribbean,High income,,1.21892477722176,,,,,,,,,,,,,,,,Data Not Available,Missing Core Data,Missing Social Data
MAR,Morocco,2015,"Middle East, North Africa, Afghanistan & Pakistan",Lower middle income,110413823841.592,3.10634719191513,5.133369043677,3268363375.66571,2.95999792230728,5.151,,,,,,,,53.7382202041,110.41382384159199,0.110413823841592,2.17337112136972,Education-Focused,Complete Core Data,Complete Social Data
MCO,Monaco,2015,Europe & Central Asia,High income,6264756528.37691,3.11510490897003,,,,,,,,,,,,,6.26475652837691,0.006264756528376911,,Data Not Available,Missing Core Data,Missing Social Data
MDA,Moldova,2015,Europe & Central Asia,Upper middle income,7797667196.73087,0.429158887977096,5.76665405944246,23051814.5944779,0.295624500989931,,,,,,,,,55.953352803,7.79766719673087,0.007797667196730871,5.471029558452528,Education-Focused,Complete Core Data,Missing Social Data
MDG,Madagascar,2015,Sub-Saharan Africa,Low income,11323020701.3017,0.445748708056158,2.21011996269226,58932847.7562419,0.520469241195104,3.695,,,,,,,,44.1595569051,11.3230207013017,0.0113230207013017,1.689650721497156,Education-Focused,Complete Core Data,Complete Social Data
MDV,Maldives,2015,South Asia,Upper middle income,4129505319.12921,0.341527920426657,3.8685998916626,,,,,,,,,,,,4.12950531912921,0.00412950531912921,,Data Not Available,Missing Core Data,Missing Social Data
MEX,Mexico,2015,Latin America & Caribbean,Upper middle income,1213294467716.88,1.60971010585429,5.05087995529175,5468837811.91633,0.45074282393045,6.778,,,,,,,,58.5467716292,1213.2944677168798,1.21329446771688,4.6001371313613,Education-Focused,Complete Core Data,Complete Social Data
MHL,Marshall Islands,2015,East Asia & Pacific,Upper middle income,183700000.0,3.96521735177255,,,,,,,,,,,,,0.1837,0.0001837,,Data Not Available,Missing Core Data,Missing Social Data
MKD,North Macedonia,2015,Europe & Central Asia,Upper middle income,10064519962.5655,4.13429050530651,,99983659.5643541,0.99342769175221,5.121,,,,,,,,61.0198559311,10.0645199625655,0.0100645199625655,,Data Not Available,Missing Core Data,Missing Social Data
MLI,Mali,2015,Sub-Saharan Africa,Low income,15583181170.4105,2.96620762317433,3.19690990447998,309170682.221659,2.36017445199795,4.073,,,,,,,,43.5475195509,15.5831811704105,0.0155831811704105,0.8367354524820301,Education-Focused,Complete Core Data,Complete Social Data
MLT,Malta,2015,"Middle East, North Africa, Afghanistan & Pakistan",High income,11340795042.0881,6.97062722408066,4.91352987289429,51796606.4101142,0.456932902032034,6.488,,,,,,,,73.1556892262,11.3407950420881,0.011340795042088101,4.456596970862256,Education-Focused,Complete Core Data,Complete Social Data
MMR,Myanmar,2015,East Asia & Pacific,Lower middle income,59607290408.4359,6.13960007817474,,2552370441.82802,4.30136045141842,4.395,,,,,,,,43.9025236174,59.6072904084359,0.059607290408435896,,Data Not Available,Missing Core Data,Missing Social Data
MNE,Montenegro,2015,Europe & Central Asia,Upper middle income,4010885990.83986,2.37419874424694,,56891427.3039814,1.40371759825531,5.161,,,,,,,,61.918971939,4.01088599083986,0.00401088599083986,,Data Not Available,Missing Core Data,Missing Social Data
MNG,Mongolia,2015,East Asia & Pacific,Upper middle income,11619892590.6941,0.223539088154311,4.22361993789673,101733069.81011,0.875507832442284,4.907,,,,,,,,55.4606733979,11.6198925906941,0.0116198925906941,3.3481121054544465,Education-Focused,Complete Core Data,Complete Social Data
MNP,Northern Mariana Islands,2015,East Asia & Pacific,High income,910000000.0,4.71604040189382,,,,,,,,,,,,,0.91,0.00091,,Data Not Available,Missing Core Data,Missing Social Data
MOZ,Mozambique,2015,Sub-Saharan Africa,Low income,16208985769.615,4.32231286612486,5.91515660575298,134033726.386182,0.826910016335521,,,,,,,,,43.9631911641,16.208985769615,0.016208985769615,5.088246589417459,Education-Focused,Complete Core Data,Missing Social Data
MRT,Mauritania,2015,Sub-Saharan Africa,Lower middle income,6166863896.68677,2.25580164537985,2.82956598871445,132931217.691719,2.15557240363879,4.201,,,,,,,,38.746864783,6.16686389668677,0.006166863896686771,0.6739935850756598,Education-Focused,Complete Core Data,Complete Social Data
MUS,Mauritius,2015,Sub-Saharan Africa,Upper middle income,12162211503.0793,3.55335696562737,4.75847005844116,17086605.4135158,0.142301917631184,5.648,,,,,,,,65.252319447,12.1622115030793,0.0121622115030793,4.616168140809976,Education-Focused,Complete Core Data,Complete Social Data
MWI,Malawi,2015,Sub-Saharan Africa,Low income,9219474379.31534,0.0079251828197612,3.85398006439209,40793415.429498,0.450825277879302,4.156,,,,,,,,47.5580297567,9.21947437931534,0.00921947437931534,3.403154786512788,Education-Focused,Complete Core Data,Complete Social Data
MYS,Malaysia,2015,East Asia & Pacific,Upper middle income,301355266964.947,3.28578556272301,4.89487981796265,4532069852.24432,1.50389842704146,6.005,,,,,,,,64.8771854556,301.355266964947,0.301355266964947,3.39098139092119,Education-Focused,Complete Core Data,Complete Social Data
NAM,Namibia,2015,Sub-Saharan Africa,Lower middle income,11335161083.5061,1.53445826192009,9.8507685020388,518203685.056455,4.52800016778678,4.574,,,,,,,,56.0371448985,11.3351610835061,0.0113351610835061,5.322768334252021,Education-Focused,Complete Core Data,Complete Social Data
NCL,New Caledonia,2015,East Asia & Pacific,High income,8738203074.3957,,,,,,,,,,,,,,8.7382030743957,0.0087382030743957,,Data Not Available,Missing Core Data,Missing Social Data
NER,Niger,2015,Sub-Saharan Africa,Low income,9683867926.44282,0.604320140159473,4.48669004440308,,,3.856,,,,,,,,42.6135047893,9.68386792644282,0.009683867926442819,,Data Not Available,Missing Core Data,Complete Social Data
NGA,Nigeria,2015,Sub-Saharan Africa,Lower middle income,493026682800.63,0.081979577825436,0.436954905120644,2065557663.35091,0.417636537730714,4.875,,,,,,,,42.6393088922,493.02668280063,0.49302668280063,0.01931836738992998,Education-Focused,Complete Core Data,Complete Social Data
NIC,Nicaragua,2015,Latin America & Caribbean,Lower middle income,12756696261.0676,3.37914204919937,4.07843017578125,98932947.1510318,0.775537371941149,5.992,,,,,,,,52.6436750808,12.756696261067601,0.0127566962610676,3.302892803840101,Education-Focused,Complete Core Data,Complete Social Data
NLD,Netherlands,2015,Europe & Central Asia,High income,775743675302.734,1.66898777013176,5.27802991867065,8667849617.38938,1.11786033539529,7.339,,,,,,,,81.2896642342,775.743675302734,0.775743675302734,4.16016958327536,Education-Focused,Complete Core Data,Complete Social Data
NOR,Norway,2015,Europe & Central Asia,High income,388159512245.53,0.848799114123295,7.52335977554321,5815228174.60317,1.49812327266489,7.498,,,,,,,,82.7856939721,388.15951224553004,0.38815951224553,6.02523650287832,Education-Focused,Complete Core Data,Complete Social Data
NPL,Nepal,2015,South Asia,Lower middle income,24360801286.7638,3.4108030002933,3.25901007652283,323797729.640271,1.36813102427041,4.793,,,,,,,,49.0005343242,24.360801286763802,0.0243608012867638,1.89087905225242,Education-Focused,Complete Core Data,Complete Social Data
NRU,Nauru,2015,East Asia & Pacific,High income,84863440.5801997,1.4172709809001,6.25260294117647,,,,,,,,,,,,0.0848634405801997,8.48634405801997e-05,,Data Not Available,Missing Core Data,Missing Social Data
NZL,New Zealand,2015,East Asia & Pacific,High income,178224167087.99,1.60054496622324,5.70350980758667,1734778849.00364,0.987950412435414,7.334,,,,,,,,81.045121891,178.22416708799,0.17822416708799,4.7155593951512556,Education-Focused,Complete Core Data,Complete Social Data
OMN,Oman,2015,"Middle East, North Africa, Afghanistan & Pakistan",High income,78710793237.9714,0.438450329868957,,7533550065.0195,9.57116730321235,,,,,,,,,58.018387607,78.7107932379714,0.07871079323797141,,Data Not Available,Missing Core Data,Missing Social Data
PAK,Pakistan,2015,"Middle East, North Africa, Afghanistan & Pakistan",Lower middle income,299963590534.773,2.76648640710329,2.38609004020691,9506441631.23121,3.16298664508296,5.132,,,,,,,,40.9766414876,299.963590534773,0.299963590534773,-0.77689660487605,Military-Focused,Complete Core Data,Complete Social Data
PAN,Panama,2015,Latin America & Caribbean,High income,55767806073.1781,3.46107394258979,3.26552009582519,0.0,,6.701,,,,,,,,63.9079631749,55.7678060731781,0.0557678060731781,,Data Not Available,Missing Core Data,Complete Social Data
PER,Peru,2015,Latin America & Caribbean,Upper middle income,189802976285.619,2.09361990664132,3.96933007240295,3312214570.18629,1.74508054943009,5.743,,,,,,,,59.3123848702,189.802976285619,0.18980297628561899,2.22424952297286,Education-Focused,Complete Core Data,Complete Social Data
PHL,Philippines,2015,East Asia & Pacific,Lower middle income,306445871242.322,4.7872505574235,2.83052303785203,3335550049.02957,1.08846303958172,5.279,,,,,,,,57.3837507498,306.445871242322,0.30644587124232203,1.7420599982703098,Education-Focused,Complete Core Data,Complete Social Data
PLW,Palau,2015,East Asia & Pacific,High income,287057525.634766,7.58608327744872,,,,,,,,,,,,,0.287057525634766,0.000287057525634766,,Data Not Available,Missing Core Data,Missing Social Data
PNG,Papua New Guinea,2015,East Asia & Pacific,Lower middle income,21723437010.0982,3.8989789371627,1.62515691017505,99840642.6789849,0.459900166389351,,,,,,,,,47.3101346727,21.723437010098202,0.021723437010098202,1.165256743785699,Education-Focused,Complete Core Data,Missing Social Data
POL,Poland,2015,Europe & Central Asia,High income,480054118583.367,4.50138467634895,4.78748989105225,10212785780.6075,2.12742384353358,5.835,,,,,,,,69.7064446211,480.054118583367,0.480054118583367,2.6600660475186695,Education-Focused,Complete Core Data,Complete Social Data
PRI,Puerto Rico (US),2015,Latin America & Caribbean,High income,103375500000.0,0.346031006728381,3.34032241682023,,,,,,,,,,,,103.3755,0.1033755,,Data Not Available,Missing Core Data,Missing Social Data
PRK,"Korea, Dem. People's Rep.",2015,East Asia & Pacific,Low income,,,,869629629.62963,,,,,,,,,,,,,,Data Not Available,Missing Core Data,Missing Social Data
PRT,Portugal,2015,Europe & Central Asia,High income,199038523119.639,2.01139554784055,4.89425992965698,2643894865.25452,1.32892803352448,5.123,,,,,,,,72.6531679951,199.038523119639,0.19903852311963902,3.5653318961325,Education-Focused,Complete Core Data,Complete Social Data
PRY,Paraguay,2015,Latin America & Caribbean,Upper middle income,36211447840.1027,1.46452361944058,3.33377822870463,386538864.264704,1.06744934908852,5.538,,,,,,,,56.5612747874,36.2114478401027,0.036211447840102697,2.2663288796161103,Education-Focused,Complete Core Data,Complete Social Data
PSE,West Bank and Gaza,2015,"Middle East, North Africa, Afghanistan & Pakistan",Lower middle income,13972400000.0,1.37258508832343,4.66321992874146,,,,,,,,,,,,13.9724,0.0139724,,Data Not Available,Missing Core Data,Missing Social Data
PYF,French Polynesia,2015,East Asia & Pacific,High income,5325846361.81186,1.26147120448255,,,,,,,,,,,,,5.32584636181186,0.00532584636181186,,Data Not Available,Missing Core Data,Missing Social Data
QAT,Qatar,2015,"Middle East, North Africa, Afghanistan & Pakistan",High income,161739835164.835,-3.86139446926616,,,,6.375,,,,,,,,64.481909825,161.739835164835,0.161739835164835,,Data Not Available,Missing Core Data,Missing Social Data
ROU,Romania,2015,Europe & Central Asia,High income,177885131240.315,3.64306941096366,3.10693001747131,2580594158.27577,1.45071824376782,5.528,,,,,,,,62.9441212967,177.885131240315,0.177885131240315,1.6562117737034898,Education-Focused,Complete Core Data,Complete Social Data
RUS,Russia,2015,Europe & Central Asia,High income,1363482182197.71,-2.2762114110788,3.83402991294861,66421822179.9206,4.87151474680202,5.856,,,,,,,,55.446180418,1363.48218219771,1.36348218219771,-1.0374848338534095,Military-Focused,Complete Core Data,Complete Social Data
RWA,Rwanda,2015,Sub-Saharan Africa,Low income,8543760199.80208,6.28259221925458,3.64713001251221,103563214.70551,1.21369473342003,3.515,,,,,,,,50.8578046781,8.54376019980208,0.00854376019980208,2.43343527909218,Education-Focused,Complete Core Data,Complete Social Data
SAU,Saudi Arabia,2015,"Middle East, North Africa, Afghanistan & Pakistan",High income,693414400000.0,-0.634810334471936,,87185866666.6667,13.022838193007,6.379,,,,,,,,54.8294768224,693.4144,0.6934144,,Data Not Available,Missing Core Data,Missing Social Data
SDN,Sudan,2015,Sub-Saharan Africa,Low income,51726758676.7677,-1.14810293147822,,2279621639.5619,2.71294023315842,4.139,,,,,,,,37.8077797721,51.7267586767677,0.0517267586767677,,Data Not Available,Missing Core Data,Missing Social Data
SEN,Senegal,2015,Sub-Saharan Africa,Lower middle income,17774766696.1759,3.15103873013858,5.45634984970093,214827965.170344,1.2090991706832,4.219,,,,,,,,51.0580819757,17.7747666961759,0.0177747666961759,4.24725067901773,Education-Focused,Complete Core Data,Complete Social Data
SGP,Singapore,2015,East Asia & Pacific,High income,307998545269.398,1.76232468638902,2.99161870509909,9383830669.35792,3.04671265935693,6.739,,,,,,,,76.7172601085,307.998545269398,0.307998545269398,-0.055093954257839695,Military-Focused,Complete Core Data,Complete Social Data
SLB,Solomon Islands,2015,East Asia & Pacific,Lower middle income,1307908813.59962,-1.90313667351086,,,,,,,,,,,,,1.3079088135996202,0.0013079088135996202,,Data Not Available,Missing Core Data,Missing Social Data
SLE,Sierra Leone,2015,Sub-Saharan Africa,Low income,6788352974.78329,-6.55487587621558,3.21786273563993,39226514.2658403,0.581670050305266,4.635,,,,,,,,43.5859094115,6.78835297478329,0.00678835297478329,2.636192685334664,Education-Focused,Complete Core Data,Complete Social Data
SLV,El Salvador,2015,Latin America & Caribbean,Upper middle income,23438240000.0,2.05686593954016,3.90987992286682,247700000.0,1.05682005889035,6.068,,,,,,,,56.0483992306,23.43824,0.02343824,2.85305986397647,Education-Focused,Complete Core Data,Complete Social Data
SMR,San Marino,2015,Europe & Central Asia,High income,1419401070.56043,1.53901918424206,3.11914279579368,,,,,,,,,,,,1.41940107056043,0.0014194010705604302,,Data Not Available,Missing Core Data,Missing Social Data
SOM,"Somalia, Fed. Rep.",2015,Sub-Saharan Africa,Low income,6152149099.99942,6.72219258601305,,46614000.0,0.681391609413828,,,,,,,,,31.8941674095,6.15214909999942,0.00615214909999942,,Data Not Available,Missing Core Data,Missing Social Data
SRB,Serbia,2015,Europe & Central Asia,Upper middle income,41297410634.9586,1.81545266180656,,700189351.439888,1.69548003219134,5.177,,,,,,,,58.3090802354,41.2974106349586,0.041297410634958606,,Data Not Available,Missing Core Data,Missing Social Data
SSD,South Sudan,2015,Sub-Saharan Africa,Low income,11997800760.2242,-9.76929494253935,1.46555995941162,1151920376.75944,8.60365296803653,3.832,,,,,,,,31.795748074,11.9978007602242,0.011997800760224199,-7.138093008624909,Military-Focused,Complete Core Data,Complete Social Data
STP,Sao Tome and Principe,2015,Sub-Saharan Africa,Lower middle income,259999643.047388,-0.246825905363622,4.69794988632202,,,,,,,,,,,55.7760894045,0.259999643047388,0.000259999643047388,,Data Not Available,Missing Core Data,Missing Social Data
SUR,Suriname,2015,Latin America & Caribbean,Upper middle income,5126237646.22072,-4.45160318607753,5.53479610522553,,,6.269,,,,,,,,58.1595070378,5.12623764622072,0.005126237646220721,,Data Not Available,Missing Core Data,Complete Social Data
SVK,Slovak Republic,2015,Europe & Central Asia,High income,89178548717.3324,5.07697290945579,4.56416988372803,985915492.957747,1.10604733307789,,,,,,,,,68.5389716159,89.1785487173324,0.0891785487173324,3.45812255065014,Education-Focused,Complete Core Data,Missing Social Data
SVN,Slovenia,2015,Europe & Central Asia,High income,42709468274.8137,2.31634491842804,4.95528984069824,400771875.346568,0.938787933833639,5.768,,,,,,,,72.2504322475,42.709468274813695,0.0427094682748137,4.016501906864601,Education-Focused,Complete Core Data,Complete Social Data
SWE,Sweden,2015,Europe & Central Asia,High income,501602351911.6,3.29020421290397,7.49442005157471,5386942195.8071,1.07374144708625,7.291,,,,,,,,82.203107933,501.60235191159995,0.5016023519116,6.42067860448846,Education-Focused,Complete Core Data,Complete Social Data
SWZ,Eswatini,2015,Sub-Saharan Africa,Lower middle income,3908217914.21824,1.12454682394791,5.35494723006471,73527455.7424242,1.74960240174858,,,,,,,,,44.4926485314,3.90821791421824,0.00390821791421824,3.6053448283161296,Education-Focused,Complete Core Data,Missing Social Data
SXM,Sint Maarten (Dutch part),2015,Latin America & Caribbean,High income,1417888715.0838,-2.02875877780978,,,,,,,,,,,,,1.4178887150838,0.0014178887150838,,Data Not Available,Missing Core Data,Missing Social Data
SYC,Seychelles,2015,Sub-Saharan Africa,High income,1432403352.12944,6.51232550996488,4.91460990905762,18101348.7758118,1.26370471979916,,,,,,,,,63.1430662248,1.4324033521294401,0.00143240335212944,3.65090518925846,Education-Focused,Complete Core Data,Missing Social Data
SYR,Syrian Arab Republic,2015,"Middle East, North Africa, Afghanistan & Pakistan",Low income,16466863117.0009,0.0084650386573628,,,,,,,,,,,,37.5657167078,16.4668631170009,0.0164668631170009,,Data Not Available,Missing Core Data,Missing Social Data
TCA,Turks and Caicos Islands,2015,Latin America & Caribbean,High income,1078274000.0,6.58611583730091,3.09093999862671,,,,,,,,,,,,1.078274,0.001078274,,Data Not Available,Missing Core Data,Missing Social Data
TCD,Chad,2015,Sub-Saharan Africa,Low income,14559599499.5011,0.0674074942708955,2.34283149521162,220982331.558035,1.52397076587984,3.763,,,,,,,,34.7631659577,14.5595994995011,0.014559599499501101,0.81886072933178,Education-Focused,Complete Core Data,Complete Social Data
TGO,Togo,2015,Sub-Saharan Africa,Low income,5755457836.01866,2.84283067512166,3.71096992492676,69977174.7400457,1.67442289494562,3.303,,,,,,,,42.2127541301,5.7554578360186595,0.00575545783601866,2.03654702998114,Education-Focused,Complete Core Data,Complete Social Data
THA,Thailand,2015,East Asia & Pacific,Upper middle income,401296238228.084,2.65971785318402,3.86397622727286,5434004602.73993,1.33732679725458,6.474,,,,,,,,60.1248980457,401.296238228084,0.40129623822808397,2.5266494300182805,Education-Focused,Complete Core Data,Complete Social Data
TJK,Tajikistan,2015,Europe & Central Asia,Lower middle income,8271431485.07484,3.34193519398252,4.96774005889893,100679580.407099,1.28197181934631,4.996,,,,,,,,48.7989402006,8.271431485074839,0.008271431485074839,3.68576823955262,Education-Focused,Complete Core Data,Complete Social Data
TKM,Turkmenistan,2015,Europe & Central Asia,Upper middle income,35799714285.7143,4.09291832714018,,,,5.658,,,,,,,,49.523110922,35.7997142857143,0.0357997142857143,,Data Not Available,Missing Core Data,Missing Social Data
TLS,Timor-Leste,2015,East Asia & Pacific,Lower middle income,1590282371.46446,0.50481165896521,8.46706962585449,36959000.0,2.32446540880503,,,,,,,,,,1.5902823714644598,0.0015902823714644598,6.142604217049461,Education-Focused,Complete Core Data,Missing Social Data
TON,Tonga,2015,East Asia & Pacific,Upper middle income,437525514.240726,1.6036112932528,,,,,,,,,,,,,0.437525514240726,0.000437525514240726,,Data Not Available,Missing Core Data,Missing Social Data
TTO,Trinidad and Tobago,2015,Latin America & Caribbean,High income,26841141793.2143,-0.725356979544244,4.42459330779419,202106905.459739,0.752974392707466,6.168,,,,,,,,62.1929037926,26.841141793214298,0.0268411417932143,3.6716189150867238,Education-Focused,Complete Core Data,Complete Social Data
TUN,Tunisia,2015,"Middle East, North Africa, Afghanistan & Pakistan",Lower middle income,45779494041.9295,-0.165402101671091,6.22044992446899,979306829.765545,2.13959162946471,5.045,,,,,,,,54.8378066974,45.779494041929496,0.0457794940419295,4.08085829500428,Education-Focused,Complete Core Data,Complete Social Data
TUR,Turkiye,2015,Europe & Central Asia,Upper middle income,865460050683.656,4.4033792666971,4.30550003051758,15668750000.0,1.81284855723729,5.389,,,,,,,,58.7898155053,865.460050683656,0.8654600506836561,2.49265147328029,Education-Focused,Complete Core Data,Complete Social Data
TUV,Tuvalu,2015,East Asia & Pacific,Upper middle income,36811936.0824587,10.6281735534677,,,,,,,,,,,,,0.036811936082458696,3.6811936082458696e-05,,Data Not Available,Missing Core Data,Missing Social Data
TZA,Tanzania,2015,Sub-Saharan Africa,Lower middle income,47413919817.124,2.77038211960942,4.19486548285076,517075761.799188,1.09136986722986,3.666,,,,,,,,46.6571302611,47.413919817124004,0.047413919817124,3.1034956156209006,Education-Focused,Complete Core Data,Complete Social Data
UGA,Uganda,2015,Sub-Saharan Africa,Low income,32387183730.1002,2.00429943099081,2.32152009010315,306144695.426773,0.986680287683281,3.739,,,,,,,,45.9067320993,32.3871837301002,0.0323871837301002,1.3348398024198689,Education-Focused,Complete Core Data,Complete Social Data
UKR,Ukraine,2015,Europe & Central Asia,Upper middle income,91030967789.0717,-9.27686663817931,5.33951727495092,3502733744.23874,3.84784847607093,4.324,,,,,,,,54.5414581168,91.0309677890717,0.0910309677890717,1.4916687988799895,Education-Focused,Complete Core Data,Complete Social Data
URY,Uruguay,2015,Latin America & Caribbean,High income,57680327998.6689,0.0225745559950212,4.20636987686157,969906845.518716,1.76584061733326,6.545,,,,,,,,68.6806277611,57.6803279986689,0.0576803279986689,2.4405292595283097,Education-Focused,Complete Core Data,Complete Social Data
USA,United States,2015,North America,High income,18206020741000.0,2.12741138123612,4.93064022064209,633829639000.0,3.46449292564277,7.104,,,,,,,,77.1199033332,18206.020741,18.206020741,1.46614729499932,Education-Focused,Complete Core Data,Complete Social Data
UZB,Uzbekistan,2015,Europe & Central Asia,Lower middle income,86196264755.3105,5.38345590914129,5.49444007873535,,,5.987,,,,,,,,50.1489058274,86.1962647553105,0.0861962647553105,,Data Not Available,Missing Core Data,Complete Social Data
VCT,St. Vincent and the Grenadines,2015,Latin America & Caribbean,Upper middle income,786555555.555555,3.33765430602968,4.95614634835429,,,,,,,,,,,,0.786555555555555,0.000786555555555555,,Data Not Available,Missing Core Data,Missing Social Data
VEN,"Venezuela, RB",2015,,,125449241571.391,-7.20256924845928,,320539157.963524,0.941375968866619,,,,,,,,,47.4020695625,125.44924157139101,0.125449241571391,,Data Not Available,Missing Core Data,Missing Social Data
VGB,British Virgin Islands,2015,Latin America & Caribbean,High income,,,4.70449999843962,,,,,,,,,,,,,,,Data Not Available,Missing Core Data,Missing Social Data
VIR,Virgin Islands (U.S.),2015,Latin America & Caribbean,High income,3663000000.0,-0.26792231561096,,,,,,,,,,,,,3.663,0.003663,,Data Not Available,Missing Core Data,Missing Social Data
VNM,Viet Nam,2015,East Asia & Pacific,Lower middle income,239258328381.741,5.66896478541561,3.41660449674943,4562632500.69131,1.90702805588388,5.061,,,,,,,,55.0999943477,239.258328381741,0.239258328381741,1.50957644086555,Education-Focused,Complete Core Data,Complete Social Data
VUT,Vanuatu,2015,East Asia & Pacific,Lower middle income,759690180.951654,1.67602106503972,5.39081001281738,,,,,,,,,,,,0.759690180951654,0.000759690180951654,,Data Not Available,Missing Core Data,Missing Social Data
WSM,Samoa,2015,East Asia & Pacific,Upper middle income,824150498.653536,2.95226941311462,4.42452121728174,,,,,,,,,,,,0.824150498653536,0.0008241504986535359,,Data Not Available,Missing Core Data,Missing Social Data
XKX,Kosovo,2015,Europe & Central Asia,Upper middle income,6295848422.71573,7.36815111994392,,49984164.356216,0.794280304031609,5.401,,,,,,,,,6.295848422715729,0.006295848422715729,,Data Not Available,Missing Core Data,Missing Social Data
YEM,"Yemen, Rep.",2015,"Middle East, North Africa, Afghanistan & Pakistan",Low income,42444490073.8555,-30.1507550992904,,,,3.724,,,,,,,,35.5952392757,42.4444900738555,0.0424444900738555,,Data Not Available,Missing Core Data,Missing Social Data
ZAF,South Africa,2015,Sub-Saharan Africa,Upper middle income,346709790458.563,-0.694265293924985,5.48285007476807,3488867947.83997,1.00692862196088,4.459,,,,,,,,58.4884771355,346.70979045856296,0.346709790458563,4.4759214528071904,Education-Focused,Complete Core Data,Complete Social Data
ZMB,Zambia,2015,Sub-Saharan Africa,Lower middle income,21251216798.7762,-0.241301067013211,4.62433004379272,372447569.820527,1.75323445099498,4.795,,,,,,,,48.7865922772,21.2512167987762,0.021251216798776198,2.87109559279774,Education-Focused,Complete Core Data,Complete Social Data
ZWE,Zimbabwe,2015,Sub-Saharan Africa,Lower middle income,19973250000.0,0.425141539219794,,376677000.0,1.88630877860684,4.193,,,,,,,,43.1551530424,19.97325,0.01997325,,Data Not Available,Missing Core Data,Missing Social Data
ABW,Aruba,2016,Latin America & Caribbean,High income,2983637430.1676,0.469912651203259,5.49136018753052,,,,,,,,,,,,2.9836374301676,0.0029836374301676002,,Data Not Available,Missing Core Data,Missing Social Data
AFE,Africa Eastern and Southern,2016,,,831868076442.431,-0.531578202025244,4.69199991226196,13659413872.3535,1.28135259202439,,,,,,,,,,831.8680764424311,0.831868076442431,3.4106473202375702,Education-Focused,Complete Core Data,Missing Social Data
AFG,Afghanistan,2016,"Middle East, North Africa, Afghanistan & Pakistan",Low income,18116572395.0772,-0.300121027406746,4.5439600944519,185878310.062383,0.956772140958855,3.794,,,,,,,,34.4380746655,18.116572395077203,0.0181165723950772,3.5871879534930446,Education-Focused,Complete Core Data,Complete Social Data
AFW,Africa Western and Central,2016,,,700028168335.244,-2.448315415498,2.57739496231079,5575535214.60029,0.812959153905816,,,,,,,,,,700.028168335244,0.7000281683352441,1.7644358084049743,Education-Focused,Complete Core Data,Missing Social Data
AGO,Angola,2016,Sub-Saharan Africa,Lower middle income,59878249719.3279,-5.15402904669538,2.75493664582725,2764054937.15976,2.73333494465123,3.795,,,,,,,,39.1676033188,59.878249719327904,0.059878249719327904,0.021601701176020338,Education-Focused,Complete Core Data,Complete Social Data
ALB,Albania,2016,Europe & Central Asia,Upper middle income,11988668784.6628,5.52482598081943,3.91997003555298,130853203.626464,1.10358100880452,4.644,,,,,,,,58.3720701961,11.9886687846628,0.0119886687846628,2.81638902674846,Education-Focused,Complete Core Data,Complete Social Data
AND,Andorra,2016,Europe & Central Asia,High income,2896611878.6258,3.69962046811506,3.23707008361816,,,,,,,,,,,,2.8966118786258,0.0028966118786258,,Data Not Available,Missing Core Data,Missing Social Data
ARE,United Arab Emirates,2016,"Middle East, North Africa, Afghanistan & Pakistan",High income,381717086453.37,0.574841518832997,,,,6.648,,,,,,,,65.7323018993,381.71708645337,0.38171708645337,,Data Not Available,Missing Core Data,Missing Social Data
ARG,Argentina,2016,Latin America & Caribbean,Upper middle income,557532320662.955,-3.02450095578762,5.54548978805542,4509647660.05234,0.809245362717563,6.599,,,,,,,,59.0418956617,557.5323206629549,0.557532320662955,4.736244425337857,Education-Focused,Complete Core Data,Complete Social Data
ARM,Armenia,2016,Europe & Central Asia,Upper middle income,10546136235.5219,0.611877151180408,2.75812005996704,431396218.601658,4.09034921699325,4.376,,,,,,,,57.1063777048,10.5461362355219,0.0105461362355219,-1.3322291570262097,Military-Focused,Complete Core Data,Complete Social Data
ASM,American Samoa,2016,East Asia & Pacific,High income,671000000.0,-0.488137584297121,,,,,,,,,,,,,0.671,0.000671,,Data Not Available,Missing Core Data,Missing Social Data
ATG,Antigua and Barbuda,2016,Latin America & Caribbean,High income,1489603703.7037,3.47228425039911,2.17149931504636,,,,,,,,,,,,1.4896037037037,0.0014896037037037,,Data Not Available,Missing Core Data,Missing Social Data
AUS,Australia,2016,East Asia & Pacific,High income,1211588128417.61,1.16312811538609,,26382947050.0183,2.0896214779767,7.284,,,,,,,,79.0054605119,1211.58812841761,1.2115881284176102,,Data Not Available,Missing Core Data,Missing Social Data
AUT,Austria,2016,Europe & Central Asia,High income,393687359770.273,1.01887723192984,5.50954008102417,2885947386.10357,0.73372291194157,7.006,,,,,,,,79.5168900587,393.687359770273,0.393687359770273,4.7758171690826,Education-Focused,Complete Core Data,Complete Social Data
AZE,Azerbaijan,2016,Europe & Central Asia,Upper middle income,37866996882.9157,-4.14117487259738,2.90340995788574,1396969107.65832,3.68852730317814,5.234,,,,,,,,52.7280365694,37.8669968829157,0.037866996882915706,-0.7851173452924001,Military-Focused,Complete Core Data,Complete Social Data
BDI,Burundi,2016,Sub-Saharan Africa,Low income,2618093125.14687,1.43842311150118,4.69199991226196,66462843.0779874,2.2431638636818,2.905,,,,,,,,37.4264194344,2.61809312514687,0.00261809312514687,2.4488360485801604,Education-Focused,Complete Core Data,Complete Social Data
BEL,Belgium,2016,Europe & Central Asia,High income,474271566739.729,0.682454832714654,6.48613023757935,4255489554.61624,0.898085290562566,6.891,,,,,,,,77.2731475629,474.271566739729,0.474271566739729,5.588044947016784,Education-Focused,Complete Core Data,Complete Social Data
BEN,Benin,2016,Sub-Saharan Africa,Lower middle income,11821065853.3838,0.361166139903119,2.89910006523132,79581568.0520594,0.673596727016815,3.657,,,,,,,,46.7828439412,11.8210658533838,0.0118210658533838,2.225503338214505,Education-Focused,Complete Core Data,Complete Social Data
BFA,Burkina Faso,2016,Sub-Saharan Africa,Low income,12833363045.3367,2.9035090911533,,149467363.227452,1.16533335437179,4.032,,,,,,,,45.5894017936,12.8333630453367,0.0128333630453367,,Data Not Available,Missing Core Data,Missing Social Data
BGD,Bangladesh,2016,South Asia,Lower middle income,265224515675.034,6.16181560014782,1.28183996677399,3239753509.63918,1.22590049912782,4.608,,,,,,,,46.0684162012,265.224515675034,0.265224515675034,0.05593946764616997,Education-Focused,Complete Core Data,Complete Social Data
BGR,Bulgaria,2016,Europe & Central Asia,High income,53929397039.2106,4.37288163509066,3.81435990333557,670592858.359724,1.24384580804927,4.714,,,,,,,,63.2414121747,53.9293970392106,0.053929397039210604,2.5705140952863,Education-Focused,Complete Core Data,Complete Social Data
BHR,Bahrain,2016,"Middle East, North Africa, Afghanistan & Pakistan",High income,33884680851.0638,-0.0791098754103388,2.80248290251154,1505534574.46809,4.67063531353135,6.087,,,,,,,,59.3910920428,33.8846808510638,0.0338846808510638,-1.86815241101981,Military-Focused,Complete Core Data,Complete Social Data
BHS,"Bahamas, The",2016,Latin America & Caribbean,High income,11880900000.0,-1.84653148444181,2.58786212973921,,,,,,,,,,,,11.8809,0.0118809,,Data Not Available,Missing Core Data,Missing Social Data
BIH,Bosnia and Herzegovina,2016,Europe & Central Asia,Upper middle income,17116926553.8513,4.59597025623206,4.26451015472412,157912010.578703,0.922772270069199,5.182,,,,,,,,57.3878517511,17.1169265538513,0.0171169265538513,3.341737884654921,Education-Focused,Complete Core Data,Complete Social Data
BLR,Belarus,2016,Europe & Central Asia,Upper middle income,47723545321.259,-2.61191381567238,4.94654989242554,719624427.112323,1.52328091923032,5.569,,,,,,,,56.8890492744,47.723545321259,0.047723545321259005,3.4232689731952197,Education-Focused,Complete Core Data,Complete Social Data
BLZ,Belize,2016,Latin America & Caribbean,Upper middle income,2239604950.0,-2.31386521552362,5.72603988647461,21712887.5,0.96275814780823,5.956,,,,,,,,55.5395007055,2.23960495,0.00223960495,4.763281738666381,Education-Focused,Complete Core Data,Complete Social Data
BMU,Bermuda,2016,North America,High income,6899911000.0,-0.633720640096868,2.03905874199287,,,,,,,,,,,,6.899911,0.006899911,,Data Not Available,Missing Core Data,Missing Social Data
BOL,Bolivia,2016,Latin America & Caribbean,Lower middle income,33941126193.9219,2.7222071569043,8.15062046051025,519309934.32642,1.53046784866919,5.823,,,,,,,,53.4775794034,33.9411261939219,0.0339411261939219,6.6201526118410605,Education-Focused,Complete Core Data,Complete Social Data
BRA,Brazil,2016,Latin America & Caribbean,Upper middle income,1795693265999.04,-4.01012719205779,6.31403017044067,24224746901.4667,1.34797541299482,6.635,,,,,,,,61.4290434696,1795.69326599904,1.7956932659990401,4.96605475744585,Education-Focused,Complete Core Data,Complete Social Data
BRB,Barbados,2016,Latin America & Caribbean,High income,5674600000.0,1.27579693620899,4.19719982147217,,,,,,,,,,,,5.6746,0.0056746,,Data Not Available,Missing Core Data,Missing Social Data
BRN,Brunei Darussalam,2016,East Asia & Pacific,High income,11400266044.6651,-3.69864300009469,4.42539978027344,403366488.712977,3.53938463904119,,,,,,,,,,11.4002660446651,0.0114002660446651,0.8860151412322503,Education-Focused,Complete Core Data,Missing Social Data
BTN,Bhutan,2016,South Asia,Lower middle income,2357504760.78592,7.42464056841786,6.4044599533081,,,5.011,,,,,,,,,2.35750476078592,0.0023575047607859202,,Data Not Available,Missing Core Data,Missing Social Data
BWA,Botswana,2016,Sub-Saharan Africa,Upper middle income,15082637184.0496,5.69319455388396,8.73589296358928,514463449.229697,3.41066258273304,3.766,,,,,,,,57.5904715781,15.0826371840496,0.015082637184049601,5.325230380856239,Education-Focused,Complete Core Data,Complete Social Data
CAF,Central African Republic,2016,Sub-Saharan Africa,Low income,1825018144.65595,2.87598768927953,1.75408898250234,26832998.8201935,1.47163796004867,2.693,,,,,,,,32.0125620112,1.8250181446559501,0.00182501814465595,0.28245102245367004,Education-Focused,Complete Core Data,Complete Social Data
CAN,Canada,2016,North America,High income,1527994741907.43,-0.0982963624127819,4.81642007827759,17782775543.0736,1.16416156719089,7.316,,,,,,,,79.4117153907,1527.99474190743,1.52799474190743,3.6522585110867,Education-Focused,Complete Core Data,Complete Social Data
CHE,Switzerland,2016,Europe & Central Asia,High income,687895460902.713,0.960131696221239,4.98164987564087,4571348246.67311,0.664750475412517,7.494,,,,,,,,82.9433624956,687.895460902713,0.687895460902713,4.316899400228353,Education-Focused,Complete Core Data,Complete Social Data
CHI,Channel Islands,2016,Europe & Central Asia,High income,9168857222.32574,0.948076599842508,,,,,,,,,,,,,9.168857222325741,0.00916885722232574,,Data Not Available,Missing Core Data,Missing Social Data
CHL,Chile,2016,Latin America & Caribbean,High income,249344863928.438,0.52983351729867,5.36645984649658,4796010962.08952,1.92415844717468,6.652,,,,,,,,69.2449351315,249.344863928438,0.249344863928438,3.4423013993219005,Education-Focused,Complete Core Data,Complete Social Data
CHN,China,2016,East Asia & Pacific,Upper middle income,11456024084962.0,6.16542718232793,,198538361427.554,1.7688865902507,5.273,,,,,,,,58.4434957089,11456.024084962,11.456024084962,,Data Not Available,Missing Core Data,Missing Social Data
CIV,Cote d'Ivoire,2016,Sub-Saharan Africa,Lower middle income,48407761036.8238,4.10858359182184,3.93593001365662,602538731.235354,1.24585910179804,4.18,,,,,,,,45.7879720058,48.4077610368238,0.0484077610368238,2.69007091185858,Education-Focused,Complete Core Data,Complete Social Data
CMR,Cameroon,2016,Sub-Saharan Africa,Lower middle income,33814337044.3765,1.45711722669677,2.56234002113342,387437830.87299,1.14642434992604,4.695,,,,,,,,44.2070789605,33.8143370443765,0.0338143370443765,1.4159156712073802,Education-Focused,Complete Core Data,Complete Social Data
COD,"Congo, Dem. Rep.",2016,Sub-Saharan Africa,Low income,38600224214.4728,-3.09891686152069,2.1186900138855,395733745.247056,1.02563437176754,,,,,,,,,35.1561250923,38.6002242144728,0.0386002242144728,1.0930556421179598,Education-Focused,Complete Core Data,Missing Social Data
COG,"Congo, Rep.",2016,Sub-Saharan Africa,Lower middle income,10931328150.8478,-10.8700508595295,4.87114096878621,501812144.937836,4.59480614297478,,,,,,,,,42.8832690055,10.931328150847799,0.0109313281508478,0.2763348258114302,Education-Focused,Complete Core Data,Missing Social Data
COL,Colombia,2016,Latin America & Caribbean,Upper middle income,282720100286.228,1.08114925712198,4.47721004486084,8675980822.76398,3.07113102611539,6.357,,,,,,,,58.0882923417,282.72010028622805,0.282720100286228,1.4060790187454497,Education-Focused,Complete Core Data,Complete Social Data
COM,Comoros,2016,Sub-Saharan Africa,Lower middle income,1012835493.19325,1.22276485365785,,,,,,,,,,,,47.0454417588,1.01283549319325,0.00101283549319325,,Data Not Available,Missing Core Data,Missing Social Data
CPV,Cabo Verde,2016,Sub-Saharan Africa,Upper middle income,1849789985.99572,4.24816232606327,4.75475978851318,10171216.502214,0.550048040403016,,,,,,,,,56.2685475964,1.8497899859957199,0.0018497899859957199,4.204711748110164,Education-Focused,Complete Core Data,Missing Social Data
CRI,Costa Rica,2016,Latin America & Caribbean,High income,58847019609.6549,3.1560705780562,6.89395999908447,0.0,,7.079,,,,,,,,68.3605628984,58.8470196096549,0.058847019609654896,,Data Not Available,Missing Core Data,Complete Social Data
CUB,Cuba,2016,Latin America & Caribbean,Upper middle income,91370407900.0,0.597183645134152,9.01309318032688,123658947.448659,3.07218792501319,,,,,,,,,53.1711582942,91.3704079,0.0913704079,5.94090525531369,Education-Focused,Complete Core Data,Missing Social Data
CUW,Curacao,2016,Latin America & Caribbean,High income,3024690188.01683,-2.1111613286577,6.23495389518939,,,,,,,,,,,,3.0246901880168298,0.00302469018801683,,Data Not Available,Missing Core Data,Missing Social Data
CYM,Cayman Islands,2016,Latin America & Caribbean,High income,4909322200.00212,0.854492132236558,,,,,,,,,,,,,4.90932220000212,0.00490932220000212,,Data Not Available,Missing Core Data,Missing Social Data
CYP,Cyprus,2016,Europe & Central Asia,High income,21046462280.5979,6.01835711404337,6.11811017990112,295355009.95355,1.40455761221209,5.621,,,,,,,,68.6368284132,21.0464622805979,0.0210464622805979,4.71355256768903,Education-Focused,Complete Core Data,Complete Social Data
CZE,Czechia,2016,Europe & Central Asia,High income,198160659303.939,2.3840542545404,5.50080013275146,1954935000.04528,0.986634400365061,6.609,,,,,,,,72.2813126724,198.16065930393898,0.198160659303939,4.5141657323864,Education-Focused,Complete Core Data,Complete Social Data
DEU,Germany,2016,Europe & Central Asia,High income,3536787895179.0,1.40038690062336,4.76321983337402,39909678594.2478,1.12912506140277,6.951,,,,,,,,80.5742915889,3536.787895179,3.536787895179,3.6340947719712497,Education-Focused,Complete Core Data,Complete Social Data
DJI,Djibouti,2016,"Middle East, North Africa, Afghanistan & Pakistan",Lower middle income,2604955228.70117,5.33331529745931,3.92226004600525,,,,,,,,,,,46.93290059,2.60495522870117,0.00260495522870117,,Data Not Available,Missing Core Data,Missing Social Data
DMA,Dominica,2016,Latin America & Caribbean,Upper middle income,612711111.111111,2.6190351438682,5.12971951862684,,,,,,,,,,,,0.6127111111111111,0.000612711111111111,,Data Not Available,Missing Core Data,Missing Social Data
DNK,Denmark,2016,Europe & Central Asia,High income,312181849372.233,2.27180151789635,7.71534013748169,3592727943.77381,1.15107146564238,7.522,,,,,,,,82.8115958193,312.181849372233,0.312181849372233,6.564268671839311,Education-Focused,Complete Core Data,Complete Social Data
DOM,Dominican Republic,2016,Latin America & Caribbean,Upper middle income,75552902635.7075,5.54040978660888,3.85049560792469,479722172.766986,0.63403055291349,5.23,,,,,,,,57.2922195654,75.55290263570751,0.0755529026357075,3.2164650550112004,Education-Focused,Complete Core Data,Complete Social Data
DZA,Algeria,2016,"Middle East, North Africa, Afghanistan & Pakistan",Upper middle income,180763839522.151,1.78594064734014,6.50210843472458,10217081699.5693,5.65271835420787,5.872,,,,,,,,49.8959188073,180.763839522151,0.180763839522151,0.8493900805167094,Education-Focused,Complete Core Data,Complete Social Data
EAR,Early-demographic dividend,2016,,,10423237803666.1,2.76043398851446,4.00170004367829,236146192601.092,2.40445869452777,,,,,,,,,,10423.2378036661,10.4232378036661,1.59724134915052,Education-Focused,Complete Core Data,Missing Social Data
ECS,Europe & Central Asia,2016,,,20528432079127.4,1.45264957117041,4.82350015640259,342742363392.219,1.6873625117297,,,,,,,,,,20528.432079127397,20.5284320791274,3.13613764467289,Education-Focused,Complete Core Data,Missing Social Data
ECU,Ecuador,2016,Latin America & Caribbean,Upper middle income,97671433000.0,-2.12550882201938,4.46397668804552,2513200000.0,2.57311675623471,6.008,,,,,,,,55.8927248915,97.671433,0.097671433,1.8908599318108097,Education-Focused,Complete Core Data,Complete Social Data
EGY,"Egypt, Arab Rep.",2016,"Middle East, North Africa, Afghanistan & Pakistan",Lower middle income,332441717791.411,2.24497375649698,,4513022526.81632,1.66660515243227,4.735,,,,,,,,46.3189573683,332.441717791411,0.332441717791411,,Data Not Available,Missing Core Data,Missing Social Data
ERI,Eritrea,2016,Sub-Saharan Africa,Low income,,,,,,,,,,,,,,35.0075450984,,,,Data Not Available,Missing Core Data,Missing Social Data
ESP,Spain,2016,Europe & Central Asia,High income,1243015667917.12,2.83577124069477,4.19327020645142,14014439635.1839,1.12848106845526,6.403,,,,,,,,74.0206554429,1243.01566791712,1.24301566791712,3.0647891379961596,Education-Focused,Complete Core Data,Complete Social Data
EST,Estonia,2016,Europe & Central Asia,High income,24561027787.7896,3.06301090349199,5.05511999130249,497653404.256057,2.02803563355143,5.611,,,,,,,,74.7533144374,24.5610277877896,0.0245610277877896,3.02708435775106,Education-Focused,Complete Core Data,Complete Social Data
ETH,Ethiopia,2016,,,68475871209.607,6.5099145630674,5.06151399998447,490177248.532075,0.683567210395797,,,,,,,,,39.843209989,68.475871209607,0.068475871209607,4.377946789588673,Education-Focused,Complete Core Data,Missing Social Data
FIN,Finland,2016,Europe & Central Asia,High income,238777818792.608,2.27754373131673,6.90873003005981,3415008249.65045,1.43150516649128,7.469,,,,,,,,82.1470490668,238.777818792608,0.238777818792608,5.47722486356853,Education-Focused,Complete Core Data,Complete Social Data
FJI,Fiji,2016,East Asia & Pacific,Upper middle income,4930213644.36653,2.38011625327333,4.83590249175322,54411608.0036804,1.10379290217157,,,,,,,,,,4.93021364436653,0.004930213644366531,3.7321095895816505,Education-Focused,Complete Core Data,Missing Social Data
FRA,France,2016,Europe & Central Asia,High income,2470407619777.13,0.594243752389232,,45703382750.4223,1.85171809616119,6.442,,,,,,,,76.4351031572,2470.40761977713,2.47040761977713,,Data Not Available,Missing Core Data,Missing Social Data
FRO,Faroe Islands,2016,Europe & Central Asia,High income,2813278868.78208,0.228366463809365,,,,,,,,,,,,,2.81327886878208,0.0028132788687820804,,Data Not Available,Missing Core Data,Missing Social Data
FSM,"Micronesia, Fed. Sts.",2016,East Asia & Pacific,Lower middle income,325000000.0,0.61049232202113,13.814728,,,,,,,,,,,,0.325,0.000325,,Data Not Available,Missing Core Data,Missing Social Data
GAB,Gabon,2016,Sub-Saharan Africa,Upper middle income,14023890265.3665,-0.79183198007,2.66773089670199,202815390.680402,1.44754580418175,4.465,,,,,,,,48.7421046346,14.0238902653665,0.0140238902653665,1.2201850925202402,Education-Focused,Complete Core Data,Complete Social Data
GBR,United Kingdom,2016,Europe & Central Asia,High income,2706807606538.73,1.39799087279013,5.42795991897583,53327366087.7128,1.98449096820719,6.714,,,,,,,,80.0870555808,2706.80760653873,2.70680760653873,3.44346895076864,Education-Focused,Complete Core Data,Complete Social Data
GEO,Georgia,2016,Europe & Central Asia,Upper middle income,15444548901.9637,3.38835328316745,3.52338004112244,315194446.322336,2.04079266789767,4.286,,,,,,,,59.8922678318,15.4445489019637,0.015444548901963699,1.4825873732247699,Education-Focused,Complete Core Data,Complete Social Data
GHA,Ghana,2016,Sub-Saharan Africa,Lower middle income,56144179397.8516,1.04704406736222,4.3945198059082,161751874.263817,0.291412454265461,4.12,,,,,,,,52.8828011954,56.1441793978516,0.0561441793978516,4.1031073516427385,Education-Focused,Complete Core Data,Complete Social Data
GIB,Gibraltar,2016,Europe & Central Asia,High income,,,,,,,,,,,,,,,,,,Data Not Available,Missing Core Data,Missing Social Data
GIN,Guinea,2016,Sub-Saharan Africa,Lower middle income,8595955222.49719,8.01216245351651,2.54450011253357,161856744.453218,1.88200742269539,3.507,,,,,,,,40.3457636167,8.59595522249719,0.00859595522249719,0.6624926898381798,Education-Focused,Complete Core Data,Complete Social Data
GMB,"Gambia, The",2016,Sub-Saharan Africa,Low income,1484578885.97132,-0.701007891119758,2.0244300365448,,,,,,,,,,,46.7035502772,1.4845788859713198,0.0014845788859713198,,Data Not Available,Missing Core Data,Missing Social Data
GNB,Guinea-Bissau,2016,Sub-Saharan Africa,Low income,1245074264.10396,2.81765698941554,,15730078.4677087,1.26454587592398,,,,,,,,,40.6213972506,1.24507426410396,0.00124507426410396,,Data Not Available,Missing Core Data,Missing Social Data
GNQ,Equatorial Guinea,2016,Sub-Saharan Africa,Upper middle income,11240808847.8878,-12.0971098998986,,139200817.641802,1.23948977462594,,,,,,,,,45.6466288706,11.2408088478878,0.0112408088478878,,Data Not Available,Missing Core Data,Missing Social Data
GRC,Greece,2016,Europe & Central Asia,High income,193097239005.87,0.384851865059588,,4963484464.40452,2.57279833754101,5.227,,,,,,,,66.0169506955,193.09723900587,0.19309723900587,,Data Not Available,Missing Core Data,Missing Social Data
GRD,Grenada,2016,Latin America & Caribbean,Upper middle income,1061640740.74074,3.33052048330798,,,,,,,,,,,,,1.06164074074074,0.00106164074074074,,Data Not Available,Missing Core Data,Missing Social Data
GRL,Greenland,2016,Europe & Central Asia,High income,2707139544.46695,4.54780858066064,,,,,,,,,,,,,2.70713954446695,0.0027071395444669497,,Data Not Available,Missing Core Data,Missing Social Data
GTM,Guatemala,2016,Latin America & Caribbean,Upper middle income,66053408205.8838,0.803225184137091,2.94474005699158,290912704.00085,0.440496512523365,6.454,,,,,,,,54.3167478965,66.0534082058838,0.06605340820588379,2.5042435444682147,Education-Focused,Complete Core Data,Complete Social Data
GUM,Guam,2016,East Asia & Pacific,High income,5901000000.0,0.591903022530076,,,,,,,,,,,,,5.901,0.005901,,Data Not Available,Missing Core Data,Missing Social Data
GUY,Guyana,2016,Latin America & Caribbean,High income,4482697336.56174,3.15936322443832,4.73775005340576,51562130.8232153,1.15412827584568,,,,,,,,,55.7843868482,4.48269733656174,0.00448269733656174,3.5836217775600803,Education-Focused,Complete Core Data,Missing Social Data
HKG,"Hong Kong SAR, China",2016,East Asia & Pacific,High income,320860317562.562,1.54454440525488,3.29269003868103,,,,,,,,,,,78.4964006723,320.860317562562,0.320860317562562,,Data Not Available,Missing Core Data,Missing Social Data
HND,Honduras,2016,Latin America & Caribbean,Lower middle income,21717604952.1835,1.96051068302054,6.09509492079297,334217134.297924,1.53155567439147,5.181,,,,,,,,51.8692941278,21.7176049521835,0.021717604952183497,4.5635392464015005,Education-Focused,Complete Core Data,Complete Social Data
HRV,Croatia,2016,Europe & Central Asia,High income,52650714171.8617,4.59659233874163,,836045683.380155,1.58922538500355,5.293,,,,,,,,65.8600527661,52.6507141718617,0.0526507141718617,,Data Not Available,Missing Core Data,Missing Social Data
HTI,Haiti,2016,Latin America & Caribbean,Lower middle income,14069277526.2278,0.398402974127237,1.38776004314423,6586084.0095186,0.0492315360368918,3.603,,,,,,,,39.548109829,14.0692775262278,0.0140692775262278,1.3385285071073383,Education-Focused,Complete Core Data,Complete Social Data
HUN,Hungary,2016,Europe & Central Asia,High income,128983560865.293,2.83749039789862,4.60210990905762,1288676093.1676,0.999116487545317,5.324,,,,,,,,65.6788390709,128.983560865293,0.128983560865293,3.602993421512303,Education-Focused,Complete Core Data,Complete Social Data
IDB,IDA blend,2016,,,1035761112332.6,0.283386002644619,4.40353549122142,14782962386.0232,1.57683230508252,,,,,,,,,,1035.7611123326,1.0357611123326,2.8267031861389,Education-Focused,Complete Core Data,Missing Social Data
IDN,Indonesia,2016,East Asia & Pacific,Upper middle income,931877364037.698,3.91054275495577,1.21023452496964,7396626074.68605,0.792220213496852,5.262,,,,,,,,58.6733707338,931.877364037698,0.931877364037698,0.418014311472788,Education-Focused,Complete Core Data,Complete Social Data
IMN,Isle of Man,2016,Europe & Central Asia,High income,6846377563.00683,7.11503908245226,,,,,,,,,,,,,6.84637756300683,0.00684637756300683,,Data Not Available,Missing Core Data,Missing Social Data
IND,India,2016,South Asia,Lower middle income,2294796885663.16,6.97394690929247,4.25406980514526,56637622640.8741,2.54315152114541,4.315,,,,,,,,51.2897762399,2294.79688566316,2.29479688566316,1.7109182839998502,Education-Focused,Complete Core Data,Complete Social Data
IRL,Ireland,2016,Europe & Central Asia,High income,305431252708.748,-0.0687294094505688,3.65881991386414,1001610418.29936,0.327907586700795,6.977,,,,,,,,79.9290756422,305.431252708748,0.305431252708748,3.330912327163345,Education-Focused,Complete Core Data,Complete Social Data
IRN,"Iran, Islamic Rep.",2016,"Middle East, North Africa, Afghanistan & Pakistan",Upper middle income,478618064870.999,7.26636493161325,3.17396998405456,12263957414.6216,2.79643556281004,4.692,,,,,,,,47.21306558,478.61806487099904,0.478618064870999,0.37753442124451997,Education-Focused,Complete Core Data,Complete Social Data
IRQ,Iraq,2016,"Middle East, North Africa, Afghanistan & Pakistan",Upper middle income,166743557747.671,11.0984155585203,,5970383697.66942,3.55013476903527,4.497,,,,,,,,43.7657060866,166.743557747671,0.166743557747671,,Data Not Available,Missing Core Data,Missing Social Data
ISL,Iceland,2016,Europe & Central Asia,High income,21083713310.457,4.75387973177391,7.43221998214722,0.0,,7.504,,,,,,,,79.8711162202,21.083713310457,0.021083713310457,,Data Not Available,Missing Core Data,Complete Social Data
ISR,Israel,2016,"Middle East, North Africa, Afghanistan & Pakistan",High income,321940971558.016,2.4319477135746,5.80271005630493,17434558598.5485,5.41748768749926,7.213,,,,,,,,69.8954576017,321.940971558016,0.321940971558016,0.3852223688056702,Education-Focused,Complete Core Data,Complete Social Data
ITA,Italy,2016,Europe & Central Asia,High income,1887111188176.93,1.42884453159633,3.795490026474,25033027894.6754,1.32773387933426,5.964,,,,,,,,70.6151172728,1887.11118817693,1.88711118817693,2.46775614713974,Education-Focused,Complete Core Data,Complete Social Data
JAM,Jamaica,2016,Latin America & Caribbean,Upper middle income,14898999754.1229,2.49050959451111,5.31459999084473,137649061.819234,0.954831298098327,5.311,,,,,,,,59.9118385705,14.898999754122901,0.0148989997541229,4.359768692746403,Education-Focused,Complete Core Data,Complete Social Data
JOR,Jordan,2016,"Middle East, North Africa, Afghanistan & Pakistan",Lower middle income,39892551126.7606,-2.71126216102509,3.45282006263733,1769436619.71831,4.43550630070496,5.336,,,,,,,,57.0691405844,39.892551126760594,0.0398925511267606,-0.9826862380676298,Military-Focused,Complete Core Data,Complete Social Data
JPN,Japan,2016,East Asia & Pacific,High income,5003677627544.24,0.805362824501671,3.14643001556396,46471287714.246,0.929516775505971,5.92,,,,,,,,77.0579636085,5003.67762754424,5.00367762754424,2.216913240057989,Education-Focused,Complete Core Data,Complete Social Data
KAZ,Kazakhstan,2016,Europe & Central Asia,Upper middle income,137278320084.171,-0.438395201172128,2.9780900478363,1281103431.97917,0.933551765285713,5.819,,,,,,,,57.2202430634,137.278320084171,0.137278320084171,2.044538282550587,Education-Focused,Complete Core Data,Complete Social Data
KEN,Kenya,2016,Sub-Saharan Africa,Lower middle income,74815144163.8931,1.93794795580835,4.89518022537231,933103002.549572,1.24730980077159,4.553,,,,,,,,49.8889208582,74.8151441638931,0.0748151441638931,3.64787042460072,Education-Focused,Complete Core Data,Complete Social Data
KGZ,Kyrgyz Republic,2016,Europe & Central Asia,Lower middle income,6813095379.1187,2.04985149948004,6.58616018295288,227832187.17759,3.34401777586688,,,,,,,,,53.7371258931,6.8130953791187,0.0068130953791187,3.242142407086,Education-Focused,Complete Core Data,Missing Social Data
KHM,Cambodia,2016,East Asia & Pacific,Lower middle income,26556545153.3573,6.34300627617029,,382205260.411544,1.43955694700576,4.168,,,,,,,,47.9812927905,26.5565451533573,0.0265565451533573,,Data Not Available,Missing Core Data,Missing Social Data
KIR,Kiribati,2016,East Asia & Pacific,Lower middle income,206467818.503227,5.58490333887225,11.646473381295,,,,,,,,,,,,0.20646781850322699,0.000206467818503227,,Data Not Available,Missing Core Data,Missing Social Data
KNA,St. Kitts and Nevis,2016,Latin America & Caribbean,High income,1006818518.51852,3.95919692482656,3.00076147453842,,,,,,,,,,,,1.00681851851852,0.00100681851851852,,Data Not Available,Missing Core Data,Missing Social Data
KOR,"Korea, Rep.",2016,East Asia & Pacific,High income,1579150518945.44,2.76290075939411,4.11502981185913,36885283430.0234,2.3357998421426,5.838,,,,,,,,72.1174748203,1579.15051894544,1.57915051894544,1.7792299697165301,Education-Focused,Complete Core Data,Complete Social Data
KWT,Kuwait,2016,"Middle East, North Africa, Afghanistan & Pakistan",High income,109406674124.652,-1.43152053599024,5.95593958839578,6446742131.36237,5.89351944288143,6.105,,,,,,,,60.2289441539,109.406674124652,0.10940667412465199,0.06242014551435027,Education-Focused,Complete Core Data,Complete Social Data
LAO,Lao PDR,2016,East Asia & Pacific,Lower middle income,15912501722.6143,5.36288912313843,2.77442976110388,,,,,,,,,,,47.7237179705,15.9125017226143,0.0159125017226143,,Data Not Available,Missing Core Data,Missing Social Data
LBN,Lebanon,2016,"Middle East, North Africa, Afghanistan & Pakistan",Lower middle income,51147308774.1294,3.95420458700914,2.17820270841405,2606456908.32225,5.09598055264963,5.225,,,,,,,,54.9034157391,51.1473087741294,0.0511473087741294,-2.91777784423558,Military-Focused,Complete Core Data,Complete Social Data
LBR,Liberia,2016,Sub-Saharan Africa,Low income,3398419600.0,-3.54590251888713,2.11479684223088,14712000.0,0.451842751842752,3.533,,,,,,,,43.8669669378,3.3984196,0.0033984196,1.6629540903881277,Education-Focused,Complete Core Data,Complete Social Data
LBY,Libya,2016,"Middle East, North Africa, Afghanistan & Pakistan",Upper middle income,49912073701.298,-2.98083261952721,,,,5.525,,,,,,,,44.1321991392,49.912073701298,0.04991207370129799,,Data Not Available,Missing Core Data,Missing Social Data
LCA,St. Lucia,2016,Latin America & Caribbean,Upper middle income,1868544444.44444,2.9915396739198,5.20954990386963,,,,,,,,,,,,1.86854444444444,0.00186854444444444,,Data Not Available,Missing Core Data,Missing Social Data
LCN,Latin America & Caribbean,2016,,,5148746106826.83,-1.66242880660764,4.41408840162469,56656426600.2124,1.22326100352807,,,,,,,,,,5148.74610682683,5.14874610682683,3.19082739809662,Education-Focused,Complete Core Data,Missing Social Data
LIE,Liechtenstein,2016,Europe & Central Asia,High income,6237302033.50132,,,,,,,,,,,,,,6.23730203350132,0.00623730203350132,,Data Not Available,Missing Core Data,Missing Social Data
LKA,Sri Lanka,2016,South Asia,Lower middle income,88000211171.5956,3.86979649875681,3.22929000854492,1741456649.97426,1.97935533284589,4.44,,,,,,,,56.472256285,88.0002111715956,0.0880002111715956,1.2499346756990302,Education-Focused,Complete Core Data,Complete Social Data
LSO,Lesotho,2016,Sub-Saharan Africa,Lower middle income,2114426452.2019,2.35363981271321,7.55247411216023,41489543.3648543,1.96388842698486,3.808,,,,,,,,45.4364131867,2.1144264522019,0.0021144264522019,5.58858568517537,Education-Focused,Complete Core Data,Complete Social Data
LTE,Late-demographic dividend,2016,,,18841937712407.0,3.77408848981567,4.36420011520386,365950246727.12,2.04318493088606,,,,,,,,,,18841.937712407,18.841937712407,2.3210151843178,Education-Focused,Complete Core Data,Missing Social Data
LTU,Lithuania,2016,Europe & Central Asia,High income,42970749245.0336,3.87744054624235,4.01143980026245,635448102.412289,1.48013833220254,5.902,,,,,,,,68.8071456459,42.9707492450336,0.0429707492450336,2.53130146805991,Education-Focused,Complete Core Data,Complete Social Data
LUX,Luxembourg,2016,Europe & Central Asia,High income,62216885435.9488,2.73979148676671,,235555944.6812,0.378949157263331,6.863,,,,,,,,80.7402804486,62.2168854359488,0.0622168854359488,,Data Not Available,Missing Core Data,Missing Social Data
LVA,Latvia,2016,Europe & Central Asia,High income,27117105059.5075,3.49318640044002,4.82350015640259,404552452.166263,1.50174457900413,5.85,,,,,,,,69.8243138535,27.117105059507498,0.0271171050595075,3.3217555773984597,Education-Focused,Complete Core Data,Complete Social Data
MAC,"Macao SAR, China",2016,East Asia & Pacific,High income,44964868323.7558,-2.16245351057516,3.09952998161316,,,,,,,,,,,,44.9648683237558,0.0449648683237558,,Data Not Available,Missing Core Data,Missing Social Data
MAF,St. Martin (French part),2016,Latin America & Caribbean,High income,,5.54794889038332,,,,,,,,,,,,,,,,Data Not Available,Missing Core Data,Missing Social Data
MAR,Morocco,2016,"Middle East, North Africa, Afghanistan & Pakistan",Lower middle income,111572947004.917,-0.693616602037565,5.08530197423073,3327031889.64856,2.98211832955753,5.235,,,,,,,,53.5954314532,111.57294700491701,0.111572947004917,2.1031836446732,Education-Focused,Complete Core Data,Complete Social Data
MCO,Monaco,2016,Europe & Central Asia,High income,6471290793.55029,1.57423975069067,1.37126004695892,,,,,,,,,,,,6.47129079355029,0.00647129079355029,,Data Not Available,Missing Core Data,Missing Social Data
MDA,Moldova,2016,Europe & Central Asia,Upper middle income,7980917075.7748,5.87017576429136,5.67210006713867,27431006.0797226,0.344191282076352,,,,,,,,,56.1495692391,7.9809170757748005,0.0079809170757748,5.327908785062318,Education-Focused,Complete Core Data,Missing Social Data
MDG,Madagascar,2016,Sub-Saharan Africa,Low income,11848613858.442,1.31063593376801,2.68719005584717,59394995.9205237,0.501387044175783,3.644,,,,,,,,44.2622262217,11.848613858441999,0.011848613858441999,2.1858030116713874,Education-Focused,Complete Core Data,Complete Social Data
MDV,Maldives,2016,South Asia,Upper middle income,4409942623.85538,2.73896015037067,3.66123008728027,,,,,,,,,,,,4.40994262385538,0.00440994262385538,,Data Not Available,Missing Core Data,Missing Social Data
MEX,Mexico,2016,Latin America & Caribbean,Upper middle income,1112233497452.7,0.790955216102532,4.75795984268188,5336875740.46474,0.480046272445401,6.578,,,,,,,,58.7403029176,1112.2334974527,1.1122334974527,4.277913570236479,Education-Focused,Complete Core Data,Complete Social Data
MHL,Marshall Islands,2016,East Asia & Pacific,Upper middle income,201800000.0,4.84812588584671,,,,,,,,,,,,,0.2018,0.0002018,,Data Not Available,Missing Core Data,Missing Social Data
MKD,North Macedonia,2016,Europe & Central Asia,Upper middle income,10672467073.2873,3.1782257470099,,103520137.268395,0.970115977909212,5.175,,,,,,,,61.3687928578,10.6724670732873,0.0106724670732873,,Data Not Available,Missing Core Data,Missing Social Data
MLI,Mali,2016,Sub-Saharan Africa,Low income,16743796799.8329,2.70047363998611,2.59244990348816,362398902.198564,2.58613087357125,4.19,,,,,,,,43.5788650177,16.7437967998329,0.0167437967998329,0.006319029916910246,Education-Focused,Complete Core Data,Complete Social Data
MLT,Malta,2016,"Middle East, North Africa, Afghanistan & Pakistan",High income,12025782834.1534,1.72282096153398,4.95570993423462,59672922.9895778,0.496660141239844,6.527,,,,,,,,74.0262334165,12.0257828341534,0.0120257828341534,4.459049792994776,Education-Focused,Complete Core Data,Complete Social Data
MMR,Myanmar,2016,East Asia & Pacific,Lower middle income,63298361983.5653,5.02652118853597,,2455784120.1322,4.08929730356682,4.545,,,,,,,,44.126773467,63.2983619835653,0.0632983619835653,,Data Not Available,Missing Core Data,Missing Social Data
MNE,Montenegro,2016,Europe & Central Asia,Upper middle income,4357469330.46719,3.32318817615919,,61714551.6100205,1.41128063506996,5.237,,,,,,,,62.42515805,4.35746933046719,0.00435746933046719,,Data Not Available,Missing Core Data,Missing Social Data
MNG,Mongolia,2016,East Asia & Pacific,Upper middle income,11181350649.3573,-0.547071462431205,5.18311023712158,96366789.8371294,0.863910995114833,4.955,,,,,,,,55.9358442448,11.1813506493573,0.0111813506493573,4.319199242006747,Education-Focused,Complete Core Data,Complete Social Data
MNP,Northern Mariana Islands,2016,East Asia & Pacific,High income,1230000000.0,31.097890849885,,,,,,,,,,,,,1.23,0.00123,,Data Not Available,Missing Core Data,Missing Social Data
MOZ,Mozambique,2016,Sub-Saharan Africa,Low income,12069051237.1711,1.67319789859388,5.80086994171143,110463709.309065,0.919413170302599,4.55,,,,,,,,43.4478458489,12.0690512371711,0.012069051237171101,4.881456771408831,Education-Focused,Complete Core Data,Complete Social Data
MRT,Mauritania,2016,Sub-Saharan Africa,Lower middle income,6398747592.13185,-1.72979667450247,1.94405996799469,136064875.96938,2.14548780076745,4.292,,,,,,,,39.4085941217,6.39874759213185,0.00639874759213185,-0.20142783277275988,Military-Focused,Complete Core Data,Complete Social Data
MUS,Mauritius,2016,Sub-Saharan Africa,Upper middle income,12757680846.5663,3.79113070734437,4.88207006454468,21999438.0281682,0.174701755953711,5.629,,,,,,,,64.9801210834,12.7576808465663,0.0127576808465663,4.707368308590969,Education-Focused,Complete Core Data,Complete Social Data
MWI,Malawi,2016,Sub-Saharan Africa,Low income,7909868618.46366,-0.256367435160101,3.28257989883423,35748121.98667,0.452047625154312,3.97,,,,,,,,46.9416118443,7.90986861846366,0.007909868618463661,2.8305322736799177,Education-Focused,Complete Core Data,Complete Social Data
MYS,Malaysia,2016,East Asia & Pacific,Upper middle income,301256033870.334,2.62004557566016,4.75191020965576,4169374000.50693,1.3843347942822,6.084,,,,,,,,65.6789076531,301.25603387033397,0.301256033870334,3.36757541537356,Education-Focused,Complete Core Data,Complete Social Data
NAM,Namibia,2016,Sub-Saharan Africa,Lower middle income,10722018732.0936,-2.62833210419717,10.5927948535144,425388449.607111,3.97104492479212,4.574,,,,,,,,56.1388863133,10.722018732093598,0.010722018732093599,6.621749928722281,Education-Focused,Complete Core Data,Complete Social Data
NCL,New Caledonia,2016,East Asia & Pacific,High income,8724568954.89799,,,,,,,,,,,,,,8.72456895489799,0.008724568954897989,,Data Not Available,Missing Core Data,Missing Social Data
NER,Niger,2016,Sub-Saharan Africa,Low income,10398861981.7583,1.92620628769158,2.95843005180359,166192292.328363,1.59964624315915,4.028,,,,,,,,42.5587755557,10.398861981758301,0.0103988619817583,1.3587838086444401,Education-Focused,Complete Core Data,Complete Social Data
NGA,Nigeria,2016,Sub-Saharan Africa,Lower middle income,404649125252.16,-4.01892534268501,0.393045646249364,1723204266.39515,0.432947784673169,5.074,,,,,,,,43.0268100073,404.64912525216,0.40464912525215996,-0.03990213842380502,Military-Focused,Complete Core Data,Complete Social Data
NIC,Nicaragua,2016,Latin America & Caribbean,Lower middle income,13286093388.4752,3.16650951067395,4.08114004135132,85073598.4439089,0.639876675817232,6.071,,,,,,,,52.540229254,13.286093388475201,0.0132860933884752,3.441263365534088,Education-Focused,Complete Core Data,Complete Social Data
NLD,Netherlands,2016,Europe & Central Asia,High income,797163949289.885,1.88065314524779,5.38952016830444,9115240931.64471,1.14449960079147,7.377,,,,,,,,81.6176094903,797.163949289885,0.797163949289885,4.24502056751297,Education-Focused,Complete Core Data,Complete Social Data
NOR,Norway,2016,Europe & Central Asia,High income,370956547619.048,0.277407788765373,7.98443984985352,5997385047.52171,1.61734383599671,7.537,,,,,,,,82.8676761922,370.95654761904797,0.37095654761904795,6.36709601385681,Education-Focused,Complete Core Data,Complete Social Data
NPL,Nepal,2016,South Asia,Lower middle income,24524109483.5293,-0.0405110299060141,3.90320992469788,356495278.640587,1.46937461345505,4.962,,,,,,,,49.5898073543,24.5241094835293,0.024524109483529302,2.43383531124283,Education-Focused,Complete Core Data,Complete Social Data
NRU,Nauru,2016,East Asia & Pacific,High income,97541943.0355053,2.30174554349074,4.82214626865672,,,,,,,,,,,,0.0975419430355053,9.75419430355053e-05,,Data Not Available,Missing Core Data,Missing Social Data
NZL,New Zealand,2016,East Asia & Pacific,High income,189100085275.23,1.47418017961533,5.49972009658813,1921815616.69147,1.03552843699621,7.314,,,,,,,,81.1998299139,189.10008527523001,0.18910008527523,4.46419165959192,Education-Focused,Complete Core Data,Complete Social Data
OMN,Oman,2016,"Middle East, North Africa, Afghanistan & Pakistan",High income,75128738621.5865,0.118553614303224,,7935955786.73602,10.5631262289399,,,,,,,,,57.4382887383,75.1287386215865,0.0751287386215865,,Data Not Available,Missing Core Data,Missing Social Data
PAK,Pakistan,2016,"Middle East, North Africa, Afghanistan & Pakistan",Lower middle income,313630000130.435,5.19506859858923,2.66805005073547,10004709598.8137,3.20377671550622,5.269,,,,,,,,40.6603770024,313.630000130435,0.313630000130435,-0.5357266647707499,Military-Focused,Complete Core Data,Complete Social Data
PAN,Panama,2016,Latin America & Caribbean,High income,59760858717.8359,2.77979898980544,3.32278990745544,0.0,,6.452,,,,,,,,64.4979889243,59.7608587178359,0.0597608587178359,,Data Not Available,Missing Core Data,Complete Social Data
PER,Peru,2016,Latin America & Caribbean,Upper middle income,191898104390.379,2.57623039728159,3.81316995620727,2536072334.8143,1.32190839942957,5.715,,,,,,,,59.6141389384,191.898104390379,0.191898104390379,2.4912615567777,Education-Focused,Complete Core Data,Complete Social Data
PHL,Philippines,2016,East Asia & Pacific,Lower middle income,318627003016.731,5.7212148588973,3.30128109042443,3331502847.06337,1.04558514673889,5.43,,,,,,,,57.764624086,318.627003016731,0.318627003016731,2.25569594368554,Education-Focused,Complete Core Data,Complete Social Data
PLW,Palau,2016,East Asia & Pacific,High income,305227020.263672,1.17313151858609,,,,,,,,,,,,,0.305227020263672,0.000305227020263672,,Data Not Available,Missing Core Data,Missing Social Data
PNG,Papua New Guinea,2016,East Asia & Pacific,Lower middle income,20758876952.6232,2.91791021651957,0.853806396301458,79051319.3098808,0.381076923076923,,,,,,,,,47.037882176,20.7588769526232,0.020758876952623198,0.47272947322453507,Education-Focused,Complete Core Data,Missing Social Data
POL,Poland,2016,Europe & Central Asia,High income,473259583969.643,3.07547528252388,4.62726020812988,9164190586.63773,1.93589358828699,5.973,,,,,,,,70.0874936387,473.259583969643,0.473259583969643,2.6913666198428903,Education-Focused,Complete Core Data,Complete Social Data
PRI,Puerto Rico (US),2016,Latin America & Caribbean,High income,104336700000.0,0.289081770174349,2.78358429967595,,,,,,,,,,,,104.3367,0.1043367,,Data Not Available,Missing Core Data,Missing Social Data
PRK,"Korea, Dem. People's Rep.",2016,East Asia & Pacific,Low income,,,,912592592.592593,,,,,,,,,,,,,,Data Not Available,Missing Core Data,Missing Social Data
PRT,Portugal,2016,Europe & Central Asia,High income,206305431241.638,2.32643063621838,,3178346408.51535,1.54200474856982,5.195,,,,,,,,73.1836723269,206.305431241638,0.206305431241638,,Data Not Available,Missing Core Data,Missing Social Data
PRY,Paraguay,2016,Latin America & Caribbean,Upper middle income,36089700222.9546,2.76597250767421,3.43498992919922,343232340.562483,0.950953301628568,5.493,,,,,,,,56.5470049271,36.0897002229546,0.036089700222954595,2.484036627570652,Education-Focused,Complete Core Data,Complete Social Data
PSE,West Bank and Gaza,2016,"Middle East, North Africa, Afghanistan & Pakistan",Lower middle income,15405400000.0,6.44666146094556,4.98296022415161,,,,,,,,,,,,15.4054,0.0154054,,Data Not Available,Missing Core Data,Missing Social Data
PYF,French Polynesia,2016,East Asia & Pacific,High income,5497036476.8031,1.82142796079958,,,,,,,,,,,,,5.4970364768031,0.0054970364768031,,Data Not Available,Missing Core Data,Missing Social Data
QAT,Qatar,2016,"Middle East, North Africa, Afghanistan & Pakistan",High income,151732142857.143,-2.45109169349175,,,,6.375,,,,,,,,64.8807657748,151.732142857143,0.151732142857143,,Data Not Available,Missing Core Data,Missing Social Data
ROU,Romania,2016,Europe & Central Asia,High income,185290759248.844,3.45169541464914,3.0255401134491,2644159836.08537,1.42770454147789,5.825,,,,,,,,63.7885794244,185.29075924884398,0.185290759248844,1.5978355719712098,Education-Focused,Complete Core Data,Complete Social Data
RUS,Russia,2016,Europe & Central Asia,High income,1276786350881.14,-0.0904862004782103,3.76044011116028,69245294552.8466,5.42514770504505,5.963,,,,,,,,56.0619693944,1276.78635088114,1.27678635088114,-1.6647075938847697,Military-Focused,Complete Core Data,Complete Social Data
RWA,Rwanda,2016,Sub-Saharan Africa,Low income,8695272057.91798,3.48878829333981,3.43482995033264,107278618.685189,1.24050679129546,3.471,,,,,,,,51.2224807286,8.69527205791798,0.00869527205791798,2.1943231590371797,Education-Focused,Complete Core Data,Complete Social Data
SAU,Saudi Arabia,2016,"Middle East, North Africa, Afghanistan & Pakistan",High income,689279466666.667,-2.03439520588341,,63672800000.0,9.56048239449097,6.344,,,,,,,,55.3814911658,689.279466666667,0.689279466666667,,Data Not Available,Missing Core Data,Missing Social Data
SDN,Sudan,2016,Sub-Saharan Africa,Low income,42630376000.0,0.369473161527822,,2748511976.24707,2.27850721551928,4.139,,,,,,,,37.0970771706,42.630376,0.042630376,,Data Not Available,Missing Core Data,Missing Social Data
SEN,Senegal,2016,Sub-Saharan Africa,Lower middle income,19040312333.1864,3.23503572393487,5.11309003829956,304764264.245112,1.60209745363896,4.535,,,,,,,,51.807385279,19.040312333186403,0.019040312333186402,3.5109925846606,Education-Focused,Complete Core Data,Complete Social Data
SGP,Singapore,2016,East Asia & Pacific,High income,319646468521.497,2.41021443466256,2.94466258946576,9873331564.27443,3.09531096262441,6.572,,,,,,,,77.2523082831,319.646468521497,0.31964646852149703,-0.1506483731586501,Military-Focused,Complete Core Data,Complete Social Data
SLB,Solomon Islands,2016,East Asia & Pacific,Lower middle income,1379486290.71433,1.8954619438627,,,,,,,,,,,,,1.37948629071433,0.0013794862907143299,,Data Not Available,Missing Core Data,Missing Social Data
SLE,Sierra Leone,2016,Sub-Saharan Africa,Low income,6084297211.10217,3.96056326178993,1.84832000732422,37414732.169548,0.714168280060902,4.709,,,,,,,,44.1678560353,6.08429721110217,0.00608429721110217,1.1341517272633181,Education-Focused,Complete Core Data,Complete Social Data
SLV,El Salvador,2016,Latin America & Caribbean,Upper middle income,24191430000.0,2.25589267443243,3.82523989677429,247600000.0,1.02350295230491,6.003,,,,,,,,55.7518595289,24.19143,0.02419143,2.80173694446938,Education-Focused,Complete Core Data,Complete Social Data
SMR,San Marino,2016,Europe & Central Asia,High income,1468343139.74326,1.7136618106599,3.02697977142855,,,,,,,,,,,,1.4683431397432598,0.00146834313974326,,Data Not Available,Missing Core Data,Missing Social Data
SOM,"Somalia, Fed. Rep.",2016,Sub-Saharan Africa,Low income,6613743069.99912,2.99347020739935,,47706000.0,0.6454606954404,,,,,,,,,32.6906914272,6.61374306999912,0.006613743069999119,,Data Not Available,Missing Core Data,Missing Social Data
SRB,Serbia,2016,Europe & Central Asia,Upper middle income,42225495909.5633,3.5158880281917,3.50275993347168,784577943.287821,1.85741974312422,5.395,,,,,,,,58.7507738364,42.2254959095633,0.0422254959095633,1.64534019034746,Education-Focused,Complete Core Data,Complete Social Data
SSD,South Sudan,2016,Sub-Saharan Africa,Low income,,,1.56539228959694,135338143.589744,4.84674935905441,3.591,,,,,,,,30.5383434027,,,-3.28135706945747,Military-Focused,Missing Core Data,Complete Social Data
STP,Sao Tome and Principe,2016,Sub-Saharan Africa,Lower middle income,292267272.196925,3.42223386315462,6.11515998840332,,,,,,,,,,,55.7655594237,0.292267272196925,0.00029226727219692496,,Data Not Available,Missing Core Data,Missing Social Data
SUR,Suriname,2016,Latin America & Caribbean,Upper middle income,3317421648.09918,-5.90338246401519,5.64051904970974,,,,,,,,,,,58.3492912687,3.31742164809918,0.0033174216480991803,,Data Not Available,Missing Core Data,Missing Social Data
SVK,Slovak Republic,2016,Europe & Central Asia,High income,90347173228.6356,1.81646959957402,3.88375997543335,1003048083.68943,1.11122582751499,,,,,,,,,68.694347364,90.34717322863561,0.0903471732286356,2.77253414791836,Education-Focused,Complete Core Data,Missing Social Data
SVN,Slovenia,2016,Europe & Central Asia,High income,44290685824.0682,2.95902414777296,4.84419012069702,449177539.095701,1.01508115640424,5.758,,,,,,,,72.8081651562,44.2906858240682,0.0442906858240682,3.8291089642927796,Education-Focused,Complete Core Data,Complete Social Data
SWE,Sweden,2016,Europe & Central Asia,High income,513058312950.939,0.855975824436371,7.63991022109985,5427549191.34014,1.05595798245271,7.284,,,,,,,,82.7468077798,513.058312950939,0.5130583129509391,6.583952238647139,Education-Focused,Complete Core Data,Complete Social Data
SWZ,Eswatini,2016,Sub-Saharan Africa,Lower middle income,3722306116.72872,2.34965752297238,5.43355309210979,80527779.9028584,2.07382569653681,,,,,,,,,44.9670115304,3.72230611672872,0.0037223061167287203,3.35972739557298,Education-Focused,Complete Core Data,Missing Social Data
SXM,Sint Maarten (Dutch part),2016,Latin America & Caribbean,High income,1427017206.70391,-1.0859663357852,,,,,,,,,,,,,1.4270172067039102,0.00142701720670391,,Data Not Available,Missing Core Data,Missing Social Data
SYC,Seychelles,2016,Sub-Saharan Africa,High income,1568513348.14463,10.6277900412689,4.0213098526001,21920004.3921913,1.39771684213413,,,,,,,,,63.0095338138,1.56851334814463,0.00156851334814463,2.6235930104659704,Education-Focused,Complete Core Data,Missing Social Data
SYR,Syrian Arab Republic,2016,"Middle East, North Africa, Afghanistan & Pakistan",Low income,12597854877.4254,-5.28022453338099,,,,,,,,,,,,36.9982951074,12.5978548774254,0.0125978548774254,,Data Not Available,Missing Core Data,Missing Social Data
TCA,Turks and Caicos Islands,2016,Latin America & Caribbean,High income,1202078000.0,2.46456149346457,2.90744573120893,,,,,,,,,,,,1.202078,0.001202078,,Data Not Available,Missing Core Data,Missing Social Data
TCD,Chad,2016,Sub-Saharan Africa,Low income,13026289835.7789,-7.0850619018951,2.38847586229946,309567431.726812,2.31170355001725,3.936,,,,,,,,35.9275694418,13.0262898357789,0.013026289835778901,0.07677231228220993,Education-Focused,Complete Core Data,Complete Social Data
TGO,Togo,2016,Sub-Saharan Africa,Low income,6071167584.1951,1.62761006802251,3.6624801158905,82019690.4123156,1.36106759176365,3.495,,,,,,,,42.8689352799,6.071167584195099,0.0060711675841951,2.3014125241268495,Education-Focused,Complete Core Data,Complete Social Data
THA,Thailand,2016,East Asia & Pacific,Upper middle income,413366349747.508,2.96944155296718,3.76761756770937,5562167772.71979,1.32516695969445,6.424,,,,,,,,59.5326369841,413.36634974750797,0.413366349747508,2.44245060801492,Education-Focused,Complete Core Data,Complete Social Data
TJK,Tajikistan,2016,Europe & Central Asia,Lower middle income,6992416096.89018,4.2256886170877,5.73094142576332,84590183.6280486,1.20806716554116,5.041,,,,,,,,49.4629696412,6.99241609689018,0.0069924160968901795,4.52287426022216,Education-Focused,Complete Core Data,Complete Social Data
TKM,Turkmenistan,2016,Europe & Central Asia,Upper middle income,36169428571.4286,3.79096200658724,,,,5.822,,,,,,,,50.2736845113,36.1694285714286,0.036169428571428595,,Data Not Available,Missing Core Data,Missing Social Data
TLS,Timor-Leste,2016,East Asia & Pacific,Lower middle income,1640464612.08088,1.06590529631157,8.12837982177734,26217000.0,1.59859756097561,,,,,,,,,,1.64046461208088,0.00164046461208088,6.52978226080173,Education-Focused,Complete Core Data,Missing Social Data
TON,Tonga,2016,East Asia & Pacific,Upper middle income,420828262.317922,7.1755196846192,,,,,,,,,,,,,0.420828262317922,0.000420828262317922,,Data Not Available,Missing Core Data,Missing Social Data
TTO,Trinidad and Tobago,2016,Latin America & Caribbean,High income,23624322192.6274,-7.82511237114002,4.21428227509361,216276660.00375,0.914265892901233,6.168,,,,,,,,61.7554816737,23.6243221926274,0.0236243221926274,3.300016382192377,Education-Focused,Complete Core Data,Complete Social Data
TUN,Tunisia,2016,"Middle East, North Africa, Afghanistan & Pakistan",Lower middle income,44360072680.4476,0.0084982715857364,,987734705.2158,2.22498472970201,4.805,,,,,,,,54.6513245203,44.3600726804476,0.0443600726804476,,Data Not Available,Missing Core Data,Missing Social Data
TUR,Turkiye,2016,Europe & Central Asia,Upper middle income,870818016909.84,1.9428315705164,4.62773990631104,17827702150.7967,2.05032437865497,5.5,,,,,,,,59.4501154707,870.8180169098399,0.87081801690984,2.5774155276560697,Education-Focused,Complete Core Data,Complete Social Data
TUV,Tuvalu,2016,East Asia & Pacific,Upper middle income,41629064.2232388,5.97938856186022,,,,,,,,,,,,,0.0416290642232388,4.1629064223238805e-05,,Data Not Available,Missing Core Data,Missing Social Data
TZA,Tanzania,2016,Sub-Saharan Africa,Lower middle income,49774409374.4538,3.30400665890222,4.10196721791864,544218297.944157,1.09369193376988,3.349,,,,,,,,47.6474752778,49.774409374453796,0.04977440937445379,3.00827528414876,Education-Focused,Complete Core Data,Complete Social Data
UGA,Uganda,2016,Sub-Saharan Africa,Low income,29203988696.2626,1.35743312909598,2.13789010047913,318551679.284802,1.00333547376504,4.081,,,,,,,,45.5123535258,29.2039886962626,0.0292039886962626,1.13455462671409,Education-Focused,Complete Core Data,Complete Social Data
UKR,Ukraine,2016,Europe & Central Asia,Upper middle income,93355869403.9223,2.94151228987063,5.00976991653442,3423286810.50984,3.66861786886462,4.096,,,,,,,,54.7663318623,93.3558694039223,0.0933558694039223,1.3411520476698002,Education-Focused,Complete Core Data,Complete Social Data
URY,Uruguay,2016,Latin America & Caribbean,High income,57480787465.2716,1.35078037686081,4.36420011520386,988223629.628739,1.8091708739885,6.454,,,,,,,,69.0163297593,57.4807874652716,0.0574807874652716,2.55502924121536,Education-Focused,Complete Core Data,Complete Social Data
USA,United States,2016,North America,High income,18695110842000.0,1.02266589117943,4.78327989578247,639856443000.0,3.40260233575118,6.993,,,,,,,,77.686480052,18695.110842,18.695110842,1.3806775600312897,Education-Focused,Complete Core Data,Complete Social Data
UZB,Uzbekistan,2016,Europe & Central Asia,Lower middle income,86138288644.171,4.11984456589953,5.38089990615845,,,5.971,,,,,,,,50.3791341244,86.138288644171,0.086138288644171,,Data Not Available,Missing Core Data,Complete Social Data
VCT,St. Vincent and the Grenadines,2016,Latin America & Caribbean,Upper middle income,814303703.703704,4.74804540016839,5.45265007019043,,,,,,,,,,,,0.814303703703704,0.000814303703703704,,Data Not Available,Missing Core Data,Missing Social Data
VEN,"Venezuela, RB",2016,,,112915034262.314,-17.557382467255,,218154892.929075,0.454046014282467,,,,,,,,,47.2102004959,112.915034262314,0.112915034262314,,Data Not Available,Missing Core Data,Missing Social Data
VGB,British Virgin Islands,2016,Latin America & Caribbean,High income,,,3.25467711875258,,,,,,,,,,,,,,,Data Not Available,Missing Core Data,Missing Social Data
VIR,Virgin Islands (U.S.),2016,Latin America & Caribbean,High income,3798000000.0,1.78607056891147,,,,,,,,,,,,,3.798,0.003798,,Data Not Available,Missing Core Data,Missing Social Data
VNM,Viet Nam,2016,East Asia & Pacific,Lower middle income,257096001177.982,5.35427097241221,3.46906995773315,5017401787.37234,1.95056176952778,5.074,,,,,,,,55.3564555605,257.096001177982,0.257096001177982,1.51850818820537,Education-Focused,Complete Core Data,Complete Social Data
VUT,Vanuatu,2016,East Asia & Pacific,Lower middle income,804323576.861028,1.19513802690024,7.67742589514444,,,,,,,,,,,,0.804323576861028,0.0008043235768610279,,Data Not Available,Missing Core Data,Missing Social Data
WSM,Samoa,2016,East Asia & Pacific,Upper middle income,843924796.697421,7.07276114056432,3.98114991188049,,,,,,,,,,,,0.8439247966974209,0.0008439247966974209,,Data Not Available,Missing Core Data,Missing Social Data
XKX,Kosovo,2016,Europe & Central Asia,Upper middle income,6682677289.98994,6.20761650241487,,51937624.4193762,0.777866853947473,5.279,,,,,,,,,6.68267728998994,0.00668267728998994,,Data Not Available,Missing Core Data,Missing Social Data
YEM,"Yemen, Rep.",2016,"Middle East, North Africa, Afghanistan & Pakistan",Low income,31317825274.1507,-12.0553743505045,,,,3.593,,,,,,,,35.2794711494,31.3178252741507,0.0313178252741507,,Data Not Available,Missing Core Data,Missing Social Data
ZAF,South Africa,2016,Sub-Saharan Africa,Upper middle income,323585509674.481,-0.277781475736276,5.4442400932312,3139312128.41824,0.971046764986093,4.829,,,,,,,,59.2612112586,323.58550967448105,0.323585509674481,4.473193328245108,Education-Focused,Complete Core Data,Complete Social Data
ZMB,Zambia,2016,Sub-Saharan Africa,Lower middle income,20958412538.3093,0.593979723633794,3.74792003631592,299504759.876729,1.42930472392762,4.514,,,,,,,,48.5985155654,20.9584125383093,0.0209584125383093,2.3186153123883004,Education-Focused,Complete Core Data,Complete Social Data
ZWE,Zimbabwe,2016,Sub-Saharan Africa,Lower middle income,20559250000.0,-0.633234613329265,,358065000.0,1.74198491851131,3.875,,,,,,,,43.6106072188,20.55925,0.02055925,,Data Not Available,Missing Core Data,Missing Social Data
ABW,Aruba,2017,Latin America & Caribbean,High income,3092427932.96089,3.48581549286742,4.45581996127504,,,,,,,,,,,,3.0924279329608897,0.00309242793296089,,Data Not Available,Missing Core Data,Missing Social Data
AFE,Africa Eastern and Southern,2017,,,978076465866.452,0.000238209279459,4.5962700843811,16172675472.1069,1.28671011401209,,,,,,,,,,978.076465866452,0.978076465866452,3.30955997036901,Education-Focused,Complete Core Data,Missing Social Data
AFG,Afghanistan,2017,"Middle East, North Africa, Afghanistan & Pakistan",Low income,18753456497.8159,-0.195569548342789,4.34319019317627,191407113.244397,0.945226799939516,3.632,,,,,,,,35.4077861118,18.7534564978159,0.018753456497815898,3.3979633932367546,Education-Focused,Complete Core Data,Complete Social Data
AFW,Africa Western and Central,2017,,,694051345937.233,-0.35528342283655,3.12012994289398,5510400667.6926,0.813068528209328,,,,,,,,,,694.051345937233,0.694051345937233,2.307061414684652,Education-Focused,Complete Core Data,Missing Social Data
AGO,Angola,2017,Sub-Saharan Africa,Lower middle income,84376935689.3366,-3.62286501702881,2.46687881104886,3062872913.9838,2.50798280550579,3.795,,,,,,,,38.926856292,84.37693568933659,0.08437693568933659,-0.041103994456929804,Military-Focused,Complete Core Data,Complete Social Data
ALB,Albania,2017,Europe & Central Asia,Upper middle income,13258268435.6048,4.88935288088643,3.54673004150391,144382688.719935,1.10915100558884,4.586,,,,,,,,59.1254664436,13.2582684356048,0.013258268435604799,2.4375790359150695,Education-Focused,Complete Core Data,Complete Social Data
AND,Andorra,2017,Europe & Central Asia,High income,3000160414.63795,-1.80605703312767,3.21708989143372,,,,,,,,,,,,3.00016041463795,0.00300016041463795,,Data Not Available,Missing Core Data,Missing Social Data
ARE,United Arab Emirates,2017,"Middle East, North Africa, Afghanistan & Pakistan",High income,403365010211.028,-4.15218113866617,,,,6.774,,,,,,,,66.6141861424,403.365010211028,0.403365010211028,,Data Not Available,Missing Core Data,Missing Social Data
ARG,Argentina,2017,Latin America & Caribbean,Upper middle income,643628393281.364,1.91639608148853,5.45432996749878,5459643672.45401,0.84775481125944,6.388,,,,,,,,59.8804232369,643.628393281364,0.643628393281364,4.60657515623934,Education-Focused,Complete Core Data,Complete Social Data
ARM,Armenia,2017,Europe & Central Asia,Upper middle income,11527458709.0158,7.96544606461424,2.70759010314941,443610413.340995,3.84973057654684,4.321,,,,,,,,57.1619950259,11.5274587090158,0.0115274587090158,-1.14214047339743,Military-Focused,Complete Core Data,Complete Social Data
ASM,American Samoa,2017,East Asia & Pacific,High income,612000000.0,-5.79936404816848,,,,,,,,,,,,,0.612,0.000612,,Data Not Available,Missing Core Data,Missing Social Data
ATG,Antigua and Barbuda,2017,Latin America & Caribbean,High income,1534855555.55556,2.1461875762954,2.28158315038897,,,,,,,,,,,,1.53485555555556,0.00153485555555556,,Data Not Available,Missing Core Data,Missing Social Data
AUS,Australia,2017,East Asia & Pacific,High income,1330890554614.09,0.62251098729871,,27691112416.8515,2.00509517581937,7.272,,,,,,,,79.1306147234,1330.89055461409,1.3308905546140901,,Data Not Available,Missing Core Data,Missing Social Data
AUT,Austria,2017,Europe & Central Asia,High income,414926138132.691,1.56430689663536,5.40181016921997,3153118623.81495,0.761540652203723,7.139,,,,,,,,79.944749178,414.926138132691,0.41492613813269097,4.640269517016247,Education-Focused,Complete Core Data,Complete Social Data
AZE,Azerbaijan,2017,Europe & Central Asia,Upper middle income,40866627351.9817,-0.824348468311783,2.4738199710846,1528859592.29385,3.75630173249661,5.201,,,,,,,,52.9103781826,40.8666273519817,0.040866627351981696,-1.28248176141201,Military-Focused,Complete Core Data,Complete Social Data
BDI,Burundi,2017,Sub-Saharan Africa,Low income,2831362208.34039,1.41976303921598,4.76202011108398,63908678.4320088,2.00270990259373,2.905,,,,,,,,36.8799883334,2.83136220834039,0.00283136220834039,2.75931020849025,Education-Focused,Complete Core Data,Complete Social Data
BEL,Belgium,2017,Europe & Central Asia,High income,500908767351.53,1.08431151262542,6.44915008544922,4432808395.99139,0.886837200658898,6.927,,,,,,,,77.5437541937,500.90876735153,0.50090876735153,5.562312884790321,Education-Focused,Complete Core Data,Complete Social Data
BEN,Benin,2017,Sub-Saharan Africa,Lower middle income,12701655836.9467,2.67041720047298,3.53558993339539,116142782.36694,0.920613124425981,4.141,,,,,,,,46.523434428,12.7016558369467,0.012701655836946699,2.614976808969409,Education-Focused,Complete Core Data,Complete Social Data
BFA,Burkina Faso,2017,Sub-Saharan Africa,Low income,14106955615.3442,3.21640521697573,5.62846994400024,191065838.764304,1.36362970468668,4.424,,,,,,,,45.7677821324,14.1069556153442,0.0141069556153442,4.26484023931356,Education-Focused,Complete Core Data,Complete Social Data
BGD,Bangladesh,2017,South Asia,Lower middle income,293732446624.596,5.68710307010265,2.11342875356648,3266033239.35658,1.12758125325097,4.5,,,,,,,,46.7743967361,293.73244662459604,0.293732446624596,0.9858475003155103,Education-Focused,Complete Core Data,Complete Social Data
BGR,Bulgaria,2017,Europe & Central Asia,High income,59167647387.606,4.1152395764986,4.07754993438721,720037970.85424,1.22220854798635,4.933,,,,,,,,63.6427905999,59.167647387606,0.059167647387606,2.85534138640086,Education-Focused,Complete Core Data,Complete Social Data
BHR,Bahrain,2017,"Middle East, North Africa, Afghanistan & Pakistan",High income,37204813829.7872,-0.457057166110175,2.21637010574341,1532712765.95745,4.32073774179037,6.105,,,,,,,,59.7058997085,37.2048138297872,0.0372048138297872,-2.10436763604696,Military-Focused,Complete Core Data,Complete Social Data
BHS,"Bahamas, The",2017,Latin America & Caribbean,High income,12446900000.0,2.728115494957,2.69510162053495,,,,,,,,,,,,12.4469,0.0124469,,Data Not Available,Missing Core Data,Missing Social Data
BIH,Bosnia and Herzegovina,2017,Europe & Central Asia,Upper middle income,18326373135.6099,4.57868807789549,2.83868424239217,156258302.093929,0.852593562264982,5.129,,,,,,,,57.7312878402,18.326373135609902,0.018326373135609902,1.9860906801271883,Education-Focused,Complete Core Data,Complete Social Data
BLR,Belarus,2017,Europe & Central Asia,Upper middle income,54725405751.1559,2.64480751685403,4.79500007629395,748831971.680445,1.37200444073753,5.483,,,,,,,,57.1582770126,54.7254057511559,0.0547254057511559,3.4229956355564197,Education-Focused,Complete Core Data,Complete Social Data
BLZ,Belize,2017,Latin America & Caribbean,Upper middle income,2266028250.0,-4.06828153670182,5.95071983337402,23055950.0,1.01066786730984,5.956,,,,,,,,55.3541950254,2.26602825,0.00226602825,4.94005196606418,Education-Focused,Complete Core Data,Complete Social Data
BMU,Bermuda,2017,North America,High income,7142316000.0,3.40119187834931,1.32495999336243,,,,,,,,,,,,7.142316,0.007142316,,Data Not Available,Missing Core Data,Missing Social Data
BOL,Bolivia,2017,Latin America & Caribbean,Lower middle income,45927439594.7902,2.68372843487559,8.09722995758057,574126113.37395,1.53642735273655,5.752,,,,,,,,53.0481744953,45.9274395947902,0.0459274395947902,6.56080260484402,Education-Focused,Complete Core Data,Complete Social Data
BRA,Brazil,2017,Latin America & Caribbean,Upper middle income,2063514688805.78,0.587668928601474,6.32047986984253,29261833096.6693,1.41402166797586,6.419,,,,,,,,61.2410933601,2063.51468880578,2.06351468880578,4.90645820186667,Education-Focused,Complete Core Data,Complete Social Data
BRB,Barbados,2017,Latin America & Caribbean,High income,5683150000.0,0.50241999615892,3.956209897995,,,,,,,,,,,,5.68315,0.00568315,,Data Not Available,Missing Core Data,Missing Social Data
BRN,Brunei Darussalam,2017,East Asia & Pacific,High income,12128168045.1245,0.109331621558866,,346706804.42155,2.86512850957169,,,,,,,,,,12.1281680451245,0.0121281680451245,,Data Not Available,Missing Core Data,Missing Social Data
BTN,Bhutan,2017,South Asia,Lower middle income,2591358009.20276,1.21137239128886,6.61724996566772,,,5.082,,,,,,,,,2.5913580092027604,0.0025913580092027603,,Data Not Available,Missing Core Data,Missing Social Data
BWA,Botswana,2017,Sub-Saharan Africa,Upper middle income,16105155856.7708,2.6459126098983,7.80924443947392,522430455.515621,3.24857919499091,3.59,,,,,,,,57.4990533484,16.1051558567708,0.0161051558567708,4.56066524448301,Education-Focused,Complete Core Data,Complete Social Data
CAF,Central African Republic,2017,Sub-Saharan Africa,Low income,2072349972.6818,2.7861131027974,1.75365013911465,27516264.1779352,1.34269739488284,3.083,,,,,,,,31.8495511757,2.0723499726818,0.0020723499726818,0.41095274423180994,Education-Focused,Complete Core Data,Complete Social Data
CAN,Canada,2017,North America,High income,1649265644244.09,1.8094644720755,4.95998001098633,22269696323.3229,1.35189646465708,7.328,,,,,,,,79.7359943188,1649.26564424409,1.64926564424409,3.60808354632925,Education-Focused,Complete Core Data,Complete Social Data
CHE,Switzerland,2017,Europe & Central Asia,High income,695200833086.499,0.421326259922779,5.01765012741089,4628401508.54477,0.66568455676088,7.487,,,,,,,,83.3397981683,695.2008330864991,0.695200833086499,4.35196557065001,Education-Focused,Complete Core Data,Complete Social Data
CHI,Channel Islands,2017,Europe & Central Asia,High income,9170044517.20264,1.5363504960191,,,,,,,,,,,,,9.17004451720264,0.00917004451720264,,Data Not Available,Missing Core Data,Missing Social Data
CHL,Chile,2017,Latin America & Caribbean,High income,276154259981.097,-0.235110167425177,5.43278980255127,5370018134.87068,1.94059250989466,6.476,,,,,,,,69.2971280036,276.15425998109697,0.276154259981097,3.4921972926566105,Education-Focused,Complete Core Data,Complete Social Data
CHN,China,2017,East Asia & Pacific,Upper middle income,12537559062282.9,6.24626618729064,,210443034740.968,1.71124264388853,5.246,,,,,,,,58.9443878468,12537.5590622829,12.5375590622829,,Data Not Available,Missing Core Data,Missing Social Data
CIV,Cote d'Ivoire,2017,Sub-Saharan Africa,Lower middle income,52512343996.69,4.42161228468103,3.73654007911682,501578732.245649,0.965894036488091,4.671,,,,,,,,45.7773836203,52.51234399669,0.052512343996690004,2.770646042628729,Education-Focused,Complete Core Data,Complete Social Data
CMR,Cameroon,2017,Sub-Saharan Africa,Lower middle income,36098547033.1655,0.647004976201075,3.05961990356445,408157575.13556,1.13837382188187,4.975,,,,,,,,43.6471427694,36.098547033165495,0.0360985470331655,1.92124608168258,Education-Focused,Complete Core Data,Complete Social Data
COD,"Congo, Dem. Rep.",2017,Sub-Saharan Africa,Low income,37537521565.5308,0.498126250776636,1.45494997501373,295236074.31758,0.74157072807359,,,,,,,,,35.7628665788,37.5375215655308,0.0375375215655308,0.71337924694014,Education-Focused,Complete Core Data,Missing Social Data
COG,"Congo, Rep.",2017,Sub-Saharan Africa,Lower middle income,11834473039.3645,-7.86139425991523,4.17235994338989,371937055.076808,3.17813469269901,,,,,,,,,42.6935343905,11.8344730393645,0.0118344730393645,0.9942252506908797,Education-Focused,Complete Core Data,Missing Social Data
COL,Colombia,2017,Latin America & Caribbean,Upper middle income,311866875156.879,-0.101221554133033,4.53551006317139,10018029817.5824,3.20809672439436,6.26,,,,,,,,58.3434371818,311.866875156879,0.31186687515687905,1.3274133387770304,Education-Focused,Complete Core Data,Complete Social Data
COM,Comoros,2017,Sub-Saharan Africa,Lower middle income,1077439756.59451,1.76756640070596,,,,,,,,,,,,46.949433418,1.07743975659451,0.00107743975659451,,Data Not Available,Missing Core Data,Missing Social Data
CPV,Cabo Verde,2017,Sub-Saharan Africa,Upper middle income,1996741539.95088,4.48221093147532,4.59278011322021,9354384.16628162,0.470518534467026,,,,,,,,,56.9913550553,1.99674153995088,0.0019967415399508802,4.122261578753184,Education-Focused,Complete Core Data,Missing Social Data
CRI,Costa Rica,2017,Latin America & Caribbean,High income,60516044656.5206,3.17871970343413,7.06981992721558,0.0,,7.072,,,,,,,,68.1183761207,60.5160446565206,0.0605160446565206,,Data Not Available,Missing Core Data,Complete Social Data
CUB,Cuba,2017,Latin America & Caribbean,Upper middle income,96850649700.0,1.97075471516408,8.44413540438793,122552919.006641,2.87240323946139,,,,,,,,,53.4369722508,96.8506497,0.0968506497,5.571732164926541,Education-Focused,Complete Core Data,Missing Social Data
CUW,Curacao,2017,Latin America & Caribbean,High income,3033433248.15988,-1.591163940253,5.91444785594951,,,,,,,,,,,,3.0334332481598802,0.00303343324815988,,Data Not Available,Missing Core Data,Missing Social Data
CYM,Cayman Islands,2017,Latin America & Caribbean,High income,5166281293.18715,0.889647247053603,,,,,,,,,,,,,5.16628129318715,0.00516628129318715,,Data Not Available,Missing Core Data,Missing Social Data
CYP,Cyprus,2017,Europe & Central Asia,High income,22946570628.7576,4.85340888107815,5.69961977005005,359061651.016244,1.56810293907547,5.762,,,,,,,,68.9876341587,22.9465706287576,0.022946570628757598,4.131516830974579,Education-Focused,Complete Core Data,Complete Social Data
CZE,Czechia,2017,Europe & Central Asia,High income,221563575696.217,4.8945501951199,3.75574994087219,2077722060.82334,0.943984411925526,6.711,,,,,,,,73.2706830104,221.56357569621701,0.221563575696217,2.811765528946664,Education-Focused,Complete Core Data,Complete Social Data
DEU,Germany,2017,Europe & Central Asia,High income,3765351626105.89,2.4144426920242,4.77830982208252,42281112684.641,1.13126090102098,6.965,,,,,,,,80.9146682019,3765.3516261058903,3.76535162610589,3.6470489210615407,Education-Focused,Complete Core Data,Complete Social Data
DJI,Djibouti,2017,"Middle East, North Africa, Afghanistan & Pakistan",Lower middle income,2762581334.22612,3.73971530980459,3.73344993591309,,,,,,,,,,,47.0559779011,2.76258133422612,0.00276258133422612,,Data Not Available,Missing Core Data,Missing Social Data
DMA,Dominica,2017,Latin America & Caribbean,Upper middle income,563355555.555555,-6.04609004192379,4.71605005720456,,,,,,,,,,,,0.5633555555555549,0.000563355555555555,,Data Not Available,Missing Core Data,Missing Social Data
DNK,Denmark,2017,Europe & Central Asia,High income,331610593961.988,2.39559065097636,7.3700098991394,3764033343.56355,1.1399854112558,7.555,,,,,,,,83.3381268369,331.610593961988,0.331610593961988,6.2300244878835995,Education-Focused,Complete Core Data,Complete Social Data
DOM,Dominican Republic,2017,Latin America & Caribbean,Upper middle income,79070274743.1658,2.80931921775627,3.92026752279272,533073157.821471,0.6660634439633,5.302,,,,,,,,57.7399246476,79.0702747431658,0.0790702747431658,3.25420407882942,Education-Focused,Complete Core Data,Complete Social Data
DZA,Algeria,2017,"Middle East, North Africa, Afghanistan & Pakistan",Upper middle income,189880896903.073,-0.541667024495979,5.73482350888796,10073364021.3013,5.30711492252911,5.295,,,,,,,,50.1038202113,189.880896903073,0.189880896903073,0.42770858635884945,Education-Focused,Complete Core Data,Complete Social Data
EAR,Early-demographic dividend,2017,,,11320553240043.8,3.17780003225532,3.93130993843079,259336111486.841,2.43179415217375,,,,,,,,,,11320.5532400438,11.3205532400438,1.49951578625704,Education-Focused,Complete Core Data,Missing Social Data
ECS,Europe & Central Asia,2017,,,21791487069281.7,2.56223783714005,4.64034986495972,352106048463.738,1.63658859455952,,,,,,,,,,21791.4870692817,21.7914870692817,3.0037612704002004,Education-Focused,Complete Core Data,Missing Social Data
ECU,Ecuador,2017,Latin America & Caribbean,Upper middle income,104467486000.0,4.36195467405905,4.60667733499397,2462700000.0,2.35738419773924,5.973,,,,,,,,56.185127939,104.467486,0.104467486,2.24929313725473,Education-Focused,Complete Core Data,Complete Social Data
EGY,"Egypt, Arab Rep.",2017,"Middle East, North Africa, Afghanistan & Pakistan",Lower middle income,248362771739.13,2.12015477172733,,2765588434.01207,1.42203170028818,4.419,,,,,,,,46.4249175328,248.36277173913,0.24836277173913002,,Data Not Available,Missing Core Data,Missing Social Data
ERI,Eritrea,2017,Sub-Saharan Africa,Low income,,,,,,,,,,,,,,34.806224252,,,,Data Not Available,Missing Core Data,Missing Social Data
ESP,Spain,2017,Europe & Central Asia,High income,1321754088818.83,2.64617061107108,4.17846012115479,16043533257.4617,1.22211082849583,6.31,,,,,,,,74.3652841421,1321.75408881883,1.3217540888188302,2.9563492926589596,Education-Focused,Complete Core Data,Complete Social Data
EST,Estonia,2017,Europe & Central Asia,High income,27469461919.1189,5.50685731354206,4.86288022994995,537440226.919815,1.96988670547821,5.739,,,,,,,,75.2589195968,27.4694619191189,0.0274694619191189,2.8929935244717404,Education-Focused,Complete Core Data,Complete Social Data
ETH,Ethiopia,2017,,,76366081766.6667,6.61862070026751,5.49905076025271,513827452.373392,0.675310715716932,,,,,,,,,40.484155445,76.3660817666667,0.0763660817666667,4.8237400445357785,Education-Focused,Complete Core Data,Missing Social Data
FIN,Finland,2017,Europe & Central Asia,High income,253846138440.0,3.06123169296772,6.40826988220215,3431090216.95364,1.36088933984851,7.632,,,,,,,,82.6715229214,253.84613844,0.25384613844,5.04738054235364,Education-Focused,Complete Core Data,Complete Social Data
FJI,Fiji,2017,East Asia & Pacific,Upper middle income,5353469174.47838,5.40003492628165,4.65119160575452,75276555.0115658,1.4048380780238,,,,,,,,,,5.35346917447838,0.00535346917447838,3.2463535277307205,Education-Focused,Complete Core Data,Missing Social Data
FRA,France,2017,Europe & Central Asia,High income,2588868323334.71,1.78779549384231,5.46482992172241,47628077104.3242,1.8523088187904,6.489,,,,,,,,76.6886083195,2588.86832333471,2.58886832333471,3.6125211029320106,Education-Focused,Complete Core Data,Complete Social Data
FRO,Faroe Islands,2017,Europe & Central Asia,High income,2980057377.87967,2.03503874879401,,,,,,,,,,,,,2.98005737787967,0.00298005737787967,,Data Not Available,Missing Core Data,Missing Social Data
FSM,"Micronesia, Fed. Sts.",2017,East Asia & Pacific,Lower middle income,359000000.0,1.79684086925374,12.6815821727019,,,,,,,,,,,,0.359,0.000359,,Data Not Available,Missing Core Data,Missing Social Data
GAB,Gabon,2017,Sub-Saharan Africa,Upper middle income,14929487485.1623,-2.16361774149249,3.55570801059931,267430770.80282,1.81138276957815,4.758,,,,,,,,48.7836280825,14.9294874851623,0.014929487485162301,1.74432524102116,Education-Focused,Complete Core Data,Complete Social Data
GBR,United Kingdom,2017,Europe & Central Asia,High income,2699118387873.1,2.46254947655839,5.45254993438721,52075008432.0543,1.95002885979327,6.814,,,,,,,,80.5622473385,2699.1183878731,2.6991183878731,3.5025210745939397,Education-Focused,Complete Core Data,Complete Social Data
GEO,Georgia,2017,Europe & Central Asia,Upper middle income,16473125375.0684,5.14582677562736,3.52442002296448,321136644.607665,1.942197699613,4.34,,,,,,,,59.9724898097,16.4731253750684,0.016473125375068398,1.5822223233514803,Education-Focused,Complete Core Data,Complete Social Data
GHA,Ghana,2017,Sub-Saharan Africa,Lower middle income,60385409434.8567,5.78094585817396,3.53362989425659,189129841.490359,0.312701278609545,4.657,,,,,,,,53.1437384126,60.3854094348567,0.0603854094348567,3.220928615647045,Education-Focused,Complete Core Data,Complete Social Data
GIB,Gibraltar,2017,Europe & Central Asia,High income,,,,,,,,,,,,,,,,,,Data Not Available,Missing Core Data,Missing Social Data
GIN,Guinea,2017,Sub-Saharan Africa,Lower middle income,10324668271.1362,7.51589992127235,2.3203399181366,181637775.870545,1.76492717450729,3.964,,,,,,,,41.1057105715,10.3246682711362,0.0103246682711362,0.5554127436293097,Education-Focused,Complete Core Data,Complete Social Data
GMB,"Gambia, The",2017,Sub-Saharan Africa,Low income,1504909462.69521,2.20807546707253,2.45919445096525,,,,,,,,,,,45.6134911776,1.50490946269521,0.00150490946269521,,Data Not Available,Missing Core Data,Missing Social Data
GNB,Guinea-Bissau,2017,Sub-Saharan Africa,Low income,1469978606.12143,2.14454305364472,,19021935.3520215,1.30856549036791,,,,,,,,,40.8837899038,1.46997860612143,0.00146997860612143,,Data Not Available,Missing Core Data,Missing Social Data
GNQ,Equatorial Guinea,2017,Sub-Saharan Africa,Upper middle income,12200913878.9827,-8.94053555047577,,136210361.388331,1.12893709401034,,,,,,,,,45.3258583123,12.2009138789827,0.0122009138789827,,Data Not Available,Missing Core Data,Missing Social Data
GRC,Greece,2017,Europe & Central Asia,High income,200381103984.298,1.67402014860588,3.46778011322021,5088178883.21225,2.556623889921,5.358,,,,,,,,65.7936741591,200.381103984298,0.200381103984298,0.9111562232992099,Education-Focused,Complete Core Data,Complete Social Data
GRD,Grenada,2017,Latin America & Caribbean,Upper middle income,1125685185.18519,4.16002295455056,3.17379999160767,,,,,,,,,,,,1.12568518518519,0.00112568518518519,,Data Not Available,Missing Core Data,Missing Social Data
GRL,Greenland,2017,Europe & Central Asia,High income,2851613679.03433,0.0776647739674274,,,,,,,,,,,,,2.85161367903433,0.00285161367903433,,Data Not Available,Missing Core Data,Missing Social Data
GTM,Guatemala,2017,Latin America & Caribbean,Upper middle income,71653780740.4226,1.22202117929733,2.95009994506836,275014798.544949,0.383850245049506,6.382,,,,,,,,53.6721269259,71.6537807404226,0.07165378074042261,2.566249700018854,Education-Focused,Complete Core Data,Complete Social Data
GUM,Guam,2017,East Asia & Pacific,High income,6013000000.0,1.34860712204592,,,,,,,,,,,,,6.013,0.006013,,Data Not Available,Missing Core Data,Missing Social Data
GUY,Guyana,2017,Latin America & Caribbean,High income,4748174334.14044,3.06887182440371,4.6647801399231,59510895.8837772,1.25334268912328,,,,,,,,,55.7623365676,4.74817433414044,0.00474817433414044,3.41143745079982,Education-Focused,Complete Core Data,Missing Social Data
HKG,"Hong Kong SAR, China",2017,East Asia & Pacific,High income,341273289534.466,3.00148096033243,3.30989003181458,,,,,,,,,,,78.7068838797,341.273289534466,0.341273289534466,,Data Not Available,Missing Core Data,Missing Social Data
HND,Honduras,2017,Latin America & Caribbean,Lower middle income,23136247990.5977,2.92107278326836,5.74434396129576,367928596.43675,1.58983296006831,5.504,,,,,,,,52.1387084954,23.1362479905977,0.0231362479905977,4.1545110012274495,Education-Focused,Complete Core Data,Complete Social Data
HRV,Croatia,2017,Europe & Central Asia,High income,56182782585.9052,4.95688757968964,3.87207007408142,911363521.468404,1.63316629446653,5.321,,,,,,,,66.127871367,56.182782585905194,0.0561827825859052,2.23890377961489,Education-Focused,Complete Core Data,Complete Social Data
HTI,Haiti,2017,Latin America & Caribbean,Lower middle income,15093357161.1498,1.12394427912376,1.49846994876862,6521133.54820062,0.04364592592778,3.582,,,,,,,,39.7472982538,15.093357161149799,0.0150933571611498,1.45482402284084,Education-Focused,Complete Core Data,Complete Social Data
HUN,Hungary,2017,Europe & Central Asia,High income,143335098991.862,4.47743568209606,4.64034986495972,1702635636.90156,1.19169678184034,5.62,,,,,,,,65.1469306302,143.335098991862,0.143335098991862,3.4486530831193805,Education-Focused,Complete Core Data,Complete Social Data
IDB,IDA blend,2017,,,1064701742324.65,0.764984608084958,3.95445001125336,15938719743.7347,1.66092681907207,,,,,,,,,,1064.70174232465,1.06470174232465,2.29352319218129,Education-Focused,Complete Core Data,Missing Social Data
IDN,Indonesia,2017,East Asia & Pacific,Upper middle income,1015618744159.73,4.00109865179923,1.05324382490056,8797528449.54204,0.865191376221992,5.093,,,,,,,,58.8896296617,1015.61874415973,1.01561874415973,0.18805244867856796,Education-Focused,Complete Core Data,Complete Social Data
IMN,Isle of Man,2017,Europe & Central Asia,High income,6979788333.50279,2.66187031478451,,,,,,,,,,,,,6.979788333502791,0.00697978833350279,,Data Not Available,Missing Core Data,Missing Social Data
IND,India,2017,South Asia,Lower middle income,2651474262755.45,5.561185034605,4.30543994903565,64559435280.6927,2.53151136056791,4.19,,,,,,,,51.9467157635,2651.47426275545,2.65147426275545,1.77392858846774,Education-Focused,Complete Core Data,Complete Social Data
IRL,Ireland,2017,Europe & Central Asia,High income,348355212568.515,8.63259519638329,3.37737011909485,1025063447.41951,0.296120745416758,6.977,,,,,,,,80.6922214815,348.355212568515,0.34835521256851504,3.081249373678092,Education-Focused,Complete Core Data,Complete Social Data
IRN,"Iran, Islamic Rep.",2017,"Middle East, North Africa, Afghanistan & Pakistan",Upper middle income,510239893417.645,1.55521443456146,3.45956993103027,13931196489.7975,2.8443384495596,4.707,,,,,,,,47.7787472389,510.239893417645,0.510239893417645,0.6152314814706701,Education-Focused,Complete Core Data,Complete Social Data
IRQ,Iraq,2017,"Middle East, North Africa, Afghanistan & Pakistan",Upper middle income,187217660050.676,-3.98546687274897,,7416385135.13514,3.90898492056515,4.456,,,,,,,,42.6604675677,187.217660050676,0.187217660050676,,Data Not Available,Missing Core Data,Missing Social Data
ISL,Iceland,2017,Europe & Central Asia,High income,25060086487.8901,1.08598544714937,7.58384990692139,0.0,,7.495,,,,,,,,80.8039327017,25.0600864878901,0.0250600864878901,,Data Not Available,Missing Core Data,Complete Social Data
ISR,Israel,2017,"Middle East, North Africa, Afghanistan & Pakistan",High income,358451839052.991,2.34341452190721,6.00425004959106,19357002461.0705,5.42682730712043,7.19,,,,,,,,71.2053376154,358.45183905299103,0.35845183905299105,0.5774227424706302,Education-Focused,Complete Core Data,Complete Social Data
ITA,Italy,2017,Europe & Central Asia,High income,1970720904584.71,1.79499729937032,4.02662992477417,26447892915.4274,1.35122350161336,6.0,,,,,,,,70.9818853501,1970.72090458471,1.97072090458471,2.67540642316081,Education-Focused,Complete Core Data,Complete Social Data
JAM,Jamaica,2017,Latin America & Caribbean,Upper middle income,15783583236.675,2.08054717136154,5.26015996932983,143545555.4269,0.973433068165328,5.89,,,,,,,,60.6154535794,15.783583236675,0.015783583236675,4.286726901164503,Education-Focused,Complete Core Data,Complete Social Data
JOR,Jordan,2017,"Middle East, North Africa, Afghanistan & Pakistan",Lower middle income,41608435915.493,0.192083988017671,3.21305990219116,1939718309.85915,4.6843537414966,5.161,,,,,,,,57.7852824912,41.608435915493,0.04160843591549299,-1.47129383930544,Military-Focused,Complete Core Data,Complete Social Data
JPN,Japan,2017,East Asia & Pacific,High income,4930837369151.42,1.75861180168305,3.13057994842529,45058468760.6493,0.913229479099801,5.915,,,,,,,,77.1049172762,4930.83736915142,4.93083736915142,2.217350469325489,Education-Focused,Complete Core Data,Complete Social Data
KAZ,Kazakhstan,2017,Europe & Central Asia,Upper middle income,166805788827.233,2.49076945691363,2.75081992149353,1390619095.25397,0.831894968007788,5.79,,,,,,,,58.429219992,166.805788827233,0.16680578882723301,1.918924953485742,Education-Focused,Complete Core Data,Complete Social Data
KEN,Kenya,2017,Sub-Saharan Africa,Lower middle income,82036510877.2599,1.60475183361922,4.96308994293213,1015384781.9759,1.23759400127025,4.41,,,,,,,,50.8305434405,82.0365108772599,0.0820365108772599,3.7254959416618796,Education-Focused,Complete Core Data,Complete Social Data
KGZ,Kyrgyz Republic,2017,Europe & Central Asia,Lower middle income,7702938379.42036,2.55837834194257,6.02618980407715,239397613.944919,3.10489070193562,,,,,,,,,53.8014773812,7.70293837942036,0.00770293837942036,2.92129910214153,Education-Focused,Complete Core Data,Missing Social Data
KHM,Cambodia,2017,East Asia & Pacific,Lower middle income,29355665909.7905,6.59196495590379,,458262797.923612,1.56181647470424,4.433,,,,,,,,48.1470820077,29.3556659097905,0.0293556659097905,,Data Not Available,Missing Core Data,Missing Social Data
KIR,Kiribati,2017,East Asia & Pacific,Lower middle income,222875736.343445,2.19903908915526,11.4761649484536,,,,,,,,,,,,0.222875736343445,0.000222875736343445,,Data Not Available,Missing Core Data,Missing Social Data
KNA,St. Kitts and Nevis,2017,Latin America & Caribbean,High income,1056977777.77778,0.274193507101955,2.77100327979144,,,,,,,,,,,,1.05697777777778,0.00105697777777778,,Data Not Available,Missing Core Data,Missing Social Data
KOR,"Korea, Rep.",2017,East Asia & Pacific,High income,1710196756713.17,3.14298545917306,4.10775995254517,39170682135.6216,2.29813107276094,5.875,,,,,,,,71.6549626362,1710.1967567131699,1.71019675671317,1.8096288797842295,Education-Focused,Complete Core Data,Complete Social Data
KWT,Kuwait,2017,"Middle East, North Africa, Afghanistan & Pakistan",High income,120687539805.505,-8.16879129164303,6.35444222156987,6764636913.87805,5.60744536433338,6.083,,,,,,,,60.1172197975,120.68753980550501,0.120687539805505,0.74699685723649,Education-Focused,Complete Core Data,Complete Social Data
LAO,Lao PDR,2017,East Asia & Pacific,Lower middle income,17071155481.4994,5.2271106715724,2.49797261414021,,,4.623,,,,,,,,47.8534193297,17.0711554814994,0.0170711554814994,,Data Not Available,Missing Core Data,Complete Social Data
LBN,Lebanon,2017,"Middle East, North Africa, Afghanistan & Pakistan",Lower middle income,53027680685.9038,3.57185811074811,2.21606844423238,2441074857.01822,4.60339736802672,5.199,,,,,,,,54.1473371009,53.0276806859038,0.0530276806859038,-2.3873289237943403,Military-Focused,Complete Core Data,Complete Social Data
LBR,Liberia,2017,Sub-Saharan Africa,Low income,3390703400.0,0.48341831127135,2.66330003738403,13335500.0,0.4015507377296,3.495,,,,,,,,44.4256448374,3.3907034,0.0033907034,2.26174929965443,Education-Focused,Complete Core Data,Complete Social Data
LBY,Libya,2017,"Middle East, North Africa, Afghanistan & Pakistan",Upper middle income,67157452181.7738,30.3950611263495,,,,5.566,,,,,,,,42.7511245214,67.1574521817738,0.0671574521817738,,Data Not Available,Missing Core Data,Missing Social Data
LCA,St. Lucia,2017,Latin America & Caribbean,Upper middle income,1998503703.7037,2.97179882236796,3.6273152206015,,,,,,,,,,,,1.9985037037037001,0.0019985037037037,,Data Not Available,Missing Core Data,Missing Social Data
LCN,Latin America & Caribbean,2017,,,5715057427671.22,0.638754446536055,4.40769505500793,66596682451.2873,1.28378832183684,,,,,,,,,,5715.05742767122,5.71505742767122,3.12390673317109,Education-Focused,Complete Core Data,Missing Social Data
LIE,Liechtenstein,2017,Europe & Central Asia,High income,6474308717.85289,,,,,,,,,,,,,,6.47430871785289,0.00647430871785289,,Data Not Available,Missing Core Data,Missing Social Data
LKA,Sri Lanka,2017,South Asia,Lower middle income,94369350285.5814,5.24982935111058,2.59316992759705,1866534438.99382,1.97692843257215,4.471,,,,,,,,57.7430433994,94.3693502855814,0.09436935028558141,0.6162414950249,Education-Focused,Complete Core Data,Complete Social Data
LSO,Lesotho,2017,Sub-Saharan Africa,Lower middle income,2306741672.29006,-4.33655999292874,8.1553201675415,52594810.3725972,2.27081453102287,3.808,,,,,,,,45.0952061524,2.30674167229006,0.00230674167229006,5.884505636518631,Education-Focused,Complete Core Data,Complete Social Data
LTE,Late-demographic dividend,2017,,,20889290142886.5,4.57016804205641,4.41787004470825,383979153943.819,1.92917272584528,,,,,,,,,,20889.2901428865,20.8892901428865,2.48869731886297,Education-Focused,Complete Core Data,Missing Social Data
LTU,Lithuania,2017,Europe & Central Asia,High income,47756764508.446,5.88872606993294,3.81236004829407,812106965.019963,1.71214117320754,5.952,,,,,,,,69.7628765687,47.756764508446,0.047756764508446,2.1002188750865303,Education-Focused,Complete Core Data,Complete Social Data
LUX,Luxembourg,2017,Europe & Central Asia,High income,65712180342.9836,-1.11611347517193,3.48645997047424,323138029.306824,0.495110917223231,6.91,,,,,,,,81.1126654468,65.7121803429836,0.0657121803429836,2.991349053251009,Education-Focused,Complete Core Data,Complete Social Data
LVA,Latvia,2017,Europe & Central Asia,High income,29391059767.4259,4.31935869681359,4.52905988693237,482461999.113821,1.65275736814609,5.933,,,,,,,,69.8673753174,29.3910597674259,0.0293910597674259,2.8763025187862805,Education-Focused,Complete Core Data,Complete Social Data
MAC,"Macao SAR, China",2017,East Asia & Pacific,High income,50297028370.6668,10.6136017665803,2.70949006080627,,,,,,,,,,,,50.2970283706668,0.0502970283706668,,Data Not Available,Missing Core Data,Missing Social Data
MAF,St. Martin (French part),2017,Latin America & Caribbean,High income,,-7.15585200915483,,,,,,,,,,,,,,,,Data Not Available,Missing Core Data,Missing Social Data
MAR,Morocco,2017,"Middle East, North Africa, Afghanistan & Pakistan",Lower middle income,118540573367.844,3.78371209116371,4.73564982004448,3461461531.38359,2.94588992031474,5.254,,,,,,,,53.8110696686,118.54057336784399,0.11854057336784399,1.7897598997297397,Education-Focused,Complete Core Data,Complete Social Data
MCO,Monaco,2017,Europe & Central Asia,High income,6430254652.58934,-4.23891093966274,1.45816004276276,,,,,,,,,,,,6.4302546525893405,0.00643025465258934,,Data Not Available,Missing Core Data,Missing Social Data
MDA,Moldova,2017,Europe & Central Asia,Upper middle income,9514404016.20949,5.99041199822246,5.71017980575562,30926160.5431569,0.324532007174344,,,,,,,,,56.5522656242,9.51440401620949,0.00951440401620949,5.385647798581275,Education-Focused,Complete Core Data,Missing Social Data
MDG,Madagascar,2017,Sub-Saharan Africa,Low income,13176313593.5509,1.26236994297058,2.70137416707567,66906090.1851672,0.506222289767563,3.774,,,,,,,,44.9917366273,13.1763135935509,0.0131763135935509,2.195151877308107,Education-Focused,Complete Core Data,Complete Social Data
MDV,Maldives,2017,South Asia,Upper middle income,4816426256.52914,3.57472677178792,3.82268559882407,,,,,,,,,,,,4.816426256529141,0.00481642625652914,,Data Not Available,Missing Core Data,Missing Social Data
MEX,Mexico,2017,Latin America & Caribbean,Upper middle income,1190721475906.0,0.923425358691205,4.39752006530762,5062076645.82129,0.424849155540147,6.488,,,,,,,,58.214310777,1190.721475906,1.190721475906,3.972670909767473,Education-Focused,Complete Core Data,Complete Social Data
MHL,Marshall Islands,2017,East Asia & Pacific,Upper middle income,213700000.0,6.18444127953049,,,,,,,,,,,,,0.2137,0.0002137,,Data Not Available,Missing Core Data,Missing Social Data
MKD,North Macedonia,2017,Europe & Central Asia,Upper middle income,11307067069.6658,1.48936718625188,,100754692.052761,0.895041406541028,5.185,,,,,,,,60.2719204511,11.3070670696658,0.0113070670696658,,Data Not Available,Missing Core Data,Missing Social Data
MLI,Mali,2017,Sub-Saharan Africa,Low income,18308362040.0521,2.06891771144161,3.18063998222351,460196191.968391,3.02860111373814,4.447,,,,,,,,43.3685667263,18.308362040052103,0.018308362040052102,0.15203886848536996,Education-Focused,Complete Core Data,Complete Social Data
MLT,Malta,2017,"Middle East, North Africa, Afghanistan & Pakistan",High income,14161366724.1955,9.92374326439017,4.34281015396118,64235888.1657335,0.456702678272601,6.627,,,,,,,,74.4452180432,14.1613667241955,0.014161366724195499,3.8861074756885787,Education-Focused,Complete Core Data,Complete Social Data
MMR,Myanmar,2017,East Asia & Pacific,Lower middle income,66053040475.0257,5.31957403505668,2.16652989387512,2221961060.22858,3.64194876170774,4.308,,,,,,,,45.0820682155,66.05304047502571,0.0660530404750257,-1.4754188678326203,Military-Focused,Complete Core Data,Complete Social Data
MNE,Montenegro,2017,Europe & Central Asia,Upper middle income,4803962015.62122,3.11297073146422,,65734886.3769336,1.36277677368932,5.347,,,,,,,,62.0647530848,4.803962015621219,0.00480396201562122,,Data Not Available,Missing Core Data,Missing Social Data
MNG,Mongolia,2017,East Asia & Pacific,Upper middle income,11480847740.736,3.6220070103727,4.06898021697998,87511743.4962015,0.762153816975996,5.125,,,,,,,,55.3574805186,11.480847740736,0.011480847740736,3.3068264000039838,Education-Focused,Complete Core Data,Complete Social Data
MNP,Northern Mariana Islands,2017,East Asia & Pacific,High income,1560000000.0,25.1775968489283,,,,,,,,,,,,,1.56,0.00156,,Data Not Available,Missing Core Data,Missing Social Data
MOZ,Mozambique,2017,Sub-Saharan Africa,Low income,13264640645.7768,-0.38371430909207,5.48664999008179,129258386.223763,0.984570977671917,4.417,,,,,,,,43.1143334025,13.264640645776801,0.0132646406457768,4.502079012409872,Education-Focused,Complete Core Data,Complete Social Data
MRT,Mauritania,2017,Sub-Saharan Africa,Lower middle income,6800135898.28827,3.14237147997393,,143769318.593189,2.12109845694596,4.356,,,,,,,,38.5055395008,6.80013589828827,0.00680013589828827,,Data Not Available,Missing Core Data,Missing Social Data
MUS,Mauritius,2017,Sub-Saharan Africa,Upper middle income,13896938315.2799,3.84430800639895,4.87887001037598,22633506.6411266,0.16537629451361,5.891,,,,,,,,65.1882182414,13.8969383152799,0.0138969383152799,4.71349371586237,Education-Focused,Complete Core Data,Complete Social Data
MWI,Malawi,2017,Sub-Saharan Africa,Low income,8943543793.5839,1.22138049385239,2.76899003982544,47416537.0668233,0.530100138963233,3.587,,,,,,,,47.2816211809,8.9435437935839,0.0089435437935839,2.238889900862207,Education-Focused,Complete Core Data,Complete Social Data
MYS,Malaysia,2017,East Asia & Pacific,Upper middle income,319109094160.343,3.96186564548185,4.6753101348877,3494832256.87397,1.10033460723613,6.322,,,,,,,,65.2532297717,319.10909416034303,0.319109094160343,3.57497552765157,Education-Focused,Complete Core Data,Complete Social Data
NAM,Namibia,2017,Sub-Saharan Africa,Lower middle income,12895153370.9132,-3.69773452685817,1.39524534605831,456081144.821039,3.52238850010305,4.441,,,,,,,,56.4555501945,12.895153370913201,0.0128951533709132,-2.12714315404474,Military-Focused,Complete Core Data,Complete Social Data
NCL,New Caledonia,2017,East Asia & Pacific,High income,9174048681.98577,,,,,,,,,,,,,,9.17404868198577,0.009174048681985769,,Data Not Available,Missing Core Data,Missing Social Data
NER,Niger,2017,Sub-Saharan Africa,Low income,11185104251.6943,1.33285572403285,2.57818007469177,200183929.970367,1.80984292435405,4.166,,,,,,,,42.4922862367,11.1851042516943,0.0111851042516943,0.7683371503377199,Education-Focused,Complete Core Data,Complete Social Data
NGA,Nigeria,2017,Sub-Saharan Africa,Lower middle income,375745731053.427,-1.61585537268604,0.396354013591345,1621218176.40317,0.430671218863917,5.155,,,,,,,,42.655776928,375.745731053427,0.375745731053427,-0.03431720527257204,Military-Focused,Complete Core Data,Complete Social Data
NIC,Nicaragua,2017,Latin America & Caribbean,Lower middle income,13785893007.4769,3.24691576299918,4.35768985748291,86725444.8392143,0.626510067010078,6.141,,,,,,,,52.2840870434,13.7858930074769,0.0137858930074769,3.731179790472832,Education-Focused,Complete Core Data,Complete Social Data
NLD,Netherlands,2017,Europe & Central Asia,High income,848233537845.884,2.17569091526914,5.08747005462646,9580685498.2163,1.13721447777951,7.441,,,,,,,,82.1337464205,848.233537845884,0.8482335378458841,3.9502555768469505,Education-Focused,Complete Core Data,Complete Social Data
NOR,Norway,2017,Europe & Central Asia,High income,401745275035.261,1.63950712591077,7.84599018096924,6853260032.98516,1.70515328594991,7.594,,,,,,,,83.2340268402,401.745275035261,0.401745275035261,6.14083689501933,Education-Focused,Complete Core Data,Complete Social Data
NPL,Nepal,2017,South Asia,Lower middle income,28971588940.364,8.76020605401564,4.76723003387451,436745563.546622,1.48497718496345,4.88,,,,,,,,49.8802629368,28.971588940363997,0.028971588940363998,3.28225284891106,Education-Focused,Complete Core Data,Complete Social Data
NRU,Nauru,2017,East Asia & Pacific,High income,109355638.866955,-7.78820653423327,6.27397517241379,,,,,,,,,,,,0.109355638866955,0.000109355638866955,,Data Not Available,Missing Core Data,Missing Social Data
NZL,New Zealand,2017,East Asia & Pacific,High income,206745969246.073,1.24183177643995,5.27543020248413,2145345647.77,1.05195301181686,7.324,,,,,,,,81.4774751706,206.745969246073,0.206745969246073,4.2234771906672695,Education-Focused,Complete Core Data,Complete Social Data
OMN,Oman,2017,"Middle East, North Africa, Afghanistan & Pakistan",High income,80856697009.1027,-2.93490377016138,5.99594020843506,6802665799.73992,8.41324995212154,,,,,,,,,57.814745088,80.8566970091027,0.08085669700910271,-2.417309743686479,Military-Focused,Complete Core Data,Missing Social Data
PAK,Pakistan,2017,"Middle East, North Africa, Afghanistan & Pakistan",Lower middle income,339205534861.1,2.96623678403046,2.57617998123169,11378168955.0744,3.36444910317801,5.472,,,,,,,,41.1822848248,339.2055348611,0.3392055348611,-0.7882691219463203,Military-Focused,Complete Core Data,Complete Social Data
PAN,Panama,2017,Latin America & Caribbean,High income,64327688826.3137,3.94788151319156,3.37834000587463,0.0,,6.43,,,,,,,,65.7693335079,64.3276888263137,0.06432768882631369,,Data Not Available,Missing Core Data,Complete Social Data
PER,Peru,2017,Latin America & Caribbean,Upper middle income,211007984080.911,1.01943141648242,3.93130993843079,2665785313.29571,1.2652396703256,5.663,,,,,,,,60.3615357454,211.007984080911,0.211007984080911,2.66607026810519,Education-Focused,Complete Core Data,Complete Social Data
PHL,Philippines,2017,East Asia & Pacific,Lower middle income,328480736802.76,5.56223020665776,3.96384087403915,3836464209.62757,1.16796083355235,5.524,,,,,,,,57.0186808584,328.48073680276,0.32848073680276,2.7958800404868,Education-Focused,Complete Core Data,Complete Social Data
PLW,Palau,2017,East Asia & Pacific,High income,292148590.087891,-3.07119789167072,,,,,,,,,,,,,0.29214859008789096,0.000292148590087891,,Data Not Available,Missing Core Data,Missing Social Data
PNG,Papua New Guinea,2017,East Asia & Pacific,Lower middle income,22742699138.356,1.08692627161339,1.96493005752563,80860755.5171601,0.355034482758621,,,,,,,,,47.1624443366,22.742699138356,0.022742699138356,1.6098955747670092,Education-Focused,Complete Core Data,Missing Social Data
POL,Poland,2017,Europe & Central Asia,High income,528356676667.211,5.13933542172569,4.54246997833252,9870680628.27225,1.88828727046187,6.123,,,,,,,,69.9865255029,528.356676667211,0.528356676667211,2.6541827078706506,Education-Focused,Complete Core Data,Complete Social Data
PRI,Puerto Rico (US),2017,Latin America & Caribbean,High income,103445500000.0,-0.903680354883278,2.72538873126429,,,,,,,,,,,,103.4455,0.1034455,,Data Not Available,Missing Core Data,Missing Social Data
PRK,"Korea, Dem. People's Rep.",2017,East Asia & Pacific,Low income,,,,961481481.481482,,,,,,,,,,,,,,Data Not Available,Missing Core Data,Missing Social Data
PRT,Portugal,2017,Europe & Central Asia,High income,220862990767.229,3.56700126187077,5.02685022354126,2719739269.42303,1.23983975869036,5.41,,,,,,,,73.56666888,220.862990767229,0.220862990767229,3.7870104648508995,Education-Focused,Complete Core Data,Complete Social Data
PRY,Paraguay,2017,Latin America & Caribbean,Upper middle income,38997129473.5613,3.32962942295241,3.09062070242279,348179657.473011,0.892663231219253,5.681,,,,,,,,57.3394230132,38.9971294735613,0.0389971294735613,2.1979574712035372,Education-Focused,Complete Core Data,Complete Social Data
PSE,West Bank and Gaza,2017,"Middle East, North Africa, Afghanistan & Pakistan",Lower middle income,16128000000.0,-0.577622802403482,4.72153997421265,,,,,,,,,,,,16.128,0.016128,,Data Not Available,Missing Core Data,Missing Social Data
PYF,French Polynesia,2017,East Asia & Pacific,High income,5833352692.7995,3.95416021395157,,,,,,,,,,,,,5.8333526927995,0.0058333526927995,,Data Not Available,Missing Core Data,Missing Social Data
QAT,Qatar,2017,"Middle East, North Africa, Afghanistan & Pakistan",High income,161099175824.176,-4.15596174260121,2.96745991706848,,,6.374,,,,,,,,64.2283023829,161.099175824176,0.161099175824176,,Data Not Available,Missing Core Data,Complete Social Data
ROU,Romania,2017,Europe & Central Asia,High income,210147385855.419,8.82266657090874,3.11819005012512,3622068491.8065,1.73375510218939,5.945,,,,,,,,64.2992041245,210.147385855419,0.210147385855419,1.3844349479357299,Education-Focused,Complete Core Data,Complete Social Data
RUS,Russia,2017,Europe & Central Asia,High income,1574199360089.0,1.61387325924203,4.68990993499756,66913033536.7831,4.24899605173948,5.81,,,,,,,,55.9847260548,1574.199360089,1.574199360089,0.4409138832580801,Education-Focused,Complete Core Data,Complete Social Data
RWA,Rwanda,2017,Sub-Saharan Africa,Low income,9252833891.40871,1.50906456900377,3.1247398853302,115716812.449004,1.24889524304653,3.408,,,,,,,,51.5453986753,9.252833891408711,0.009252833891408711,1.87584464228367,Education-Focused,Complete Core Data,Complete Social Data
SAU,Saudi Arabia,2017,"Middle East, North Africa, Afghanistan & Pakistan",High income,741266133333.333,1.10646877226159,,70400000000.0,9.84622692397792,6.371,,,,,,,,55.3890374287,741.266133333333,0.741266133333333,,Data Not Available,Missing Core Data,Missing Social Data
SDN,Sudan,2017,Sub-Saharan Africa,Low income,41283617976.1905,-2.71987452387332,,4382998816.69717,3.28580390103889,4.139,,,,,,,,36.7666652636,41.2836179761905,0.0412836179761905,,Data Not Available,Missing Core Data,Missing Social Data
SEN,Senegal,2017,Sub-Saharan Africa,Lower middle income,20996562943.5979,4.3502357301897,4.74007987976074,305441261.623352,1.47106251742975,4.631,,,,,,,,52.0043450794,20.9965629435979,0.0209965629435979,3.2690173623309904,Education-Focused,Complete Core Data,Complete Social Data
SGP,Singapore,2017,East Asia & Pacific,High income,343673334902.33,4.38437834929044,2.87916382421742,10178706550.0118,2.97201085878766,6.343,,,,,,,,77.9677954668,343.67333490233,0.34367333490233004,-0.09284703457024035,Military-Focused,Complete Core Data,Complete Social Data
SLB,Solomon Islands,2017,East Asia & Pacific,Lower middle income,1469790526.3972,-0.426120235207534,,,,,,,,,,,,,1.4697905263972002,0.0014697905263972,,Data Not Available,Missing Core Data,Missing Social Data
SLE,Sierra Leone,2017,Sub-Saharan Africa,Low income,5749846528.48046,0.774679247758442,3.0150101184845,39577826.0041243,0.676969771194224,4.571,,,,,,,,43.3331557925,5.74984652848046,0.00574984652848046,2.338040347290276,Education-Focused,Complete Core Data,Complete Social Data
SLV,El Salvador,2017,Latin America & Caribbean,Upper middle income,24979190000.0,2.0380895055328,3.7252299785614,260900000.0,1.04446940079198,6.167,,,,,,,,54.9851688308,24.97919,0.02497919,2.68076057776942,Education-Focused,Complete Core Data,Complete Social Data
SMR,San Marino,2017,Europe & Central Asia,High income,1528620346.31168,-1.88769119879011,3.36997008323669,,,,,,,,,,,,1.52862034631168,0.0015286203463116801,,Data Not Available,Missing Core Data,Missing Social Data
SOM,"Somalia, Fed. Rep.",2017,Sub-Saharan Africa,Low income,7621501710.0012,10.3677043802939,,61813000.0,0.749066892874455,,,,,,,,,33.4648324654,7.6215017100011995,0.0076215017100011995,,Data Not Available,Missing Core Data,Missing Social Data
SRB,Serbia,2017,Europe & Central Asia,Upper middle income,45972834713.8077,2.90962447502095,3.56539011001587,796446637.7762,1.75424084910469,5.398,,,,,,,,59.7863442317,45.9728347138077,0.045972834713807705,1.8111492609111801,Education-Focused,Complete Core Data,Complete Social Data
SSD,South Sudan,2017,Sub-Saharan Africa,Low income,,,,72388104.5738804,3.9933777725745,3.254,,,,,,,,29.9428982768,,,,Data Not Available,Missing Core Data,Missing Social Data
STP,Sao Tome and Principe,2017,Sub-Saharan Africa,Lower middle income,322002845.229335,2.46252459071385,5.87489986419678,,,,,,,,,,,55.4963317348,0.32200284522933503,0.00032200284522933503,,Data Not Available,Missing Core Data,Missing Social Data
SUR,Suriname,2017,Latin America & Caribbean,Upper middle income,3591679430.99988,0.547149370341614,5.45861311514349,,,,,,,,,,,58.3279946626,3.59167943099988,0.00359167943099988,,Data Not Available,Missing Core Data,Missing Social Data
SVK,Slovak Republic,2017,Europe & Central Asia,High income,95978130734.9766,2.71521709643727,3.91876006126404,1049074346.91029,1.10051309804795,,,,,,,,,68.9757600816,95.97813073497659,0.09597813073497659,2.81824696321609,Education-Focused,Complete Core Data,Missing Social Data
SVN,Slovenia,2017,Europe & Central Asia,High income,48153200134.6613,5.10589384792048,4.82381010055542,473796757.208807,0.990668071759246,5.948,,,,,,,,73.3225297662,48.1532001346613,0.0481532001346613,3.833142028796174,Education-Focused,Complete Core Data,Complete Social Data
SWE,Sweden,2017,Europe & Central Asia,High income,535172356784.769,0.519214362381689,7.63849020004272,5526592999.00266,1.0325978685581,7.314,,,,,,,,83.1899535168,535.172356784769,0.5351723567847689,6.60589233148462,Education-Focused,Complete Core Data,Complete Social Data
SWZ,Eswatini,2017,Sub-Saharan Africa,Lower middle income,4462640651.49219,2.74440888521023,6.177914116856,87762823.1282349,1.92445503522586,,,,,,,,,45.2162837212,4.46264065149219,0.00446264065149219,4.25345908163014,Education-Focused,Complete Core Data,Missing Social Data
SXM,Sint Maarten (Dutch part),2017,Latin America & Caribbean,High income,1353212122.90503,-9.30645194996998,,,,,,,,,,,,,1.35321212290503,0.00135321212290503,,Data Not Available,Missing Core Data,Missing Social Data
SYC,Seychelles,2017,Sub-Saharan Africa,High income,1675370641.01416,5.65298679577909,3.34617325657655,22290935.2644799,1.32734497333997,,,,,,,,,63.017674413,1.67537064101416,0.00167537064101416,2.01882828323658,Education-Focused,Complete Core Data,Missing Social Data
SYR,Syrian Arab Republic,2017,"Middle East, North Africa, Afghanistan & Pakistan",Low income,16369843352.3453,-0.882509407808485,,,,,,,,,,,,36.4964802019,16.3698433523453,0.0163698433523453,,Data Not Available,Missing Core Data,Missing Social Data
TCA,Turks and Caicos Islands,2017,Latin America & Caribbean,High income,1197958000.0,67.5979946960904,2.47278207606746,,,,,,,,,,,,1.197958,0.001197958,,Data Not Available,Missing Core Data,Missing Social Data
TCD,Chad,2017,Sub-Saharan Africa,Low income,13349041408.7152,-4.81719581978666,1.8390200138092,219081031.370278,1.65961164003921,4.301,,,,,,,,35.7105262028,13.3490414087152,0.0133490414087152,0.17940837376999008,Education-Focused,Complete Core Data,Complete Social Data
TGO,Togo,2017,Sub-Saharan Africa,Low income,6387424239.8801,1.44098718199137,3.76526999473572,88414114.9221704,1.39797941282441,3.999,,,,,,,,43.4029951717,6.3874242398801,0.0063874242398801,2.36729058191131,Education-Focused,Complete Core Data,Complete Social Data
THA,Thailand,2017,East Asia & Pacific,Upper middle income,456356813536.764,3.73797800283087,3.46532147640365,6114994058.34986,1.33627619959584,6.072,,,,,,,,58.9665341662,456.356813536764,0.456356813536764,2.12904527680781,Education-Focused,Complete Core Data,Complete Social Data
TJK,Tajikistan,2017,Europe & Central Asia,Lower middle income,7536402852.85802,4.50305161526772,5.54471764262202,78305241.6354699,1.03718533693392,5.352,,,,,,,,49.8290453941,7.53640285285802,0.00753640285285802,4.5075323056881,Education-Focused,Complete Core Data,Complete Social Data
TKM,Turkmenistan,2017,Europe & Central Asia,Upper middle income,37926285714.2857,4.09374782222559,,,,5.636,,,,,,,,49.8311054737,37.9262857142857,0.0379262857142857,,Data Not Available,Missing Core Data,Missing Social Data
TLS,Timor-Leste,2017,East Asia & Pacific,Lower middle income,1584878439.93596,-4.99167831534328,7.17093992233276,25442000.0,1.60517350157729,,,,,,,,,,1.5848784399359601,0.0015848784399359601,5.56576642075547,Education-Focused,Complete Core Data,Missing Social Data
TON,Tonga,2017,East Asia & Pacific,Upper middle income,459976850.268529,3.36688225938528,4.63626808288478,,,,,,,,,,,,0.459976850268529,0.000459976850268529,,Data Not Available,Missing Core Data,Missing Social Data
TTO,Trinidad and Tobago,2017,Latin America & Caribbean,High income,23830750900.6899,-5.06473832096466,3.3293687903123,201814603.265352,0.845376415248969,6.192,,,,,,,,61.8050228859,23.8307509006899,0.0238307509006899,2.4839923750633313,Education-Focused,Complete Core Data,Complete Social Data
TUN,Tunisia,2017,"Middle East, North Africa, Afghanistan & Pakistan",Lower middle income,42163530590.9462,1.18340493178839,,858949581.256569,2.03182932622148,4.592,,,,,,,,54.9712463713,42.163530590946195,0.0421635305909462,,Data Not Available,Missing Core Data,Missing Social Data
TUR,Turkiye,2017,Europe & Central Asia,Upper middle income,863874522365.276,6.43664614092381,4.32369995117188,17822738263.1645,2.05006599219326,5.483,,,,,,,,58.2373995762,863.874522365276,0.863874522365276,2.2736339589786203,Education-Focused,Complete Core Data,Complete Social Data
TUV,Tuvalu,2017,East Asia & Pacific,Upper middle income,45276595.3533146,3.02336313631166,,,,,,,,,,,,,0.0452765953533146,4.52765953533146e-05,,Data Not Available,Missing Core Data,Missing Social Data
TZA,Tanzania,2017,Sub-Saharan Africa,Lower middle income,53274884532.7886,3.23688527604725,4.43052005767822,562697119.586873,1.05581731620716,3.303,,,,,,,,48.2792289598,53.2748845327886,0.0532748845327886,3.3747027414710598,Education-Focused,Complete Core Data,Complete Social Data
UGA,Uganda,2017,Sub-Saharan Africa,Low income,30744473841.424,-0.406390812740796,2.25362992286682,346762883.760461,1.03901851871998,4.161,,,,,,,,46.2394008701,30.744473841424,0.030744473841424,1.2146114041468399,Education-Focused,Complete Core Data,Complete Social Data
UKR,Ukraine,2017,Europe & Central Asia,Upper middle income,112090505081.739,2.86027869650954,5.41706991195679,3647565195.54035,3.24149291547879,4.103,,,,,,,,52.8624949247,112.090505081739,0.112090505081739,2.1755769964779996,Education-Focused,Complete Core Data,Complete Social Data
URY,Uruguay,2017,Latin America & Caribbean,High income,65005997963.4822,1.46549073530204,4.41787004470825,1165710348.53799,1.91114379023487,6.379,,,,,,,,69.4704108254,65.0059979634822,0.0650059979634822,2.50672625447338,Education-Focused,Complete Core Data,Complete Social Data
USA,United States,2017,North America,High income,19477336549000.0,1.75014094923958,5.09296989440918,646752927000.0,3.2977234873792,6.886,,,,,,,,78.0043489941,19477.336549,19.477336549,1.7952464070299796,Education-Focused,Complete Core Data,Complete Social Data
UZB,Uzbekistan,2017,Europe & Central Asia,Lower middle income,69703222282.7278,2.64127716153368,4.48249006271362,,,6.096,,,,,,,,50.9806123423,69.7032222827278,0.0697032222827278,,Data Not Available,Missing Core Data,Complete Social Data
VCT,St. Vincent and the Grenadines,2017,Latin America & Caribbean,Upper middle income,844040740.740741,2.20738641850942,5.37974977493286,,,,,,,,,,,,0.844040740740741,0.000844040740740741,,Data Not Available,Missing Core Data,Missing Social Data
VEN,"Venezuela, RB",2017,,,115883275162.586,-15.1185209906493,,2127936596.43571,2.23333219917076,,,,,,,,,46.6970221569,115.883275162586,0.115883275162586,,Data Not Available,Missing Core Data,Missing Social Data
VGB,British Virgin Islands,2017,Latin America & Caribbean,High income,,,2.4570894097885,,,,,,,,,,,,,,,Data Not Available,Missing Core Data,Missing Social Data
VIR,Virgin Islands (U.S.),2017,Latin America & Caribbean,High income,3794000000.0,-0.517853882355141,,,,,,,,,,,,,3.794,0.003794,,Data Not Available,Missing Core Data,Missing Social Data
VNM,Viet Nam,2017,East Asia & Pacific,Lower middle income,281353605986.903,5.61787865063133,3.41865686539527,5073853533.65223,1.80387228671057,5.103,,,,,,,,56.4727505311,281.353605986903,0.281353605986903,1.6147845786847,Education-Focused,Complete Core Data,Complete Social Data
VUT,Vanuatu,2017,East Asia & Pacific,Lower middle income,880043284.399407,2.00579895676259,4.53353023529053,,,,,,,,,,,,0.880043284399407,0.0008800432843994071,,Data Not Available,Missing Core Data,Missing Social Data
WSM,Samoa,2017,East Asia & Pacific,Upper middle income,884844384.463214,0.460419453590006,4.18871569584785,,,,,,,,,,,,0.884844384463214,0.0008848443844632141,,Data Not Available,Missing Core Data,Missing Social Data
XKX,Kosovo,2017,Europe & Central Asia,Upper middle income,7180768692.01515,4.03838879864328,,57262629.2715651,0.802900990332654,5.662,,,,,,,,,7.18076869201515,0.00718076869201515,,Data Not Available,Missing Core Data,Missing Social Data
YEM,"Yemen, Rep.",2017,"Middle East, North Africa, Afghanistan & Pakistan",Low income,26842229044.5848,-7.88861205244282,,,,3.355,,,,,,,,33.25195458,26.8422290445848,0.0268422290445848,,Data Not Available,Missing Core Data,Missing Social Data
ZAF,South Africa,2017,Sub-Saharan Africa,Upper middle income,381448814653.456,0.49869596172698,5.59868001937866,3591507613.36993,0.943568494750462,4.724,,,,,,,,59.8473885984,381.448814653456,0.381448814653456,4.655111524628198,Education-Focused,Complete Core Data,Complete Social Data
ZMB,Zambia,2017,Sub-Saharan Africa,Lower middle income,25873601260.8353,0.398377780872721,3.72964000701904,339664531.368041,1.30136750851783,4.377,,,,,,,,48.8378001475,25.8736012608353,0.0258736012608353,2.42827249850121,Education-Focused,Complete Core Data,Complete Social Data
ZWE,Zimbabwe,2017,Sub-Saharan Africa,Lower middle income,51035657370.5179,3.23409642689352,,340522000.0,1.47256736668559,3.692,,,,,,,,43.5353068011,51.035657370517896,0.0510356573705179,,Data Not Available,Missing Core Data,Missing Social Data
ABW,Aruba,2018,Latin America & Caribbean,High income,3276187709.49721,3.0485184481057,4.54876355243615,,,,,,,,,,,,3.27618770949721,0.00327618770949721,,Data Not Available,Missing Core Data,Missing Social Data
AFE,Africa Eastern and Southern,2018,,,1020955778298.17,-0.0649911495143698,4.9091899394989,12270486684.636,1.12595665662997,,,,,,,,,,1020.95577829817,1.02095577829817,3.7832332828689297,Education-Focused,Complete Core Data,Missing Social Data
AFG,Afghanistan,2018,"Middle East, North Africa, Afghanistan & Pakistan",Low income,18053222687.4126,-1.71374269254262,,198074728.574408,1.00674585570556,3.203,,,,,,,,35.2175537652,18.053222687412603,0.0180532226874126,,Data Not Available,Missing Core Data,Missing Social Data
AFW,Africa Western and Central,2018,,,777840323023.311,0.330201879420301,3.00657498836517,6325121729.78858,0.837845820664007,,,,,,,,,,777.840323023311,0.7778403230233111,2.1687291677011626,Education-Focused,Complete Core Data,Missing Social Data
AGO,Angola,2018,Sub-Saharan Africa,Lower middle income,89512794227.495,-3.96852454312942,2.18351298946275,1983613748.00089,1.95578680987962,,,,,,,,,39.264388133,89.512794227495,0.089512794227495,0.2277261795831298,Education-Focused,Complete Core Data,Missing Social Data
ALB,Albania,2018,Europe & Central Asia,Upper middle income,15379508329.7568,5.28357949627288,3.08201370407389,175886688.575874,1.16054478505068,4.719,,,,,,,,59.6771002102,15.3795083297568,0.0153795083297568,1.9214689190232102,Education-Focused,Complete Core Data,Complete Social Data
AND,Andorra,2018,Europe & Central Asia,High income,3218418631.67579,-0.30211930399588,3.2467200756073,,,,,,,,,,,,3.2184186316757897,0.00321841863167579,,Data Not Available,Missing Core Data,Missing Social Data
ARE,United Arab Emirates,2018,"Middle East, North Africa, Afghanistan & Pakistan",High income,440560108917.631,0.195794810557288,,,,6.825,,,,,,,,66.2246515098,440.560108917631,0.440560108917631,,Data Not Available,Missing Core Data,Missing Social Data
ARG,Argentina,2018,Latin America & Caribbean,Upper middle income,524819892360.176,-3.41553683867816,4.87773990631104,3842852365.3176,0.732300347538541,6.086,,,,,,,,60.5847390818,524.819892360176,0.524819892360176,4.145439558772498,Education-Focused,Complete Core Data,Complete Social Data
ARM,Armenia,2018,Europe & Central Asia,Upper middle income,12457940694.7395,5.56850117850011,2.11331180512289,513252026.482368,4.11988615256896,4.559,,,,,,,,57.8139005634,12.4579406947395,0.0124579406947395,-2.00657434744607,Military-Focused,Complete Core Data,Complete Social Data
ASM,American Samoa,2018,East Asia & Pacific,High income,639000000.0,4.03850712136055,,,,,,,,,,,,,0.639,0.000639,,Data Not Available,Missing Core Data,Missing Social Data
ATG,Antigua and Barbuda,2018,Latin America & Caribbean,High income,1661529629.62963,6.17448976886325,2.26922708436893,,,,,,,,,,,,1.66152962962963,0.00166152962962963,,Data Not Available,Missing Core Data,Missing Social Data
AUS,Australia,2018,East Asia & Pacific,High income,1433144978761.67,1.3466306507712,,26839820914.4018,1.89562007676709,7.228,,,,,,,,79.3481471891,1433.14497876167,1.43314497876167,,Data Not Available,Missing Core Data,Missing Social Data
AUT,Austria,2018,Europe & Central Asia,High income,452582294972.775,1.98626296400239,5.25437021255493,3387982011.96842,0.748993468286285,7.246,,,,,,,,79.7716845328,452.582294972775,0.452582294972775,4.505376744268645,Education-Focused,Complete Core Data,Complete Social Data
AZE,Azerbaijan,2018,Europe & Central Asia,Upper middle income,47112470051.7701,0.62488437469257,2.45543003082275,1672176470.58824,3.54929331269041,5.208,,,,,,,,53.5366531087,47.1124700517701,0.047112470051770106,-1.0938632818676601,Military-Focused,Complete Core Data,Complete Social Data
BDI,Burundi,2018,Sub-Saharan Africa,Low income,2913411408.44783,2.20950781918904,5.07863998413086,65436595.2627955,2.14941956621913,3.775,,,,,,,,36.8870594976,2.91341140844783,0.00291341140844783,2.92922041791173,Education-Focused,Complete Core Data,Complete Social Data
BEL,Belgium,2018,Europe & Central Asia,High income,542638913427.921,1.41528937457539,6.38883018493652,4840126057.85914,0.892442476666613,6.923,,,,,,,,77.3702895771,542.638913427921,0.542638913427921,5.496387708269907,Education-Focused,Complete Core Data,Complete Social Data
BEN,Benin,2018,Sub-Saharan Africa,Lower middle income,14262408089.9261,3.73701554279164,2.93161988258362,90212425.9945842,0.6328575401476,4.883,,,,,,,,46.6686475512,14.2624080899261,0.0142624080899261,2.29876234243602,Education-Focused,Complete Core Data,Complete Social Data
BFA,Burkina Faso,2018,Sub-Saharan Africa,Low income,15890066221.2882,3.76772678322459,5.488609790802,305781079.057984,1.92538455062898,4.587,,,,,,,,46.0039191431,15.890066221288201,0.0158900662212882,3.5632252401730202,Education-Focused,Complete Core Data,Complete Social Data
BGD,Bangladesh,2018,South Asia,Lower middle income,321362752441.78,6.44197494702485,2.09477473545666,3649623807.57659,1.15395749092166,4.456,,,,,,,,47.2497859,321.36275244178,0.32136275244178003,0.9408172445350003,Education-Focused,Complete Core Data,Complete Social Data
BGR,Bulgaria,2018,Europe & Central Asia,High income,66097226262.2191,3.74323820792699,4.05201005935669,961297274.594496,1.45106212373153,5.011,,,,,,,,63.7526287545,66.0972262622191,0.0660972262622191,2.60094793562516,Education-Focused,Complete Core Data,Complete Social Data
BHR,Bahrain,2018,"Middle East, North Africa, Afghanistan & Pakistan",High income,39567978723.4043,1.91849572888873,2.38893976833662,1527659574.46809,4.04108625299001,6.199,,,,,,,,60.3213884634,39.567978723404295,0.0395679787234043,-1.6521464846533904,Military-Focused,Complete Core Data,Complete Social Data
BHS,"Bahamas, The",2018,Latin America & Caribbean,High income,12819200000.0,1.8159781736959,2.49264112462151,,,,,,,,,,,,12.8192,0.0128192,,Data Not Available,Missing Core Data,Missing Social Data
BIH,Bosnia and Herzegovina,2018,Europe & Central Asia,Upper middle income,20484058033.1144,5.10677209046635,3.89297008514404,172073317.814949,0.84004735664614,5.386,,,,,,,,57.8715578829,20.484058033114398,0.0204840580331144,3.0529227284979,Education-Focused,Complete Core Data,Complete Social Data
BLR,Belarus,2018,Europe & Central Asia,Upper middle income,60031026576.26,3.36999150781449,4.83656978607178,923260053.642986,1.53799428873681,5.323,,,,,,,,57.4662819433,60.031026576260004,0.06003102657626,3.29857549733497,Education-Focused,Complete Core Data,Complete Social Data
BLZ,Belize,2018,Latin America & Caribbean,Upper middle income,2285915050.0,-1.04044004654376,6.12779998779297,23341162.5,1.01132122816519,,,,,,,,,55.5310409822,2.28591505,0.00228591505,5.11647875962778,Education-Focused,Complete Core Data,Missing Social Data
BMU,Bermuda,2018,North America,High income,7225977000.0,-0.827444988688441,1.93595466792564,,,,,,,,,,,,7.225977,0.007225977,,Data Not Available,Missing Core Data,Missing Social Data
BOL,Bolivia,2018,Latin America & Caribbean,Lower middle income,48414038842.2576,1.40411994190022,8.01585960388184,602855917.994829,1.49690260690782,5.779,,,,,,,,53.3569757374,48.4140388422576,0.048414038842257597,6.518956996974019,Education-Focused,Complete Core Data,Complete Social Data
BRA,Brazil,2018,Latin America & Caribbean,Upper middle income,1916933708352.71,1.09040860420944,6.08851003646851,28177406872.2637,1.46967772350671,6.3,,,,,,,,60.8771074877,1916.93370835271,1.91693370835271,4.6188323129618,Education-Focused,Complete Core Data,Complete Social Data
BRB,Barbados,2018,Latin America & Caribbean,High income,6001950000.0,-1.46593817049695,5.40447825597088,,,,,,,,,,,,6.00195,0.00600195,,Data Not Available,Missing Core Data,Missing Social Data
BRN,Brunei Darussalam,2018,East Asia & Pacific,High income,13566908391.0895,-1.09895909064488,,357708767.503726,2.63661248533021,,,,,,,,,,13.5669083910895,0.0135669083910895,,Data Not Available,Missing Core Data,Missing Social Data
BTN,Bhutan,2018,South Asia,Lower middle income,2583335721.85904,2.76296102776938,6.47810983657837,,,5.082,,,,,,,,,2.5833357218590396,0.00258333572185904,,Data Not Available,Missing Core Data,Missing Social Data
BWA,Botswana,2018,Sub-Saharan Africa,Upper middle income,17031943186.1353,2.72071433079989,7.9053860532971,498087432.354654,2.92475944543875,3.488,,,,,,,,57.4646611771,17.0319431861353,0.0170319431861353,4.980626607858349,Education-Focused,Complete Core Data,Complete Social Data
CAF,Central African Republic,2018,Sub-Saharan Africa,Low income,2220979146.11241,1.9780319759616,1.56587596817535,30517648.4136581,1.33998903358031,3.083,,,,,,,,31.9210995654,2.22097914611241,0.00222097914611241,0.22588693459504006,Education-Focused,Complete Core Data,Complete Social Data
CAN,Canada,2018,North America,High income,1725329192783.02,1.28092659672814,4.88898992538452,22729327580.3404,1.3176781061648,7.278,,,,,,,,79.8743703165,1725.32919278302,1.72532919278302,3.5713118192197197,Education-Focused,Complete Core Data,Complete Social Data
CHE,Switzerland,2018,Europe & Central Asia,High income,725568717468.001,2.10552471989985,4.9300799369812,4736844967.47697,0.652876569793988,7.48,,,,,,,,82.9888108303,725.568717468001,0.725568717468001,4.277203367187212,Education-Focused,Complete Core Data,Complete Social Data
CHI,Channel Islands,2018,Europe & Central Asia,High income,10026394043.6136,0.736021076194476,,,,,,,,,,,,,10.0263940436136,0.0100263940436136,,Data Not Available,Missing Core Data,Missing Social Data
CHL,Chile,2018,Latin America & Caribbean,High income,295857562991.709,2.14988195463914,5.473060131073,5545831932.77856,1.87761395069212,6.444,,,,,,,,69.5389610726,295.85756299170896,0.295857562991709,3.59544618038088,Education-Focused,Complete Core Data,Complete Social Data
CHN,China,2018,East Asia & Pacific,Upper middle income,14147765772963.8,6.25861232477357,,232530595985.266,1.67357820944542,5.191,,,,,,,,59.2854668129,14147.765772963801,14.147765772963801,,Data Not Available,Missing Core Data,Missing Social Data
CIV,Cote d'Ivoire,2018,Sub-Saharan Africa,Lower middle income,58522477786.6889,2.05334874793748,3.21164989471436,607848217.884494,1.03921408235247,4.944,,,,,,,,46.509142946,58.5224777866889,0.058522477786688905,2.17243581236189,Education-Focused,Complete Core Data,Complete Social Data
CMR,Cameroon,2018,Sub-Saharan Africa,Lower middle income,39955552189.795,1.11514946861584,3.03096008300781,429892180.57235,1.07600981816736,5.044,,,,,,,,42.5461292778,39.955552189795,0.039955552189795,1.9549502648404498,Education-Focused,Complete Core Data,Complete Social Data
COD,"Congo, Dem. Rep.",2018,Sub-Saharan Africa,Low income,46659954092.4862,2.57995294310305,,295348364.63547,0.61234655603641,,,,,,,,,36.1528456008,46.659954092486196,0.046659954092486196,,Data Not Available,Missing Core Data,Missing Social Data
COG,"Congo, Rep.",2018,Sub-Saharan Africa,Lower middle income,14773900288.5135,-4.6581397485937,2.77167010307312,292260465.250187,1.97928115025179,,,,,,,,,41.9577869343,14.7739002885135,0.0147739002885135,0.7923889528213302,Education-Focused,Complete Core Data,Missing Social Data
COL,Colombia,2018,Latin America & Caribbean,Upper middle income,334198218098.276,0.695264947238812,4.44910001754761,10134719590.5505,3.0332327385044,6.125,,,,,,,,58.7313718888,334.198218098276,0.334198218098276,1.4158672790432103,Education-Focused,Complete Core Data,Complete Social Data
COM,Comoros,2018,Sub-Saharan Africa,Lower middle income,1178530633.24599,1.63835635175063,,,,3.973,,,,,,,,47.5969116791,1.17853063324599,0.00117853063324599,,Data Not Available,Missing Core Data,Missing Social Data
CPV,Cabo Verde,2018,Sub-Saharan Africa,Upper middle income,2205099506.99994,3.60152349643896,4.78792270184537,10714071.127336,0.485896540748011,,,,,,,,,57.2629503225,2.20509950699994,0.0022050995069999397,4.302026161097359,Education-Focused,Complete Core Data,Missing Social Data
CRI,Costa Rica,2018,Latin America & Caribbean,High income,62420164991.5374,1.69193410358987,6.76992988586426,0.0,,7.167,,,,,,,,68.256031218,62.4201649915374,0.0624201649915374,,Data Not Available,Missing Core Data,Complete Social Data
CUB,Cuba,2018,Latin America & Caribbean,Upper middle income,100050036100.0,2.43656837458022,8.02498461098619,128609126.95598,2.87620737245072,,,,,,,,,53.6672973256,100.0500361,0.1000500361,5.1487772385354695,Education-Focused,Complete Core Data,Missing Social Data
CUW,Curacao,2018,Latin America & Caribbean,High income,3046364819.53197,-1.58863061888974,5.93873270793721,,,,,,,,,,,,3.04636481953197,0.00304636481953197,,Data Not Available,Missing Core Data,Missing Social Data
CYM,Cayman Islands,2018,Latin America & Caribbean,High income,5530178498.90783,2.04406954881368,2.16376945997106,,,,,,,,,,,,5.53017849890783,0.00553017849890783,,Data Not Available,Missing Core Data,Missing Social Data
CYP,Cyprus,2018,Europe & Central Asia,High income,25754001367.5448,5.05105337795295,,450408979.851988,1.74983319036456,6.046,,,,,,,,70.0162280848,25.7540013675448,0.0257540013675448,,Data Not Available,Missing Core Data,Missing Social Data
CZE,Czechia,2018,Europe & Central Asia,High income,251992360762.236,2.48698770067625,4.21541023254395,2710017583.30521,1.07552668819544,6.852,,,,,,,,73.5366093523,251.992360762236,0.25199236076223597,3.1398835443485096,Education-Focused,Complete Core Data,Complete Social Data
DEU,Germany,2018,Europe & Central Asia,High income,4055433215301.96,0.832212527052548,4.88401985168457,46497675955.7617,1.14814145777047,6.985,,,,,,,,81.1170148438,4055.43321530196,4.05543321530196,3.7358783939141,Education-Focused,Complete Core Data,Complete Social Data
DJI,Djibouti,2018,"Middle East, North Africa, Afghanistan & Pakistan",Lower middle income,2913464658.08768,3.10861540140996,3.75143003463745,,,,,,,,,,,47.4145561424,2.9134646580876797,0.00291346465808768,,Data Not Available,Missing Core Data,Missing Social Data
DMA,Dominica,2018,Latin America & Caribbean,Upper middle income,628244444.444444,3.45033107598908,5.1536046272165,,,,,,,,,,,,0.6282444444444439,0.000628244444444444,,Data Not Available,Missing Core Data,Missing Social Data
DNK,Denmark,2018,Europe & Central Asia,High income,355293374912.393,1.35619600199787,7.32747983932495,4558690186.91182,1.28310489294024,7.6,,,,,,,,83.6570869481,355.293374912393,0.355293374912393,6.0443749463847105,Education-Focused,Complete Core Data,Complete Social Data
DOM,Dominican Republic,2018,Latin America & Caribbean,Upper middle income,84994732049.3461,5.95314205477773,3.92849467476802,593678722.089905,0.693991110098086,5.425,,,,,,,,57.4687618215,84.9947320493461,0.0849947320493461,3.234503564669934,Education-Focused,Complete Core Data,Complete Social Data
DZA,Algeria,2018,"Middle East, North Africa, Afghanistan & Pakistan",Upper middle income,194554483655.528,-0.546019580108478,5.8127512720176,9583724288.3703,4.92992700311609,5.211,,,,,,,,50.1212751508,194.554483655528,0.19455448365552802,0.8828242689015102,Education-Focused,Complete Core Data,Complete Social Data
EAR,Early-demographic dividend,2018,,,11478917653356.5,2.35174594329315,3.8861300945282,263833252698.351,2.3773939051556,,,,,,,,,,11478.9176533565,11.4789176533565,1.5087361893726001,Education-Focused,Complete Core Data,Missing Social Data
ECS,Europe & Central Asia,2018,,,23342642668393.2,1.75609559522336,4.64193511009216,377751390258.401,1.63078367596392,,,,,,,,,,23342.6426683932,23.3426426683932,3.0111514341282404,Education-Focused,Complete Core Data,Missing Social Data
ECU,Ecuador,2018,Latin America & Caribbean,Upper middle income,107478961000.0,-0.674558960176682,4.6250260585881,2549400000.0,2.37199911152844,6.028,,,,,,,,56.6413864519,107.478961,0.107478961,2.25302694705966,Education-Focused,Complete Core Data,Complete Social Data
EGY,"Egypt, Arab Rep.",2018,"Middle East, North Africa, Afghanistan & Pakistan",Lower middle income,262588632526.73,3.35166753247044,,3119587363.84249,1.24996619642133,4.166,,,,,,,,46.4517315371,262.58863252673,0.26258863252673004,,Data Not Available,Missing Core Data,Missing Social Data
ERI,Eritrea,2018,Sub-Saharan Africa,Low income,,,,,,,,,,,,,,35.0990037096,,,,Data Not Available,Missing Core Data,Missing Social Data
ESP,Spain,2018,Europe & Central Asia,High income,1431642809327.06,1.93406292039191,4.15045022964478,17823271130.6257,1.24562475871831,6.354,,,,,,,,74.5587989092,1431.6428093270601,1.4316428093270601,2.90482547092647,Education-Focused,Complete Core Data,Complete Social Data
EST,Estonia,2018,Europe & Central Asia,High income,31222632740.7247,3.33940936378892,5.13962984085083,614945174.27381,1.97061311743188,5.893,,,,,,,,75.7661497828,31.222632740724702,0.0312226327407247,3.16901672341895,Education-Focused,Complete Core Data,Complete Social Data
ETH,Ethiopia,2018,,,83337901071.9697,3.97407545942133,5.22011189522399,516977076.1594,0.645850962685811,,,,,,,,,40.7042834285,83.3379010719697,0.0833379010719697,4.574260932538179,Education-Focused,Complete Core Data,Missing Social Data
FIN,Finland,2018,Europe & Central Asia,High income,273869255596.078,1.05884315705418,6.31771993637085,3754588482.46639,1.37168236993597,7.769,,,,,,,,83.3158461142,273.869255596078,0.273869255596078,4.94603756643488,Education-Focused,Complete Core Data,Complete Social Data
FJI,Fiji,2018,East Asia & Pacific,Upper middle income,5581425327.44397,3.99107263181943,4.79706049383602,81378313.5709352,1.45588315236828,,,,,,,,,,5.58142532744397,0.00558142532744397,3.3411773414677404,Education-Focused,Complete Core Data,Missing Social Data
FRA,France,2018,Europe & Central Asia,High income,2781576320884.39,1.28216603702126,5.42540979385376,51321364918.6171,1.84604257144589,6.592,,,,,,,,76.6415560112,2781.57632088439,2.78157632088439,3.57936722240787,Education-Focused,Complete Core Data,Complete Social Data
FRO,Faroe Islands,2018,Europe & Central Asia,High income,3188600927.46688,1.11936120181572,,,,,,,,,,,,,3.18860092746688,0.00318860092746688,,Data Not Available,Missing Core Data,Missing Social Data
FSM,"Micronesia, Fed. Sts.",2018,East Asia & Pacific,Lower middle income,392000000.0,-0.389413059895006,9.94274464285714,,,,,,,,,,,,0.392,0.000392,,Data Not Available,Missing Core Data,Missing Social Data
GAB,Gabon,2018,Sub-Saharan Africa,Upper middle income,16867326401.9626,-1.68804743568779,3.071542956299,261217395.059596,1.55363446931116,4.799,,,,,,,,48.7440387657,16.8673264019626,0.0168673264019626,1.51790848698784,Education-Focused,Complete Core Data,Complete Social Data
GBR,United Kingdom,2018,Europe & Central Asia,High income,2897028009916.05,1.05651160071312,5.20438003540039,55832916405.2492,1.94455569473457,7.054,,,,,,,,80.8216814338,2897.02800991605,2.89702800991605,3.25982434066582,Education-Focused,Complete Core Data,Complete Social Data
GEO,Georgia,2018,Europe & Central Asia,Upper middle income,17902544880.6471,6.10344745087359,3.46094989776611,333912381.840905,1.86470954721815,4.519,,,,,,,,60.0751820424,17.9025448806471,0.0179025448806471,1.59624035054796,Education-Focused,Complete Core Data,Complete Social Data
GHA,Ghana,2018,Sub-Saharan Africa,Lower middle income,67259353965.6087,4.01895338314475,3.8861300945282,218444253.592195,0.32587623925291,4.996,,,,,,,,53.9812120925,67.25935396560871,0.0672593539656087,3.56025385527529,Education-Focused,Complete Core Data,Complete Social Data
GIB,Gibraltar,2018,Europe & Central Asia,High income,,,,,,,,,,,,,,,,,,Data Not Available,Missing Core Data,Missing Social Data
GIN,Guinea,2018,Sub-Saharan Africa,Lower middle income,11857030366.7891,3.68700873912611,2.38432002067566,197079526.352476,1.67017173427376,4.534,,,,,,,,42.6229087781,11.8570303667891,0.0118570303667891,0.7141482864019,Education-Focused,Complete Core Data,Complete Social Data
GMB,"Gambia, The",2018,Sub-Saharan Africa,Low income,1670671327.81651,4.66787430455537,2.36543989181519,11487224.9434107,0.68699671133711,4.516,,,,,,,,46.9080354933,1.67067132781651,0.00167067132781651,1.67844318047808,Education-Focused,Complete Core Data,Complete Social Data
GNB,Guinea-Bissau,2018,Sub-Saharan Africa,Low income,1554133593.91699,1.32710524004433,,21198429.4927161,1.37872156165153,,,,,,,,,41.3863814604,1.55413359391699,0.00155413359391699,,Data Not Available,Missing Core Data,Missing Social Data
GNQ,Equatorial Guinea,2018,Sub-Saharan Africa,Upper middle income,13097012133.6159,-9.37041905185943,,149498690.044337,1.14208303034219,,,,,,,,,46.081758184,13.0970121336159,0.0130970121336159,,Data Not Available,Missing Core Data,Missing Social Data
GRC,Greece,2018,Europe & Central Asia,High income,213298873494.394,2.27195132202993,3.57626008987427,5757114360.91734,2.70054108209766,5.287,,,,,,,,65.7295179962,213.298873494394,0.21329887349439403,0.8757190077766097,Education-Focused,Complete Core Data,Complete Social Data
GRD,Grenada,2018,Latin America & Caribbean,Upper middle income,1166514814.81481,4.13321655238465,3.55919341882594,,,,,,,,,,,,1.1665148148148101,0.00116651481481481,,Data Not Available,Missing Core Data,Missing Social Data
GRL,Greenland,2018,Europe & Central Asia,High income,3055782146.15957,0.89068474112419,,,,,,,,,,,,,3.05578214615957,0.00305578214615957,,Data Not Available,Missing Core Data,Missing Social Data
GTM,Guatemala,2018,Latin America & Caribbean,Upper middle income,73328356007.6152,1.69836306771796,3.13193988800049,273114976.844026,0.372491637911365,6.436,,,,,,,,53.8329435376,73.3283560076152,0.0733283560076152,2.759448250089125,Education-Focused,Complete Core Data,Complete Social Data
GUM,Guam,2018,East Asia & Pacific,High income,6051000000.0,-0.333833095467511,,,,,,,,,,,,,6.051,0.006051,,Data Not Available,Missing Core Data,Missing Social Data
GUY,Guyana,2018,Latin America & Caribbean,High income,4787636997.85343,1.39604562755792,4.45058012008667,61745465.9624678,1.29081562879598,,,,,,,,,56.1791367884,4.78763699785343,0.00478763699785343,3.15976449129069,Education-Focused,Complete Core Data,Missing Social Data
HKG,"Hong Kong SAR, China",2018,East Asia & Pacific,High income,361731070995.726,2.0272229246582,3.32624006271362,,,,,,,,,,,78.9845126298,361.731070995726,0.361731070995726,,Data Not Available,Missing Core Data,Missing Social Data
HND,Honduras,2018,Latin America & Caribbean,Lower middle income,24067750760.499,1.96196872528638,6.05646991729736,358497584.489476,1.48969667029328,5.86,,,,,,,,52.1684307949,24.067750760499,0.024067750760499,4.56677324700408,Education-Focused,Complete Core Data,Complete Social Data
HRV,Croatia,2018,Europe & Central Asia,High income,61667925219.0755,4.26899051902303,3.92432999610901,950582488.179067,1.54234055565076,5.432,,,,,,,,66.3724310793,61.6679252190755,0.0616679252190755,2.3819894404582502,Education-Focused,Complete Core Data,Complete Social Data
HTI,Haiti,2018,Latin America & Caribbean,Lower middle income,16403864617.8458,0.326678559605597,1.63715994358063,9703849.93652791,0.0611986488105247,3.597,,,,,,,,39.5628792902,16.4038646178458,0.0164038646178458,1.5759612947701054,Education-Focused,Complete Core Data,Complete Social Data
HUN,Hungary,2018,Europe & Central Asia,High income,161184691013.835,5.82146361803679,4.60567998886108,1615618734.46908,1.00220452852258,5.758,,,,,,,,65.2094595065,161.184691013835,0.16118469101383498,3.6034754603385,Education-Focused,Complete Core Data,Complete Social Data
IDB,IDA blend,2018,,,1125278097800.27,1.80525454130611,3.12130498886108,18196739925.8511,1.76919846287778,,,,,,,,,,1125.27809780027,1.12527809780027,1.3521065259833,Education-Focused,Complete Core Data,Missing Social Data
IDN,Indonesia,2018,East Asia & Pacific,Upper middle income,1042271532988.63,4.15930013909383,0.994436460846179,7493744633.3578,0.718928190476345,5.192,,,,,,,,59.6498522152,1042.27153298863,1.04227153298863,0.27550827036983394,Education-Focused,Complete Core Data,Complete Social Data
IMN,Isle of Man,2018,Europe & Central Asia,High income,7491649455.92717,1.97434466746698,,,,,,,,,,,,,7.49164945592717,0.00749164945592717,,Data Not Available,Missing Core Data,Missing Social Data
IND,India,2018,South Asia,Lower middle income,2702929641648.74,5.29211971914722,4.36374998092651,66257801718.275,2.42428452604417,4.015,,,,,,,,52.5950583769,2702.92964164874,2.70292964164874,1.93946545488234,Education-Focused,Complete Core Data,Complete Social Data
IRL,Ireland,2018,Europe & Central Asia,High income,395780319816.603,6.13694267880518,3.30347990989685,1107137377.09949,0.280112255033866,7.021,,,,,,,,80.8759650245,395.780319816603,0.39578031981660305,3.023367654862984,Education-Focused,Complete Core Data,Complete Social Data
IRN,"Iran, Islamic Rep.",2018,"Middle East, North Africa, Afghanistan & Pakistan",Upper middle income,411903303606.044,-4.96761764341849,3.61980009078979,11795842412.2948,2.35629488324383,4.548,,,,,,,,48.4806097993,411.903303606044,0.411903303606044,1.2635052075459599,Education-Focused,Complete Core Data,Complete Social Data
IRQ,Iraq,2018,"Middle East, North Africa, Afghanistan & Pakistan",Upper middle income,227367469034.031,0.267762550620816,,6317977150.05254,2.75172485497662,4.437,,,,,,,,42.9963707543,227.36746903403102,0.22736746903403102,,Data Not Available,Missing Core Data,Missing Social Data
ISL,Iceland,2018,Europe & Central Asia,High income,26677652544.3499,1.89500633642427,7.56350994110107,0.0,,7.494,,,,,,,,80.6194444646,26.6776525443499,0.026677652544349898,,Data Not Available,Missing Core Data,Complete Social Data
ISR,Israel,2018,"Middle East, North Africa, Afghanistan & Pakistan",High income,376299083108.497,2.01931484013397,6.06919002532959,19899819039.513,5.28819717558874,7.139,,,,,,,,71.5832069078,376.29908310849703,0.376299083108497,0.7809928497408496,Education-Focused,Complete Core Data,Complete Social Data
ITA,Italy,2018,Europe & Central Asia,High income,2099435266458.67,0.581227670101029,4.24094009399414,28420098438.4406,1.35443317948295,6.223,,,,,,,,71.1976893064,2099.43526645867,2.09943526645867,2.8865069145111897,Education-Focused,Complete Core Data,Complete Social Data
JAM,Jamaica,2018,Latin America & Caribbean,Upper middle income,16855447986.2221,2.35833186418979,5.41379022598267,209675820.865544,1.33284679598136,5.89,,,,,,,,60.6785324272,16.8554479862221,0.0168554479862221,4.08094343000131,Education-Focused,Complete Core Data,Complete Social Data
JOR,Jordan,2018,"Middle East, North Africa, Afghanistan & Pakistan",Lower middle income,43370860704.2254,-0.302781677584093,2.95461988449097,1957746478.87324,4.56009087117148,4.906,,,,,,,,58.0186796918,43.3708607042254,0.043370860704225404,-1.6054709866805097,Military-Focused,Complete Core Data,Complete Social Data
JPN,Japan,2018,East Asia & Pacific,High income,5040880939324.86,0.771168471505248,3.07782006263733,48535909410.587,0.962497363778907,5.886,,,,,,,,77.5400149112,5040.88093932486,5.04088093932486,2.115322698858423,Education-Focused,Complete Core Data,Complete Social Data
KAZ,Kazakhstan,2018,Europe & Central Asia,Upper middle income,179339977690.485,2.5560669084423,2.61595010757446,1498378532.70773,0.835625758457601,5.809,,,,,,,,58.3081739894,179.33997769048497,0.179339977690485,1.7803243491168588,Education-Focused,Complete Core Data,Complete Social Data
KEN,Kenya,2018,Sub-Saharan Africa,Lower middle income,92202979985.2863,3.52404781491717,5.10761976242065,1113648361.6452,1.20738536752593,4.509,,,,,,,,50.9863078785,92.2029799852863,0.0922029799852863,3.90023439489472,Education-Focused,Complete Core Data,Complete Social Data
KGZ,Kyrgyz Republic,2018,Europe & Central Asia,Lower middle income,8271106235.41552,1.54586820248004,5.55267000198364,250494252.349231,3.02854515463686,,,,,,,,,54.5912858,8.27110623541552,0.008271106235415519,2.52412484734678,Education-Focused,Complete Core Data,Missing Social Data
KHM,Cambodia,2018,East Asia & Pacific,Lower middle income,33145892168.8958,7.43177030242717,1.60336995124817,543204689.086157,1.63716525982655,4.7,,,,,,,,48.8421781671,33.1458921688958,0.0331458921688958,-0.03379530857837998,Military-Focused,Complete Core Data,Complete Social Data
KIR,Kiribati,2018,East Asia & Pacific,Lower middle income,233514717.441266,1.94611498374204,12.9204194888179,,,,,,,,,,,,0.233514717441266,0.000233514717441266,,Data Not Available,Missing Core Data,Missing Social Data
KNA,St. Kitts and Nevis,2018,Latin America & Caribbean,High income,1076548148.14815,2.09466207201663,3.03524983830349,,,,,,,,,,,,1.07654814814815,0.0010765481481481499,,Data Not Available,Missing Core Data,Missing Social Data
KOR,"Korea, Rep.",2018,East Asia & Pacific,High income,1824251454306.83,2.72979572830845,4.21645021438599,43069973342.8752,2.36150967895845,5.895,,,,,,,,71.9748515176,1824.25145430683,1.82425145430683,1.8549405354275397,Education-Focused,Complete Core Data,Complete Social Data
KWT,Kuwait,2018,"Middle East, North Africa, Afghanistan & Pakistan",High income,138646316350.727,-1.26570110779524,6.39165256830382,7165279059.53645,5.19085473728776,6.021,,,,,,,,60.4188633338,138.64631635072698,0.138646316350727,1.20079783101606,Education-Focused,Complete Core Data,Complete Social Data
LAO,Lao PDR,2018,East Asia & Pacific,Lower middle income,18141641089.7963,4.60986171989208,2.33501229018316,,,4.796,,,,,,,,48.4160150153,18.1416410897963,0.0181416410897963,,Data Not Available,Missing Core Data,Complete Social Data
LBN,Lebanon,2018,"Middle East, North Africa, Afghanistan & Pakistan",Lower middle income,54901519155.5556,1.00112836973221,2.6165251225734,2775557816.20658,5.05552097445632,5.197,,,,,,,,54.80605911,54.901519155555604,0.054901519155555606,-2.4389958518829196,Military-Focused,Complete Core Data,Complete Social Data
LBR,Liberia,2018,Sub-Saharan Africa,Low income,3422754800.0,-0.802290167584516,2.50391006469727,13229000.0,0.405300245098039,3.975,,,,,,,,45.1483737516,3.4227548,0.0034227548,2.098609819599231,Education-Focused,Complete Core Data,Complete Social Data
LBY,Libya,2018,"Middle East, North Africa, Afghanistan & Pakistan",Upper middle income,76686029772.1483,6.20327204937865,,,,5.525,,,,,,,,42.9694429263,76.6860297721483,0.0766860297721483,,Data Not Available,Missing Core Data,Missing Social Data
LCA,St. Lucia,2018,Latin America & Caribbean,Upper middle income,2060955555.55556,2.49445186760282,3.33277988433838,,,,,,,,,,,,2.06095555555556,0.00206095555555556,,Data Not Available,Missing Core Data,Missing Social Data
LCN,Latin America & Caribbean,2018,,,5581100995040.84,0.364091241474497,4.46145347505506,63963147863.6335,1.25146999023352,,,,,,,,,,5581.10099504084,5.58110099504084,3.2099834848215396,Education-Focused,Complete Core Data,Missing Social Data
LIE,Liechtenstein,2018,Europe & Central Asia,High income,6692620691.84146,,,,,,,,,,,,,,6.69262069184146,0.00669262069184146,,Data Not Available,Missing Core Data,Missing Social Data
LKA,Sri Lanka,2018,South Asia,Lower middle income,94450015982.8405,1.28556702964238,1.98781001567841,1638914326.87567,1.73469354853576,4.366,,,,,,,,58.014193165,94.4500159828405,0.0944500159828405,0.25311646714265,Education-Focused,Complete Core Data,Complete Social Data
LSO,Lesotho,2018,Sub-Saharan Africa,Lower middle income,2556247291.99785,-2.67593907523207,7.28360986709595,51064347.7548233,1.99938292931215,3.802,,,,,,,,44.9746199137,2.55624729199785,0.00255624729199785,5.2842269377838,Education-Focused,Complete Core Data,Complete Social Data
LTE,Late-demographic dividend,2018,,,22907660419321.1,4.86524591602885,4.4217050075531,407494550345.243,1.86323948810657,,,,,,,,,,22907.660419321102,22.9076604193211,2.55846551944653,Education-Focused,Complete Core Data,Missing Social Data
LTU,Lithuania,2018,Europe & Central Asia,High income,54261795148.5372,5.79066548228593,3.85628008842468,1056383744.67382,1.94787932963701,6.149,,,,,,,,70.2401462816,54.2617951485372,0.0542617951485372,1.90840075878767,Education-Focused,Complete Core Data,Complete Social Data
LUX,Luxembourg,2018,Europe & Central Asia,High income,71085623495.1145,-0.329840314332458,3.65772008895874,355275426.979687,0.500655642661875,7.09,,,,,,,,81.404685652,71.0856234951145,0.0710856234951145,3.157064446296865,Education-Focused,Complete Core Data,Complete Social Data
LVA,Latvia,2018,Europe & Central Asia,High income,33247935477.3576,5.12560422080688,4.39430999755859,709370536.926218,2.13473002218592,5.94,,,,,,,,70.1400033401,33.2479354773576,0.033247935477357604,2.25957997537267,Education-Focused,Complete Core Data,Complete Social Data
MAC,"Macao SAR, China",2018,East Asia & Pacific,High income,55076322634.344,4.66426775869004,2.7334098815918,,,,,,,,,,,,55.076322634344,0.055076322634344005,,Data Not Available,Missing Core Data,Missing Social Data
MAF,St. Martin (French part),2018,Latin America & Caribbean,High income,,-5.8923641662807,,,,,,,,,,,,,,,,Data Not Available,Missing Core Data,Missing Social Data
MAR,Morocco,2018,"Middle East, North Africa, Afghanistan & Pakistan",Lower middle income,127341147581.818,1.91410663270995,4.96022713486949,3696856944.7441,2.90288871579444,5.208,,,,,,,,54.57706451,127.34114758181799,0.127341147581818,2.0573384190750503,Education-Focused,Complete Core Data,Complete Social Data
MCO,Monaco,2018,Europe & Central Asia,High income,7184333936.01355,4.37923997124996,,,,,,,,,,,,,7.18433393601355,0.00718433393601355,,Data Not Available,Missing Core Data,Missing Social Data
MDA,Moldova,2018,Europe & Central Asia,Upper middle income,11252353420.8798,5.92036718190722,5.53886985778809,37404689.5300252,0.332323743240549,,,,,,,,,56.4707031181,11.252353420879802,0.011252353420879801,5.206546114547542,Education-Focused,Complete Core Data,Missing Social Data
MDG,Madagascar,2018,Sub-Saharan Africa,Low income,13760033282.2925,0.542519018708518,2.84409999847412,73258425.2386784,0.532102174287315,3.933,,,,,,,,45.2159668802,13.760033282292499,0.0137600332822925,2.3119978241868053,Education-Focused,Complete Core Data,Complete Social Data
MDV,Maldives,2018,South Asia,Upper middle income,5404344162.69888,5.16982903680598,3.85681779847259,,,,,,,,,,,,5.40434416269888,0.005404344162698881,,Data Not Available,Missing Core Data,Missing Social Data
MEX,Mexico,2018,Latin America & Caribbean,Upper middle income,1256300182879.73,1.01136621686764,4.13944005966187,5839521271.01987,0.464611544931539,6.595,,,,,,,,58.7514125977,1256.30018287973,1.25630018287973,3.6748285147303306,Education-Focused,Complete Core Data,Complete Social Data
MHL,Marshall Islands,2018,East Asia & Pacific,Upper middle income,220000000.0,8.38496134170197,,,,,,,,,,,,,0.22,0.00022,,Data Not Available,Missing Core Data,Missing Social Data
MKD,North Macedonia,2018,Europe & Central Asia,Upper middle income,12683068114.2388,3.40375411089484,,119606163.967345,0.943108732670231,5.274,,,,,,,,61.0805100306,12.6830681142388,0.0126830681142388,,Data Not Available,Missing Core Data,Missing Social Data
MLI,Mali,2018,Sub-Saharan Africa,Low income,20368015381.2413,1.64097526491582,2.98218989372253,481728184.477863,2.82359553728652,4.39,,,,,,,,43.1476573757,20.3680153812413,0.0203680153812413,0.1585943564360104,Education-Focused,Complete Core Data,Complete Social Data
MLT,Malta,2018,"Middle East, North Africa, Afghanistan & Pakistan",High income,16153779510.9928,3.46851614170217,,66869091.0378528,0.414176632611117,6.726,,,,,,,,74.7925823321,16.1537795109928,0.0161537795109928,,Data Not Available,Missing Core Data,Missing Social Data
MMR,Myanmar,2018,East Asia & Pacific,Lower middle income,67860515993.1186,5.50179746363222,1.99249005317688,1529364477.94262,2.3597905591242,4.36,,,,,,,,45.6163128827,67.8605159931186,0.0678605159931186,-0.36730050594732,Military-Focused,Complete Core Data,Complete Social Data
MNE,Montenegro,2018,Europe & Central Asia,Upper middle income,5433467174.79183,4.65668340285264,,75365603.2010198,1.36929487275714,5.523,,,,,,,,62.6826681987,5.43346717479183,0.00543346717479183,,Data Not Available,Missing Core Data,Missing Social Data
MNG,Mongolia,2018,East Asia & Pacific,Upper middle income,13178094720.4986,5.75427016552706,,88155189.4740417,0.668952463384853,5.285,,,,,,,,55.3194985497,13.1780947204986,0.0131780947204986,,Data Not Available,Missing Core Data,Missing Social Data
MNP,Northern Mariana Islands,2018,East Asia & Pacific,High income,1301000000.0,-18.0505598698509,,,,,,,,,,,,,1.301,0.001301,,Data Not Available,Missing Core Data,Missing Social Data
MOZ,Mozambique,2018,Sub-Saharan Africa,Low income,15017358952.8452,0.445674338631605,5.38976001739502,196535452.84959,1.30860718971448,4.466,,,,,,,,43.6396131522,15.0173589528452,0.0150173589528452,4.08115282768054,Education-Focused,Complete Core Data,Complete Social Data
MRT,Mauritania,2018,Sub-Saharan Africa,Lower middle income,7473550557.07378,1.70257047246483,,159013352.980386,2.13128230977177,4.49,,,,,,,,38.6343011035,7.47355055707378,0.00747355055707378,,Data Not Available,Missing Core Data,Missing Social Data
MUS,Mauritius,2018,Sub-Saharan Africa,Upper middle income,14957535715.9696,3.9500354872734,4.67447996139526,23017460.7749502,0.156385299781821,5.888,,,,,,,,65.1488171349,14.9575357159696,0.0149575357159696,4.518094661613439,Education-Focused,Complete Core Data,Complete Social Data
MWI,Malawi,2018,Sub-Saharan Africa,Low income,9879220354.29186,1.60299745635619,3.32295989990234,58369173.4379987,0.589501502223623,3.41,,,,,,,,47.046567795,9.87922035429186,0.00987922035429186,2.7334583976787172,Education-Focused,Complete Core Data,Complete Social Data
MYS,Malaysia,2018,East Asia & Pacific,Upper middle income,358788845712.53,3.07401779071937,4.47865009307861,3445043719.60008,0.960104126677078,5.339,,,,,,,,65.1143697003,358.78884571253,0.35878884571253,3.5185459664015317,Education-Focused,Complete Core Data,Complete Social Data
NAM,Namibia,2018,Sub-Saharan Africa,Lower middle income,13682019076.4022,-1.70342664632669,8.88112249415185,455569084.303806,3.33269228396146,4.639,,,,,,,,57.2728711947,13.6820190764022,0.0136820190764022,5.548430210190389,Education-Focused,Complete Core Data,Complete Social Data
NCL,New Caledonia,2018,East Asia & Pacific,High income,9896402283.68587,0.401770467057673,,,,,,,,,,,,,9.89640228368587,0.009896402283685869,,Data Not Available,Missing Core Data,Missing Social Data
NER,Niger,2018,Sub-Saharan Africa,Low income,12837307496.8821,3.57478885227313,3.44956994056702,229639906.143836,1.79380881698289,4.628,,,,,,,,42.0667347254,12.837307496882099,0.012837307496882099,1.65576112358413,Education-Focused,Complete Core Data,Complete Social Data
NGA,Nigeria,2018,Sub-Saharan Africa,Lower middle income,421739251509.08,-0.406836852099559,0.419998493796127,2043051719.21673,0.506944517393582,5.265,,,,,,,,42.8945432581,421.73925150908,0.42173925150908004,-0.08694602359745501,Military-Focused,Complete Core Data,Complete Social Data
NIC,Nicaragua,2018,Latin America & Caribbean,Lower middle income,13025221974.232,-4.62941675714166,4.47380693256251,81593932.6938754,0.62717222145559,6.105,,,,,,,,52.6225471268,13.025221974232,0.013025221974232,3.8466347111069195,Education-Focused,Complete Core Data,Complete Social Data
NLD,Netherlands,2018,Europe & Central Asia,High income,929733599796.862,1.66335743670078,5.26723003387451,11114927469.5183,1.1961416179648,7.488,,,,,,,,82.5723227418,929.7335997968621,0.9297335997968621,4.07108841590971,Education-Focused,Complete Core Data,Complete Social Data
NOR,Norway,2018,Europe & Central Asia,High income,439788625883.8,0.165560788690883,7.59564018249512,7541055169.17745,1.71529737478335,7.554,,,,,,,,83.2860124384,439.78862588379997,0.43978862588379997,5.88034280771177,Education-Focused,Complete Core Data,Complete Social Data
NPL,Nepal,2018,South Asia,Lower middle income,33111525237.149,7.36009731523737,4.43446016311646,429373005.932663,1.34998219265679,4.913,,,,,,,,50.3070182607,33.111525237148996,0.033111525237149,3.0844779704596705,Education-Focused,Complete Core Data,Complete Social Data
NRU,Nauru,2018,East Asia & Pacific,High income,130995566.30391,-2.16926114572468,5.05296627218935,,,,,,,,,,,,0.13099556630391,0.00013099556630391,,Data Not Available,Missing Core Data,Missing Social Data
NZL,New Zealand,2018,East Asia & Pacific,High income,211985631173.205,1.6336762235868,5.1896800994873,2302338733.47458,1.10543396326223,7.307,,,,,,,,81.648373969,211.98563117320498,0.21198563117320499,4.084246136225071,Education-Focused,Complete Core Data,Complete Social Data
OMN,Oman,2018,"Middle East, North Africa, Afghanistan & Pakistan",High income,91505851755.5267,-0.0452382355009746,4.58565998077393,7565344603.38101,8.26760144238502,,,,,,,,,58.231940448,91.5058517555267,0.09150585175552671,-3.68194146161109,Military-Focused,Complete Core Data,Missing Social Data
PAK,Pakistan,2018,"Middle East, North Africa, Afghanistan & Pakistan",Lower middle income,356128166704.921,4.44201942237108,2.33216949688293,11537426075.7681,3.58696176378502,5.653,,,,,,,,42.4774505458,356.128166704921,0.35612816670492103,-1.2547922669020903,Military-Focused,Complete Core Data,Complete Social Data
PAN,Panama,2018,Latin America & Caribbean,High income,67316471181.2488,2.19399066127643,3.4524199962616,0.0,,6.321,,,,,,,,65.0907106747,67.3164711812488,0.0673164711812488,,Data Not Available,Missing Core Data,Complete Social Data
PER,Peru,2018,Latin America & Caribbean,Upper middle income,222597009739.235,2.1018453903506,3.71392011642456,2648683287.36167,1.18979117011669,5.697,,,,,,,,60.5051102502,222.59700973923498,0.222597009739235,2.5241289463078704,Education-Focused,Complete Core Data,Complete Social Data
PHL,Philippines,2018,East Asia & Pacific,Lower middle income,346841896587.313,5.03429067114457,3.85502760745456,4107401278.80522,1.18424717696738,5.631,,,,,,,,56.7761655743,346.841896587313,0.346841896587313,2.6707804304871803,Education-Focused,Complete Core Data,Complete Social Data
PLW,Palau,2018,East Asia & Pacific,High income,287998352.050781,-1.25499460640414,,,,,,,,,,,,,0.287998352050781,0.000287998352050781,,Data Not Available,Missing Core Data,Missing Social Data
PNG,Papua New Guinea,2018,East Asia & Pacific,Lower middle income,24109780708.0268,-2.56991254975047,1.8748300075531,79956905.785118,0.330226700251889,,,,,,,,,46.9941827959,24.109780708026797,0.024109780708026798,1.5446033073012109,Education-Focused,Complete Core Data,Missing Social Data
POL,Poland,2018,Europe & Central Asia,High income,594616687350.017,6.24607110540019,4.55985021591187,12040673422.9565,2.02472821822818,6.182,,,,,,,,69.5844268017,594.616687350017,0.5946166873500169,2.5351219976836896,Education-Focused,Complete Core Data,Complete Social Data
PRI,Puerto Rico (US),2018,Latin America & Caribbean,High income,100958100000.0,-0.869549149955759,2.60388715714737,,,,,,,,,,,,100.9581,0.1009581,,Data Not Available,Missing Core Data,Missing Social Data
PRK,"Korea, Dem. People's Rep.",2018,East Asia & Pacific,Low income,,,,1604444444.44444,,,,,,,,,,,,,,Data Not Available,Missing Core Data,Missing Social Data
PRT,Portugal,2018,Europe & Central Asia,High income,242092894542.888,3.11123658697107,4.6793999671936,3245871841.17654,1.34147881873726,5.693,,,,,,,,73.8914435666,242.092894542888,0.242092894542888,3.3379211484563402,Education-Focused,Complete Core Data,Complete Social Data
PRY,Paraguay,2018,Latin America & Caribbean,Upper middle income,40225448340.6341,1.77964425721512,3.2961960606943,386556389.586348,0.961156152749535,5.743,,,,,,,,57.9778151363,40.2254483406341,0.0402254483406341,2.335039907944765,Education-Focused,Complete Core Data,Complete Social Data
PSE,West Bank and Gaza,2018,"Middle East, North Africa, Afghanistan & Pakistan",Lower middle income,16276600000.0,-1.30481419195327,,,,,,,,,,,,,16.2766,0.0162766,,Data Not Available,Missing Core Data,Missing Social Data
PYF,French Polynesia,2018,East Asia & Pacific,High income,6135116253.33452,1.90583847677253,,,,,,,,,,,,,6.1351162533345205,0.00613511625333452,,Data Not Available,Missing Core Data,Missing Social Data
QAT,Qatar,2018,"Middle East, North Africa, Afghanistan & Pakistan",High income,183335164835.165,-0.134744639831709,,,,6.374,,,,,,,,64.3506838255,183.33516483516502,0.18333516483516502,,Data Not Available,Missing Core Data,Missing Social Data
ROU,Romania,2018,Europe & Central Asia,High income,241791427223.903,6.01553045118388,3.31710004806519,4359021208.90509,1.79144423500295,6.07,,,,,,,,64.6803621419,241.791427223903,0.241791427223903,1.52565581306224,Education-Focused,Complete Core Data,Complete Social Data
RUS,Russia,2018,Europe & Central Asia,High income,1657328773461.31,2.71659271660542,4.67819023132324,61609204756.4171,3.71982243956434,5.648,,,,,,,,55.983233363,1657.32877346131,1.65732877346131,0.9583677917589002,Education-Focused,Complete Core Data,Complete Social Data
RWA,Rwanda,2018,Sub-Saharan Africa,Low income,9637904520.86283,6.03177996523696,3.07376003265381,118959174.046815,1.23514702337913,3.334,,,,,,,,51.389442841,9.63790452086283,0.00963790452086283,1.83861300927468,Education-Focused,Complete Core Data,Complete Social Data
SAU,Saudi Arabia,2018,"Middle East, North Africa, Afghanistan & Pakistan",High income,886564800000.0,5.89707730206987,,74612266666.6667,8.81333517624339,6.375,,,,,,,,56.2033088721,886.5648,0.8865648,,Data Not Available,Missing Core Data,Missing Social Data
SDN,Sudan,2018,Sub-Saharan Africa,Low income,32333780383.2924,-6.01716755998106,,1047878719.98741,1.77892402693237,,,,,,,,,36.8295262506,32.3337803832924,0.0323337803832924,,Data Not Available,Missing Core Data,Missing Social Data
SEN,Senegal,2018,Sub-Saharan Africa,Lower middle income,23116701556.1381,3.27615846996514,5.11019992828369,385132363.102436,1.66692756826471,4.681,,,,,,,,52.4484362111,23.1167015561381,0.0231167015561381,3.4432723600189794,Education-Focused,Complete Core Data,Complete Social Data
SGP,Singapore,2018,East Asia & Pacific,High income,377123710560.614,2.96719699276471,2.85314011573792,10581915690.0465,2.80776039122786,6.262,,,,,,,,78.0527445546,377.12371056061403,0.377123710560614,0.045379724510060004,Education-Focused,Complete Core Data,Complete Social Data
SLB,Solomon Islands,2018,East Asia & Pacific,Lower middle income,1615473250.25259,-0.648914414273463,,,,,,,,,,,,,1.61547325025259,0.00161547325025259,,Data Not Available,Missing Core Data,Missing Social Data
SLE,Sierra Leone,2018,Sub-Saharan Africa,Low income,6390514688.52816,0.50674429876733,4.46809005737305,29622478.0996257,0.465679597167025,4.374,,,,,,,,42.7591043931,6.39051468852816,0.00639051468852816,4.0024104602060255,Education-Focused,Complete Core Data,Complete Social Data
SLV,El Salvador,2018,Latin America & Caribbean,Upper middle income,26020850000.0,2.30913946286621,3.60575008392334,294610000.0,1.13220727885334,6.253,,,,,,,,54.4788248442,26.02085,0.02602085,2.47354280507,Education-Focused,Complete Core Data,Complete Social Data
SMR,San Marino,2018,Europe & Central Asia,High income,1655353653.05934,-0.555259040981809,3.55516004562378,,,,,,,,,,,,1.65535365305934,0.00165535365305934,,Data Not Available,Missing Core Data,Missing Social Data
SOM,"Somalia, Fed. Rep.",2018,Sub-Saharan Africa,Low income,7873000000.0,-1.48470237917039,4.00990834307e-06,76562000.0,0.972462847707354,,,,,,,,,33.4402155102,7.873,0.007873,-0.972458837799011,Military-Focused,Complete Core Data,Missing Social Data
SRB,Serbia,2018,Europe & Central Asia,Upper middle income,52787520248.9242,5.22266888313776,3.43663001060486,1064747316.85943,2.01722347053086,5.603,,,,,,,,60.8483640544,52.7875202489242,0.052787520248924205,1.4194065400740001,Education-Focused,Complete Core Data,Complete Social Data
SSD,South Sudan,2018,Sub-Saharan Africa,Low income,,,,149092424.699547,4.7742494592124,2.853,,,,,,,,29.5337320484,,,,Data Not Available,Missing Core Data,Missing Social Data
STP,Sao Tome and Principe,2018,Sub-Saharan Africa,Lower middle income,383717327.830508,2.78057714923384,5.62454986572266,,,,,,,,,,,55.9231007265,0.383717327830508,0.000383717327830508,,Data Not Available,Missing Core Data,Missing Social Data
SUR,Suriname,2018,Latin America & Caribbean,Upper middle income,3996198866.57453,3.93294702617604,4.92259355761269,,,,,,,,,,,57.7960613339,3.99619886657453,0.00399619886657453,,Data Not Available,Missing Core Data,Missing Social Data
SVK,Slovak Republic,2018,Europe & Central Asia,High income,106611673364.837,3.91808506492153,3.93534994125366,1295988102.40431,1.21627211246117,,,,,,,,,69.619453082,106.611673364837,0.10661167336483701,2.71907782879249,Education-Focused,Complete Core Data,Missing Social Data
SVN,Slovenia,2018,Europe & Central Asia,High income,53689067639.9176,4.00130649890984,4.97948980331421,529496122.658546,0.986759717956076,6.118,,,,,,,,73.5811998158,53.6890676399176,0.053689067639917605,3.992730085358134,Education-Focused,Complete Core Data,Complete Social Data
SWE,Sweden,2018,Europe & Central Asia,High income,549649344043.182,0.594886136077946,7.69825983047485,5732822794.38131,1.04000297143706,7.343,,,,,,,,83.0665180238,549.649344043182,0.549649344043182,6.65825685903779,Education-Focused,Complete Core Data,Complete Social Data
SWZ,Eswatini,2018,Sub-Saharan Africa,Lower middle income,4643751059.28203,-0.853481330729949,5.73687354676617,95863380.3230956,2.09604400864986,,,,,,,,,45.0900032786,4.64375105928203,0.0046437510592820305,3.6408295381163103,Education-Focused,Complete Core Data,Missing Social Data
SXM,Sint Maarten (Dutch part),2018,Latin America & Caribbean,High income,1259200446.92737,-8.53633432632274,,,,,,,,,,,,,1.25920044692737,0.0012592004469273701,,Data Not Available,Missing Core Data,Missing Social Data
SYC,Seychelles,2018,Sub-Saharan Africa,High income,1784313926.76807,3.94280692985572,3.59446940668662,21561447.814228,1.20539204484215,,,,,,,,,62.7781390612,1.7843139267680699,0.0017843139267680699,2.3890773618444703,Education-Focused,Complete Core Data,Missing Social Data
SYR,Syrian Arab Republic,2018,"Middle East, North Africa, Afghanistan & Pakistan",Low income,21497782867.6426,-0.435918888364867,,,,,,,,,,,,36.5756759682,21.497782867642602,0.0214977828676426,,Data Not Available,Missing Core Data,Missing Social Data
TCA,Turks and Caicos Islands,2018,Latin America & Caribbean,High income,1314329000.0,2.52456646348665,2.7437698841095,,,,,,,,,,,,1.314329,0.001314329,,Data Not Available,Missing Core Data,Missing Social Data
TCD,Chad,2018,Sub-Saharan Africa,Low income,15327000248.8701,2.24768972082788,2.25947501392013,253174123.337364,1.65270267984506,4.35,,,,,,,,34.5214305236,15.3270002488701,0.0153270002488701,0.6067723340750701,Education-Focused,Complete Core Data,Complete Social Data
TGO,Togo,2018,Sub-Saharan Africa,Low income,7029215766.46367,2.23660975297031,4.09162998199463,104378994.645016,1.46839079223187,4.085,,,,,,,,43.5180324938,7.02921576646367,0.0070292157664636696,2.62323918976276,Education-Focused,Complete Core Data,Complete Social Data
THA,Thailand,2018,East Asia & Pacific,Upper middle income,506754208404.485,3.90762624173355,3.19769395901619,6661985270.48746,1.32639351547521,6.008,,,,,,,,59.4932315596,506.754208404485,0.506754208404485,1.8713004435409801,Education-Focused,Complete Core Data,Complete Social Data
TJK,Tajikistan,2018,Europe & Central Asia,Lower middle income,7764999999.45362,5.04059320866072,5.38508736377556,81419635.2813393,1.04856527674186,5.467,,,,,,,,49.5008313779,7.76499999945362,0.0077649999994536196,4.3365220870337,Education-Focused,Complete Core Data,Complete Social Data
TKM,Turkmenistan,2018,Europe & Central Asia,Upper middle income,40765428571.4286,3.83102484770528,,,,5.247,,,,,,,,50.0166855097,40.76542857142859,0.0407654285714286,,Data Not Available,Missing Core Data,Missing Social Data
TLS,Timor-Leste,2018,East Asia & Pacific,Lower middle income,1555988614.43594,-2.35863567554246,6.848060131073,20610000.0,1.3245501285347,,,,,,,,,,1.55598861443594,0.00155598861443594,5.5235100025383,Education-Focused,Complete Core Data,Missing Social Data
TON,Tonga,2018,East Asia & Pacific,Upper middle income,493530783.00463,0.326899215374226,4.71514397196975,,,,,,,,,,,,0.49353078300463005,0.00049353078300463,,Data Not Available,Missing Core Data,Missing Social Data
TTO,Trinidad and Tobago,2018,Latin America & Caribbean,High income,23883058083.2171,-1.13201603020309,3.47141762674052,166008530.068204,0.694747131148301,6.192,,,,,,,,62.1069814161,23.883058083217097,0.0238830580832171,2.776670495592219,Education-Focused,Complete Core Data,Complete Social Data
TUN,Tunisia,2018,"Middle East, North Africa, Afghanistan & Pakistan",Lower middle income,42686504459.801,1.60391587948506,,844227367.128514,1.97644872011962,4.461,,,,,,,,54.6436977649,42.686504459801,0.042686504459801,,Data Not Available,Missing Core Data,Missing Social Data
TUR,Turkiye,2018,Europe & Central Asia,Upper middle income,788356985773.667,2.07704135618785,4.29729986190796,19648693823.8514,2.52209022414858,5.373,,,,,,,,57.6780503607,788.356985773667,0.788356985773667,1.7752096377593798,Education-Focused,Complete Core Data,Complete Social Data
TUV,Tuvalu,2018,East Asia & Pacific,Upper middle income,48015259.8751356,2.5000826037985,,,,,,,,,,,,,0.0480152598751356,4.80152598751356e-05,,Data Not Available,Missing Core Data,Missing Social Data
TZA,Tanzania,2018,Sub-Saharan Africa,Lower middle income,57003712892.0858,2.24213027557943,3.69962000846863,599968275.122704,1.10090687427422,3.231,,,,,,,,47.9127158173,57.0037128920858,0.0570037128920858,2.5987131341944103,Education-Focused,Complete Core Data,Complete Social Data
UGA,Uganda,2018,Sub-Saharan Africa,Low income,32927025619.6795,2.75300382511665,2.13052010536194,408367566.71345,1.15245192326926,4.189,,,,,,,,46.1671845132,32.9270256196795,0.0329270256196795,0.9780681820926798,Education-Focused,Complete Core Data,Complete Social Data
UKR,Ukraine,2018,Europe & Central Asia,Upper middle income,130891088293.55,4.09937975447431,5.3199200630188,4750219031.04009,3.63516607992805,4.332,,,,,,,,53.4065196273,130.89108829355,0.13089108829355,1.6847539830907499,Education-Focused,Complete Core Data,Complete Social Data
URY,Uruguay,2018,Latin America & Caribbean,High income,65344577415.7535,-0.0151011267874139,4.60361003875732,1271117731.00881,2.07741613248953,6.293,,,,,,,,68.9287061194,65.3445774157535,0.0653445774157535,2.52619390626779,Education-Focused,Complete Core Data,Complete Social Data
USA,United States,2018,North America,High income,20533057312000.0,2.36444249943987,4.89502000808716,682491400000.0,3.3040005391035,6.892,,,,,,,,78.0756329243,20533.057312,20.533057312,1.59101946898366,Education-Focused,Complete Core Data,Complete Social Data
UZB,Uzbekistan,2018,Europe & Central Asia,Lower middle income,58695899092.1083,3.7517684514097,4.83589298172277,1440385072.20752,2.86661981035524,6.174,,,,,,,,51.2955375641,58.6958990921083,0.058695899092108296,1.9692731713675302,Education-Focused,Complete Core Data,Complete Social Data
VCT,St. Vincent and the Grenadines,2018,Latin America & Caribbean,Upper middle income,884329629.62963,3.90031671690731,5.22357988357544,,,,,,,,,,,,0.88432962962963,0.00088432962962963,,Data Not Available,Missing Core Data,Missing Social Data
VEN,"Venezuela, RB",2018,,,102021093964.682,-17.6129210502629,,763623333.345644,0.150853892569221,,,,,,,,,46.1437368701,102.02109396468201,0.10202109396468201,,Data Not Available,Missing Core Data,Missing Social Data
VGB,British Virgin Islands,2018,Latin America & Caribbean,High income,,,2.42556060278319,,,,,,,,,,,,,,,Data Not Available,Missing Core Data,Missing Social Data
VIR,Virgin Islands (U.S.),2018,Latin America & Caribbean,High income,3923000000.0,2.14490182532539,,,,,,,,,,,,,3.923,0.003923,,Data Not Available,Missing Core Data,Missing Social Data
VNM,Viet Nam,2018,East Asia & Pacific,Lower middle income,310106478394.659,6.28095828201967,3.29537010192871,5500000000.0,1.80650138874311,5.175,,,,,,,,56.1719210895,310.106478394659,0.310106478394659,1.4888687131856,Education-Focused,Complete Core Data,Complete Social Data
VUT,Vanuatu,2018,East Asia & Pacific,Lower middle income,914727908.137793,0.464610871247203,8.60634669948001,,,,,,,,,,,,0.9147279081377929,0.000914727908137793,,Data Not Available,Missing Core Data,Missing Social Data
WSM,Samoa,2018,East Asia & Pacific,Upper middle income,878448433.404342,-1.6472076564482,4.47214854040471,,,,,,,,,,,,0.8784484334043421,0.000878448433404342,,Data Not Available,Missing Core Data,Missing Social Data
XKX,Kosovo,2018,Europe & Central Asia,Upper middle income,7878762812.27689,3.05752931278261,,63344074.218335,0.804420588442497,6.1,,,,,,,,,7.87876281227689,0.007878762812276889,,Data Not Available,Missing Core Data,Missing Social Data
YEM,"Yemen, Rep.",2018,"Middle East, North Africa, Afghanistan & Pakistan",Low income,21606160663.0318,-2.186490192267,,,,3.38,,,,,,,,33.493973089,21.6061606630318,0.0216061606630318,,Data Not Available,Missing Core Data,Missing Social Data
ZAF,South Africa,2018,Sub-Saharan Africa,Upper middle income,405260723892.517,-0.1374850396532,5.64401006698608,3622918742.55151,0.894757064750116,4.722,,,,,,,,58.4058860692,405.26072389251703,0.40526072389251705,4.749253002235965,Education-Focused,Complete Core Data,Complete Social Data
ZMB,Zambia,2018,Sub-Saharan Africa,Lower middle income,26311507273.6735,0.9537337347912,4.73973989486694,378025430.958942,1.43749939178333,4.107,,,,,,,,48.7993386554,26.3115072736735,0.0263115072736735,3.3022405030836097,Education-Focused,Complete Core Data,Complete Social Data
ZWE,Zimbabwe,2018,Sub-Saharan Africa,Lower middle income,34141666666.6667,3.45954562738599,,420364000.0,1.17941734860884,3.663,,,,,,,,43.8222273639,34.1416666666667,0.034141666666666695,,Data Not Available,Missing Core Data,Missing Social Data
ABW,Aruba,2019,Latin America & Caribbean,High income,3346623191.45988,0.951663645650427,4.43503686776957,,,,,,,,,,,,3.34662319145988,0.00334662319145988,,Data Not Available,Missing Core Data,Missing Social Data
AFE,Africa Eastern and Southern,2019,,,1018714795912.35,-0.709406765771149,4.51140984355031,11691723928.9498,1.07806529365479,,,,,,,,,,1018.7147959123499,1.01871479591235,3.43334454989552,Education-Focused,Complete Core Data,Missing Social Data
AFG,Afghanistan,2019,"Middle East, North Africa, Afghanistan & Pakistan",Low income,18799444490.1128,0.856294729087764,,226306243.729258,1.17096838242129,2.56690001487732,0.300705850124359,0.356433838605881,0.266051530838013,0.0,0.135234713554382,0.0012257853522896,1.50723564624786,34.5723026814,18.7994444901128,0.0187994444901128,,Data Not Available,Missing Core Data,Missing Social Data
AFW,Africa Western and Central,2019,,,1026996211935.8,0.792057670409577,3.00001001358032,6163842037.42304,0.725344410661711,,,,,,,,,,1026.9962119358001,1.0269962119358,2.274665602918609,Education-Focused,Complete Core Data,Missing Social Data
AGO,Angola,2019,Sub-Saharan Africa,Lower middle income,80734428592.5368,-3.52900012504749,2.07306438181603,1470938717.28754,1.76791430458684,,,,,,,,,39.7888987415,80.7344285925368,0.08073442859253681,0.30515007722918996,Education-Focused,Complete Core Data,Missing Social Data
ALB,Albania,2019,Europe & Central Asia,Upper middle income,15585111614.0376,3.64975808463876,3.8701798915863,197225913.318893,1.28080596201472,4.88269996643066,0.906653046607971,0.830483913421631,0.846329629421234,0.46194589138031,0.171027764678001,0.0253612846136093,1.64089703559875,60.1415869473,15.585111614037599,0.015585111614037599,2.58937392957158,Education-Focused,Complete Core Data,Complete Social Data
AND,Andorra,2019,Europe & Central Asia,High income,3155150255.91195,0.265352820614368,3.15060997009277,,,,,,,,,,,,3.15515025591195,0.0031551502559119503,,Data Not Available,Missing Core Data,Missing Social Data
ARE,United Arab Emirates,2019,"Middle East, North Africa, Afghanistan & Pakistan",High income,433926208304.969,0.209030520233554,3.86019992828369,,,6.79080009460449,1.43108642101288,1.25117099285126,0.787814438343048,0.652936100959778,0.280655980110168,0.220213517546654,2.1669659614563,66.8966570297,433.926208304969,0.433926208304969,,Data Not Available,Missing Core Data,Complete Social Data
ARG,Argentina,2019,Latin America & Caribbean,Upper middle income,447754683615.225,-2.69506723533574,4.77165985107422,3132654926.06745,0.699696134379197,5.97469997406006,1.02846562862396,1.37254369258881,0.849773705005646,0.520840346813202,0.0701004713773727,0.0604150593280792,2.07254099845886,61.425537476,447.75468361522496,0.44775468361522497,4.071963716695023,Education-Focused,Complete Core Data,Complete Social Data
ARM,Armenia,2019,Europe & Central Asia,Upper middle income,13619290539.2116,7.83608438672164,2.15984239839771,652000174.824083,4.78770584078564,4.67679977416992,0.808262407779694,1.03457689285278,0.775857269763947,0.378075808286667,0.107225738465786,0.104618184268475,1.46816158294678,59.0033189854,13.6192905392116,0.0136192905392116,-2.62786344238793,Military-Focused,Complete Core Data,Complete Social Data
ASM,American Samoa,2019,East Asia & Pacific,High income,647000000.0,0.897584681397618,,,,,,,,,,,,,0.647,0.000647,,Data Not Available,Missing Core Data,Missing Social Data
ATG,Antigua and Barbuda,2019,Latin America & Caribbean,High income,1726448148.14815,2.67761319425004,3.35725653382563,,,,,,,,,,,,1.72644814814815,0.00172644814814815,,Data Not Available,Missing Core Data,Missing Social Data
AUS,Australia,2019,East Asia & Pacific,High income,1398349602956.35,0.695209563773375,,26079346314.3255,1.88000240626833,7.22279977798462,1.31039643287659,1.47714626789093,1.02260768413544,0.621877193450928,0.324973613023758,0.33599641919136,2.1298041343689,79.4369411239,1398.34960295635,1.39834960295635,,Data Not Available,Missing Core Data,Missing Social Data
AUT,Austria,2019,Europe & Central Asia,High income,442983642371.842,1.30350317565873,5.23678016662598,3336542767.57725,0.753133437614439,7.29419994354248,1.31728553771973,1.43744492530823,1.00093352794647,0.603368878364563,0.25550976395607,0.281256139278412,2.39844608306885,79.6878545706,442.983642371842,0.44298364237184196,4.483646729011541,Education-Focused,Complete Core Data,Complete Social Data
AZE,Azerbaijan,2019,Europe & Central Asia,Upper middle income,48174235294.1176,1.61582943287135,3.1764600276947,1854235294.11765,3.8490186357853,5.16480016708374,0.990272700786591,1.18061304092407,0.731134057044983,0.467734724283218,0.0401132144033909,0.247307181358337,1.50763297080994,54.4402216342,48.1742352941176,0.0481742352941176,-0.6725586080906001,Military-Focused,Complete Core Data,Complete Social Data
BDI,Burundi,2019,Sub-Saharan Africa,Low income,2871555326.31029,1.08494176938687,5.34668445378401,84689413.9182017,2.8078168112503,3.77530002593994,0.0,0.403575271368027,0.295212835073471,0.275399059057236,0.187401786446571,0.212186828255653,2.40150737762451,36.7244275561,2.8715553263102898,0.00287155532631029,2.53886764253371,Education-Focused,Complete Core Data,Complete Social Data
BEL,Belgium,2019,Europe & Central Asia,High income,536726344405.489,1.89071932044187,6.32381010055542,4761195700.85087,0.887004950933882,6.86350011825562,1.29584276676178,1.39867758750916,0.964901149272919,0.499805420637131,0.146966159343719,0.208724051713943,2.34862661361694,77.0952199044,536.726344405489,0.536726344405489,5.436805149621538,Education-Focused,Complete Core Data,Complete Social Data
BEN,Benin,2019,Sub-Saharan Africa,Lower middle income,14391686313.4641,3.98211326561793,2.73204741460628,68112390.3078378,0.473313905552082,5.21600008010864,0.366244703531265,0.352428436279297,0.328062951564789,0.405839890241623,0.196670427918434,0.12593187391758,3.44080972671509,47.2431109955,14.391686313464099,0.0143916863134641,2.2587335090541982,Education-Focused,Complete Core Data,Complete Social Data
BFA,Burkina Faso,2019,Sub-Saharan Africa,Low income,16032813503.3707,3.24391866186016,5.45615632520251,357921557.517774,2.2125520849195,4.76870012283325,0.30246764421463,0.929385900497437,0.312833875417709,0.322398155927658,0.186390608549118,0.12640805542469,2.58882641792297,46.794827085,16.0328135033707,0.0160328135033707,3.2436042402830103,Education-Focused,Complete Core Data,Complete Social Data
BGD,Bangladesh,2019,South Asia,Lower middle income,351231654603.692,6.97264399779152,1.13094997406006,4348501894.83657,1.24410082330294,4.83279991149902,0.556156277656555,0.868800580501556,0.694940507411957,0.604130566120148,0.176745116710663,0.176735907793045,1.75526189804077,47.6444138046,351.231654603692,0.351231654603692,-0.1131508492428801,Military-Focused,Complete Core Data,Complete Social Data
BGR,Bulgaria,2019,Europe & Central Asia,High income,68507731353.9114,5.26897872493906,4.21430015563965,2158557527.18947,3.14495072906354,5.10150003433228,1.04655468463898,1.46057891845703,0.777776896953583,0.417820066213608,0.103833712637424,0.0,1.29496145248413,64.2002014803,68.5077313539114,0.0685077313539114,1.0693494265761103,Education-Focused,Complete Core Data,Complete Social Data
BHR,Bahrain,2019,"Middle East, North Africa, Afghanistan & Pakistan",High income,40446808510.6383,3.38274086937953,2.11146982812491,1557712765.95745,4.02986101554975,6.22730016708374,1.29669225215912,1.31532371044159,0.838836371898651,0.610399901866913,0.287453711032867,0.12669725716114,1.75191736221313,60.1230841311,40.4468085106383,0.040446808510638296,-1.9183911874248403,Military-Focused,Complete Core Data,Complete Social Data
BHS,"Bahamas, The",2019,Latin America & Caribbean,High income,13277000000.0,-1.33052999956263,2.62573176503127,,,,,,,,,,,,13.277,0.013277,,Data Not Available,Missing Core Data,Missing Social Data
BIH,Bosnia and Herzegovina,2019,Europe & Central Asia,Upper middle income,20482608984.3316,4.16109545157208,4.04449987411499,165369204.350315,0.807324224885322,5.67409992218018,0.918395459651947,1.20398652553558,0.813928186893463,0.305365741252899,0.264005243778229,0.0011724870419129,2.1672420501709,57.8191983966,20.482608984331602,0.0204826089843316,3.2371756492296684,Education-Focused,Complete Core Data,Complete Social Data
BLR,Belarus,2019,Europe & Central Asia,Upper middle income,64410170653.4569,1.6513675093432,4.97948980331421,899710685.507974,1.39642297566801,5.5398998260498,1.01885449886322,1.38713932037354,0.75258857011795,0.290755867958069,0.0899330601096153,0.193607434630394,1.80699110031128,58.551158547,64.4101706534569,0.0644101706534569,3.5830668276462,Education-Focused,Complete Core Data,Complete Social Data
BLZ,Belize,2019,Latin America & Caribbean,Upper middle income,2381187850.0,2.74257530356437,5.96377992630005,24424950.0,1.01662701573035,,,,,,,,,55.8748587908,2.38118785,0.00238118785,4.9471529105697,Education-Focused,Complete Core Data,Missing Social Data
BMU,Bermuda,2019,North America,High income,7423465000.0,-0.124745932153232,1.92679827239971,,,,,,,,,,,,7.423465,0.007423465,,Data Not Available,Missing Core Data,Missing Social Data
BOL,Bolivia,2019,Latin America & Caribbean,Lower middle income,49056643589.0014,0.0889440250061426,8.09103012084961,593158568.591264,1.45127092717043,5.74749994277954,0.730976343154907,1.14235055446625,0.662445664405823,0.574464499950409,0.138375073671341,0.0729426369071007,2.42592859268188,53.4106723018,49.0566435890014,0.04905664358900141,6.639759193679179,Education-Focused,Complete Core Data,Complete Social Data
BRA,Brazil,2019,Latin America & Caribbean,Upper middle income,1873288158838.63,0.562970836695342,5.96346998214722,25906871196.7546,1.38279724638797,6.37559986114502,0.952679872512817,1.36346411705017,0.766119062900543,0.483292728662491,0.131674587726593,0.106518603861332,2.57186031341553,59.6617120295,1873.28815883863,1.8732881588386299,4.580672735759251,Education-Focused,Complete Core Data,Complete Social Data
BRB,Barbados,2019,Latin America & Caribbean,High income,6161850000.0,0.050927970591033,3.72228002548218,,,,,,,,,,,,6.16185,0.00616185,,Data Not Available,Missing Core Data,Missing Social Data
BRN,Brunei Darussalam,2019,East Asia & Pacific,High income,13469235364.7032,2.72616506285996,,414728739.002933,3.07858724948281,,,,,,,,,,13.469235364703199,0.0134692353647032,,Data Not Available,Missing Core Data,Missing Social Data
BTN,Bhutan,2019,South Asia,Lower middle income,2735683570.46155,5.05479153201512,4.50982783818663,,,,,,,,,,,,2.7356835704615503,0.0027356835704615504,,Data Not Available,Missing Core Data,Missing Social Data
BWA,Botswana,2019,Sub-Saharan Africa,Upper middle income,16725908148.5481,1.57639094067899,8.3989966033446,514720930.232558,3.08122244554008,3.47889995574951,0.997548997402191,1.08569478988647,0.494101732969284,0.509089410305023,0.033407486975193,0.101786367595196,0.257240533828735,56.7601897123,16.7259081485481,0.0167259081485481,5.31777415780452,Education-Focused,Complete Core Data,Complete Social Data
CAF,Central African Republic,2019,Sub-Saharan Africa,Low income,2221301351.43918,1.72290159793216,1.76792074637361,40777666.6587025,1.78989988276583,3.47589993476868,0.0410720817744732,0.0,0.0,0.292814463376999,0.253513216972351,0.0282647181302309,2.8601975440979,32.4437429588,2.22130135143918,0.00222130135143918,-0.021979136392219933,Military-Focused,Complete Core Data,Complete Social Data
CAN,Canada,2019,North America,High income,1743725183672.52,0.429657601305934,4.77293014526367,22394875659.3821,1.28451224366918,7.23210000991821,1.30164766311646,1.43539190292358,1.02250194549561,0.644028127193451,0.281528919935226,0.351701855659485,2.1952691078186,79.9623247998,1743.72518367252,1.74372518367252,3.48841790159449,Education-Focused,Complete Core Data,Complete Social Data
CHE,Switzerland,2019,Europe & Central Asia,High income,721369112726.724,0.423089633793808,5.01438999176025,5021931589.53722,0.696324324760463,7.55989980697632,1.39077425003052,1.47240340709686,1.04053318500519,0.628954470157623,0.269055753946304,0.407945901155472,2.35026741027832,83.5039212058,721.369112726724,0.721369112726724,4.318065666999788,Education-Focused,Complete Core Data,Complete Social Data
CHI,Channel Islands,2019,Europe & Central Asia,High income,10031864649.0819,1.15023329351136,,,,,,,,,,,,,10.0318646490819,0.010031864649081899,,Data Not Available,Missing Core Data,Missing Social Data
CHL,Chile,2019,Latin America & Caribbean,High income,278285058719.466,-0.962096016030856,5.62629985809326,5182156528.66016,1.86471710953666,6.22849988937378,1.09699249267578,1.32328689098358,0.889260828495026,0.417482227087021,0.155579000711441,0.0628493502736092,2.28301286697388,70.2699544919,278.285058719466,0.278285058719466,3.7615827485566,Education-Focused,Complete Core Data,Complete Social Data
CHN,China,2019,East Asia & Pacific,Upper middle income,14560167101283.4,5.6929006014863,,240332555458.151,1.68291101151296,5.12389993667603,0.990533411502838,1.13208067417145,0.86724853515625,0.601605117321014,0.079021044075489,0.117255553603172,1.33618187904358,60.3361775501,14560.167101283401,14.560167101283401,,Data Not Available,Missing Core Data,Missing Social Data
CIV,Cote d'Ivoire,2019,Sub-Saharan Africa,Lower middle income,60382894697.3557,3.96244737490909,3.4130699634552,535951382.180975,0.887657865631757,5.23330020904541,0.537094414234161,0.799727261066437,0.154942512512207,0.397122532129288,0.169915586709976,0.0934957936406136,3.08102250099182,47.3543020209,60.382894697355695,0.0603828946973557,2.5254120978234433,Education-Focused,Complete Core Data,Complete Social Data
CMR,Cameroon,2019,Sub-Saharan Africa,Lower middle income,39667757527.6578,0.636415290549962,3.0473994932468,422294771.980244,1.06457837839838,5.08489990234375,0.50395804643631,0.899726450443268,0.270189553499222,0.439242482185364,0.198020100593567,0.0543934218585491,2.71937084197998,43.24941017,39.6677575276578,0.0396677575276578,1.9828211148484198,Education-Focused,Complete Core Data,Complete Social Data
COD,"Congo, Dem. Rep.",2019,Sub-Saharan Africa,Low income,46845900350.0332,-2.58176822938702,,352709565.59682,0.694017431863738,,,,,,,,,35.1229574539,46.845900350033205,0.0468459003500332,,Data Not Available,Missing Core Data,Missing Social Data
COG,"Congo, Rep.",2019,Sub-Saharan Africa,Lower middle income,13976637779.9763,-1.27988440285151,3.24716413970868,299953238.969346,2.14627657925685,,,,,,,,,42.0187980606,13.976637779976299,0.013976637779976299,1.10088756045183,Education-Focused,Complete Core Data,Missing Social Data
COL,Colombia,2019,Latin America & Caribbean,Upper middle income,323031701192.84,1.36014067984289,4.51068019866943,10167547855.5704,3.14565669372153,6.16340017318726,0.932203710079193,1.3344509601593,0.81002014875412,0.52689003944397,0.0923740938305855,0.0458483695983887,2.42165660858154,58.5100070198,323.03170119284005,0.32303170119284,1.3650235049479003,Education-Focused,Complete Core Data,Complete Social Data
COM,Comoros,2019,Sub-Saharan Africa,Lower middle income,1187915408.87243,-0.178316983862871,,,,4.28859996795654,0.415620774030685,0.723232805728912,0.437383323907852,0.181028231978416,0.258538275957108,0.100048534572124,2.17276906967163,47.8830509392,1.1879154088724302,0.0011879154088724302,,Data Not Available,Missing Core Data,Missing Social Data
CPV,Cabo Verde,2019,Sub-Saharan Africa,Upper middle income,2252177124.32402,6.80449531732363,4.16528987884521,9728061.08978655,0.431864983823163,,,,,,,,,57.2201325785,2.25217712432402,0.00225217712432402,3.7334248950220474,Education-Focused,Complete Core Data,Missing Social Data
CRI,Costa Rica,2019,Latin America & Caribbean,High income,64417670521.3545,1.56255641347028,6.73809003829956,0.0,,7.12139987945557,0.981107711791992,1.37485361099243,0.939635336399078,0.645017743110657,0.131266310811043,0.0963620916008949,2.95313501358032,68.5199915046,64.4176705213545,0.0644176705213545,,Data Not Available,Missing Core Data,Complete Social Data
CUB,Cuba,2019,Latin America & Caribbean,Upper middle income,103427600000.0,0.0532186639248664,9.04700486137163,,,,,,,,,,,53.5074704422,103.4276,0.1034276,,Data Not Available,Missing Core Data,Missing Social Data
CUW,Curacao,2019,Latin America & Caribbean,High income,3026124115.73275,-2.04109605237927,5.81155632881729,,,,,,,,,,,,3.02612411573275,0.00302612411573275,,Data Not Available,Missing Core Data,Missing Social Data
CYM,Cayman Islands,2019,Latin America & Caribbean,High income,5941896599.57333,1.77641924268777,1.13670003414154,,,,,,,,,,,,5.9418965995733295,0.00594189659957333,,Data Not Available,Missing Core Data,Missing Social Data
CYP,Cyprus,2019,Europe & Central Asia,High income,26196667099.5303,4.46826562163456,5.16293001174927,463613972.234662,1.76959353705638,6.15899991989136,1.21279942989349,1.14917075634003,1.02612459659576,0.459385871887207,0.227932333946228,0.0512071438133717,2.03233480453491,70.7394671132,26.1966670995303,0.0261966670995303,3.39333647469289,Education-Focused,Complete Core Data,Complete Social Data
CZE,Czechia,2019,Europe & Central Asia,High income,256794209028.77,3.15874802851988,4.46737003326416,2910252496.6203,1.13323967641325,6.9109001159668,1.21232235431671,1.40528666973114,0.89456444978714,0.505744576454163,0.0463259294629097,0.0498032234609127,2.79680824279785,73.5836509798,256.79420902877,0.25679420902877,3.33413035685091,Education-Focused,Complete Core Data,Complete Social Data
DEU,Germany,2019,Europe & Central Asia,High income,3959894794039.21,0.750266426253219,5.02757978439331,49079444693.2378,1.24014846331417,7.0757999420166,1.31418454647064,1.36854374408722,0.97211480140686,0.56427413225174,0.252037703990936,0.309362292289734,2.29524946212769,81.1778272946,3959.89479403921,3.9598947940392097,3.78743132107914,Education-Focused,Complete Core Data,Complete Social Data
DJI,Djibouti,2019,"Middle East, North Africa, Afghanistan & Pakistan",Lower middle income,3088851450.30694,3.91378440928256,,,,,,,,,,,,47.5182315669,3.08885145030694,0.0030888514503069403,,Data Not Available,Missing Core Data,Missing Social Data
DMA,Dominica,2019,Latin America & Caribbean,Upper middle income,644259259.259259,4.3983147374291,4.88721990585327,,,,,,,,,,,,0.644259259259259,0.000644259259259259,,Data Not Available,Missing Core Data,Missing Social Data
DNK,Denmark,2019,Europe & Central Asia,High income,345401473012.615,1.34779245340653,7.27585983276367,4487779277.25296,1.29920660644454,7.64559984207153,1.32694852352142,1.50344920158386,0.979332566261292,0.665039896965027,0.242793396115303,0.495260328054428,2.43274068832397,83.9273515973,345.401473012615,0.345401473012615,5.97665322631913,Education-Focused,Complete Core Data,Complete Social Data
DOM,Dominican Republic,2019,Latin America & Caribbean,Upper middle income,89146130744.723,3.81572682273033,4.04276873126053,613299023.334698,0.689583054746984,5.68919992446899,0.983191847801208,1.32888889312744,0.741901695728302,0.562873899936676,0.112196780741215,0.115945681929588,1.84424686431885,58.3274139153,89.14613074472301,0.08914613074472301,3.353185676513546,Education-Focused,Complete Core Data,Complete Social Data
DZA,Algeria,2019,"Middle East, North Africa, Afghanistan & Pakistan",Upper middle income,193459662090.677,-0.939992962004737,5.57536563446523,10303600575.2107,5.32695853750995,5.00509977340698,0.943856000900269,1.14300358295441,0.745418548583984,0.0839437991380692,0.118915013968945,0.129190653562546,1.84081172943115,51.1285316555,193.459662090677,0.193459662090677,0.24840709695528052,Education-Focused,Complete Core Data,Complete Social Data
EAR,Early-demographic dividend,2019,,,11686574879191.1,1.02710133608998,3.48983027194334,253740612311.054,2.32551880042625,,,,,,,,,,11686.5748791911,11.686574879191099,1.16431147151709,Education-Focused,Complete Core Data,Missing Social Data
ECS,Europe & Central Asia,2019,,,23067540030248.6,1.46521348747058,4.60705995559693,386057287291.232,1.69101267520448,,,,,,,,,,23067.5400302486,23.0675400302486,2.91604728039245,Education-Focused,Complete Core Data,Missing Social Data
ECU,Ecuador,2019,Latin America & Caribbean,Upper middle income,107595830000.0,-1.51253154807527,4.24576997756958,2346000000.0,2.18038189769994,5.92519998550415,0.853383600711823,1.22102761268616,0.838837742805481,0.555234551429749,0.115006476640701,0.0867533832788467,2.25493383407593,56.8624851197,107.59583,0.10759583,2.0653880798696402,Education-Focused,Complete Core Data,Complete Social Data
EGY,"Egypt, Arab Rep.",2019,"Middle East, North Africa, Afghanistan & Pakistan",Lower middle income,318678815489.749,3.71584088573542,,3743671451.54565,1.18097179684711,4.15140008926392,0.875228941440582,0.982539534568787,0.596911311149597,0.373684734106064,0.0688012540340424,0.095461793243885,1.15881824493408,46.2489417778,318.678815489749,0.318678815489749,,Data Not Available,Missing Core Data,Missing Social Data
ERI,Eritrea,2019,Sub-Saharan Africa,Low income,,,,,,,,,,,,,,35.6022164167,,,,Data Not Available,Missing Core Data,Missing Social Data
ESP,Spain,2019,Europe & Central Asia,High income,1403496387686.27,1.23303741249605,4.20255994796753,17189319301.3883,1.22464525288942,6.40089988708496,1.23053526878357,1.4210991859436,1.05134308338165,0.425983816385269,0.165305480360985,0.109579779207706,1.99708843231201,74.8674061942,1403.49638768627,1.40349638768627,2.97791469507811,Education-Focused,Complete Core Data,Complete Social Data
EST,Estonia,2019,Europe & Central Asia,High income,31873748770.0313,3.3419636171697,5.16415023803711,637035378.414689,1.99845018670744,6.02180004119873,1.19244122505188,1.45323252677917,0.842615008354187,0.576664805412292,0.125136747956276,0.201766818761826,1.62992811203003,75.8921982326,31.8737487700313,0.0318737487700313,3.1657000513296705,Education-Focused,Complete Core Data,Complete Social Data
ETH,Ethiopia,2019,,,91834517112.628,5.48664148021712,4.48086946127054,535978018.203675,0.579949536835092,,,,,,,,,40.7846549229,91.834517112628,0.09183451711262801,3.900919924435448,Education-Focused,Complete Core Data,Missing Social Data
FIN,Finland,2019,Europe & Central Asia,High income,267014821129.411,1.23812097519217,6.45300006866455,3635244066.27855,1.36132283517387,7.80870008468628,1.28518950939178,1.49952590465546,0.961271405220032,0.662316739559174,0.159670442342758,0.477857261896133,2.76283502578735,83.1988278328,267.014821129411,0.267014821129411,5.09167723349068,Education-Focused,Complete Core Data,Complete Social Data
FJI,Fiji,2019,East Asia & Pacific,Upper middle income,5344907153.46698,-0.33408046448406,5.15273175975853,79022198.9772199,1.44512747814401,,,,,,,,,,5.34490715346698,0.00534490715346698,3.70760428161452,Education-Focused,Complete Core Data,Missing Social Data
FRA,France,2019,Europe & Central Asia,High income,2722793515171.76,1.68870844116209,5.36638021469116,50454545454.5455,1.85288520696513,6.66379976272583,1.26812934875488,1.45883917808533,1.02971422672272,0.514050900936127,0.112607702612877,0.227303236722946,2.05319833755493,77.0803418613,2722.7935151717597,2.7227935151717597,3.5134950077260303,Education-Focused,Complete Core Data,Complete Social Data
FRO,Faroe Islands,2019,Europe & Central Asia,High income,3266432734.22819,2.93184025686803,,,,,,,,,,,,,3.26643273422819,0.00326643273422819,,Data Not Available,Missing Core Data,Missing Social Data
FSM,"Micronesia, Fed. Sts.",2019,East Asia & Pacific,Lower middle income,394000000.0,3.72960377273995,10.6931682741117,,,,,,,,,,,,0.394,0.000394,,Data Not Available,Missing Core Data,Missing Social Data
GAB,Gabon,2019,Sub-Saharan Africa,Upper middle income,16874405465.391,1.38257599119697,2.87430983233369,266879196.119858,1.58168890147569,4.82929992675781,0.988044381141663,1.10639750957489,0.522574841976166,0.369459897279739,0.0520136021077633,0.0558045394718647,1.735027551651,48.5097039164,16.874405465391,0.016874405465391002,1.2926209308580001,Education-Focused,Complete Core Data,Complete Social Data
GBR,United Kingdom,2019,Europe & Central Asia,High income,2875710080015.3,0.736576132017404,5.26116991043091,56567602040.8163,1.98525373099586,7.16450023651123,1.2730610370636,1.45784497261047,0.975700080394745,0.525168657302856,0.373433440923691,0.322601646184921,2.23672199249268,80.882016074,2875.7100800153,2.8757100800153,3.27591617943505,Education-Focused,Complete Core Data,Complete Social Data
GEO,Georgia,2019,Europe & Central Asia,Upper middle income,17638337116.9126,5.56167165873158,3.82985997200012,310614128.505502,1.75963279056275,4.67259979248047,0.847198069095612,0.731193900108337,0.694657623767853,0.48549410700798,0.0476097352802753,0.174088075757027,1.69239830970764,61.5959144488,17.638337116912602,0.0176383371169126,2.07022718143737,Education-Focused,Complete Core Data,Complete Social Data
GHA,Ghana,2019,Sub-Saharan Africa,Lower middle income,68352629246.1555,4.39063133478864,3.15307114842573,233320137.038447,0.343818178617089,5.14799976348877,0.575862467288971,0.966367959976196,0.432162255048752,0.477290064096451,0.261291205883026,0.0565703809261322,2.37843728065491,54.243302833,68.3526292461555,0.0683526292461555,2.8092529698086413,Education-Focused,Complete Core Data,Complete Social Data
GIB,Gibraltar,2019,Europe & Central Asia,High income,,,,,,,,,,,,,,,,,,Data Not Available,Missing Core Data,Missing Social Data
GIN,Guinea,2019,Sub-Saharan Africa,Lower middle income,13442861496.4454,2.9464024435663,1.85811996459961,197754330.707634,1.47320213579399,4.94929981231689,0.390007734298706,0.751365959644318,0.33365523815155,0.371878057718277,0.249490842223167,0.112204559147358,2.74072980880737,43.3948065789,13.442861496445401,0.0134428614964454,0.3849178288056201,Education-Focused,Complete Core Data,Complete Social Data
GMB,"Gambia, The",2019,Sub-Saharan Africa,Low income,1813609692.49994,3.74848295956672,2.80809703332656,14456446.2017733,0.797324578818787,4.75059986114502,0.256990551948547,0.882678687572479,0.353247880935669,0.403419524431229,0.42598968744278,0.158093795180321,2.27021646499634,48.8004786109,1.8136096924999399,0.0018136096924999399,2.010772454507773,Education-Focused,Complete Core Data,Complete Social Data
GNB,Guinea-Bissau,2019,Sub-Saharan Africa,Low income,1596227316.34846,2.89045755858285,,22571242.3074691,1.49375034588535,,,,,,,,,41.8828111353,1.59622731634846,0.00159622731634846,,Data Not Available,Missing Core Data,Missing Social Data
GNQ,Equatorial Guinea,2019,Sub-Saharan Africa,Upper middle income,11364133549.7478,-8.52391282041842,,148636933.022503,1.30805287179895,,,,,,,,,46.4074249136,11.3641335497478,0.011364133549747801,,Data Not Available,Missing Core Data,Missing Social Data
GRC,Greece,2019,Europe & Central Asia,High income,207305649887.019,2.38497557963629,3.55062007904053,5383116883.11688,2.59648367110305,5.5149998664856,1.12807011604309,1.16897356510162,0.979431748390198,0.173516348004341,0.0,0.0488443523645401,2.01617908477783,65.6838468241,207.305649887019,0.20730564988701902,0.9541364079374799,Education-Focused,Complete Core Data,Complete Social Data
GRD,Grenada,2019,Latin America & Caribbean,Upper middle income,1213485185.18519,0.424779227477273,,,,,,,,,,,,,1.21348518518519,0.00121348518518519,,Data Not Available,Missing Core Data,Missing Social Data
GRL,Greenland,2019,Europe & Central Asia,High income,2997309971.87623,2.46273159433217,,,,,,,,,,,,,2.9973099718762297,0.0029973099718762298,,Data Not Available,Missing Core Data,Missing Social Data
GTM,Guatemala,2019,Latin America & Caribbean,Upper middle income,77172331693.4093,2.44813633260803,3.19297003746033,331882551.643497,0.430070763358893,6.39890003204346,0.753815710544586,1.17426705360413,0.7059525847435,0.613146722316742,0.170611664652824,0.0983603000640869,2.88272309303284,53.9288427337,77.1723316934093,0.0771723316934093,2.7628992741014367,Education-Focused,Complete Core Data,Complete Social Data
GUM,Guam,2019,East Asia & Pacific,High income,6355000000.0,3.07547868580322,,,,,,,,,,,,,6.355,0.006355,,Data Not Available,Missing Core Data,Missing Social Data
GUY,Guyana,2019,Latin America & Caribbean,High income,5173760191.84652,3.25156178245531,,67206937.7130284,1.29961278504611,,,,,,,,,56.3163567795,5.173760191846521,0.005173760191846521,,Data Not Available,Missing Core Data,Missing Social Data
HKG,"Hong Kong SAR, China",2019,East Asia & Pacific,High income,363074545072.389,-2.39668495991923,3.81017994880676,,,,,,,,,,,79.0413535012,363.07454507238896,0.36307454507238895,,Data Not Available,Missing Core Data,Missing Social Data
HND,Honduras,2019,Latin America & Caribbean,Lower middle income,24882225741.8119,0.71936151617345,5.98198266311593,392630140.339426,1.57817708956802,5.95319986343384,0.598763585090637,1.18666410446167,0.791989982128143,0.568148076534271,0.256528198719025,0.0868071019649506,2.46429538726807,52.900496916,24.8822257418119,0.0248822257418119,4.40380557354791,Education-Focused,Complete Core Data,Complete Social Data
HRV,Croatia,2019,Europe & Central Asia,High income,61466721186.3116,4.12969919836404,3.94555997848511,985762551.525559,1.6036107424916,5.50470018386841,1.10902428627014,1.31126487255096,0.900575578212738,0.381456881761551,0.113998979330063,0.0123250056058168,1.67602920532227,66.1932333439,61.4667211863116,0.0614667211863116,2.34194923599351,Education-Focused,Complete Core Data,Complete Social Data
HTI,Haiti,2019,Latin America & Caribbean,Lower middle income,15016090929.5125,-2.98683711868885,1.08414978067408,11833075.0498118,0.0859315095445588,3.72079992294312,0.284734427928925,0.64667135477066,0.374366730451584,0.169297516345978,0.463909655809402,0.161935672163963,1.61991691589355,40.9143941479,15.016090929512501,0.015016090929512501,0.9982182711295213,Education-Focused,Complete Core Data,Complete Social Data
HUN,Hungary,2019,Europe & Central Asia,High income,164936682033.992,5.2087641343076,4.20140981674194,2190628591.87986,1.32782522734016,6.00040006637573,1.16430711746216,1.42300939559937,0.806793868541718,0.386401802301407,0.0704912394285202,0.0275481734424829,2.12184572219849,65.395483553,164.936682033992,0.164936682033992,2.87358458940178,Education-Focused,Complete Core Data,Complete Social Data
IDB,IDA blend,2019,,,1354444605559.25,0.998562412035241,3.33011705158194,15331230609.6207,1.34825659976457,,,,,,,,,,1354.44460555925,1.35444460555925,1.9818604518173701,Education-Focused,Complete Core Data,Missing Social Data
IDN,Indonesia,2019,East Asia & Pacific,Upper middle income,1119099871350.2,4.0413041818536,0.964399077622927,8154244767.61856,0.728563743551525,5.28560018539429,0.891720712184906,1.15480089187622,0.610437035560608,0.568161427974701,0.542646527290344,0.0382786132395267,1.47957348823547,60.1705815999,1119.0998713502,1.1190998713502,0.235835334071402,Education-Focused,Complete Core Data,Complete Social Data
IMN,Isle of Man,2019,Europe & Central Asia,High income,7314967866.28289,0.0733713448695283,,,,,,,,,,,,,7.31496786628289,0.00731496786628289,,Data Not Available,Missing Core Data,Missing Social Data
IND,India,2019,South Asia,Lower middle income,2835606256558.19,2.79675759965889,3.89732003211975,71468900524.3041,2.5459982314359,3.57329988479614,0.730576157569885,0.644198656082153,0.540570139884949,0.581142246723175,0.237072482705116,0.105587981641293,0.734130859375,54.2250916201,2835.60625655819,2.83560625655819,1.3513218006838499,Education-Focused,Complete Core Data,Complete Social Data
IRL,Ireland,2019,Europe & Central Asia,High income,407211793800.713,3.31840085150145,3.22984004020691,1112740707.56829,0.273293508559262,7.09369993209839,1.44688677787781,1.47059643268585,0.975670695304871,0.587779939174652,0.295426994562149,0.373433262109756,1.94387817382813,80.5582985807,407.211793800713,0.40721179380071304,2.956546531647648,Education-Focused,Complete Core Data,Complete Social Data
IRN,"Iran, Islamic Rep.",2019,"Middle East, North Africa, Afghanistan & Pakistan",Upper middle income,347988400957.999,-3.40863263146464,3.24005007743835,4921057693.8276,2.14694745014838,4.67239999771118,1.02932250499725,0.886271178722382,0.749053835868835,0.301195472478867,0.276978939771652,0.14265151321888,1.28696942329407,48.9157548963,347.98840095799903,0.34798840095799904,1.0931026272899702,Education-Focused,Complete Core Data,Complete Social Data
IRQ,Iraq,2019,"Middle East, North Africa, Afghanistan & Pakistan",Upper middle income,233636097800.338,3.14043943264693,,7598829335.74537,3.23719485045446,4.78480005264282,0.982018709182739,1.0114666223526,0.529350697994232,0.283588051795959,0.153002068400383,0.0731649920344353,1.75217366218567,43.2170677826,233.636097800338,0.233636097800338,,Data Not Available,Missing Core Data,Missing Social Data
ISL,Iceland,2019,Europe & Central Asia,High income,24985687022.0452,-1.06147502015334,7.60129976272583,0.0,,7.50449991226196,1.3265016078949,1.547567486763,1.00084340572357,0.661980748176575,0.362330228090286,0.144540771842003,2.46068811416626,81.1277946386,24.9856870220452,0.024985687022045202,,Data Not Available,Missing Core Data,Complete Social Data
ISR,Israel,2019,"Middle East, North Africa, Afghanistan & Pakistan",High income,400645216358.857,1.74945844686911,6.06899976730347,20339225589.2256,5.07212719116893,7.12860012054443,1.21646368503571,1.40325677394867,1.00805294513702,0.42069947719574,0.266861796379089,0.09989845007658,2.7133584022522,71.6400948599,400.645216358857,0.40064521635885697,0.9968725761345407,Education-Focused,Complete Core Data,Complete Social Data
ITA,Italy,2019,Europe & Central Asia,High income,2019606796583.53,1.13464411867925,4.07843017578125,26380673981.1912,1.30611671363832,6.38740015029907,1.23639607429504,1.34729599952698,1.02250492572784,0.321305572986603,0.170266211032867,0.0401455983519554,2.2495059967041,72.1110339356,2019.60679658353,2.01960679658353,2.7723134621429297,Education-Focused,Complete Core Data,Complete Social Data
JAM,Jamaica,2019,Latin America & Caribbean,Upper middle income,17026269262.5307,1.69497447065874,5.16364002227783,266015074.510509,1.68152578167608,5.88980007171631,0.779058396816254,1.40828919410706,0.788434088230133,0.553124606609344,0.116268493235111,0.030147785320878,2.21443653106689,60.955165217,17.0262692625307,0.017026269262530702,3.4821142406017502,Education-Focused,Complete Core Data,Complete Social Data
JOR,Jordan,2019,"Middle East, North Africa, Afghanistan & Pakistan",Lower middle income,44503006338.0282,-0.247049289948436,2.98846006393433,2032112676.05634,4.56623750321627,4.63339996337891,0.785179197788239,1.14011859893799,0.777624726295471,0.424855083227158,0.0914947688579559,0.151878625154495,1.26225805282593,57.4829809757,44.5030063380282,0.0445030063380282,-1.5777774392819395,Military-Focused,Complete Core Data,Complete Social Data
JPN,Japan,2019,East Asia & Pacific,High income,5117993853016.51,-0.262170828573062,3.15533995628357,50778006586.0079,0.992231472747577,5.87080001831055,1.26672410964966,1.33233869075775,1.07288134098053,0.495465874671936,0.0357117801904678,0.181439638137817,1.4862003326416,78.0151811503,5117.99385301651,5.11799385301651,2.163108483535993,Education-Focused,Complete Core Data,Complete Social Data
KAZ,Kazakhstan,2019,Europe & Central Asia,Upper middle income,181667184854.501,2.99405538115775,2.8569700717926,1853499708.86892,1.02091636689134,6.05789995193481,1.12259423732758,1.45326769351959,0.698788940906525,0.497432142496109,0.153713792562485,0.110463686287403,2.02160263061523,58.2929835483,181.66718485450102,0.181667184854501,1.83605370490126,Education-Focused,Complete Core Data,Complete Social Data
KEN,Kenya,2019,Sub-Saharan Africa,Lower middle income,100378436207.371,3.07004769448449,5.37359210998097,1116872419.91312,1.1125711791299,4.58300018310547,0.476413398981094,0.905077755451202,0.536312758922577,0.519180536270142,0.393902093172073,0.0672010779380798,1.6849045753479,51.4899937888,100.378436207371,0.100378436207371,4.261020930851069,Education-Focused,Complete Core Data,Complete Social Data
KGZ,Kyrgyz Republic,2019,Europe & Central Asia,Lower middle income,9371275264.36735,2.28120088774463,5.0802698135376,254030778.930475,2.71068623481534,,,,,,,,,56.2088634547,9.37127526436735,0.00937127526436735,2.3695835787222603,Education-Focused,Complete Core Data,Missing Social Data
KHM,Cambodia,2019,East Asia & Pacific,Lower middle income,36685356407.7206,6.58272364852731,2.13345387893978,595407617.667785,1.62193704891153,4.8484001159668,0.544634938240051,1.07142603397369,0.587904334068298,0.674940347671509,0.233342081308365,0.0728375017642975,1.66330003738403,48.8067813404,36.6853564077206,0.036685356407720596,0.51151683002825,Education-Focused,Complete Core Data,Complete Social Data
KIR,Kiribati,2019,East Asia & Pacific,Lower middle income,216985388.322754,1.73347401094057,14.5197413461539,,,,,,,,,,,,0.216985388322754,0.000216985388322754,,Data Not Available,Missing Core Data,Missing Social Data
KNA,St. Kitts and Nevis,2019,Latin America & Caribbean,High income,1107855555.55556,3.06102179372833,2.72889566429639,,,,,,,,,,,,1.10785555555556,0.0011078555555555601,,Data Not Available,Missing Core Data,Missing Social Data
KOR,"Korea, Rep.",2019,East Asia & Pacific,High income,1751045752054.63,1.95849636720857,4.41813993453979,44102240752.179,2.51931997944066,5.87239980697632,1.24530065059662,1.13356053829193,1.02254259586334,0.25935634970665,0.170303866267204,0.0945962816476822,1.94675707817078,72.4168452642,1751.04575205463,1.7510457520546299,1.8988199550991296,Education-Focused,Complete Core Data,Complete Social Data
KWT,Kuwait,2019,"Middle East, North Africa, Afghanistan & Pakistan",High income,140856394860.529,-0.471027490632153,6.72789551402991,7373519736.84211,5.32311669292361,6.10209989547729,1.42483365535736,1.24477982521057,0.776468932628632,0.570261418819427,0.13275109231472,0.1128149330616,1.84016799926758,60.5343681237,140.85639486052898,0.140856394860529,1.4047788211063006,Education-Focused,Complete Core Data,Complete Social Data
LAO,Lao PDR,2019,East Asia & Pacific,Lower middle income,18740561512.5555,3.86091278109465,2.12201393748998,,,4.88859987258911,0.71469384431839,0.987391889095306,0.486378282308578,0.612027287483215,0.272667109966278,0.194273963570595,1.62115263938904,48.7346872924,18.7405615125555,0.0187405615125555,,Data Not Available,Missing Core Data,Complete Social Data
LBN,Lebanon,2019,"Middle East, North Africa, Afghanistan & Pakistan",Lower middle income,51605959131.2741,-3.87037166908469,2.51957250612723,2326058336.52486,4.73938277788589,4.77150011062622,0.889232516288757,1.19249331951141,0.788671135902405,0.18551667034626,0.158524140715599,0.0215181466192007,1.53554224967957,54.2063507261,51.6059591312741,0.0516059591312741,-2.21981027175866,Military-Focused,Complete Core Data,Complete Social Data
LBR,Liberia,2019,Sub-Saharan Africa,Low income,3319596500.0,-4.38160849244818,2.16508193926132,12901000.0,0.418863636363636,4.55789995193481,0.174103006720543,0.92073392868042,0.392284274101257,0.405943095684052,0.226967871189117,0.0511398762464523,2.38675785064697,45.4603505984,3.3195965,0.0033195965,1.746218302897684,Education-Focused,Complete Core Data,Complete Social Data
LBY,Libya,2019,"Middle East, North Africa, Afghanistan & Pakistan",Upper middle income,69254496471.6938,-12.4989174222368,,,,5.48880004882813,1.02191376686096,1.19628369808197,0.615626633167267,0.451354056596756,0.142757698893547,0.172258079051971,1.88856315612793,43.2448630512,69.2544964716938,0.06925449647169381,,Data Not Available,Missing Core Data,Missing Social Data
LCA,St. Lucia,2019,Latin America & Caribbean,Upper middle income,2095344444.44444,-1.06027192026241,3.27267003059387,,,,,,,,,,,,2.09534444444444,0.00209534444444444,,Data Not Available,Missing Core Data,Missing Social Data
LCN,Latin America & Caribbean,2019,,,5473432644126.84,-0.499274095704138,4.51068019866943,60554802135.9911,1.22208445792104,,,,,,,,,,5473.4326441268395,5.47343264412684,3.28859574074839,Education-Focused,Complete Core Data,Missing Social Data
LIE,Liechtenstein,2019,Europe & Central Asia,High income,6436467007.11932,,,,,,,,,,,,,,6.43646700711932,0.00643646700711932,,Data Not Available,Missing Core Data,Missing Social Data
LKA,Sri Lanka,2019,South Asia,Lower middle income,88998706296.5783,-0.829146715022418,,1560094458.93163,1.75219928060225,4.3270001411438,0.897986948490143,1.19494009017944,0.792036712169647,0.528632462024689,0.252666145563126,0.0494445636868477,0.611288547515869,57.6416030303,88.99870629657829,0.08899870629657829,,Data Not Available,Missing Core Data,Missing Social Data
LSO,Lesotho,2019,Sub-Saharan Africa,Lower middle income,2390702295.82777,-2.56925986092637,,44845967.4627899,1.87540421655185,3.6528000831604,0.454938739538193,1.08894002437592,0.100934810936451,0.40936753153801,0.102627642452717,0.0504838228225708,1.44551396369934,45.0067168437,2.3907022958277704,0.00239070229582777,,Data Not Available,Missing Core Data,Missing Social Data
LTE,Late-demographic dividend,2019,,,23366567397285.6,4.27142710168278,4.26779985427856,409644179531.55,1.87217597704329,,,,,,,,,,23366.567397285602,23.3665673972856,2.39562387723527,Education-Focused,Complete Core Data,Missing Social Data
LTU,Lithuania,2019,Europe & Central Asia,High income,55122066225.796,4.97938353929399,3.9415500164032,1093819973.13032,1.98419011931355,6.21549987792969,1.19355964660645,1.43286573886871,0.795421183109283,0.420460790395737,0.0536910407245159,0.0813502743840218,2.23814606666565,70.9802721743,55.122066225796,0.055122066225796,1.95735989708965,Education-Focused,Complete Core Data,Complete Social Data
LUX,Luxembourg,2019,Europe & Central Asia,High income,69872035113.6469,0.752174049392224,3.73705005645752,381773399.014778,0.546198379988419,7.23750019073486,1.53667604923248,1.38752841949463,0.986442685127258,0.610137045383453,0.195953920483589,0.3670414686203,2.15370035171509,81.5702511018,69.8720351136469,0.0698720351136469,3.190851676469101,Education-Focused,Complete Core Data,Complete Social Data
LVA,Latvia,2019,Europe & Central Asia,High income,33099503950.847,1.37774612596324,4.58675003051758,691894312.583968,2.09016802211357,5.94999980926514,1.14139544963837,1.41439878940582,0.77790242433548,0.329198807477951,0.0754079446196556,0.0903915241360664,2.12128305435181,70.4423533605,33.099503950847,0.033099503950847,2.49658200840401,Education-Focused,Complete Core Data,Complete Social Data
MAC,"Macao SAR, China",2019,East Asia & Pacific,High income,55025172016.004,-4.36234107753577,3.0654399394989,,,,,,,,,,,,55.025172016004,0.055025172016004,,Data Not Available,Missing Core Data,Missing Social Data
MAF,St. Martin (French part),2019,Latin America & Caribbean,High income,652206037.103874,11.9233703264347,,,,,,,,,,,,,0.6522060371038739,0.000652206037103874,,Data Not Available,Missing Core Data,Missing Social Data
MAR,Morocco,2019,"Middle East, North Africa, Afghanistan & Pakistan",Lower middle income,128920266409.458,1.81642055572905,5.0032567210502,3721323837.45287,2.86579837978571,5.09479999542236,0.758622109889984,0.645208477973938,0.745096921920776,0.450054138898849,0.0400325506925583,0.0773856043815613,2.37840247154236,54.9383137339,128.92026640945798,0.128920266409458,2.1374583412644905,Education-Focused,Complete Core Data,Complete Social Data
MCO,Monaco,2019,Europe & Central Asia,High income,7383496254.23721,7.24738037567747,1.15896999835968,,,,,,,,,,,,7.38349625423721,0.00738349625423721,,Data Not Available,Missing Core Data,Missing Social Data
MDA,Moldova,2019,Europe & Central Asia,Upper middle income,11736797054.6965,5.22280984962049,6.22578001022339,43009328.5730738,0.362122379105516,,,,,,,,,57.1555988637,11.7367970546965,0.011736797054696501,5.863657631117873,Education-Focused,Complete Core Data,Missing Social Data
MDG,Madagascar,2019,Sub-Saharan Africa,Low income,14104664678.5063,1.73013722889858,3.01338389897728,76576631.109179,0.545343037675691,4.16559982299805,0.244553208351135,0.823694348335266,0.500617027282715,0.192967548966408,0.1911900639534,0.0762486383318901,2.13629841804504,45.2520885811,14.1046646785063,0.0141046646785063,2.468040861301589,Education-Focused,Complete Core Data,Complete Social Data
MDV,Maldives,2019,South Asia,Upper middle income,5726094799.37709,3.71535274800274,4.12356944795488,,,5.1975998878479,0.937864303588867,1.40228760242462,0.914439558982849,0.548203647136688,0.224198251962662,0.0719064921140671,1.09867477416992,,5.7260947993770905,0.005726094799377091,,Data Not Available,Missing Core Data,Missing Social Data
MEX,Mexico,2019,Latin America & Caribbean,Upper middle income,1304106203902.45,-1.33462176883367,,6650808254.06726,0.509337628297564,6.46500015258789,1.02438747882843,1.22633349895477,0.831601023674011,0.553892552852631,0.083094485104084,0.0831336677074432,2.66254019737244,58.9152481944,1304.10620390245,1.30410620390245,,Data Not Available,Missing Core Data,Missing Social Data
MHL,Marshall Islands,2019,East Asia & Pacific,Upper middle income,232900000.0,13.6597363046024,9.88208961486816,,,,,,,,,,,,0.2329,0.0002329,,Data Not Available,Missing Core Data,Missing Social Data
MKD,North Macedonia,2019,Europe & Central Asia,Upper middle income,12606338448.547,4.61869501137757,,146093380.399578,1.15911628553257,5.15980005264282,0.935371994972229,1.18317353725433,0.802994132041931,0.410224586725235,0.18586353957653,0.0245950594544411,1.61759495735168,60.3365197972,12.606338448547001,0.012606338448547002,,Data Not Available,Missing Core Data,Missing Social Data
MLI,Mali,2019,Sub-Saharan Africa,Low income,20477421884.5414,1.87829272937594,3.00001001358032,475638185.672011,2.75271658139503,4.72930002212524,0.352462649345398,0.973141729831696,0.234981521964073,0.377534449100494,0.169667050242424,0.0621462762355804,2.55933523178101,42.6912719909,20.4774218845414,0.0204774218845414,0.2472934321852902,Education-Focused,Complete Core Data,Complete Social Data
MLT,Malta,2019,"Middle East, North Africa, Afghanistan & Pakistan",High income,16337793530.7322,-0.0478838227421505,4.79941987991333,80267577.2503359,0.491258185670287,6.77279996871948,1.2525132894516,1.44295692443848,0.97204202413559,0.633239030838013,0.341180831193924,0.178864076733589,1.95201206207275,75.0700350931,16.3377935307322,0.0163377935307322,4.308161694243043,Education-Focused,Complete Core Data,Complete Social Data
MMR,Myanmar,2019,East Asia & Pacific,Lower middle income,75065106243.3578,5.83309474734135,1.99976003170013,1532077146.00976,2.18974000019248,4.30800008773804,0.678090929985046,1.09817826747894,0.495443075895309,0.597478866577148,0.56981372833252,0.187530353665352,0.681462526321411,46.2702951792,75.0651062433578,0.0750651062433578,-0.18997996849234977,Military-Focused,Complete Core Data,Complete Social Data
MNE,Montenegro,2019,Europe & Central Asia,Upper middle income,5483476883.4658,4.34144828521134,,73962158.5311241,1.33441196432034,5.54610013961792,1.0101500749588,1.26565790176392,0.839028894901276,0.303223848342896,0.149010330438614,0.0984351113438606,1.88056588172913,63.1102337553,5.4834768834658005,0.005483476883465801,,Data Not Available,Missing Core Data,Missing Social Data
MNG,Mongolia,2019,East Asia & Pacific,Upper middle income,14206359017.5143,3.67988421239794,,93980480.3368221,0.661538119118052,5.45620012283325,0.90487277507782,1.45893061161041,0.615788161754608,0.355703115463257,0.263885736465454,0.0465331263840199,1.81052756309509,56.0557215686,14.2063590175143,0.014206359017514299,,Data Not Available,Missing Core Data,Missing Social Data
MNP,Northern Mariana Islands,2019,East Asia & Pacific,High income,1179000000.0,-9.70326849241671,,,,,,,,,,,,,1.179,0.001179,,Data Not Available,Missing Core Data,Missing Social Data
MOZ,Mozambique,2019,Sub-Saharan Africa,Low income,15512759046.672,-0.646283515954551,5.99969523584354,217451322.290032,1.38807982041907,4.62360000610352,0.178741365671158,0.955202877521515,0.324223637580872,0.560775339603424,0.220422104001045,0.163064315915108,2.22121620178223,43.0606367276,15.512759046672,0.015512759046672,4.61161541542447,Education-Focused,Complete Core Data,Complete Social Data
MRT,Mauritania,2019,Sub-Saharan Africa,Lower middle income,7894764885.82312,0.139308524548838,1.82317996025085,162397954.976499,1.99633301217738,4.37459993362427,0.539684891700745,1.11332356929779,0.425184816122055,0.185714483261108,0.128899663686752,0.122257634997368,1.85955739021301,38.8994882089,7.89476488582312,0.00789476488582312,-0.17315305192652986,Military-Focused,Complete Core Data,Complete Social Data
MUS,Mauritius,2019,Sub-Saharan Africa,Upper middle income,14645235204.6176,2.85812532389771,4.54195022583008,22131218.9596584,0.148796738188038,6.10129976272583,1.07366394996643,1.39566683769226,0.763389408588409,0.590838134288788,0.186894550919533,0.0840882286429405,2.00672054290771,65.7341475302,14.645235204617599,0.0146452352046176,4.393153487642042,Education-Focused,Complete Core Data,Complete Social Data
MWI,Malawi,2019,Sub-Saharan Africa,Low income,11051852712.6142,2.9515101541935,,85181934.9548313,0.760781549256416,3.53800010681152,0.176534727215767,0.530368089675903,0.446163296699524,0.487389832735062,0.213185057044029,0.131633952260017,1.55271828174591,47.6178328433,11.0518527126142,0.011051852712614201,,Data Not Available,Missing Core Data,Missing Social Data
MYS,Malaysia,2019,East Asia & Pacific,Upper middle income,365177721021.516,2.75950122381441,4.15775012969971,3265281468.95385,0.893413280938052,5.38430023193359,1.168421626091,1.17400228977203,0.788511872291565,0.596941530704498,0.274886161088943,0.062163133174181,1.31942081451416,65.55080852,365.177721021516,0.36517772102151597,3.2643368487616575,Education-Focused,Complete Core Data,Complete Social Data
NAM,Namibia,2019,Sub-Saharan Africa,Lower middle income,12541928303.48,-3.57649160039189,9.32253195522987,414059489.986834,3.29742631401913,4.57110023498535,0.840081989765167,1.24573814868927,0.406871169805527,0.444598972797394,0.0764544829726219,0.0543203428387642,1.50303316116333,57.0107525571,12.541928303479999,0.012541928303479999,6.0251056412107395,Education-Focused,Complete Core Data,Complete Social Data
NCL,New Caledonia,2019,East Asia & Pacific,High income,9475655324.59495,-1.42259825250524,,,,,,,,,,,,,9.47565532459495,0.00947565532459495,,Data Not Available,Missing Core Data,Missing Social Data
NER,Niger,2019,Sub-Saharan Africa,Low income,12889555561.2299,2.43270218960372,3.53358621816013,247632082.845528,1.91733600650351,4.90959978103638,0.108330331742764,0.703800141811371,0.298816353082657,0.435311615467072,0.208176895976067,0.13755476474762,3.0176305770874,41.7643965356,12.8895555612299,0.0128895555612299,1.61625021165662,Education-Focused,Complete Core Data,Complete Social Data
NGA,Nigeria,2019,Sub-Saharan Africa,Lower middle income,668219992691.462,-0.0100047593980293,0.358479005206684,1860260429.56134,0.459170524387093,4.72410011291504,0.64590185880661,0.986717939376831,0.167835935950279,0.435079455375671,0.221328124403954,0.047589935362339,2.21963548660278,42.7370901055,668.219992691462,0.668219992691462,-0.10069151918040897,Military-Focused,Complete Core Data,Complete Social Data
NIC,Nicaragua,2019,Latin America & Caribbean,Lower middle income,12699023614.245,-4.14856907147293,4.59991969121332,76931506.8493151,0.605020089397565,6.13710021972656,0.620033144950867,1.27081274986267,0.803093254566193,0.560117304325104,0.212871477007866,0.174084573984146,2.49608111381531,53.0804095739,12.699023614245,0.012699023614245,3.994899601815755,Education-Focused,Complete Core Data,Complete Social Data
NLD,Netherlands,2019,Europe & Central Asia,High income,928903005576.469,1.63214291771632,5.0559401512146,12000671742.0511,1.29180842332848,7.44890022277832,1.33894634246826,1.46364593505859,0.975675344467163,0.613626480102539,0.33631756901741,0.368569761514664,2.35211706161499,82.3616777372,928.903005576469,0.928903005576469,3.7641317278861197,Education-Focused,Complete Core Data,Complete Social Data
NOR,Norway,2019,Europe & Central Asia,High income,408742840909.091,0.44339856309783,7.86455011367798,7542135789.83282,1.84373537818427,7.48799991607666,1.42420732975006,1.49517250061035,1.00807189941406,0.670200884342194,0.28798508644104,0.434100568294525,2.16826629638672,83.5927842464,408.742840909091,0.408742840909091,6.02081473549371,Education-Focused,Complete Core Data,Complete Social Data
NPL,Nepal,2019,South Asia,Lower middle income,34186180699.0255,5.40192160337148,3.89212886881753,428696895.057622,1.23581135255825,5.13719987869263,0.444050371646881,1.10078930854797,0.668879389762878,0.480608254671097,0.300971806049347,0.127502962946892,2.01438689231873,50.7524795021,34.1861806990255,0.0341861806990255,2.6563175162592803,Education-Focused,Complete Core Data,Complete Social Data
NRU,Nauru,2019,East Asia & Pacific,High income,125160115.547819,7.51652861776262,5.71828171428571,,,,,,,,,,,,0.125160115547819,0.000125160115547819,,Data Not Available,Missing Core Data,Missing Social Data
NZL,New Zealand,2019,East Asia & Pacific,High income,213006341101.869,0.882643007578949,5.1741099357605,2726151285.43177,1.29326329516102,7.29960012435913,1.24231791496277,1.48721837997437,1.00813829898834,0.646789908409119,0.325726211071014,0.461268275976181,2.12810802459717,81.4209779463,213.006341101869,0.213006341101869,3.88084664059948,Education-Focused,Complete Core Data,Complete Social Data
OMN,Oman,2019,"Middle East, North Africa, Afghanistan & Pakistan",High income,88060858257.4772,-0.985733221362153,5.06363010406494,6551040312.09363,7.43921190765759,,,,,,,,,59.4691418043,88.06085825747721,0.0880608582574772,-2.3755818035926506,Military-Focused,Complete Core Data,Missing Social Data
PAK,Pakistan,2019,"Middle East, North Africa, Afghanistan & Pakistan",Lower middle income,320909472770.669,0.778096107046181,2.21492004394531,10223117331.0075,3.50584031595126,5.69329977035522,0.616799473762512,0.872979581356049,0.469933241605759,0.405421733856201,0.228705063462257,0.122592121362686,2.97687673568726,43.4018444147,320.909472770669,0.320909472770669,-1.29092027200595,Military-Focused,Complete Core Data,Complete Social Data
PAN,Panama,2019,Latin America & Caribbean,High income,69778991192.5571,1.47570139893878,3.28122011579173,0.0,,6.30480003356934,1.09766781330109,1.37614929676056,0.878546535968781,0.579849779605865,0.0972073078155518,0.0542305260896683,2.22117614746094,64.8400420845,69.7789911925571,0.0697789911925571,,Data Not Available,Missing Core Data,Complete Social Data
PER,Peru,2019,Latin America & Caribbean,Upper middle income,228346006003.648,0.502286291227506,3.822429895401,2766847335.14002,1.20589146228792,5.79680013656616,0.918549180030823,1.2084059715271,0.824444174766541,0.51321005821228,0.0916118174791336,0.0270326603204012,2.21349954605103,60.8192717444,228.346006003648,0.22834600600364802,2.61653843311308,Education-Focused,Complete Core Data,Complete Social Data
PHL,Philippines,2019,East Asia & Pacific,Lower middle income,376823402239.136,4.83577546655691,3.40748649142134,4268129892.72253,1.13133132483668,6.00600004196167,0.775120675563812,1.24538171291351,0.602189481258392,0.62191516160965,0.129260212182999,0.130385726690292,2.50174188613892,57.2761903953,376.823402239136,0.37682340223913596,2.27615516658466,Education-Focused,Complete Core Data,Complete Social Data
PLW,Palau,2019,East Asia & Pacific,High income,282041290.283203,-0.272456364116394,,,,,,,,,,,,,0.282041290283203,0.000282041290283203,,Data Not Available,Missing Core Data,Missing Social Data
PNG,Papua New Guinea,2019,East Asia & Pacific,Lower middle income,24750626029.8777,2.14824964998061,0.761761143914634,91734539.9698341,0.362698688154268,,,,,,,,,46.7921180739,24.7506260298777,0.024750626029877702,0.39906245576036603,Education-Focused,Complete Core Data,Missing Social Data
POL,Poland,2019,Europe & Central Asia,High income,602683770144.88,4.60600727341085,4.62736988067627,11786153846.1538,1.95338318505019,6.1862998008728,1.16922914981842,1.31039977073669,0.868038475513458,0.557903528213501,0.0633742436766624,0.160541251301765,2.05679798126221,69.4553281282,602.68377014488,0.6026837701448801,2.6739866956260805,Education-Focused,Complete Core Data,Complete Social Data
PRI,Puerto Rico (US),2019,Latin America & Caribbean,High income,105126400000.0,1.30600530158883,3.32791002069889,,,,,,,,,,,,105.1264,0.1051264,,Data Not Available,Missing Core Data,Missing Social Data
PRK,"Korea, Dem. People's Rep.",2019,East Asia & Pacific,Low income,,,,,,,,,,,,,,,,,,Data Not Available,Missing Core Data,Missing Social Data
PRT,Portugal,2019,Europe & Central Asia,High income,240115970063.019,2.72130207848775,4.6275200843811,3299373040.75235,1.37395750042211,5.9109001159668,1.16880083084106,1.33953034877777,0.979315280914307,0.589895188808441,0.0530369468033314,0.0277334656566381,1.75255870819092,74.5731257322,240.115970063019,0.24011597006301902,3.25356258395899,Education-Focused,Complete Core Data,Complete Social Data
PRY,Paraguay,2019,Latin America & Caribbean,Upper middle income,37925338329.156,-1.74219112721019,3.48983027194334,375779511.383923,0.973840384070445,5.69210004806519,0.897990822792053,1.36819756031036,0.735869646072388,0.586510062217712,0.204299241304398,0.0650773793458939,1.83412528038025,58.3446931096,37.925338329156,0.037925338329156,2.5159898878728946,Education-Focused,Complete Core Data,Complete Social Data
PSE,West Bank and Gaza,2019,"Middle East, North Africa, Afghanistan & Pakistan",Lower middle income,17133500000.0,-1.15161366535136,,,,,,,,,,,,,17.1335,0.0171335,,Data Not Available,Missing Core Data,Missing Social Data
PYF,French Polynesia,2019,East Asia & Pacific,High income,6022276196.13871,2.97688844901971,,,,,,,,,,,,,6.02227619613871,0.00602227619613871,,Data Not Available,Missing Core Data,Missing Social Data
QAT,Qatar,2019,"Middle East, North Africa, Afghanistan & Pakistan",High income,176371428571.429,-1.52202223094245,2.80378007888794,,,,,,,,,,,64.966214445,176.371428571429,0.17637142857142898,,Data Not Available,Missing Core Data,Missing Social Data
ROU,Romania,2019,Europe & Central Asia,High income,250080428511.595,4.50941296110349,3.55761003494263,4613040396.88164,1.83079024096076,6.12370014190674,1.12040162086487,1.19443809986115,0.792294859886169,0.53485232591629,0.0681816190481186,0.00082956883125,2.41274976730347,65.841137776,250.080428511595,0.250080428511595,1.7268197939818701,Education-Focused,Complete Core Data,Complete Social Data
RUS,Russia,2019,Europe & Central Asia,High income,1693115002708.32,2.14202624717367,3.69561429198336,65201335848.3565,3.86033750437073,5.5460000038147,1.12699961662292,1.37864410877228,0.680445909500122,0.399499595165253,0.0990419164299965,0.0456993617117405,1.81571674346924,57.2606505962,1693.1150027083202,1.6931150027083202,-0.16472321238736987,Military-Focused,Complete Core Data,Complete Social Data
RWA,Rwanda,2019,Sub-Saharan Africa,Low income,10349300276.7623,6.97929630145144,3.23821222605582,124073352.626892,1.19793121977431,3.31229996681213,0.343242675065994,0.52287632226944,0.572383284568787,0.604087889194489,0.235704988241196,0.485542476177216,0.548444986343384,51.1976780232,10.3493002767623,0.010349300276762301,2.04028100628151,Education-Focused,Complete Core Data,Complete Social Data
SAU,Saudi Arabia,2019,"Middle East, North Africa, Afghanistan & Pakistan",High income,888890133333.333,2.09953683085793,,65362666666.6667,7.79458844216861,6.4064998626709,1.33432853221893,1.30995011329651,0.759818136692047,0.548477470874786,0.0874406844377518,0.163322314620018,2.20311880111694,56.9105705612,888.890133333333,0.888890133333333,,Data Not Available,Missing Core Data,Missing Social Data
SDN,Sudan,2019,Sub-Saharan Africa,Low income,32338079165.2893,-5.00795943799888,,722256177.420763,1.62906799271331,,,,,,,,,36.8634962885,32.3380791652893,0.0323380791652893,,Data Not Available,Missing Core Data,Missing Social Data
SEN,Senegal,2019,Sub-Saharan Africa,Lower middle income,23403995992.1354,1.80892290260792,5.03525018692017,356820796.02975,1.52473710605653,4.98080015182495,0.504061818122864,0.954593420028687,0.518391907215118,0.352400898933411,0.16439713537693,0.0818659365177155,2.4051239490509,52.6436662938,23.4039959921354,0.0234039959921354,3.51051308086364,Education-Focused,Complete Core Data,Complete Social Data
SGP,Singapore,2019,East Asia & Pacific,High income,376161998830.048,0.15539750940367,2.72783994674683,10402584310.8504,2.75970653894344,6.37709999084473,1.51958012580872,1.39545691013336,1.13781428337097,0.635317206382751,0.218770906329155,0.533162236213684,0.937031745910645,77.8288067003,376.161998830048,0.37616199883004797,-0.03186659219660992,Military-Focused,Complete Core Data,Complete Social Data
SLB,Solomon Islands,2019,East Asia & Pacific,Lower middle income,1619150563.92084,-0.912183037350545,,,,,,,,,,,,,1.6191505639208401,0.0016191505639208401,,Data Not Available,Missing Core Data,Missing Social Data
SLE,Sierra Leone,2019,Sub-Saharan Africa,Low income,6523577594.29408,3.08171137743476,4.65177011489868,24557746.8422701,0.37632567182809,3.92639994621277,0.240560382604599,0.747984945774078,0.203953966498375,0.382027685642242,0.257647007703781,0.0479409359395504,2.04627180099487,43.0484502492,6.52357759429408,0.00652357759429408,4.27544444307059,Education-Focused,Complete Core Data,Complete Social Data
SLV,El Salvador,2019,Latin America & Caribbean,Upper middle income,26881140000.0,2.39613321946494,3.38710999488831,317200000.0,1.18000962074512,6.34829998016357,0.748940408229828,1.14939761161804,0.752730011940002,0.524043917655945,0.11893630027771,0.11703035235405,2.93719172477722,55.1057089753,26.88114,0.02688114,2.20710037414319,Education-Focused,Complete Core Data,Complete Social Data
SMR,San Marino,2019,Europe & Central Asia,High income,1616340692.28937,1.6505086881123,3.37969994544983,,,,,,,,,,,,1.6163406922893702,0.0016163406922893701,,Data Not Available,Missing Core Data,Missing Social Data
SOM,"Somalia, Fed. Rep.",2019,Sub-Saharan Africa,Low income,8656000000.0,-0.909258009902032,5.73281247182e-06,71720000.0,0.828653957250144,,,,,,,,,34.7073595174,8.656,0.008656,-0.8286482244376722,Military-Focused,Complete Core Data,Missing Social Data
SRB,Serbia,2019,Europe & Central Asia,Upper middle income,53864693664.5568,5.31381889246718,3.45865988731384,1178580562.87301,2.18222737795041,5.77820014953613,0.988181829452515,1.32744896411896,0.828403294086456,0.395428419113159,0.150282889604568,0.0594471469521523,2.02904009819031,61.9666229532,53.8646936645568,0.053864693664556804,1.27643250936343,Education-Focused,Complete Core Data,Complete Social Data
SSD,South Sudan,2019,Sub-Saharan Africa,Low income,,,,186498925.22647,3.80125272262975,2.81660008430481,0.28908297419548,0.553278505802155,0.208809033036232,0.0656092539429665,0.20993460714817,0.111156798899174,1.37875127792358,29.434387379,,,,Data Not Available,Missing Core Data,Missing Social Data
STP,Sao Tome and Principe,2019,Sub-Saharan Africa,Lower middle income,412976082.620705,0.482132360625684,6.10573891896978,,,,,,,,,,,56.6116894041,0.412976082620705,0.000412976082620705,,Data Not Available,Missing Core Data,Missing Social Data
SUR,Suriname,2019,Latin America & Caribbean,Upper middle income,4016040575.08796,0.12296002295291,6.77857289012664,,,,,,,,,,,58.6423979589,4.01604057508796,0.00401604057508796,,Data Not Available,Missing Core Data,Missing Social Data
SVK,Slovak Republic,2019,Europe & Central Asia,High income,105843498304.094,2.13758470717096,4.26779985427856,1802507836.9906,1.702848063096,,,,,,,,,70.1162231108,105.843498304094,0.105843498304094,2.56495179118256,Education-Focused,Complete Core Data,Missing Social Data
SVN,Slovenia,2019,Europe & Central Asia,High income,53909922735.545,2.78704541391961,4.93479013442993,572884012.539185,1.06257823971417,6.36339998245239,1.20865249633789,1.46467769145966,0.932548046112061,0.646700143814087,0.145701497793198,0.0765163227915764,1.88858652114868,74.2460125028,53.909922735544995,0.053909922735545,3.8722118947157598,Education-Focused,Complete Core Data,Complete Social Data
SWE,Sweden,2019,Europe & Central Asia,High income,530894124494.418,1.57332206499805,7.66307020187378,5839555790.58699,1.09692312001944,7.35349988937378,1.32223522663116,1.43334770202637,0.986470460891724,0.650297701358795,0.27282789349556,0.442066371440887,2.24629926681519,83.291434419,530.8941244944181,0.5308941244944181,6.56614708185434,Education-Focused,Complete Core Data,Complete Social Data
SWZ,Eswatini,2019,Sub-Saharan Africa,Lower middle income,4617018958.69086,5.4445627805287,5.69914824136892,86532285.9713475,1.89047734248605,,,,,,,,,45.6354621408,4.61701895869086,0.00461701895869086,3.8086708988828697,Education-Focused,Complete Core Data,Missing Social Data
SXM,Sint Maarten (Dutch part),2019,Latin America & Caribbean,High income,1407880446.92737,9.11581322620327,,,,,,,,,,,,,1.40788044692737,0.0014078804469273701,,Data Not Available,Missing Core Data,Missing Social Data
SYC,Seychelles,2019,Sub-Saharan Africa,High income,1868690096.73454,4.58155113586345,3.5588555711461,23496255.1154351,1.1603964906236,,,,,,,,,63.6163940172,1.86869009673454,0.00186869009673454,2.3984590805225,Education-Focused,Complete Core Data,Missing Social Data
SYR,Syrian Arab Republic,2019,"Middle East, North Africa, Afghanistan & Pakistan",Low income,22583045060.0821,-2.63689452644155,,,,,,,,,,,,36.8193724977,22.5830450600821,0.0225830450600821,,Data Not Available,Missing Core Data,Missing Social Data
TCA,Turks and Caicos Islands,2019,Latin America & Caribbean,High income,1371838000.0,1.07340727929571,2.12170004844665,,,,,,,,,,,,1.371838,0.001371838,,Data Not Available,Missing Core Data,Missing Social Data
TCD,Chad,2019,Sub-Saharan Africa,Low income,14905517742.8454,2.04363651475524,2.37245795383591,234709654.958205,1.57360148213511,4.42269992828369,0.302287489175797,0.739118278026581,0.108744099736214,0.228601768612862,0.210805088281631,0.0857554078102112,2.74742650985718,34.6328949983,14.905517742845399,0.0149055177428454,0.7988564717008,Education-Focused,Complete Core Data,Complete Social Data
TGO,Togo,2019,Sub-Saharan Africa,Low income,6992654019.28876,2.39010092347198,4.20164196626882,170566832.435089,2.36248167773665,4.18720006942749,0.268116265535355,0.547622859477997,0.342731177806854,0.303539037704468,0.200774252414703,0.114826455712318,2.40959525108337,43.7713498026,6.99265401928876,0.00699265401928876,1.8391602885321698,Education-Focused,Complete Core Data,Complete Social Data
THA,Thailand,2019,East Asia & Pacific,Upper middle income,543976691793.886,1.90583495758329,3.02221411183282,7091211579.58571,1.32729814008386,5.9987998008728,1.00702929496765,1.34751951694489,0.793855845928192,0.609449803829193,0.376709014177322,0.0318378619849682,1.83238410949707,60.0309884509,543.976691793886,0.543976691793886,1.69491597174896,Education-Focused,Complete Core Data,Complete Social Data
TJK,Tajikistan,2019,Europe & Central Asia,Lower middle income,8300813599.3084,4.89098971791482,5.48427628435415,82768391.2267814,0.996966249525976,5.55569982528687,0.47487461566925,1.21837770938873,0.680594801902771,0.521141171455383,0.182417124509811,0.22177991271019,2.25650835037231,50.0258085442,8.3008135993084,0.0083008135993084,4.487310034828174,Education-Focused,Complete Core Data,Complete Social Data
TKM,Turkmenistan,2019,Europe & Central Asia,Upper middle income,40810067974.509,3.98119112698603,3.12054991722107,,,5.11910009384155,1.0089635848999,1.51047694683075,0.612448036670685,0.515236675739288,0.323129326105118,0.0335038900375366,1.11533737182617,50.1044615236,40.810067974509,0.040810067974509,,Data Not Available,Missing Core Data,Complete Social Data
TLS,Timor-Leste,2019,East Asia & Pacific,Lower middle income,2032550389.41316,21.8272415651768,4.17968913742937,34400000.0,1.69208066896212,,,,,,,,,,2.03255038941316,0.0020325503894131603,2.4876084684672497,Education-Focused,Complete Core Data,Missing Social Data
TON,Tonga,2019,East Asia & Pacific,Upper middle income,506031238.979937,-0.381461325779526,4.86170396202671,,,,,,,,,,,,0.5060312389799371,0.0005060312389799371,,Data Not Available,Missing Core Data,Missing Social Data
TTO,Trinidad and Tobago,2019,Latin America & Caribbean,High income,23477745791.6977,0.114767755861862,3.55386116245268,172525849.335303,0.733109759963043,6.19189977645874,1.16764152050018,1.40732622146606,0.658828556537628,0.552931129932404,0.199358254671097,0.0150783956050873,2.19069576263428,62.1879049331,23.4777457916977,0.0234777457916977,2.820751402489637,Education-Focused,Complete Core Data,Complete Social Data
TUN,Tunisia,2019,"Middle East, North Africa, Afghanistan & Pakistan",Lower middle income,41905642418.825,0.613127731689971,6.17373240410185,1000922131.14754,2.38327777746153,4.39219999313354,0.874742686748505,0.872167706489563,0.781156718730927,0.235860556364059,0.055881142616272,0.0438995733857155,1.52849674224854,54.3058441873,41.905642418824996,0.041905642418824995,3.79045462664032,Education-Focused,Complete Core Data,Complete Social Data
TUR,Turkiye,2019,Europe & Central Asia,Upper middle income,775853144222.613,-0.136378469205951,4.44776010513306,20436917121.2388,2.68985897943633,5.13180017471313,1.12716925144196,1.19715917110443,0.781335294246674,0.254400759935379,0.0858855694532394,0.120983242988586,1.56481671333313,55.4739891985,775.8531442226131,0.7758531442226131,1.7579011256967303,Education-Focused,Complete Core Data,Complete Social Data
TUV,Tuvalu,2019,East Asia & Pacific,Upper middle income,54123198.5662913,15.650825095542,,,,,,,,,,,,,0.0541231985662913,5.41231985662913e-05,,Data Not Available,Missing Core Data,Missing Social Data
TZA,Tanzania,2019,Sub-Saharan Africa,Lower middle income,61026731925.9213,2.71005881950599,3.59683638888648,618943445.56818,1.06113270582911,3.47620010375977,0.457163125276566,0.872674643993378,0.442677855491638,0.509343087673187,0.271540910005569,0.203880861401558,0.718963384628296,48.4839019054,61.026731925921304,0.061026731925921306,2.53570368305737,Education-Focused,Complete Core Data,Complete Social Data
UGA,Uganda,2019,Sub-Saharan Africa,Low income,35353061003.4359,2.88958690241905,2.30828081242322,647606606.9308,1.71775245377408,4.43200016021729,0.312337428331375,1.05232739448547,0.378311663866043,0.401682555675507,0.264807373285294,0.0638188421726227,1.95867109298706,45.9758174158,35.3530610034359,0.035353061003435896,0.5905283586491401,Education-Focused,Complete Core Data,Complete Social Data
UKR,Ukraine,2019,Europe & Central Asia,Upper middle income,153883047509.577,3.87284698333255,5.44129991531372,6262432160.71221,4.06793765037597,4.56069993972778,0.780434608459473,1.3213164806366,0.698674380779266,0.319423705339432,0.178551316261292,0.0096511598676443,1.25266933441162,54.3082821364,153.88304750957698,0.153883047509577,1.3733622649377502,Education-Focused,Complete Core Data,Complete Social Data
URY,Uruguay,2019,Latin America & Caribbean,High income,62222313618.8454,0.848968097010115,4.62834978103638,1154916148.80395,2.0057166464094,6.44010019302368,1.07100045681,1.42508113384247,0.856928884983063,0.594267070293427,0.132143691182137,0.193425074219704,2.16727638244629,68.9389056768,62.2223136188454,0.0622223136188454,2.62263313462698,Education-Focused,Complete Core Data,Complete Social Data
USA,United States,2019,North America,High income,21380976119000.0,2.05676590328193,4.95746994018555,734344100000.0,3.40921408383721,6.93959999084473,1.37398684024811,1.40478670597076,0.831618010997772,0.534608244895935,0.298143059015274,0.152284741401672,2.34412479400635,78.083482531,21380.976119,21.380976119,1.5482558563483404,Education-Focused,Complete Core Data,Complete Social Data
UZB,Uzbekistan,2019,Europe & Central Asia,Lower middle income,67293639798.3996,4.86486140745366,6.29534678547216,,,6.25759983062744,0.696652948856354,1.43402004241943,0.716703712940216,0.693270325660706,0.363311022520065,0.280260264873505,2.07334661483765,52.0200825416,67.2936397983996,0.0672936397983996,,Data Not Available,Missing Core Data,Complete Social Data
VCT,St. Vincent and the Grenadines,2019,Latin America & Caribbean,Upper middle income,910481481.481481,1.40193657114291,,,,,,,,,,,,,0.910481481481481,0.000910481481481481,,Data Not Available,Missing Core Data,Missing Social Data
VEN,"Venezuela, RB",2019,,,73014084091.3,-25.4843294022527,,4112702.17652861,1.79230375763991,,,,,,,,,44.9949170698,73.0140840913,0.0730140840913,,Data Not Available,Missing Core Data,Missing Social Data
VGB,British Virgin Islands,2019,Latin America & Caribbean,High income,,,2.500967871937,,,,,,,,,,,,,,,Data Not Available,Missing Core Data,Missing Social Data
VIR,Virgin Islands (U.S.),2019,Latin America & Caribbean,High income,4121000000.0,3.22863068505148,,,,,,,,,,,,,4.121,0.004121,,Data Not Available,Missing Core Data,Missing Social Data
VNM,Viet Nam,2019,East Asia & Pacific,Lower middle income,334365270496.667,6.32464886581907,3.08499832693462,,,5.35349988937378,0.718092381954193,1.25307476520538,0.819133996963501,0.650835573673248,0.136488720774651,0.0898484587669373,1.68597793579102,56.9337100144,334.365270496667,0.334365270496667,,Data Not Available,Missing Core Data,Complete Social Data
VUT,Vanuatu,2019,East Asia & Pacific,Lower middle income,936526267.622513,0.86298251414631,1.77407002449036,,,,,,,,,,,,0.936526267622513,0.000936526267622513,,Data Not Available,Missing Core Data,Missing Social Data
WSM,Samoa,2019,East Asia & Pacific,Upper middle income,912950466.064906,3.35744960284687,4.58404753905646,,,,,,,,,,,,0.912950466064906,0.000912950466064906,,Data Not Available,Missing Core Data,Missing Social Data
XKX,Kosovo,2019,Europe & Central Asia,Upper middle income,7899741278.75198,5.23669676312298,,65705329.153605,0.831725992996201,6.32520008087158,0.840481340885162,1.18396282196045,0.672709167003632,0.557280421257019,0.325286865234375,0.0085590239614248,2.73690271377563,,7.899741278751979,0.00789974127875198,,Data Not Available,Missing Core Data,Missing Social Data
YEM,"Yemen, Rep.",2019,"Middle East, North Africa, Afghanistan & Pakistan",Low income,,,,,,3.52740001678467,0.392701774835587,1.17747712135315,0.415000170469284,0.243721485137939,0.0946890115737915,0.0873521268367767,1.11647272109985,32.7418971862,,,,Data Not Available,Missing Core Data,Missing Social Data
ZAF,South Africa,2019,Sub-Saharan Africa,Upper middle income,389330032224.269,-1.3803610544763,5.91159009933472,3435429787.52855,0.882430271670915,4.81409978866577,0.902140438556671,1.25908625125885,0.407034069299698,0.434781819581985,0.126406848430634,0.0595021396875381,1.62511730194092,57.7911440383,389.33003222426896,0.389330032224269,5.029159827663805,Education-Focused,Complete Core Data,Complete Social Data
ZMB,Zambia,2019,Sub-Saharan Africa,Lower middle income,23308667781.2258,-1.51894951073589,4.4182401844799,292072462.646125,1.25568409370479,3.75939989089966,0.536833763122559,0.89603728055954,0.363593339920044,0.491317540407181,0.250620901584625,0.0867052376270294,1.13433933258057,48.7702738309,23.3086677812258,0.0233086677812258,3.1625560907751096,Education-Focused,Complete Core Data,Complete Social Data
ZWE,Zimbabwe,2019,Sub-Saharan Africa,Lower middle income,33357695635.1284,-7.78558358121073,,546939000.0,0.653123880490076,3.2992000579834,0.425564020872116,1.04783523082733,0.375037610530853,0.377404719591141,0.151349186897278,0.0809285789728165,0.841031074523926,44.649906002,33.3576956351284,0.0333576956351284,,Data Not Available,Missing Core Data,Missing Social Data
ABW,Aruba,2020,Latin America & Caribbean,High income,2471419181.71957,-23.4662729790643,,,,,,,,,,,,,2.47141918171957,0.0024714191817195703,,Data Not Available,Missing Core Data,Missing Social Data
AFE,Africa Eastern and Southern,2020,,,938607563405.087,-5.40593357050348,4.0905654220699,11443761587.0642,1.15816553367555,,,,,,,,,,938.607563405087,0.938607563405087,2.9323998883943494,Education-Focused,Complete Core Data,Missing Social Data
AFG,Afghanistan,2020,"Middle East, North Africa, Afghanistan & Pakistan",Low income,19955929052.1496,-5.38251464221077,,279576954.925193,1.35885692738929,2.523,0.37,0.0,0.126,0.0,0.122,0.01,1.895,34.580001157,19.9559290521496,0.0199559290521496,,Data Not Available,Missing Core Data,Missing Social Data
AFW,Africa Western and Central,2020,,,963784699293.976,-6.00341571014458,3.3367600440979,7196957645.04129,0.884575534810036,,,,,,,,,,963.7846992939759,0.9637846992939759,2.452184509287864,Education-Focused,Complete Core Data,Missing Social Data
AGO,Angola,2020,Sub-Saharan Africa,Lower middle income,58852456453.8769,-7.1276148271679,2.66744733689285,993594404.625879,1.81042916830117,,,,,,,,,39.972928972,58.8524564538769,0.0588524564538769,0.8570181685916802,Education-Focused,Complete Core Data,Missing Social Data
ALB,Albania,2020,Europe & Central Asia,Upper middle income,15241458744.5927,-1.81016536329729,3.32505011558533,196596308.984418,1.29583570269739,5.117,1.008,0.529,0.646,0.491,0.168,0.024,2.25,59.9288082267,15.241458744592698,0.0152414587445927,2.02921441288794,Education-Focused,Complete Core Data,Complete Social Data
AND,Andorra,2020,Europe & Central Asia,High income,2891002460.29153,-12.2238384935431,2.63213046553066,,,,,,,,,,,,2.89100246029153,0.0028910024602915303,,Data Not Available,Missing Core Data,Missing Social Data
ARE,United Arab Emirates,2020,"Middle East, North Africa, Afghanistan & Pakistan",High income,357161878829.135,-8.258825738052,3.98417997360229,,,6.561,1.555,0.86,0.594,0.67,0.236,0.223,2.422,66.4878367945,357.161878829135,0.357161878829135,,Data Not Available,Missing Core Data,Complete Social Data
ARG,Argentina,2020,Latin America & Caribbean,Upper middle income,385740508436.965,-10.3361096878518,5.27689981460571,2830929705.21542,0.734111593948744,5.929,1.162,0.98,0.646,0.544,0.069,0.067,2.461,61.5510688964,385.740508436965,0.385740508436965,4.542788220656966,Education-Focused,Complete Core Data,Complete Social Data
ARM,Armenia,2020,Europe & Central Asia,Upper middle income,12641698583.2152,-7.16866452731679,2.70555996894836,633960400.11526,4.98254372367497,5.283,0.996,0.758,0.585,0.54,0.079,0.198,2.127,61.0381626087,12.6416985832152,0.0126416985832152,-2.2769837547266105,Military-Focused,Complete Core Data,Complete Social Data
ASM,American Samoa,2020,East Asia & Pacific,High income,721000000.0,5.3517874262504,,,,,,,,,,,,,0.721,0.000721,,Data Not Available,Missing Core Data,Missing Social Data
ATG,Antigua and Barbuda,2020,Latin America & Caribbean,High income,1411637037.03704,-19.2945462845167,3.0051830460864,,,,,,,,,,,,1.41163703703704,0.00141163703703704,,Data Not Available,Missing Core Data,Missing Social Data
AUS,Australia,2020,East Asia & Pacific,High income,1333336461648.09,-1.35774770320791,5.38625001907349,27300894700.6194,2.00738622102391,7.183,1.453,1.076,0.801,0.647,0.291,0.317,2.598,79.0488114705,1333.33646164809,1.33333646164809,3.3788637980495797,Education-Focused,Complete Core Data,Complete Social Data
AUT,Austria,2020,Europe & Central Asia,High income,434397601557.696,-6.70639361073974,5.57961988449097,3840077510.54371,0.885811629497475,7.268,1.492,1.062,0.782,0.64,0.215,0.292,2.784,79.9408354101,434.39760155769596,0.43439760155769597,4.693808254993495,Education-Focused,Complete Core Data,Complete Social Data
AZE,Azerbaijan,2020,Europe & Central Asia,Upper middle income,42693000000.0,-4.85235140794201,4.33204984664917,2237764705.88235,5.24152602506817,5.171,1.025,0.841,0.541,0.526,0.043,0.276,1.919,55.6974543711,42.693,0.042693,-0.9094761784190002,Military-Focused,Complete Core Data,Complete Social Data
BDI,Burundi,2020,Sub-Saharan Africa,Low income,3227847281.31544,-2.56910007625271,5.32158506838731,67474092.716297,2.18591328366483,3.775,0.0,0.062,0.155,0.298,0.172,0.212,2.876,38.1213718075,3.22784728131544,0.0032278472813154404,3.1356717847224798,Education-Focused,Complete Core Data,Complete Social Data
BEL,Belgium,2020,Europe & Central Asia,High income,529694473501.791,-5.20244011003201,6.75470018386841,5317451270.94495,1.00592796693225,6.834,1.463,0.998,0.747,0.489,0.088,0.187,2.862,77.0326673789,529.694473501791,0.529694473501791,5.74877221693616,Education-Focused,Complete Core Data,Complete Social Data
BEN,Benin,2020,Sub-Saharan Africa,Lower middle income,15686741883.934,1.12020264806804,2.89898431911618,71817818.4788086,0.458762015150415,5.045,0.507,0.058,0.196,0.457,0.166,0.178,3.482,48.02415479,15.686741883934,0.015686741883934,2.4402223039657653,Education-Focused,Complete Core Data,Complete Social Data
BFA,Burkina Faso,2020,Sub-Saharan Africa,Low income,17725010532.5268,-0.443420002406739,5.21148277030166,382464677.360491,2.1142418147419,4.834,0.364,0.472,0.179,0.381,0.182,0.122,3.133,46.0681232849,17.7250105325268,0.0177250105325268,3.09724095555976,Education-Focused,Complete Core Data,Complete Social Data
BGD,Bangladesh,2020,South Asia,Lower middle income,373979442362.193,2.58647816564581,2.13974351741877,4651183348.26269,1.24468950875224,5.025,0.635,0.52,0.514,0.603,0.161,0.164,2.427,47.7411797831,373.97944236219297,0.373979442362193,0.8950540086665297,Education-Focused,Complete Core Data,Complete Social Data
BGR,Bulgaria,2020,Europe & Central Asia,High income,70486877546.4901,-2.15683103882644,4.48298978805542,1119011539.8065,1.58561827051115,5.266,1.181,1.055,0.583,0.494,0.125,0.005,1.823,64.3108479435,70.48687754649009,0.07048687754649009,2.8973715175442702,Education-Focused,Complete Core Data,Complete Social Data
BHR,Bahrain,2020,"Middle East, North Africa, Afghanistan & Pakistan",High income,35837632978.7234,-5.17307400932464,2.05801907522052,1404787234.04255,4.05746865109248,6.647,1.409,0.899,0.662,0.661,0.246,0.139,2.631,59.9301192088,35.8376329787234,0.035837632978723395,-1.9994495758719597,Military-Focused,Complete Core Data,Complete Social Data
BHS,"Bahamas, The",2020,Latin America & Caribbean,High income,10363200000.0,-20.3291813559269,3.7125229961238,,,,,,,,,,,,10.3632,0.0103632,,Data Not Available,Missing Core Data,Missing Social Data
BIH,Bosnia and Herzegovina,2020,Europe & Central Asia,Upper middle income,20226038369.9191,-1.65750707667169,3.01954088371123,167521865.889213,0.827298283159884,5.813,1.032,0.919,0.618,0.395,0.261,0.005,2.583,58.1931318021,20.226038369919102,0.0202260383699191,2.1922426005513462,Education-Focused,Complete Core Data,Complete Social Data
BLR,Belarus,2020,Europe & Central Asia,Upper middle income,61371673344.7424,-0.251224685296094,4.86263990402222,861053278.688525,1.40325859867166,5.534,1.124,1.007,0.56,0.326,0.07,0.199,2.247,58.9171344365,61.3716733447424,0.0613716733447424,3.4593813053505604,Education-Focused,Complete Core Data,Complete Social Data
BLZ,Belize,2020,Latin America & Caribbean,Upper middle income,2047284600.0,-14.6255152617956,5.21301984786987,26025325.0,1.26623781790202,,,,,,,,,55.7218112813,2.0472846,0.0020472846,3.94678202996785,Education-Focused,Complete Core Data,Missing Social Data
BMU,Bermuda,2020,North America,High income,6887364000.0,-7.22554789447419,1.74834797496856,,,,,,,,,,,,6.887364,0.006887364,,Data Not Available,Missing Core Data,Missing Social Data
BOL,Bolivia,2020,Latin America & Caribbean,Lower middle income,42313784081.042,-13.7898619967426,8.43710994720459,510495827.347146,1.39204744468967,5.716,0.842,0.782,0.486,0.6,0.138,0.064,2.805,53.4559377688,42.313784081042,0.042313784081042,7.04506250251492,Education-Focused,Complete Core Data,Complete Social Data
BRA,Brazil,2020,Latin America & Caribbean,Upper middle income,1476107292151.95,-3.83550546624957,5.7714900970459,19591209004.4634,1.32666026860555,6.33,1.028,0.944,0.571,0.514,0.142,0.117,3.015,60.1938011305,1476.1072921519499,1.47610729215195,4.4448298284403505,Education-Focused,Complete Core Data,Complete Social Data
BRB,Barbados,2020,Latin America & Caribbean,High income,5407050000.0,-14.5139743585979,3.86529994010925,,,,,,,,,,,,5.40705,0.00540705,,Data Not Available,Missing Core Data,Missing Social Data
BRN,Brunei Darussalam,2020,East Asia & Pacific,High income,12005799653.9835,0.0657353317528475,,436548223.350254,3.63429176862407,,,,,,,,,,12.0057996539835,0.0120057996539835,,Data Not Available,Missing Core Data,Missing Social Data
BTN,Bhutan,2020,South Asia,Lower middle income,2457604333.90927,-10.8226112381065,5.46991778261464,,,,,,,,,,,,2.45760433390927,0.00245760433390927,,Data Not Available,Missing Core Data,Missing Social Data
BWA,Botswana,2020,Sub-Saharan Africa,Upper middle income,14960251607.8135,-10.0332383222742,8.05833660991541,499027479.519605,3.33478768726661,3.467,1.099,0.724,0.34,0.539,0.027,0.088,0.648,57.3875280106,14.960251607813499,0.0149602516078135,4.723548922648799,Education-Focused,Complete Core Data,Complete Social Data
CAF,Central African Republic,2020,Sub-Saharan Africa,Low income,2326720900.38047,-0.744488614542561,2.14468061163977,44348098.076355,1.8589727247233,,,,,,,,,33.2293221309,2.3267209003804696,0.00232672090038047,0.28570788691647,Education-Focused,Complete Core Data,Missing Social Data
CAN,Canada,2020,North America,High income,1655684730000.19,-6.06240642306676,4.88794994354248,23082774049.217,1.39399340787119,7.103,1.447,1.044,0.798,0.648,0.246,0.335,2.585,79.5113334567,1655.68473000019,1.65568473000019,3.4939565356712894,Education-Focused,Complete Core Data,Complete Social Data
CHE,Switzerland,2020,Europe & Central Asia,High income,741999406005.627,-2.85415823647342,5.27676010131836,5731416400.42599,0.772558973227674,7.571,1.566,1.079,0.816,0.653,0.204,0.413,2.839,83.3565768286,741.999406005627,0.741999406005627,4.504201128090687,Education-Focused,Complete Core Data,Complete Social Data
CHI,Channel Islands,2020,Europe & Central Asia,High income,9439810769.23077,-9.22341035779262,,,,,,,,,,,,,9.43981076923077,0.009439810769230771,,Data Not Available,Missing Core Data,Missing Social Data
CHL,Chile,2020,Latin America & Caribbean,High income,254042159309.311,-6.98113061984451,5.62992000579834,5246204733.45184,2.06553058219768,6.172,1.2,0.946,0.678,0.438,0.159,0.07,2.682,70.0053973458,254.04215930931102,0.254042159309311,3.5643894236006597,Education-Focused,Complete Core Data,Complete Social Data
CHN,China,2020,East Asia & Pacific,Upper middle income,14996414166715.1,2.09686667315867,,257973429833.565,1.75669947098837,5.339,1.061,0.785,0.665,0.636,0.093,0.117,1.982,61.1992597943,14996.4141667151,14.9964141667151,,Data Not Available,Missing Core Data,Missing Social Data
CIV,Cote d'Ivoire,2020,Sub-Saharan Africa,Lower middle income,63027852805.4204,-1.81621061689408,3.78674006462097,607155889.9682,0.963119470642636,5.306,0.669,0.409,0.052,0.438,0.177,0.092,3.469,47.7564976071,63.0278528054204,0.0630278528054204,2.823620593978334,Education-Focused,Complete Core Data,Complete Social Data
CMR,Cameroon,2020,Sub-Saharan Africa,Lower middle income,40773241177.0505,-2.43476031121681,3.10390139858492,393299390.063774,0.96440732254506,5.142,0.543,0.556,0.159,0.425,0.205,0.058,3.195,42.5208249477,40.7732411770505,0.0407732411770505,2.13949407603986,Education-Focused,Complete Core Data,Complete Social Data
COD,"Congo, Dem. Rep.",2020,Sub-Saharan Africa,Low income,46691989748.9186,-2.41880983949436,2.62263835311571,362091615.539271,0.729735329108429,,,,,,,,,34.8701743369,46.6919897489186,0.046691989748918604,1.8929030240072808,Education-Focused,Complete Core Data,Missing Social Data
COG,"Congo, Rep.",2020,Sub-Saharan Africa,Lower middle income,11468687464.0046,-8.48578578986992,4.22208879466149,298382191.947452,2.60118726630221,,,,,,,,,42.6056817689,11.468687464004601,0.0114686874640046,1.6209015283592798,Education-Focused,Complete Core Data,Missing Social Data
COL,Colombia,2020,Latin America & Caribbean,Upper middle income,270348342541.465,-8.50949477621059,5.26166009902954,9554131505.35102,3.53440413219336,6.012,1.021,0.866,0.615,0.554,0.1,0.063,2.794,58.7050672215,270.348342541465,0.270348342541465,1.72725596683618,Education-Focused,Complete Core Data,Complete Social Data
COM,Comoros,2020,Sub-Saharan Africa,Lower middle income,1218763671.26563,-2.13464959719172,2.37805076679617,,,4.289,0.488,0.367,0.279,0.202,0.241,0.101,2.61,47.3733761362,1.21876367126563,0.00121876367126563,,Data Not Available,Missing Core Data,Complete Social Data
CPV,Cabo Verde,2020,Sub-Saharan Africa,Upper middle income,1821565613.68613,-20.8937523404244,7.09400702406662,11279268.103582,0.618818770532046,,,,,,,,,57.9598170252,1.82156561368613,0.00182156561368613,6.475188253534574,Education-Focused,Complete Core Data,Missing Social Data
CRI,Costa Rica,2020,Latin America & Caribbean,High income,62395610760.0492,-4.93444227198336,6.62899017333984,0.0,,7.069,1.134,0.966,0.722,0.673,0.105,0.083,3.387,68.5619194036,62.3956107600492,0.0623956107600492,,Data Not Available,Missing Core Data,Complete Social Data
CUB,Cuba,2020,Latin America & Caribbean,Upper middle income,107352000000.0,-10.7383538682124,11.5248184008093,,,,,,,,,,,53.6225136711,107.352,0.107352,,Data Not Available,Missing Core Data,Missing Social Data
CUW,Curacao,2020,Latin America & Caribbean,High income,2534327592.49914,-17.4108334756387,7.11645238834347,,,,,,,,,,,,2.5343275924991397,0.00253432759249914,,Data Not Available,Missing Core Data,Missing Social Data
CYM,Cayman Islands,2020,Latin America & Caribbean,High income,5655357984.24218,-6.83262932515115,1.45542001724243,,,,,,,,,,,,5.65535798424218,0.00565535798424218,,Data Not Available,Missing Core Data,Missing Social Data
CYP,Cyprus,2020,Europe & Central Asia,High income,25555093854.2968,-4.51403585865228,5.56462001800537,483415023.367149,1.89553437845021,6.223,1.377,0.765,0.801,0.464,0.178,0.061,2.578,71.001354275,25.5550938542968,0.025555093854296797,3.6690856395551603,Education-Focused,Complete Core Data,Complete Social Data
CZE,Czechia,2020,Europe & Central Asia,High income,251109660602.536,-5.53491969820153,4.62503004074097,3252505061.81881,1.295406324775,6.965,1.37,1.09,0.703,0.58,0.052,0.046,3.124,73.5061142147,251.10966060253602,0.25110966060253603,3.3296237159659703,Education-Focused,Complete Core Data,Complete Social Data
DEU,Germany,2020,Europe & Central Asia,High income,3941398957073.94,-4.21020011825779,5.51600980758667,53318705117.9756,1.35598993512329,7.155,1.48,0.993,0.757,0.6,0.195,0.306,2.824,81.1044049585,3941.39895707394,3.94139895707394,4.16001987246338,Education-Focused,Complete Core Data,Complete Social Data
DJI,Djibouti,2020,"Middle East, North Africa, Afghanistan & Pakistan",Lower middle income,3144136196.6228,-0.306867602824667,,,,,,,,,,,,48.1383341823,3.1441361966228,0.0031441361966227997,,Data Not Available,Missing Core Data,Missing Social Data
DMA,Dominica,2020,Latin America & Caribbean,Upper middle income,528944444.444444,-15.323436855213,4.45777988433838,,,,,,,,,,,,0.528944444444444,0.000528944444444444,,Data Not Available,Missing Core Data,Missing Social Data
DNK,Denmark,2020,Europe & Central Asia,High income,355631021931.621,-2.06613837683189,7.38574981689453,4887155963.30275,1.37376885314973,7.62,1.502,1.108,0.763,0.686,0.208,0.485,2.868,84.2315304298,355.631021931621,0.355631021931621,6.011980963744801,Education-Focused,Complete Core Data,Complete Social Data
DOM,Dominican Republic,2020,Latin America & Caribbean,Upper middle income,78546672406.8291,-8.88467221699831,4.51769850778985,599052525.398084,0.746231922011371,5.545,1.106,0.879,0.555,0.581,0.101,0.144,2.178,58.7770614554,78.5466724068291,0.0785466724068291,3.7714665857784793,Education-Focused,Complete Core Data,Complete Social Data
DZA,Algeria,2020,"Middle East, North Africa, Afghanistan & Pakistan",Upper middle income,164873415325.201,-6.61247509707083,6.19391724496515,9708277440.22726,5.88614822110901,4.887,0.946,0.765,0.552,0.119,0.144,0.12,2.242,51.9488086688,164.873415325201,0.164873415325201,0.3077690238561406,Education-Focused,Complete Core Data,Complete Social Data
EAR,Early-demographic dividend,2020,,,10823343545638.3,-5.45931124778201,4.0905654220699,253200334882.17,2.48939848447338,,,,,,,,,,10823.343545638301,10.8233435456383,1.6011669375965196,Education-Focused,Complete Core Data,Missing Social Data
ECS,Europe & Central Asia,2020,,,22322527185686.7,-5.55834990681196,4.85690999031067,401142648078.9,1.81764967354245,,,,,,,,,,22322.5271856867,22.3225271856867,3.0392603167682197,Education-Focused,Complete Core Data,Missing Social Data
ECU,Ecuador,2020,Latin America & Caribbean,Upper middle income,95865473000.0,-10.3108339169142,4.26103019714355,2356300000.0,2.45792351121034,5.764,0.935,0.806,0.64,0.56,0.107,0.062,2.653,57.1718447218,95.865473,0.095865473,1.8031066859332103,Education-Focused,Complete Core Data,Complete Social Data
EGY,"Egypt, Arab Rep.",2020,"Middle East, North Africa, Afghanistan & Pakistan",Lower middle income,383817841547.099,1.88111975917718,,4505374644.32501,1.12247550332399,4.283,0.954,0.647,0.426,0.446,0.069,0.092,1.648,48.0557073101,383.817841547099,0.383817841547099,,Data Not Available,Missing Core Data,Missing Social Data
ERI,Eritrea,2020,Sub-Saharan Africa,Low income,,,,,,,,,,,,,,35.9036074762,,,,Data Not Available,Missing Core Data,Missing Social Data
ESP,Spain,2020,Europe & Central Asia,High income,1289783836971.21,-11.3931290455953,4.85118007659912,17431779322.9226,1.35429599703865,6.491,1.375,1.057,0.826,0.462,0.135,0.124,2.513,75.5287015189,1289.78383697121,1.28978383697121,3.4968840795604703,Education-Focused,Complete Core Data,Complete Social Data
EST,Estonia,2020,Europe & Central Asia,High income,31820771493.8974,-3.07548007766944,5.44180011749268,718112390.288385,2.26136428332919,6.189,1.344,1.079,0.64,0.641,0.119,0.263,2.103,76.4312392346,31.8207714938974,0.0318207714938974,3.1804358341634904,Education-Focused,Complete Core Data,Complete Social Data
ETH,Ethiopia,2020,,,98676811061.4035,3.22311599492807,4.0905654220699,754474128.79764,0.780754838260967,,,,,,,,,41.0578612768,98.6768110614035,0.0986768110614035,3.3098105838089324,Education-Focused,Complete Core Data,Missing Social Data
FIN,Finland,2020,Europe & Central Asia,High income,270000311606.226,-2.63099855258851,6.6812801361084,3868688020.06155,1.43578115547809,7.842,1.446,1.106,0.741,0.691,0.124,0.481,3.253,83.085596082,270.00031160622603,0.270000311606226,5.245498980630311,Education-Focused,Complete Core Data,Complete Social Data
FJI,Fiji,2020,East Asia & Pacific,Upper middle income,4227719873.3865,-17.1893281212242,5.80519512902055,71181003.99754,1.60530458182017,,,,,,,,,,4.2277198733865,0.0042277198733865,4.19989054720038,Education-Focused,Complete Core Data,Missing Social Data
FRA,France,2020,Europe & Central Asia,High income,2647926055110.05,-7.74056751254994,5.65871000289917,53423002393.708,2.02167455284232,6.69,1.421,1.081,0.804,0.536,0.092,0.235,2.521,76.8700055833,2647.9260551100497,2.64792605511005,3.63703545005685,Education-Focused,Complete Core Data,Complete Social Data
FRO,Faroe Islands,2020,Europe & Central Asia,High income,3271813311.5831,-3.08380364431427,,,,,,,,,,,,,3.2718133115830996,0.0032718133115830998,,Data Not Available,Missing Core Data,Missing Social Data
FSM,"Micronesia, Fed. Sts.",2020,East Asia & Pacific,Lower middle income,372902700.0,-2.2349823183628,11.5591397849462,,,,,,,,,,,,0.3729027,0.0003729027,,Data Not Available,Missing Core Data,Missing Social Data
GAB,Gabon,2020,Sub-Saharan Africa,Upper middle income,15342236163.9864,-4.15528083293282,3.39874087928788,263471597.129303,1.71695248466736,4.852,1.037,0.707,0.362,0.424,0.058,0.064,2.201,48.2882562244,15.342236163986401,0.015342236163986401,1.6817883946205199,Education-Focused,Complete Core Data,Complete Social Data
GBR,United Kingdom,2020,Europe & Central Asia,High income,2724001478304.59,-10.2001887936603,5.43936014175415,58332371794.8718,2.16304030547387,7.064,1.423,1.062,0.757,0.58,0.34,0.306,2.596,80.2933562521,2724.00147830459,2.72400147830459,3.2763198362802806,Education-Focused,Complete Core Data,Complete Social Data
GEO,Georgia,2020,Europe & Central Asia,Upper middle income,16010869215.68,-6.35478715206467,3.80951130708125,287864077.669903,1.78655575876457,4.891,1.03,0.47,0.498,0.488,0.032,0.181,2.191,61.7507425343,16.01086921568,0.01601086921568,2.0229555483166797,Education-Focused,Complete Core Data,Complete Social Data
GHA,Ghana,2020,Sub-Saharan Africa,Lower middle income,70008243859.8666,-1.46830801654092,3.40915991351725,239887164.283223,0.350949233772808,5.088,0.68,0.595,0.287,0.517,0.268,0.058,2.684,54.5137870206,70.0082438598666,0.07000824385986659,3.058210679744442,Education-Focused,Complete Core Data,Complete Social Data
GIB,Gibraltar,2020,Europe & Central Asia,High income,,,,,,,,,,,,,,,,,,Data Not Available,Missing Core Data,Missing Social Data
GIN,Guinea,2020,Sub-Saharan Africa,Lower middle income,14088693742.9464,2.06694997562413,2.44806003570557,206992890.786064,1.46963829052972,4.984,0.42,0.399,0.206,0.384,0.25,0.111,3.216,44.0777595377,14.0886937429464,0.0140886937429464,0.9784217451758499,Education-Focused,Complete Core Data,Complete Social Data
GMB,"Gambia, The",2020,Sub-Saharan Africa,Low income,1812170891.19069,-1.7631871131438,2.88734569797808,14805015.9297537,0.816569761733964,5.051,0.367,0.511,0.21,0.384,0.465,0.123,2.99,50.0562677102,1.81217089119069,0.0018121708911906901,2.0707759362441163,Education-Focused,Complete Core Data,Complete Social Data
GNB,Guinea-Bissau,2020,Sub-Saharan Africa,Low income,1705057581.09946,0.563014905333631,,24165899.1780631,1.51874963824343,,,,,,,,,42.446188246,1.70505758109946,0.0017050575810994598,,Data Not Available,Missing Core Data,Missing Social Data
GNQ,Equatorial Guinea,2020,Sub-Saharan Africa,Upper middle income,9893816007.7398,-7.35874657366674,,162373364.380419,1.64082995887433,,,,,,,,,46.3688758176,9.8938160077398,0.0098938160077398,,Data Not Available,Missing Core Data,Missing Social Data
GRC,Greece,2020,Europe & Central Asia,High income,191362985554.861,-9.00116455331775,,5773281659.63752,3.02310765728834,5.723,1.273,0.811,0.76,0.243,0.0,0.074,2.561,67.1045411554,191.36298555486098,0.191362985554861,,Data Not Available,Missing Core Data,Missing Social Data
GRD,Grenada,2020,Latin America & Caribbean,Upper middle income,1043411111.11111,-14.0234896211443,,,,,,,,,,,,,1.04341111111111,0.00104341111111111,,Data Not Available,Missing Core Data,Missing Social Data
GRL,Greenland,2020,Europe & Central Asia,High income,3089625554.40473,-0.0017624785013197,,,,,,,,,,,,,3.08962555440473,0.00308962555440473,,Data Not Available,Missing Core Data,Missing Social Data
GTM,Guatemala,2020,Latin America & Caribbean,Upper middle income,77719468248.3666,-3.22007713683627,3.29485011100769,342766481.025774,0.440993296513657,6.435,0.845,0.79,0.519,0.638,0.163,0.105,3.375,54.46384609,77.7194682483666,0.07771946824836659,2.853856814494033,Education-Focused,Complete Core Data,Complete Social Data
GUM,Guam,2020,East Asia & Pacific,High income,5916000000.0,-10.7119946566793,,,,,,,,,,,,,5.916,0.005916,,Data Not Available,Missing Core Data,Missing Social Data
GUY,Guyana,2020,Latin America & Caribbean,High income,5471256594.72422,43.5123463015091,,76541839.6831168,1.40257741131547,,,,,,,,,56.5262522732,5.47125659472422,0.00547125659472422,,Data Not Available,Missing Core Data,Missing Social Data
HKG,"Hong Kong SAR, China",2020,East Asia & Pacific,High income,344943149590.058,-6.20876017979512,4.40563011169434,,,,,,,,,,,78.9579972868,344.943149590058,0.344943149590058,,Data Not Available,Missing Core Data,Missing Social Data
HND,Honduras,2020,Latin America & Caribbean,Lower middle income,23352232483.755,-10.5484174868395,6.09801328648889,341210438.870203,1.4667972724004,5.919,0.703,0.787,0.593,0.578,0.241,0.083,2.934,53.1138642346,23.352232483755,0.023352232483755002,4.631216014088491,Education-Focused,Complete Core Data,Complete Social Data
HRV,Croatia,2020,Europe & Central Asia,High income,57959843541.3699,-7.48668905832953,4.40854978561401,981389328.833557,1.69659501985338,5.882,1.251,1.039,0.703,0.453,0.111,0.0,2.325,66.6953515076,57.95984354136991,0.057959843541369904,2.7119547657606304,Education-Focused,Complete Core Data,Complete Social Data
HTI,Haiti,2020,Latin America & Caribbean,Lower middle income,14508222518.3018,-4.49816442182016,1.11353641558643,15834887.0714861,0.103094179098955,3.615,0.294,0.173,0.227,0.257,0.463,0.139,2.06,40.7329924697,14.5082225183018,0.0145082225183018,1.010442236487475,Education-Focused,Complete Core Data,Complete Social Data
HUN,Hungary,2020,Europe & Central Asia,High income,158468487754.196,-4.09730738033811,4.12265014648438,2768372537.17382,1.74628152413286,5.992,1.301,1.083,0.615,0.454,0.067,0.04,2.432,66.1033262874,158.46848775419602,0.158468487754196,2.3763686223515204,Education-Focused,Complete Core Data,Complete Social Data
IDB,IDA blend,2020,,,1258453633593.24,-5.21174570136725,3.71980683449924,15782480016.4033,1.45956251211129,,,,,,,,,,1258.45363359324,1.25845363359324,2.2602443223879503,Education-Focused,Complete Core Data,Missing Social Data
IDN,Indonesia,2020,East Asia & Pacific,Upper middle income,1059054842698.48,-2.89423403981894,1.01593221347809,9386956717.64656,0.886277728854897,5.345,0.954,0.786,0.433,0.598,0.541,0.046,1.987,60.412803574,1059.05484269848,1.05905484269848,0.12965448462319296,Education-Focused,Complete Core Data,Complete Social Data
IMN,Isle of Man,2020,Europe & Central Asia,High income,6684225641.02564,-8.952853097019,,,,,,,,,,,,,6.684225641025639,0.00668422564102564,,Data Not Available,Missing Core Data,Missing Social Data
IND,India,2020,South Asia,Lower middle income,2674851578587.27,-6.69047102833747,4.29335021972656,72937064047.7993,2.80361581112679,3.819,0.741,0.316,0.383,0.622,0.246,0.106,1.405,53.9315510424,2674.85157858727,2.67485157858727,1.48973440859977,Education-Focused,Complete Core Data,Complete Social Data
IRL,Ireland,2020,Europe & Central Asia,High income,436009027818.948,5.80801946810749,3.19163990020752,1144420380.71355,0.262684777602834,7.085,1.644,1.092,0.753,0.606,0.238,0.367,2.384,80.859506278,436.00902781894797,0.436009027818948,2.928955122604686,Education-Focused,Complete Core Data,Complete Social Data
IRN,"Iran, Islamic Rep.",2020,"Middle East, North Africa, Afghanistan & Pakistan",Upper middle income,280934329279.723,3.64198271829557,3.20495009422302,3349702008.04581,2.17701027609522,4.721,1.03,0.557,0.561,0.275,0.33,0.144,1.823,48.1564368321,280.93432927972304,0.280934329279723,1.0279398181277997,Education-Focused,Complete Core Data,Complete Social Data
IRQ,Iraq,2020,"Middle East, North Africa, Afghanistan & Pakistan",Upper middle income,180898797516.874,-13.9675322686437,,5649373636.97996,3.11217889939661,4.854,0.91,0.638,0.381,0.302,0.153,0.041,2.429,44.1556137754,180.898797516874,0.180898797516874,,Data Not Available,Missing Core Data,Missing Social Data
ISL,Iceland,2020,Europe & Central Asia,High income,22034665040.7901,-8.14886569197427,8.5838098526001,0.0,,7.554,1.482,1.172,0.772,0.698,0.293,0.17,2.967,81.2813224035,22.0346650407901,0.0220346650407901,,Data Not Available,Missing Core Data,Complete Social Data
ISR,Israel,2020,"Middle East, North Africa, Afghanistan & Pakistan",High income,410768352657.612,-3.73449084409626,6.51824998855591,21816569767.4419,5.27626408809404,7.157,1.376,1.074,0.788,0.509,0.208,0.119,3.083,71.6120670613,410.768352657612,0.410768352657612,1.24198590046187,Education-Focused,Complete Core Data,Complete Social Data
ITA,Italy,2020,Europe & Central Asia,High income,1907481094079.23,-8.42323993924451,4.41803979873657,32929093810.5551,1.72984958969454,6.483,1.393,0.94,0.798,0.379,0.133,0.047,2.794,72.7135003894,1907.48109407923,1.90748109407923,2.6881902090420295,Education-Focused,Complete Core Data,Complete Social Data
JAM,Jamaica,2020,Latin America & Caribbean,Upper middle income,15000214216.2439,-8.54632871499803,5.38065828197341,236865671.641791,1.70647069948671,6.309,0.891,0.932,0.599,0.618,0.099,0.035,3.135,60.9353577968,15.0002142162439,0.0150002142162439,3.6741875824867005,Education-Focused,Complete Core Data,Complete Social Data
JOR,Jordan,2020,"Middle East, North Africa, Afghanistan & Pakistan",Lower middle income,43700383098.5916,-2.86253982856009,3.55303483980158,2055915492.95775,4.70457117239125,4.395,0.89,0.685,0.583,0.455,0.079,0.15,1.553,57.7677867054,43.7003830985916,0.043700383098591596,-1.1515363325896701,Military-Focused,Complete Core Data,Complete Social Data
JPN,Japan,2020,East Asia & Pacific,High income,5054068005376.28,-3.88641911578898,3.30628991127014,51396536058.5254,1.01676127140466,5.94,1.389,0.949,0.838,0.504,0.02,0.192,2.048,77.9386236566,5054.06800537628,5.05406800537628,2.2895286398654795,Education-Focused,Complete Core Data,Complete Social Data
KAZ,Kazakhstan,2020,Europe & Central Asia,Upper middle income,171082365861.423,-3.86406094514987,4.44620380169618,1548175774.90918,0.907188676192723,6.152,1.23,1.103,0.527,0.573,0.143,0.132,2.446,58.4723359739,171.082365861423,0.171082365861423,3.5390151255034574,Education-Focused,Complete Core Data,Complete Social Data
KEN,Kenya,2020,Sub-Saharan Africa,Lower middle income,100657505750.545,-2.2103217118529,5.04574892454155,1115321770.3237,1.10843419595019,4.607,0.603,0.508,0.385,0.483,0.375,0.073,2.18,51.2797531931,100.657505750545,0.100657505750545,3.9373147285913594,Education-Focused,Complete Core Data,Complete Social Data
KGZ,Kyrgyz Republic,2020,Europe & Central Asia,Lower middle income,8270468614.24051,-9.03157714073227,5.7331600189209,258288068.196585,3.10718371407588,,,,,,,,,56.4128914331,8.27046861424051,0.00827046861424051,2.6259763048450204,Education-Focused,Complete Core Data,Missing Social Data
KHM,Cambodia,2020,East Asia & Pacific,Lower middle income,34818073901.4851,-4.96368199399319,2.2476462495972,621329326.832404,1.78010501633067,4.83,0.603,0.68,0.426,0.702,0.21,0.061,2.148,48.9229903095,34.8180739014851,0.0348180739014851,0.46754123326652985,Education-Focused,Complete Core Data,Complete Social Data
KIR,Kiribati,2020,East Asia & Pacific,Lower middle income,220898020.418627,-3.16991324997066,16.2303756141975,,,,,,,,,,,,0.220898020418627,0.000220898020418627,,Data Not Available,Missing Core Data,Missing Social Data
KNA,St. Kitts and Nevis,2020,Latin America & Caribbean,High income,883922222.222222,-15.1537081395497,3.10568635584663,,,,,,,,,,,,0.8839222222222219,0.0008839222222222219,,Data Not Available,Missing Core Data,Missing Social Data
KOR,"Korea, Rep.",2020,East Asia & Pacific,High income,1744070276373.34,-0.837051834035137,4.52706003189087,46117096574.5819,2.64297706902012,5.845,1.403,0.758,0.801,0.353,0.134,0.135,2.262,73.3015078452,1744.07027637334,1.74407027637334,1.88408296287075,Education-Focused,Complete Core Data,Complete Social Data
KWT,Kuwait,2020,"Middle East, North Africa, Afghanistan & Pakistan",High income,111045470605.715,-3.90774915473197,6.24513034913966,6941042345.27687,6.47217283542021,6.106,1.461,0.857,0.58,0.591,0.12,0.13,2.368,60.2900032362,111.045470605715,0.111045470605715,-0.22704248628055002,Military-Focused,Complete Core Data,Complete Social Data
LAO,Lao PDR,2020,East Asia & Pacific,Lower middle income,18981805250.2424,-0.986715601107164,1.91597273223857,,,5.03,0.808,0.598,0.33,0.643,0.268,0.179,2.204,49.9289424638,18.981805250242402,0.0189818052502424,,Data Not Available,Missing Core Data,Complete Social Data
LBN,Lebanon,2020,"Middle East, North Africa, Afghanistan & Pakistan",Lower middle income,31712128253.7961,-20.1290983815185,2.4354185601396,431991051.454139,3.02665836499332,4.584,1.045,0.868,0.595,0.175,0.14,0.026,1.736,53.7771844967,31.712128253796102,0.0317121282537961,-0.59123980485372,Military-Focused,Complete Core Data,Complete Social Data
LBR,Liberia,2020,Sub-Saharan Africa,Low income,3176126300.0,-4.97470394166794,2.13601415111746,12901000.0,0.424794204807376,4.625,0.228,0.58,0.253,0.43,0.221,0.057,2.857,45.2631325078,3.1761263,0.0031761263,1.7112199463100841,Education-Focused,Complete Core Data,Complete Social Data
LBY,Libya,2020,"Middle East, North Africa, Afghanistan & Pakistan",Upper middle income,46854285440.642,-30.4001717408883,,,,5.41,1.044,0.821,0.435,0.474,0.131,0.174,2.331,43.0726195855,46.854285440641995,0.046854285440642,,Data Not Available,Missing Core Data,Missing Social Data
LCA,St. Lucia,2020,Latin America & Caribbean,Upper middle income,1499274074.07407,-24.6114092144696,3.61522006988525,,,,,,,,,,,,1.49927407407407,0.0014992740740740699,,Data Not Available,Missing Core Data,Missing Social Data
LCN,Latin America & Caribbean,2020,,,4627348896643.87,-7.51510968982349,4.53493916058743,54477929268.8032,1.29857083148349,,,,,,,,,,4627.34889664387,4.62734889664387,3.2363683291039402,Education-Focused,Complete Core Data,Missing Social Data
LIE,Liechtenstein,2020,Europe & Central Asia,High income,6405870210.32293,,,,,,,,,,,,,,6.40587021032293,0.00640587021032293,,Data Not Available,Missing Core Data,Missing Social Data
LKA,Sri Lanka,2020,South Asia,Lower middle income,84335574581.5072,-5.12926234602416,1.55792392223723,1486440860.79499,1.73988733298184,4.325,0.99,0.82,0.593,0.559,0.239,0.049,1.075,57.7017894285,84.3355745815072,0.0843355745815072,-0.18196341074460998,Military-Focused,Complete Core Data,Complete Social Data
LSO,Lesotho,2020,Sub-Saharan Africa,Lower middle income,2053699863.99625,-9.23727005298078,,38618836.5314549,1.88146803172144,3.512,0.451,0.731,0.007,0.405,0.103,0.015,1.8,45.5715108958,2.05369986399625,0.00205369986399625,,Data Not Available,Missing Core Data,Missing Social Data
LTE,Late-demographic dividend,2020,,,22869539211355.0,-0.0787494561824644,4.44620380169618,418539580993.794,1.95157916399525,,,,,,,,,,22869.539211355,22.869539211355,2.4946246377009302,Education-Focused,Complete Core Data,Missing Social Data
LTU,Lithuania,2020,Europe & Central Asia,High income,57412038533.2718,0.068446214406265,4.47348022460938,1174056765.07466,2.04915558023028,6.255,1.35,1.065,0.612,0.476,0.056,0.073,2.624,71.1218731108,57.4120385332718,0.0574120385332718,2.4243246443791002,Education-Focused,Complete Core Data,Complete Social Data
LUX,Luxembourg,2020,Europe & Central Asia,High income,73670782100.3909,-2.15417448261604,3.85499000549316,425168129.488202,0.578077082223964,7.324,1.751,1.003,0.76,0.639,0.166,0.353,2.653,81.6317268421,73.6707821003909,0.0736707821003909,3.276912923269196,Education-Focused,Complete Core Data,Complete Social Data
LVA,Latvia,2020,Europe & Central Asia,High income,33379927434.6149,-2.78996380720736,4.99749994277954,742049469.964664,2.22759521686375,6.032,1.285,1.047,0.587,0.405,0.082,0.089,2.536,71.3975881226,33.3799274346149,0.033379927434614896,2.76990472591579,Education-Focused,Complete Core Data,Complete Social Data
MAC,"Macao SAR, China",2020,East Asia & Pacific,High income,25280064167.7333,-55.2935602758164,6.38948011398315,,,,,,,,,,,,25.2800641677333,0.0252800641677333,,Data Not Available,Missing Core Data,Missing Social Data
MAF,St. Martin (French part),2020,Latin America & Caribbean,High income,,-5.67034471115365,,,,,,,,,,,,,,,,Data Not Available,Missing Core Data,Missing Social Data
MAR,Morocco,2020,"Middle East, North Africa, Afghanistan & Pakistan",Lower middle income,121353645057.144,-8.13866950405836,6.28428263644307,4830956393.51169,3.97969764255599,4.918,0.792,0.219,0.558,0.477,0.034,0.088,2.749,54.5550236974,121.35364505714399,0.121353645057144,2.30458499388708,Education-Focused,Complete Core Data,Complete Social Data
MCO,Monaco,2020,Europe & Central Asia,High income,6730736282.78961,-13.1045741376188,,,,,,,,,,,,,6.73073628278961,0.00673073628278961,,Data Not Available,Missing Core Data,Missing Social Data
MDA,Moldova,2020,Europe & Central Asia,Upper middle income,11530746234.4492,-7.26326976771907,6.60125017166138,44533780.6571032,0.385463275729941,,,,,,,,,58.2014861525,11.5307462344492,0.0115307462344492,6.215786895931439,Education-Focused,Complete Core Data,Missing Social Data
MDG,Madagascar,2020,Sub-Saharan Africa,Low income,13051441203.9474,-9.49182579621846,3.25443385103636,87357752.0692398,0.673153896375499,4.208,0.266,0.503,0.341,0.207,0.185,0.087,2.62,45.0152689493,13.0514412039474,0.0130514412039474,2.581279954660861,Education-Focused,Complete Core Data,Complete Social Data
MDV,Maldives,2020,South Asia,Upper middle income,3712604583.36665,-34.8311671109222,5.84760793108804,,,5.198,1.115,1.015,0.697,0.575,0.204,0.073,1.52,,3.71260458336665,0.00371260458336665,,Data Not Available,Missing Core Data,Missing Social Data
MEX,Mexico,2020,Latin America & Caribbean,Upper middle income,1121064767308.42,-9.10287154605422,4.4996600151062,8044880863.7379,0.717690608258695,6.317,1.126,0.83,0.634,0.585,0.092,0.089,2.961,59.8187365679,1121.06476730842,1.12106476730842,3.781969406847505,Education-Focused,Complete Core Data,Complete Social Data
MHL,Marshall Islands,2020,East Asia & Pacific,Upper middle income,241800000.0,0.18904949035759,13.8350374540234,,,,,,,,,,,,0.2418,0.0002418,,Data Not Available,Missing Core Data,Missing Social Data
MKD,North Macedonia,2020,Europe & Central Asia,Upper middle income,12361036913.8409,-3.65436823824773,,153537482.895077,1.24058656980426,5.101,1.068,0.772,0.535,0.45,0.212,0.022,2.042,61.1367841414,12.3610369138409,0.012361036913840901,,Data Not Available,Missing Core Data,Missing Social Data
MLI,Mali,2020,Sub-Saharan Africa,Low income,20698560938.7775,-4.1067984565496,3.3367600440979,593865883.538673,3.39955821425498,4.723,0.387,0.59,0.11,0.384,0.164,0.072,3.016,42.2973697557,20.6985609387775,0.0206985609387775,-0.06279817015707989,Military-Focused,Complete Core Data,Complete Social Data
MLT,Malta,2020,"Middle East, North Africa, Afghanistan & Pakistan",High income,16404663226.4598,-5.62564990910049,,86287472.9283027,0.527674290511624,6.602,1.411,1.055,0.747,0.664,0.275,0.183,2.268,74.5602152271,16.4046632264598,0.016404663226459802,,Data Not Available,Missing Core Data,Missing Social Data
MMR,Myanmar,2020,East Asia & Pacific,Lower middle income,79006113670.2831,-9.69306034482335,,2498229137.93854,3.12332883859715,4.426,0.666,0.713,0.341,0.601,0.52,0.178,1.407,45.9145565912,79.0061136702831,0.0790061136702831,,Data Not Available,Missing Core Data,Missing Social Data
MNE,Montenegro,2020,Europe & Central Asia,Upper middle income,4723571497.76347,-14.970505034482,,82920323.7205061,1.73802726045562,5.581,1.155,0.891,0.637,0.397,0.166,0.081,2.254,64.1287397101,4.723571497763469,0.0047235714977634695,,Data Not Available,Missing Core Data,Missing Social Data
MNG,Mongolia,2020,East Asia & Pacific,Upper middle income,13312981429.0891,-6.26542378289111,,95594594.1377913,0.709909468541962,5.677,0.966,1.065,0.442,0.397,0.263,0.053,2.492,56.3049346621,13.312981429089099,0.013312981429089099,,Data Not Available,Missing Core Data,Missing Social Data
MNP,Northern Mariana Islands,2020,East Asia & Pacific,High income,866000000.0,-28.1627780007682,,,,,,,,,,,,,0.866,0.000866,,Data Not Available,Missing Core Data,Missing Social Data
MOZ,Mozambique,2020,Sub-Saharan Africa,Low income,14235420174.1884,-4.10527399484737,6.17059556957808,288258945.94244,2.02272611905463,4.794,0.183,0.634,0.196,0.608,0.228,0.163,2.783,43.8923708946,14.2354201741884,0.0142354201741884,4.14786945052345,Education-Focused,Complete Core Data,Complete Social Data
MRT,Mauritania,2020,Sub-Saharan Africa,Lower middle income,8260752385.23089,-3.22895410596585,1.80263996124268,198530037.214248,2.38926918122421,4.227,0.666,0.749,0.273,0.218,0.119,0.133,2.069,39.6983227043,8.26075238523089,0.00826075238523089,-0.58662921998153,Military-Focused,Complete Core Data,Complete Social Data
MUS,Mauritius,2020,Sub-Saharan Africa,Upper middle income,11566111137.5568,-14.5484955921362,4.35243988037109,18478399.3883013,0.161615351006251,6.049,1.178,0.996,0.574,0.59,0.153,0.096,2.462,65.9522024267,11.5661111375568,0.011566111137556801,4.190824529364839,Education-Focused,Complete Core Data,Complete Social Data
MWI,Malawi,2020,Sub-Saharan Africa,Low income,11769313597.8545,-1.82835240679078,,98863990.7621744,0.834281207531417,3.6,0.113,0.168,0.298,0.484,0.213,0.134,2.19,47.3151527099,11.7693135978545,0.0117693135978545,,Data Not Available,Missing Core Data,Missing Social Data
MYS,Malaysia,2020,East Asia & Pacific,Upper middle income,337456163961.211,-6.7093351308522,3.91176009178162,3374583531.65159,0.999653920235799,5.384,1.259,0.797,0.587,0.624,0.27,0.064,1.784,66.424136197,337.456163961211,0.337456163961211,2.912106171545821,Education-Focused,Complete Core Data,Complete Social Data
NAM,Namibia,2020,Sub-Saharan Africa,Lower middle income,10583748541.5258,-10.7372931134497,9.27799879073429,368224738.887539,3.48015259214476,4.574,0.882,0.801,0.262,0.411,0.091,0.059,2.068,56.6593634171,10.5837485415258,0.0105837485415258,5.79784619858953,Education-Focused,Complete Core Data,Complete Social Data
NCL,New Caledonia,2020,East Asia & Pacific,High income,9454629467.91408,-2.59576600416644,,,,,,,,,,,,,9.45462946791408,0.00945462946791408,,Data Not Available,Missing Core Data,Missing Social Data
NER,Niger,2020,Sub-Saharan Africa,Low income,13744653103.058,0.189464640804786,3.81906792754322,238269588.33649,1.73360752172491,5.074,0.162,0.402,0.167,0.516,0.2,0.157,3.47,41.7529326143,13.744653103058,0.013744653103058,2.08546040581831,Education-Focused,Complete Core Data,Complete Social Data
NGA,Nigeria,2020,Sub-Saharan Africa,Lower middle income,598586817819.073,-8.34242347930724,0.35963763718498,2567917819.04386,0.632022913474166,4.759,0.663,0.625,0.051,0.433,0.212,0.039,2.736,43.4197060876,598.586817819073,0.598586817819073,-0.27238527628918596,Military-Focused,Complete Core Data,Complete Social Data
NIC,Nicaragua,2020,Latin America & Caribbean,Lower middle income,12726422432.4868,-3.4517971097024,4.58034059162685,79343309.6033706,0.629971870953776,5.972,0.693,0.904,0.604,0.553,0.201,0.176,2.841,51.2718101549,12.7264224324868,0.0127264224324868,3.950368720673074,Education-Focused,Complete Core Data,Complete Social Data
NLD,Netherlands,2020,Europe & Central Asia,High income,932560861701.17,-4.40052537279003,5.29139995574951,13085717542.4598,1.40607718904592,7.464,1.501,1.079,0.753,0.647,0.302,0.384,2.798,82.7098024073,932.5608617011701,0.93256086170117,3.88532276670359,Education-Focused,Complete Core Data,Complete Social Data
NOR,Norway,2020,Europe & Central Asia,High income,367633418886.627,-1.85769609648001,8.37281036376953,7225183140.46077,1.96598369239436,7.392,1.543,1.108,0.782,0.703,0.249,0.427,2.58,83.488653208,367.633418886627,0.36763341888662704,6.406826671375169,Education-Focused,Complete Core Data,Complete Social Data
NPL,Nepal,2020,South Asia,Lower middle income,33433659301.2466,-4.23182776858643,4.24355670934502,434381673.461464,1.32338446484361,5.269,0.519,0.702,0.496,0.488,0.287,0.135,2.642,50.9800643059,33.4336593012466,0.0334336593012466,2.92017224450141,Education-Focused,Complete Core Data,Complete Social Data
NRU,Nauru,2020,East Asia & Pacific,High income,124685688.161094,1.08625303568498,5.90502903225807,,,,,,,,,,,,0.12468568816109399,0.000124685688161094,,Data Not Available,Missing Core Data,Missing Social Data
NZL,New Zealand,2020,East Asia & Pacific,High income,213029554653.687,-2.31391634084866,5.64268016815185,2810182349.12395,1.3399501211388,7.277,1.4,1.094,0.785,0.665,0.276,0.445,2.612,80.8740331412,213.029554653687,0.213029554653687,4.30273004701305,Education-Focused,Complete Core Data,Complete Social Data
OMN,Oman,2020,"Middle East, North Africa, Afghanistan & Pakistan",High income,75909492847.8544,-1.91104857604375,6.87768983840942,6095708712.61378,8.03024250539625,,,,,,,,,59.3485893119,75.9094928478544,0.0759094928478544,-1.1525526669868302,Military-Focused,Complete Core Data,Missing Social Data
PAK,Pakistan,2020,"Middle East, North Africa, Afghanistan & Pakistan",Lower middle income,300425609817.981,-3.03889328268374,2.05718240718423,10241024484.5759,3.48667909020303,4.934,0.637,0.423,0.322,0.418,0.252,0.097,2.784,44.1179895923,300.425609817981,0.300425609817981,-1.4294966830188,Military-Focused,Complete Core Data,Complete Social Data
PAN,Panama,2020,Latin America & Caribbean,High income,57059846521.5327,-18.9421659787374,4.30487012863159,0.0,,6.18,1.298,0.976,0.667,0.596,0.079,0.053,2.509,64.7072233416,57.0598465215327,0.057059846521532696,,Data Not Available,Missing Core Data,Complete Social Data
PER,Peru,2020,Latin America & Caribbean,Upper middle income,201409694755.934,-11.989123385761,4.25937986373901,2653592900.08589,1.31677830419866,5.84,0.986,0.833,0.623,0.536,0.087,0.031,2.744,61.1358584035,201.409694755934,0.20140969475593398,2.94260155954035,Education-Focused,Complete Core Data,Complete Social Data
PHL,Philippines,2020,East Asia & Pacific,Lower middle income,361751145451.597,-10.5488615065624,3.85829051308063,4693073497.10808,1.29724003910725,5.88,0.853,0.828,0.426,0.651,0.125,0.126,2.872,57.2679295415,361.751145451597,0.361751145451597,2.5610504739733804,Education-Focused,Complete Core Data,Complete Social Data
PLW,Palau,2020,East Asia & Pacific,High income,261688507.080078,-6.84092605925699,3.47118076238812,,,,,,,,,,,,0.261688507080078,0.000261688507080078,,Data Not Available,Missing Core Data,Missing Social Data
PNG,Papua New Guinea,2020,East Asia & Pacific,Lower middle income,23848447849.6081,-5.20688760573694,0.898018542083257,93461981.5668203,0.393261831182209,,,,,,,,,46.634491561,23.8484478496081,0.0238484478496081,0.504756710901048,Education-Focused,Complete Core Data,Missing Social Data
POL,Poland,2020,Europe & Central Asia,High income,605914237903.742,-0.861202002378917,4.80081987380981,13718291431.5033,2.26305371895405,6.166,1.309,0.982,0.668,0.558,0.08,0.13,2.438,69.7578777702,605.914237903742,0.605914237903742,2.53776615485576,Education-Focused,Complete Core Data,Complete Social Data
PRI,Puerto Rico (US),2020,Latin America & Caribbean,High income,103130900000.0,-3.56474634356229,4.28663184360846,,,,,,,,,,,,103.1309,0.1031309,,Data Not Available,Missing Core Data,Missing Social Data
PRK,"Korea, Dem. People's Rep.",2020,East Asia & Pacific,Low income,,,,,,,,,,,,,,,,,,Data Not Available,Missing Core Data,Missing Social Data
PRT,Portugal,2020,Europe & Central Asia,High income,229618773422.577,-8.30107079726919,4.86407995223999,3267981306.28063,1.42613611053982,5.929,1.323,0.939,0.76,0.621,0.029,0.033,2.225,74.284736086,229.618773422577,0.229618773422577,3.43794384170017,Education-Focused,Complete Core Data,Complete Social Data
PRY,Paraguay,2020,Latin America & Caribbean,Upper middle income,35432178068.1756,-2.15166731598009,3.93615007400513,364342199.983714,1.02757342677333,5.653,0.983,0.97,0.549,0.602,0.206,0.037,2.306,58.4925428219,35.432178068175595,0.0354321780681756,2.9085766472317998,Education-Focused,Complete Core Data,Complete Social Data
PSE,West Bank and Gaza,2020,"Middle East, North Africa, Afghanistan & Pakistan",Lower middle income,15531700000.0,-13.4963869730477,,,,,,,,,,,,,15.5317,0.0155317,,Data Not Available,Missing Core Data,Missing Social Data
PYF,French Polynesia,2020,East Asia & Pacific,High income,5574821989.38239,-10.6298635700059,,,,,,,,,,,,,5.57482198938239,0.00557482198938239,,Data Not Available,Missing Core Data,Missing Social Data
QAT,Qatar,2020,"Middle East, North Africa, Afghanistan & Pakistan",High income,144411538461.538,-8.92441265745882,3.23368000984192,,,,,,,,,,,65.3217761694,144.411538461538,0.144411538461538,,Data Not Available,Missing Core Data,Missing Social Data
ROU,Romania,2020,Europe & Central Asia,High income,250625048303.578,-3.06561724934225,3.57968997955322,5052321470.65755,2.00415209230412,6.14,1.275,0.832,0.595,0.564,0.045,0.001,2.83,65.3506244482,250.625048303578,0.250625048303578,1.5755378872491002,Education-Focused,Complete Core Data,Complete Social Data
RUS,Russia,2020,Europe & Central Asia,High income,1493075894362.14,-2.52680431743222,4.01641864383637,61712537168.9371,4.14471713241985,5.477,1.241,0.992,0.511,0.409,0.115,0.06,2.148,57.1268631311,1493.07589436214,1.4930758943621398,-0.12829848858348036,Military-Focused,Complete Core Data,Complete Social Data
RWA,Rwanda,2020,Sub-Saharan Africa,Low income,10174386856.6101,-5.51636902603423,3.33309745728459,147873731.887278,1.47371574450349,3.415,0.364,0.202,0.407,0.627,0.227,0.493,1.095,51.7610953772,10.1743868566101,0.0101743868566101,1.8593817127811,Education-Focused,Complete Core Data,Complete Social Data
SAU,Saudi Arabia,2020,"Middle East, North Africa, Afghanistan & Pakistan",High income,767951200000.0,-8.3434729070232,,64558400000.0,8.7921741101353,6.494,1.435,0.964,0.571,0.603,0.09,0.163,2.668,57.5293906645,767.9512,0.7679512,,Data Not Available,Missing Core Data,Missing Social Data
SDN,Sudan,2020,Sub-Saharan Africa,Low income,27034593750.0,-6.18595807947966,,934311153.803525,0.975842222955387,,,,,,,,,36.6564294796,27.03459375,0.02703459375,,Data Not Available,Missing Core Data,Missing Social Data
SEN,Senegal,2020,Sub-Saharan Africa,Lower middle income,24530513037.7518,-1.29147593329481,5.6869797706604,345637478.930266,1.40872642077366,5.132,0.518,0.558,0.357,0.381,0.158,0.088,3.071,53.1451450723,24.5305130377518,0.024530513037751802,4.27825334988674,Education-Focused,Complete Core Data,Complete Social Data
SGP,Singapore,2020,East Asia & Pacific,High income,349165858544.568,-3.51423380533573,2.69227004051208,9801649746.19289,2.80306272990798,6.377,1.695,1.019,0.897,0.664,0.176,0.547,1.379,77.8807774294,349.165858544568,0.349165858544568,-0.11079268939589992,Military-Focused,Complete Core Data,Complete Social Data
SLB,Solomon Islands,2020,East Asia & Pacific,Lower middle income,1536143427.82958,-5.50324350800385,9.64354620369343,,,,,,,,,,,,1.53614342782958,0.0015361434278295802,,Data Not Available,Missing Core Data,Missing Social Data
SLE,Sierra Leone,2020,Sub-Saharan Africa,Low income,6688307703.1447,-3.50677788869559,5.34702014923096,32599168.6395998,0.486095493916065,3.849,0.279,0.377,0.1,0.408,0.243,0.047,2.396,43.245454832,6.6883077031447,0.0066883077031447,4.860924655314895,Education-Focused,Complete Core Data,Complete Social Data
SLV,El Salvador,2020,Latin America & Caribbean,Upper middle income,24921190000.0,-8.07562588564387,3.66088008880615,343900000.0,1.37995002386364,6.061,0.845,0.675,0.565,0.615,0.116,0.16,3.085,55.6979375655,24.92119,0.02492119,2.28093006494251,Education-Focused,Complete Core Data,Complete Social Data
SMR,San Marino,2020,Europe & Central Asia,High income,1541248248.80727,-6.93518932061002,3.4246199131012,,,,,,,,,,,,1.54124824880727,0.00154124824880727,,Data Not Available,Missing Core Data,Missing Social Data
SOM,"Somalia, Fed. Rep.",2020,Sub-Saharan Africa,Low income,8628000000.0,-6.38636194168187,6.12054361034e-06,98156600.0,1.1376518312471,,,,,,,,,34.4321620792,8.628,0.008628,-1.1376457107034896,Military-Focused,Complete Core Data,Missing Social Data
SRB,Serbia,2020,Europe & Central Asia,Upper middle income,55874017668.998,-0.288042264925664,,1282529332.70972,2.29536613396667,6.078,1.101,0.924,0.634,0.482,0.189,0.066,2.682,62.0052527107,55.874017668998,0.055874017668998,,Data Not Available,Missing Core Data,Missing Social Data
SSD,South Sudan,2020,Sub-Saharan Africa,Low income,,,,128916014.125595,1.86635872996114,,,,,,,,,29.5108247198,,,,Data Not Available,Missing Core Data,Missing Social Data
STP,Sao Tome and Principe,2020,Sub-Saharan Africa,Lower middle income,471229484.607144,0.716646434339125,5.02931173372591,,,,,,,,,,,56.8294592765,0.471229484607144,0.000471229484607144,,Data Not Available,Missing Core Data,Missing Social Data
SUR,Suriname,2020,Latin America & Caribbean,Upper middle income,2911807496.20227,-16.8738740468232,4.58425708265782,,,,,,,,,,,57.9880750754,2.91180749620227,0.00291180749620227,,Data Not Available,Missing Core Data,Missing Social Data
SVK,Slovak Republic,2020,Europe & Central Asia,High income,107732602896.441,-2.66902849173539,4.720290184021,2047190242.79038,1.9041442947824,,,,,,,,,70.1781351014,107.732602896441,0.10773260289644099,2.8161458892385998,Education-Focused,Complete Core Data,Missing Social Data
SVN,Slovenia,2020,Europe & Central Asia,High income,53384760135.1581,-4.72524968037921,5.41901016235352,567650746.608914,1.0654982010929,6.461,1.36,1.093,0.722,0.69,0.122,0.085,2.388,74.4174232819,53.384760135158096,0.053384760135158096,4.353511961260621,Education-Focused,Complete Core Data,Complete Social Data
SWE,Sweden,2020,Europe & Central Asia,High income,544265668451.678,-2.63997048116038,7.95333003997803,6271285838.40139,1.15009466283262,7.363,1.478,1.062,0.763,0.685,0.244,0.448,2.683,82.8469973372,544.2656684516779,0.544265668451678,6.80323537714541,Education-Focused,Complete Core Data,Complete Social Data
SWZ,Eswatini,2020,Sub-Saharan Africa,Lower middle income,4134677809.50096,-3.9978006899122,5.32546270122803,76795299.9757105,1.85505471294042,,,,,,,,,45.5261446914,4.1346778095009595,0.00413467780950096,3.47040798828761,Education-Focused,Complete Core Data,Missing Social Data
SXM,Sint Maarten (Dutch part),2020,Latin America & Caribbean,High income,1236428100.55866,-14.6336937315718,,,,,,,,,,,,,1.23642810055866,0.00123642810055866,,Data Not Available,Missing Core Data,Missing Social Data
SYC,Seychelles,2020,Sub-Saharan Africa,High income,1382551751.56908,-12.4901374474458,4.18704837049316,19413071.3619403,1.36712279790406,,,,,,,,,64.4221891139,1.3825517515690802,0.00138255175156908,2.8199255725890993,Education-Focused,Complete Core Data,Missing Social Data
SYR,Syrian Arab Republic,2020,"Middle East, North Africa, Afghanistan & Pakistan",Low income,12047752036.091,-3.98011071488936,,,,,,,,,,,,36.8960312034,12.047752036091,0.012047752036091,,Data Not Available,Missing Core Data,Missing Social Data
TCA,Turks and Caicos Islands,2020,Latin America & Caribbean,High income,918387000.0,-35.6362101547339,2.46213795190062,,,,,,,,,,,,0.918387,0.000918387,,Data Not Available,Missing Core Data,Missing Social Data
TCD,Chad,2020,Sub-Saharan Africa,Low income,14932897821.2387,-3.51319644461273,2.73960390423748,322866526.49139,2.21192688117357,4.355,0.255,0.353,0.0,0.24,0.215,0.084,3.209,34.1515462712,14.9328978212387,0.0149328978212387,0.5276770230639096,Education-Focused,Complete Core Data,Complete Social Data
TGO,Togo,2020,Sub-Saharan Africa,Low income,7486031561.86885,-0.272860217710488,4.08528017372931,163926877.161277,2.16399918335325,4.107,0.254,0.239,0.203,0.289,0.209,0.107,2.806,44.6943254562,7.48603156186885,0.00748603156186885,1.9212809903760601,Education-Focused,Complete Core Data,Complete Social Data
THA,Thailand,2020,East Asia & Pacific,Upper middle income,500461898480.246,-6.20637326420599,3.15314171737183,7295669542.98498,1.46077928107965,5.985,1.107,0.957,0.596,0.611,0.375,0.028,2.309,60.2365193148,500.46189848024596,0.500461898480246,1.69236243629218,Education-Focused,Complete Core Data,Complete Social Data
TJK,Tajikistan,2020,Europe & Central Asia,Lower middle income,8133963550.65742,2.05116680370303,5.13516829187823,77497565.7254138,0.947973986993497,5.466,0.508,0.895,0.498,0.548,0.152,0.247,2.619,51.3137198305,8.13396355065742,0.00813396355065742,4.187194304884733,Education-Focused,Complete Core Data,Complete Social Data
TKM,Turkmenistan,2020,Europe & Central Asia,Upper middle income,41509903181.7231,3.67579761156229,3.76267004013061,,,5.066,1.046,1.172,0.439,0.602,0.366,0.033,1.409,51.4057570433,41.5099031817231,0.041509903181723096,,Data Not Available,Missing Core Data,Complete Social Data
TLS,Timor-Leste,2020,East Asia & Pacific,Lower middle income,2162619240.86927,29.2315968537651,3.65287360437751,38456000.0,1.77790106333796,,,,,,,,,,2.1626192408692697,0.00216261924086927,1.87497254103955,Education-Focused,Complete Core Data,Missing Social Data
TON,Tonga,2020,East Asia & Pacific,Upper middle income,506571467.895978,1.77247797101046,5.04883511346915,,,,,,,,,,,,0.506571467895978,0.000506571467895978,,Data Not Available,Missing Core Data,Missing Social Data
TTO,Trinidad and Tobago,2020,Latin America & Caribbean,High income,20888515184.2239,-8.97165770967038,4.22041988372803,170175114.526378,0.812607258583509,,,,,,,,,61.624674997,20.8885151842239,0.0208885151842239,3.407812625144521,Education-Focused,Complete Core Data,Missing Social Data
TUN,Tunisia,2020,"Middle East, North Africa, Afghanistan & Pakistan",Lower middle income,42491780918.361,-9.72752601384167,7.26507545467782,1157372367.01178,2.71275567542328,4.596,0.919,0.515,0.59,0.334,0.057,0.044,2.138,54.4771183351,42.491780918361,0.042491780918361,4.552319779254541,Education-Focused,Complete Core Data,Complete Social Data
TUR,Turkiye,2020,Europe & Central Asia,Upper middle income,733628247119.077,0.819957444576985,4.03382015228271,15782990905.8308,2.19555218691023,4.948,1.26,0.809,0.59,0.236,0.097,0.104,1.852,55.5806188328,733.6282471190771,0.733628247119077,1.8382679653724803,Education-Focused,Complete Core Data,Complete Social Data
TUV,Tuvalu,2020,East Asia & Pacific,Upper middle income,51746594.3148543,-2.59958228889671,14.5482776139014,,,,,,,,,,,,0.0517465943148543,5.1746594314854304e-05,,Data Not Available,Missing Core Data,Missing Social Data
TZA,Tanzania,2020,Sub-Saharan Africa,Lower middle income,66068737786.0639,-0.998987836780785,3.23097255920833,676410078.539629,1.07713241782149,3.623,0.433,0.54,0.3,0.549,0.307,0.231,1.263,48.6165902406,66.0687377860639,0.0660687377860639,2.1538401413868398,Education-Focused,Complete Core Data,Complete Social Data
UGA,Uganda,2020,Sub-Saharan Africa,Low income,37600368241.6657,-0.423922683361482,2.57222181308255,984759731.680869,2.46768517919382,4.636,0.364,0.718,0.24,0.398,0.267,0.054,2.596,46.2286377993,37.600368241665706,0.0376003682416657,0.10453663388872991,Education-Focused,Complete Core Data,Complete Social Data
UKR,Ukraine,2020,Europe & Central Asia,Upper middle income,156617722013.342,-3.08458576352871,5.38230991363525,6838766421.17752,4.40031470276707,4.875,0.979,0.958,0.517,0.417,0.181,0.01,1.813,55.6479930823,156.61772201334202,0.156617722013342,0.9819952108681802,Education-Focused,Complete Core Data,Complete Social Data
URY,Uruguay,2020,Latin America & Caribbean,High income,53559359261.826,-7.40535234478858,4.55217981338501,1091535359.61401,2.05692189335606,6.431,1.164,1.042,0.649,0.625,0.128,0.223,2.6,68.9861821723,53.559359261825996,0.053559359261826,2.49525792002895,Education-Focused,Complete Core Data,Complete Social Data
USA,United States,2020,North America,High income,21060473613000.0,-2.56180738534749,5.39530992507935,778397200000.0,3.64518757294704,6.951,1.533,1.03,0.621,0.554,0.252,0.154,2.807,77.3983026693,21060.473613,21.060473613,1.7501223521323102,Education-Focused,Complete Core Data,Complete Social Data
UZB,Uzbekistan,2020,Europe & Central Asia,Lower middle income,66443265418.3086,-0.316556159759102,4.44021987915039,,,6.179,0.769,1.027,0.528,0.716,0.391,0.271,2.477,52.6454327414,66.4432654183086,0.0664432654183086,,Data Not Available,Missing Core Data,Complete Social Data
VCT,St. Vincent and the Grenadines,2020,Latin America & Caribbean,Upper middle income,864566666.666667,-3.67618803165428,5.46376310406546,,,,,,,,,,,,0.864566666666667,0.000864566666666667,,Data Not Available,Missing Core Data,Missing Social Data
VEN,"Venezuela, RB",2020,,,42838020721.1995,-28.7827745677021,,2591576.73264645,1.57552271230291,,,,,,,,,44.3865487804,42.8380207211995,0.0428380207211995,,Data Not Available,Missing Core Data,Missing Social Data
VGB,British Virgin Islands,2020,Latin America & Caribbean,High income,,,2.70539282589676,,,,,,,,,,,,,,,Data Not Available,Missing Core Data,Missing Social Data
VIR,Virgin Islands (U.S.),2020,Latin America & Caribbean,High income,4229000000.0,-1.26412494613658,,,,,,,,,,,,,4.229,0.004229,,Data Not Available,Missing Core Data,Missing Social Data
VNM,Viet Nam,2020,East Asia & Pacific,Lower middle income,346615738537.796,1.91581434772165,3.21652900152514,,,5.411,0.817,0.873,0.616,0.679,0.124,0.091,2.211,57.7758828803,346.615738537796,0.34661573853779604,,Data Not Available,Missing Core Data,Complete Social Data
VUT,Vanuatu,2020,East Asia & Pacific,Lower middle income,909421043.508407,-7.17743078607894,2.17358994483948,,,,,,,,,,,,0.909421043508407,0.000909421043508407,,Data Not Available,Missing Core Data,Missing Social Data
WSM,Samoa,2020,East Asia & Pacific,Upper middle income,868884902.953089,-4.09792925699939,4.50316850152178,,,,,,,,,,,,0.868884902953089,0.000868884902953089,,Data Not Available,Missing Core Data,Missing Social Data
XKX,Kosovo,2020,Europe & Central Asia,Upper middle income,7717143395.54732,-5.40690184268419,,78965006.2692351,1.02303890223714,6.372,0.937,0.807,0.483,0.593,0.356,0.014,3.182,,7.71714339554732,0.007717143395547321,,Data Not Available,Missing Core Data,Missing Social Data
YEM,"Yemen, Rep.",2020,"Middle East, North Africa, Afghanistan & Pakistan",Low income,,,,,,3.658,0.329,0.831,0.272,0.268,0.092,0.089,1.776,32.5679603202,,,,Data Not Available,Missing Core Data,Missing Social Data
ZAF,South Africa,2020,Sub-Saharan Africa,Upper middle income,337974655408.055,-7.67873309598839,6.17067003250122,3231017731.35778,0.956510732317856,4.956,0.967,0.895,0.265,0.447,0.144,0.051,2.187,57.7959981131,337.974655408055,0.337974655408055,5.214159300183364,Education-Focused,Complete Core Data,Complete Social Data
ZMB,Zambia,2020,Sub-Saharan Africa,Lower middle income,18137764930.651,-5.56773502453288,3.94374100561712,212142427.391566,1.16572196732911,4.073,0.528,0.552,0.231,0.487,0.227,0.074,1.975,47.935805199,18.137764930651002,0.018137764930651,2.7780190382880097,Education-Focused,Complete Core Data,Complete Social Data
ZWE,Zimbabwe,2020,Sub-Saharan Africa,Lower middle income,31980334561.3123,-9.33397144870511,,242179591.836735,0.974989311324521,3.145,0.457,0.649,0.243,0.359,0.157,0.075,1.205,45.06808797,31.9803345613123,0.0319803345613123,,Data Not Available,Missing Core Data,Missing Social Data
ABW,Aruba,2021,Latin America & Caribbean,High income,2880902798.92288,15.6755189518506,3.61855755636695,,,,,,,,,,,,2.88090279892288,0.00288090279892288,,Data Not Available,Missing Core Data,Missing Social Data
AFE,Africa Eastern and Southern,2021,,,1114144799994.21,1.8444037839531,4.36837948133246,12538942807.1952,1.14597275856757,,,,,,,,,,1114.14479999421,1.11414479999421,3.22240672276489,Education-Focused,Complete Core Data,Missing Social Data
AFG,Afghanistan,2021,"Middle East, North Africa, Afghanistan & Pakistan",Low income,14259995441.0759,-22.5844818732987,,278250788.014927,1.827933856217,2.404,0.758,0.0,0.289,0.0,0.089,0.005,1.263,34.8719830355,14.2599954410759,0.014259995441075899,,Data Not Available,Missing Core Data,Missing Social Data
AFW,Africa Western and Central,2021,,,1026651004045.79,0.154017883433298,3.09692638090381,9713964207.41475,1.13082449497043,,,,,,,,,,1026.65100404579,1.0266510040457901,1.96610188593338,Education-Focused,Complete Core Data,Missing Social Data
AGO,Angola,2021,Sub-Saharan Africa,Lower middle income,79559543805.2963,-1.0943408561201,2.29719689513241,981451011.871799,1.39322266365773,,,,,,,,,39.6134379784,79.5595438052963,0.0795595438052963,0.9039742314746799,Education-Focused,Complete Core Data,Missing Social Data
ALB,Albania,2021,Europe & Central Asia,Upper middle income,18031989573.0294,10.6641494274411,3.00555992126465,222814540.116661,1.24298808396067,5.199,1.439,0.646,0.719,0.511,0.138,0.028,1.718,59.8264182072,18.0319895730294,0.0180319895730294,1.7625718373039803,Education-Focused,Complete Core Data,Complete Social Data
AND,Andorra,2021,Europe & Central Asia,High income,3324648075.56293,6.92704485233561,2.381921736037,,,,,,,,,,,,3.32464807556293,0.00332464807556293,,Data Not Available,Missing Core Data,Missing Social Data
ARE,United Arab Emirates,2021,"Middle East, North Africa, Afghanistan & Pakistan",High income,422441388699.796,2.65160401509495,3.89404010772705,,,6.576,1.998,0.98,0.633,0.702,0.204,0.25,1.809,66.5995689808,422.441388699796,0.422441388699796,,Data Not Available,Missing Core Data,Complete Social Data
ARG,Argentina,2021,Latin America & Caribbean,Upper middle income,486564085480.036,10.1485599877349,4.65393018722534,3073433322.80813,0.631788619254705,5.967,1.592,1.102,0.662,0.555,0.081,0.085,1.891,61.4941223687,486.564085480036,0.486564085480036,4.022141567970635,Education-Focused,Complete Core Data,Complete Social Data
ARM,Armenia,2021,Europe & Central Asia,Upper middle income,13878908628.9378,5.77142760758333,2.76784992218018,619435471.710093,4.46514475903396,5.399,1.434,0.82,0.668,0.558,0.054,0.21,1.654,61.9767114858,13.878908628937799,0.0138789086289378,-1.69729483685378,Military-Focused,Complete Core Data,Complete Social Data
ASM,American Samoa,2021,East Asia & Pacific,High income,750000000.0,0.297884820349225,,,,,,,,,,,,,0.75,0.00075,,Data Not Available,Missing Core Data,Missing Social Data
ATG,Antigua and Barbuda,2021,Latin America & Caribbean,High income,1602125925.92593,7.58367481372255,2.50897393198865,,,,,,,,,,,,1.60212592592593,0.00160212592592593,,Data Not Available,Missing Core Data,Missing Social Data
AUS,Australia,2021,East Asia & Pacific,High income,1560617493202.69,1.86332687000336,5.34109020233154,32718066816.8168,1.97847691589702,7.162,1.9,1.203,0.772,0.676,0.258,0.341,2.011,78.891738172,1560.61749320269,1.56061749320269,3.36261328643452,Education-Focused,Complete Core Data,Complete Social Data
AUT,Austria,2021,Europe & Central Asia,High income,480466363176.806,4.4669658436443,5.48071002960205,4196428571.42857,0.873515488270759,7.163,1.931,1.165,0.774,0.623,0.193,0.329,2.148,79.9659816343,480.46636317680606,0.480466363176806,4.607194541331291,Education-Focused,Complete Core Data,Complete Social Data
AZE,Azerbaijan,2021,Europe & Central Asia,Upper middle income,54825411764.7059,5.15148935903709,3.7020800113678,2703176470.58824,4.93051740712765,5.173,1.458,1.093,0.56,0.601,0.023,0.341,1.098,56.0284318,54.825411764705905,0.0548254117647059,-1.2284373957598498,Military-Focused,Complete Core Data,Complete Social Data
BDI,Burundi,2021,Sub-Saharan Africa,Low income,3435598072.7935,0.462596741612089,4.87114173892375,68376397.1357831,2.04300976329884,,,,,,,,,38.1519557955,3.4355980727935,0.0034355980727934997,2.82813197562491,Education-Focused,Complete Core Data,Missing Social Data
BEL,Belgium,2021,Europe & Central Asia,High income,598522422241.851,5.8180102265206,6.38081979751587,6239356669.82025,1.04263994220028,6.805,1.907,1.106,0.764,0.492,0.049,0.204,2.283,76.7219472984,598.5224222418509,0.5985224222418509,5.33817985531559,Education-Focused,Complete Core Data,Complete Social Data
BEN,Benin,2021,Sub-Saharan Africa,Lower middle income,17687623530.3355,4.41335435119757,3.09692638090381,97424488.8098852,0.550883648806243,4.623,0.932,0.064,0.335,0.479,0.127,0.23,2.458,48.1903445233,17.6876235303355,0.017687623530335497,2.5460427320975674,Education-Focused,Complete Core Data,Complete Social Data
BFA,Burkina Faso,2021,Sub-Saharan Africa,Low income,19697516284.3787,4.43100540861892,5.24913346712028,458279098.444886,2.33362863136249,4.67,0.779,0.565,0.32,0.382,0.186,0.126,2.313,45.7993566128,19.6975162843787,0.0196975162843787,2.91550483575779,Education-Focused,Complete Core Data,Complete Social Data
BGD,Bangladesh,2021,South Asia,Lower middle income,416271647911.014,6.07069417020969,2.17090882504654,4849929469.84836,1.16873060016575,5.155,1.06,0.614,0.581,0.622,0.125,0.187,1.967,47.6353287396,416.271647911014,0.41627164791101395,1.0021782248807898,Education-Focused,Complete Core Data,Complete Social Data
BGR,Bulgaria,2021,Europe & Central Asia,High income,84374613233.36,8.54724211432547,4.7092399597168,1275244890.55509,1.5107237100085,5.371,1.625,1.163,0.64,0.563,0.123,0.021,1.235,65.4186983246,84.37461323336,0.08437461323336,3.1985162497083004,Education-Focused,Complete Core Data,Complete Social Data
BHR,Bahrain,2021,"Middle East, North Africa, Afghanistan & Pakistan",High income,40840212765.9574,2.11919822497499,1.85115940115918,1437500000.0,3.51979682208909,6.647,1.854,1.029,0.625,0.693,0.199,0.155,2.092,59.8707212778,40.840212765957396,0.040840212765957395,-1.66863742092991,Military-Focused,Complete Core Data,Complete Social Data
BHS,"Bahamas, The",2021,Latin America & Caribbean,High income,12037000000.0,17.434844816468,3.04890655208507,,,,,,,,,,,,12.037,0.012037,,Data Not Available,Missing Core Data,Missing Social Data
BIH,Bosnia and Herzegovina,2021,Europe & Central Asia,Upper middle income,23672712121.2671,9.19342480517756,4.13622999191284,209721886.336155,0.886133600491203,5.768,1.468,1.068,0.665,0.448,0.244,0.006,1.869,58.5214511679,23.6727121212671,0.023672712121267103,3.250096391421637,Education-Focused,Complete Core Data,Complete Social Data
BLR,Belarus,2021,Europe & Central Asia,Upper middle income,69673747131.87,3.29081749370279,4.60641002655029,951238823.019656,1.36528926554311,5.821,1.562,1.157,0.629,0.342,0.04,0.282,1.811,59.5238821846,69.67374713187,0.06967374713187,3.2411207610071804,Education-Focused,Complete Core Data,Complete Social Data
BLZ,Belize,2021,Latin America & Caribbean,Upper middle income,2428606250.0,16.6367646067625,5.96298980712891,26703375.0,1.0975102664713,,,,,,,,,55.8024595399,2.42860625,0.00242860625,4.86547954065761,Education-Focused,Complete Core Data,Missing Social Data
BMU,Bermuda,2021,North America,High income,7290037000.0,4.17701251227291,1.94565325816336,,,,,,,,,,,,7.290037,0.007290037,,Data Not Available,Missing Core Data,Missing Social Data
BOL,Bolivia,2021,Latin America & Caribbean,Lower middle income,47877892402.3155,8.91320528866063,7.96216011047363,536247233.213096,1.32579943750687,5.6,1.256,0.88,0.555,0.627,0.112,0.064,2.107,52.8471268552,47.877892402315496,0.0478778924023155,6.63636067296676,Education-Focused,Complete Core Data,Complete Social Data
BRA,Brazil,2021,Latin America & Caribbean,Upper middle income,1670647464062.96,4.3179316178023,5.4969801902771,19187122475.4493,1.14903763026142,6.293,1.462,1.044,0.615,0.546,0.131,0.134,2.361,60.2284267869,1670.64746406296,1.67064746406296,4.34794256001568,Education-Focused,Complete Core Data,Complete Social Data
BRB,Barbados,2021,Latin America & Caribbean,High income,5947550000.0,-0.255760855683505,4.49793004989624,,,,,,,,,,,,5.94755,0.00594755,,Data Not Available,Missing Core Data,Missing Social Data
BRN,Brunei Darussalam,2021,East Asia & Pacific,High income,14006496617.4458,-2.53123842091919,,453337798.615762,3.23636748209722,,,,,,,,,,14.006496617445801,0.014006496617445801,,Data Not Available,Missing Core Data,Missing Social Data
BTN,Bhutan,2021,South Asia,Lower middle income,2768802960.11204,3.68935319221934,6.5983860642268,,,,,,,,,,,,2.76880296011204,0.00276880296011204,,Data Not Available,Missing Core Data,Missing Social Data
BWA,Botswana,2021,Sub-Saharan Africa,Upper middle income,18750182236.2211,10.2596472128547,,536630400.905482,3.04556932426419,3.471,1.503,0.815,0.28,0.571,0.012,0.102,0.187,57.8010509502,18.7501822362211,0.0187501822362211,,Data Not Available,Missing Core Data,Missing Social Data
CAF,Central African Republic,2021,Sub-Saharan Africa,Low income,2516498412.46384,-0.705468755505223,1.8725169173301,55515012.0969341,2.14924843936704,,,,,,,,,33.2937015973,2.51649841246384,0.00251649841246384,-0.2767315220369402,Military-Focused,Complete Core Data,Missing Social Data
CAN,Canada,2021,North America,High income,2022378748423.23,5.36528781293082,4.74858999252319,25362240829.3461,1.25420081409628,7.025,1.886,1.188,0.783,0.659,0.217,0.368,1.924,79.1589753093,2022.37874842323,2.02237874842323,3.4943891784269097,Education-Focused,Complete Core Data,Complete Social Data
CHE,Switzerland,2021,Europe & Central Asia,High income,815309330986.719,4.75464519304134,5.02535009384155,5485229759.29978,0.67289247365512,7.512,2.026,1.226,0.822,0.677,0.147,0.461,2.153,83.3514512851,815.309330986719,0.815309330986719,4.3524576201864305,Education-Focused,Complete Core Data,Complete Social Data
CHI,Channel Islands,2021,Europe & Central Asia,High income,11157540109.8939,9.60318203511517,,,,,,,,,,,,,11.1575401098939,0.0111575401098939,,Data Not Available,Missing Core Data,Missing Social Data
CHL,Chile,2021,Latin America & Caribbean,High income,315325547162.072,10.824550522267,5.00225019454956,5194059174.29763,1.6474241515743,6.172,1.651,1.08,0.748,0.46,0.124,0.069,2.04,69.2185230408,315.32554716207204,0.315325547162072,3.35482604297526,Education-Focused,Complete Core Data,Complete Social Data
CHN,China,2021,East Asia & Pacific,Upper middle income,18201698719564.0,8.47322717245602,,285930518056.053,1.60525971842503,5.585,1.508,0.958,0.705,0.656,0.099,0.142,1.516,61.4623578343,18201.698719564,18.201698719564,,Data Not Available,Missing Core Data,Missing Social Data
CIV,Cote d'Ivoire,2021,Sub-Saharan Africa,Lower middle income,72794636653.7793,4.44709198559022,3.32717990875244,637656912.817499,0.876213826792915,5.235,1.094,0.442,0.322,0.451,0.149,0.124,2.652,48.6033659217,72.79463665377929,0.07279463665377929,2.450966081959525,Education-Focused,Complete Core Data,Complete Social Data
CMR,Cameroon,2021,Sub-Saharan Africa,Lower middle income,45011937346.8384,0.631351991581198,2.8493076272306,443336832.005677,0.985208787517684,5.048,0.968,0.672,0.317,0.397,0.152,0.074,2.469,42.5878933918,45.0119373468384,0.0450119373468384,1.864098839712916,Education-Focused,Complete Core Data,Complete Social Data
COD,"Congo, Dem. Rep.",2021,Sub-Saharan Africa,Low income,59067289573.5102,3.03871005349485,2.66048474102788,306078782.560613,0.533178814847647,,,,,,,,,35.6179476392,59.0672895735102,0.0590672895735102,2.1273059261802327,Education-Focused,Complete Core Data,Missing Social Data
COG,"Congo, Rep.",2021,Sub-Saharan Africa,Lower middle income,14825690210.9157,-1.37465389510481,3.31281536274069,313055831.486947,2.34034890602655,,,,,,,,,42.4884160321,14.8256902109157,0.0148256902109157,0.9724664567141401,Education-Focused,Complete Core Data,Missing Social Data
COL,Colombia,2021,Latin America & Caribbean,Upper middle income,318524633225.395,9.5929782838861,,10180134292.0766,3.1957582534691,5.781,1.452,0.929,0.72,0.545,0.087,0.077,1.971,58.7277390711,318.524633225395,0.31852463322539504,,Data Not Available,Missing Core Data,Missing Social Data
COM,Comoros,2021,Sub-Saharan Africa,Lower middle income,1272238390.85864,0.0041312853108195,2.27485390045927,,,4.609,0.899,0.476,0.424,0.185,0.195,0.125,2.304,46.9841704601,1.2722383908586399,0.00127223839085864,,Data Not Available,Missing Core Data,Complete Social Data
CPV,Cabo Verde,2021,Sub-Saharan Africa,Upper middle income,2051842618.70539,6.62540765957627,6.15490303089284,11213723.4293559,0.546659834120196,,,,,,,,,58.2515800926,2.05184261870539,0.0020518426187053898,5.608243196772644,Education-Focused,Complete Core Data,Missing Social Data
CRI,Costa Rica,2021,Latin America & Caribbean,High income,64960725734.1965,7.38823226408623,6.24842977523804,0.0,,6.582,1.584,1.054,0.744,0.661,0.089,0.102,2.346,68.8000697756,64.9607257341965,0.0649607257341965,,Data Not Available,Missing Core Data,Complete Social Data
CUB,Cuba,2021,Latin America & Caribbean,Upper middle income,,1.74778827156759,9.3858620562531,,,,,,,,,,,53.7750359159,,,,Data Not Available,Missing Core Data,Missing Social Data
CUW,Curacao,2021,Latin America & Caribbean,High income,2739594359.5908,5.2218404810947,6.18160236726664,,,,,,,,,,,,2.7395943595907997,0.0027395943595908,,Data Not Available,Missing Core Data,Missing Social Data
CYM,Cayman Islands,2021,Latin America & Caribbean,High income,6060813808.15072,2.73935936787683,1.31253004074097,,,,,,,,,,,,6.060813808150719,0.00606081380815072,,Data Not Available,Missing Core Data,Missing Social Data
CYP,Cyprus,2021,Europe & Central Asia,High income,30372642502.4897,9.74651161533515,5.08247995376587,541804635.761589,1.78406744246115,6.221,1.815,0.909,0.819,0.448,0.123,0.062,2.044,71.2171667408,30.3726425024897,0.0303726425024897,3.2984125113047202,Education-Focused,Complete Core Data,Complete Social Data
CZE,Czechia,2021,Europe & Central Asia,High income,290972714482.313,5.93106968937249,4.65163993835449,3935630965.0053,1.35325325729994,6.92,1.815,1.26,0.715,0.66,0.158,0.048,2.263,74.0935682283,290.972714482313,0.290972714482313,3.2983866810545504,Education-Focused,Complete Core Data,Complete Social Data
DEU,Germany,2021,Europe & Central Asia,High income,4355251953410.78,3.86602720371127,5.36734008789062,56513126773.8884,1.29982374349238,7.034,1.924,1.088,0.776,0.585,0.163,0.358,2.142,81.1107356918,4355.25195341078,4.35525195341078,4.067516344398239,Education-Focused,Complete Core Data,Complete Social Data
DJI,Djibouti,2021,"Middle East, North Africa, Afghanistan & Pakistan",Lower middle income,3392796953.08939,2.91169899255628,,,,,,,,,,,,48.2955242769,3.3927969530893898,0.00339279695308939,,Data Not Available,Missing Core Data,Missing Social Data
DMA,Dominica,2021,Latin America & Caribbean,Upper middle income,562911111.111111,5.96160559948913,5.71689183034862,,,,,,,,,,,,0.562911111111111,0.000562911111111111,,Data Not Available,Missing Core Data,Missing Social Data
DNK,Denmark,2021,Europe & Central Asia,High income,406110162088.054,6.03966577353796,6.95915985107422,5273695928.75318,1.29155763565745,7.636,1.953,1.243,0.777,0.719,0.188,0.532,2.226,84.2688393765,406.11016208805404,0.406110162088054,5.667602215416769,Education-Focused,Complete Core Data,Complete Social Data
DOM,Dominican Republic,2021,Latin America & Caribbean,Upper middle income,94850719516.7127,12.8319080410071,3.58043271614957,611467713.114467,0.647239948925026,5.737,1.538,1.003,0.577,0.606,0.084,0.179,1.751,59.0812327321,94.8507195167127,0.09485071951671271,2.933192767224544,Education-Focused,Complete Core Data,Complete Social Data
DZA,Algeria,2021,"Middle East, North Africa, Afghanistan & Pakistan",Upper middle income,186231205262.082,2.13263632683078,5.51403281769924,9112461105.34894,4.89003270596997,5.122,1.363,0.97,0.643,0.146,0.106,0.15,1.744,51.951701447,186.231205262082,0.186231205262082,0.62400011172927,Education-Focused,Complete Core Data,Complete Social Data
EAR,Early-demographic dividend,2021,,,12695008338487.8,6.38306600309679,3.86070382057691,264377478885.624,2.24523459345173,,,,,,,,,,12695.008338487802,12.695008338487801,1.61546922712518,Education-Focused,Complete Core Data,Missing Social Data
ECS,Europe & Central Asia,2021,,,25572901699926.6,6.71686624708425,4.7092399597168,438569906640.472,1.73122322956238,,,,,,,,,,25572.901699926602,25.5729016999266,2.9780167301544207,Education-Focused,Complete Core Data,Missing Social Data
ECU,Ecuador,2021,Latin America & Caribbean,Upper middle income,107179074000.0,8.57789544186942,3.65649008750915,2408810000.0,2.24210709535338,5.533,1.352,0.879,0.708,0.565,0.08,0.083,1.866,57.1864900326,107.179074,0.107179074,1.4143829921557698,Education-Focused,Complete Core Data,Complete Social Data
EGY,"Egypt, Arab Rep.",2021,"Middle East, North Africa, Afghanistan & Pakistan",Lower middle income,424671765455.704,1.76220484283698,,5165445626.55285,1.12200927143154,4.288,1.388,0.732,0.548,0.469,0.041,0.254,0.856,48.4126884176,424.67176545570396,0.42467176545570395,,Data Not Available,Missing Core Data,Missing Social Data
ERI,Eritrea,2021,Sub-Saharan Africa,Low income,,,,,,,,,,,,,,35.9170484433,,,,Data Not Available,Missing Core Data,Missing Social Data
ESP,Spain,2021,Europe & Central Asia,High income,1461244901852.69,6.49336738803039,4.81316995620728,19544465468.3065,1.33768901652321,6.476,1.808,1.211,0.808,0.505,0.101,0.149,1.893,75.6651492658,1461.24490185269,1.4612449018526898,3.47548093968407,Education-Focused,Complete Core Data,Complete Social Data
EST,Estonia,2021,Europe & Central Asia,High income,37201101170.5847,8.14019436008853,5.21514987945557,748580889.309366,2.01231933389152,6.341,1.793,1.232,0.728,0.689,0.123,0.333,1.442,76.5087390782,37.2011011705847,0.0372011011705847,3.20283054556405,Education-Focused,Complete Core Data,Complete Social Data
ETH,Ethiopia,2021,,,109070960371.859,2.85565763078523,4.06524874309096,1595543729.01487,1.60917093329444,,,,,,,,,42.2783764348,109.07096037185899,0.109070960371859,2.45607780979652,Education-Focused,Complete Core Data,Missing Social Data
FIN,Finland,2021,Europe & Central Asia,High income,294223210496.119,2.46373050011893,6.58820009231567,3831598864.71145,1.30243925969996,7.821,1.892,1.258,0.775,0.736,0.109,0.534,2.518,82.9938674904,294.223210496119,0.294223210496119,5.28576083261571,Education-Focused,Complete Core Data,Complete Social Data
FJI,Fiji,2021,East Asia & Pacific,Upper middle income,4158873156.17978,-4.52835673234897,4.8526862712935,68726851.8518519,1.59594278733602,,,,,,,,,,4.15887315617978,0.00415887315617978,3.25674348395748,Education-Focused,Complete Core Data,Missing Social Data
FRA,France,2021,Europe & Central Asia,High income,2966433692008.09,6.50155219757207,5.41743993759155,58734626300.8515,1.98022225807935,6.687,1.863,1.219,0.808,0.567,0.07,0.266,1.895,76.7692994365,2966.43369200809,2.96643369200809,3.4372176795122,Education-Focused,Complete Core Data,Complete Social Data
FRO,Faroe Islands,2021,Europe & Central Asia,High income,3699551717.10561,3.62528832707658,,,,,,,,,,,,,3.69955171710561,0.00369955171710561,,Data Not Available,Missing Core Data,Missing Social Data
FSM,"Micronesia, Fed. Sts.",2021,East Asia & Pacific,Lower middle income,391601900.0,2.445766552558,,,,,,,,,,,,,0.3916019,0.0003916019,,Data Not Available,Missing Core Data,Missing Social Data
GAB,Gabon,2021,Sub-Saharan Africa,Upper middle income,19444935097.2395,-0.845244789196116,2.7007928993976,311454928.635429,1.60218113320742,4.958,1.459,0.738,0.396,0.343,0.032,0.099,1.892,48.247196519,19.444935097239497,0.019444935097239498,1.0986117661901798,Education-Focused,Complete Core Data,Complete Social Data
GBR,United Kingdom,2021,Europe & Central Asia,High income,3194559188925.93,8.15420782581518,5.90681982040405,65148595797.7992,2.07241748249759,6.943,1.867,1.143,0.75,0.597,0.289,0.329,1.967,80.0168275124,3194.5591889259304,3.1945591889259304,3.83440233790646,Education-Focused,Complete Core Data,Complete Social Data
GEO,Georgia,2021,Europe & Central Asia,Upper middle income,18853115588.8106,11.0650780067831,3.59441995620727,300489434.431324,1.59240624613036,4.973,1.467,0.612,0.595,0.508,0.0,0.208,1.583,62.2092473697,18.8531155888106,0.0188531155888106,2.00201371007691,Education-Focused,Complete Core Data,Complete Social Data
GHA,Ghana,2021,Sub-Saharan Africa,Lower middle income,79514204730.3979,3.03800270044563,3.4005042684722,298345433.057572,0.382741906430833,4.872,1.112,0.595,0.409,0.5,0.23,0.056,1.972,54.6230504363,79.5142047303979,0.0795142047303979,3.0177623620413674,Education-Focused,Complete Core Data,Complete Social Data
GIB,Gibraltar,2021,Europe & Central Asia,High income,,,,,,,,,,,,,,,,,,Data Not Available,Missing Core Data,Missing Social Data
GIN,Guinea,2021,Sub-Saharan Africa,Lower middle income,17069115737.8259,2.96921009369555,2.04074820610586,244558590.415803,1.54641182201592,4.891,0.848,0.566,0.275,0.334,0.214,0.116,2.538,44.0931266306,17.0691157378259,0.0170691157378259,0.4943363840899402,Education-Focused,Complete Core Data,Complete Social Data
GMB,"Gambia, The",2021,Sub-Saharan Africa,Low income,2014158842.14596,2.79304588389131,3.04477694635226,15874259.8668246,0.775165384461361,5.164,0.785,0.621,0.369,0.367,0.388,0.103,2.531,50.6709899732,2.01415884214596,0.00201415884214596,2.269611561890899,Education-Focused,Complete Core Data,Complete Social Data
GNB,Guinea-Bissau,2021,Sub-Saharan Africa,Low income,1908094558.33981,2.72457259949626,,25673740.3256251,1.46036445301284,,,,,,,,,42.6472910275,1.90809455833981,0.0019080945583398099,,Data Not Available,Missing Core Data,Missing Social Data
GNQ,Equatorial Guinea,2021,Sub-Saharan Africa,Upper middle income,12215878032.7166,-1.56652040015599,,162807132.671218,1.34533764165546,,,,,,,,,46.3703957122,12.215878032716601,0.0122158780327166,,Data Not Available,Missing Core Data,Missing Social Data
GRC,Greece,2021,Europe & Central Asia,High income,218303801895.326,9.98468495798464,,8299905392.62063,3.80247367841764,5.948,1.703,0.98,0.774,0.249,0.015,0.108,2.119,67.7118438266,218.303801895326,0.218303801895326,,Data Not Available,Missing Core Data,Missing Social Data
GRD,Grenada,2021,Latin America & Caribbean,Upper middle income,1122222222.22222,4.38638000986352,4.09030334217367,,,,,,,,,,,,1.12222222222222,0.00112222222222222,,Data Not Available,Missing Core Data,Missing Social Data
GRL,Greenland,2021,Europe & Central Asia,High income,3293578467.57327,1.12101711638257,,,,,,,,,,,,,3.29357846757327,0.0032935784675732697,,Data Not Available,Missing Core Data,Missing Social Data
GTM,Guatemala,2021,Latin America & Caribbean,Upper middle income,86455522272.7383,6.56016035862335,3.09189009666443,337658309.640734,0.390634304160435,6.262,1.274,0.831,0.522,0.662,0.112,0.115,2.746,54.0182186803,86.45552227273829,0.0864555222727383,2.701255792503995,Education-Focused,Complete Core Data,Complete Social Data
GUM,Guam,2021,East Asia & Pacific,High income,6234000000.0,1.07830501841417,,,,,,,,,,,,,6.234,0.006234,,Data Not Available,Missing Core Data,Missing Social Data
GUY,Guyana,2021,Latin America & Caribbean,High income,8041362110.31175,18.8820438552858,,76544945.1631718,0.954930861063661,,,,,,,,,56.2850549859,8.04136211031175,0.008041362110311751,,Data Not Available,Missing Core Data,Missing Social Data
HKG,"Hong Kong SAR, China",2021,East Asia & Pacific,High income,368954169748.818,7.42950941492767,4.00030994415283,,,,,,,,,,,78.1054395542,368.954169748818,0.368954169748818,,Data Not Available,Missing Core Data,Missing Social Data
HND,Honduras,2021,Latin America & Caribbean,Lower middle income,28144331506.6149,10.7029903655951,5.88160201792279,420766993.518365,1.49821773541885,6.022,1.111,0.885,0.555,0.582,0.202,0.076,2.611,52.7426580333,28.144331506614897,0.028144331506614897,4.383384282503941,Education-Focused,Complete Core Data,Complete Social Data
HRV,Croatia,2021,Europe & Central Asia,High income,69002365163.3368,13.6550314478241,4.0916600227356,1360346003.46448,1.97150113166485,6.125,1.705,1.183,0.709,0.535,0.109,0.0,1.884,67.5005617536,69.0023651633368,0.06900236516333681,2.12015889107075,Education-Focused,Complete Core Data,Complete Social Data
HTI,Haiti,2021,Latin America & Caribbean,Lower middle income,20944387975.7051,-2.92695804339543,1.24275181117048,29230408.2065952,0.153942307239608,,,,,,,,,40.2158979784,20.9443879757051,0.020944387975705102,1.088809503930872,Education-Focused,Complete Core Data,Missing Social Data
HUN,Hungary,2021,Europe & Central Asia,High income,183282685440.486,7.66253175353751,4.65407991409302,2409589009.47425,1.31520993597457,6.086,1.748,1.233,0.668,0.485,0.078,0.064,1.812,66.3682731997,183.282685440486,0.18328268544048598,3.33886997811845,Education-Focused,Complete Core Data,Complete Social Data
IDB,IDA blend,2021,,,1369357769886.58,2.21278970215491,3.14335470187693,19491279669.6315,1.67761498291989,,,,,,,,,,1369.3577698865802,1.36935776988658,1.4657397189570398,Education-Focused,Complete Core Data,Missing Social Data
IDN,Indonesia,2021,East Asia & Pacific,Upper middle income,1186509691086.73,2.97476192227879,1.03221750658374,8802514800.45036,0.741525844917975,5.24,1.382,0.883,0.539,0.62,0.468,0.047,1.3,60.9987095985,1186.50969108673,1.1865096910867299,0.290691661665765,Education-Focused,Complete Core Data,Complete Social Data
IMN,Isle of Man,2021,Europe & Central Asia,High income,7931193222.06405,3.78598283934312,,,,,,,,,,,,,7.931193222064049,0.007931193222064049,,Data Not Available,Missing Core Data,Missing Social Data
IND,India,2021,South Asia,Lower middle income,3167270623260.47,8.79093447676263,4.62949991226196,76348538793.9209,2.46874153034185,3.777,1.167,0.376,0.471,0.647,0.198,0.123,0.795,54.0338167419,3167.27062326047,3.16727062326047,2.16075838192011,Education-Focused,Complete Core Data,Complete Social Data
IRL,Ireland,2021,Europe & Central Asia,High income,530394123829.763,14.6467292457005,2.90461993217468,1267738883.63292,0.238637692712824,7.041,2.129,1.166,0.779,0.627,0.19,0.408,1.743,80.4649523869,530.394123829763,0.530394123829763,2.6659822394618558,Education-Focused,Complete Core Data,Complete Social Data
IRN,"Iran, Islamic Rep.",2021,"Middle East, North Africa, Afghanistan & Pakistan",Upper middle income,407350685583.335,3.26912440288719,,5699580109.49925,2.22394282528392,4.888,1.41,0.741,0.642,0.281,0.241,0.146,1.427,47.975334882,407.350685583335,0.40735068558333504,,Data Not Available,Missing Core Data,Missing Social Data
IRQ,Iraq,2021,"Middle East, North Africa, Afghanistan & Pakistan",Upper middle income,209691945713.103,-0.74745630947109,,4771002728.73904,2.26111174702371,4.941,1.289,0.682,0.554,0.328,0.147,0.046,1.894,43.9138805209,209.691945713103,0.20969194571310298,,Data Not Available,Missing Core Data,Missing Social Data
ISL,Iceland,2021,Europe & Central Asia,High income,26234872402.457,3.47038534143127,8.2265796661377,0.0,,7.557,1.936,1.32,0.803,0.718,0.27,0.191,2.32,80.7158021085,26.234872402457,0.026234872402457,,Data Not Available,Missing Core Data,Complete Social Data
ISR,Israel,2021,"Middle East, North Africa, Afghanistan & Pakistan",High income,489851549972.347,7.56395048301559,6.16727018356323,24340979541.2275,4.9349458892043,7.364,1.826,1.221,0.818,0.568,0.155,0.143,2.634,72.1178803179,489.85154997234696,0.489851549972347,1.2323242943589294,Education-Focused,Complete Core Data,Complete Social Data
ITA,Italy,2021,Europe & Central Asia,High income,2179207773596.09,9.49416108466208,4.17118978500366,36232722327.3415,1.66286387777873,6.467,1.834,1.052,0.801,0.412,0.085,0.059,2.222,72.7084430866,2179.20777359609,2.17920777359609,2.5083259072249304,Education-Focused,Complete Core Data,Complete Social Data
JAM,Jamaica,2021,Latin America & Caribbean,Upper middle income,15963885376.3537,5.44605052451513,5.63122987747192,217577299.176505,1.46676867767402,5.85,1.296,1.045,0.646,0.567,0.08,0.053,2.164,61.4042125836,15.963885376353701,0.015963885376353702,4.1644611997979,Education-Focused,Complete Core Data,Complete Social Data
JOR,Jordan,2021,"Middle East, North Africa, Afghanistan & Pakistan",Lower middle income,46296100140.8451,1.77173055809841,3.13837003707886,2176760563.38028,4.70182146525246,4.152,1.324,0.724,0.675,0.476,0.058,0.2,0.695,57.7143765412,46.2961001408451,0.0462961001408451,-1.5634514281736003,Military-Focused,Complete Core Data,Complete Social Data
JPN,Japan,2021,East Asia & Pacific,High income,5039148168861.22,3.17001738751661,3.33663988113403,53602002568.6803,1.06384050244526,6.039,1.835,1.089,0.866,0.537,0.007,0.218,1.487,78.0016709499,5039.148168861219,5.03914816886122,2.27279937868877,Education-Focused,Complete Core Data,Complete Social Data
KAZ,Kazakhstan,2021,Europe & Central Asia,Upper middle income,197112255360.612,2.91864170117744,4.38569397571466,1617793374.99735,0.819281683646492,6.234,1.668,1.22,0.611,0.584,0.134,0.157,1.86,59.3181340583,197.112255360612,0.197112255360612,3.566412292068168,Education-Focused,Complete Core Data,Complete Social Data
KEN,Kenya,2021,Sub-Saharan Africa,Lower middle income,109703658904.994,5.5651365159048,4.89040202257195,1191035199.16162,1.07720025210221,4.543,1.032,0.605,0.401,0.44,0.322,0.082,1.661,51.2051075096,109.703658904994,0.109703658904994,3.81320177046974,Education-Focused,Complete Core Data,Complete Social Data
KGZ,Kyrgyz Republic,2021,Europe & Central Asia,Lower middle income,9249133946.26531,3.58776993335192,5.16667985916138,262700109.875829,2.840273087853,,,,,,,,,56.3425906131,9.24913394626531,0.00924913394626531,2.32640677130838,Education-Focused,Complete Core Data,Missing Social Data
KHM,Cambodia,2021,East Asia & Pacific,Lower middle income,36790163687.4421,1.57862051550094,1.96232691812756,630407255.027116,1.70160776824328,4.64,1.019,0.732,0.505,0.74,0.166,0.068,1.41,49.1098964267,36.7901636874421,0.036790163687442104,0.26071914988428,Education-Focused,Complete Core Data,Complete Social Data
KIR,Kiribati,2021,East Asia & Pacific,Lower middle income,285259881.131951,6.55480705923502,13.9871516883117,,,,,,,,,,,,0.285259881131951,0.000285259881131951,,Data Not Available,Missing Core Data,Missing Social Data
KNA,St. Kitts and Nevis,2021,Latin America & Caribbean,High income,858622222.222222,0.597261391032816,2.78379011154175,,,,,,,,,,,,0.858622222222222,0.0008586222222222219,,Data Not Available,Missing Core Data,Missing Social Data
KOR,"Korea, Rep.",2021,East Asia & Pacific,High income,1942313560965.9,4.747751556973,4.55590009689331,50873788105.2917,2.61904941244001,5.935,1.851,0.886,0.841,0.414,0.111,0.176,1.656,73.4966362217,1942.3135609658998,1.9423135609659,1.9368506844532996,Education-Focused,Complete Core Data,Complete Social Data
KWT,Kuwait,2021,"Middle East, North Africa, Afghanistan & Pakistan",High income,148350671489.144,2.59077518987651,7.76246706467929,9024335548.17276,6.35158136559629,6.106,1.904,0.983,0.747,0.617,0.087,0.147,1.621,60.4082719667,148.35067148914402,0.14835067148914402,1.4108856990830008,Education-Focused,Complete Core Data,Complete Social Data
LAO,Lao PDR,2021,East Asia & Pacific,Lower middle income,18827148530.9347,1.06109059992194,1.85949176876536,,,5.14,1.239,0.654,0.479,0.679,0.197,0.184,1.709,50.2900271614,18.8271485309347,0.0188271485309347,,Data Not Available,Missing Core Data,Complete Social Data
LBN,Lebanon,2021,"Middle East, North Africa, Afghanistan & Pakistan",Lower middle income,23131941556.7843,-7.25697163046323,,171587395.957194,1.60905429967969,2.955,1.392,0.498,0.631,0.103,0.082,0.034,0.216,53.7159653936,23.1319415567843,0.023131941556784302,,Data Not Available,Missing Core Data,Missing Social Data
LBR,Liberia,2021,Sub-Saharan Africa,Low income,3513049500.0,2.7936852774608,2.4235999584198,29723000.0,0.847050441721288,5.122,0.636,0.67,0.309,0.405,0.178,0.08,2.844,44.8164413284,3.5130495,0.0035130495,1.576549516698512,Education-Focused,Complete Core Data,Complete Social Data
LBY,Libya,2021,"Middle East, North Africa, Afghanistan & Pakistan",Upper middle income,35217995647.2862,26.6853936559494,,,,5.33,1.476,0.943,0.606,0.477,0.106,0.179,1.544,42.6139099153,35.2179956472862,0.0352179956472862,,Data Not Available,Missing Core Data,Missing Social Data
LCA,St. Lucia,2021,Latin America & Caribbean,Upper middle income,1867185185.18518,11.4287492509851,5.86197746335882,,,,,,,,,,,,1.86718518518518,0.0018671851851851798,,Data Not Available,Missing Core Data,Missing Social Data
LCN,Latin America & Caribbean,2021,,,5382862734265.64,6.44763628230977,4.08717467298944,55911119771.4603,1.13262729986955,,,,,,,,,,5382.86273426564,5.38286273426564,2.9545473731198904,Education-Focused,Complete Core Data,Missing Social Data
LIE,Liechtenstein,2021,Europe & Central Asia,High income,7912602342.18895,,,,,,,,,,,,,,7.91260234218895,0.00791260234218895,,Data Not Available,Missing Core Data,Missing Social Data
LKA,Sri Lanka,2021,South Asia,Lower middle income,88556698937.7033,3.09278196860629,1.50650579603928,1539694803.94051,1.71265688710699,4.362,1.415,0.934,0.66,0.529,0.15,0.079,0.595,57.2140567861,88.55669893770329,0.0885566989377033,-0.20615109106771,Military-Focused,Complete Core Data,Complete Social Data
LSO,Lesotho,2021,Sub-Saharan Africa,Lower middle income,2412130056.55851,1.09935782526551,,37044054.9502605,1.53556597959744,3.512,0.839,0.848,0.0,0.419,0.076,0.018,1.312,45.9263289404,2.4121300565585098,0.00241213005655851,,Data Not Available,Missing Core Data,Missing Social Data
LTE,Late-demographic dividend,2021,,,27284231194748.9,7.4083115375976,4.42390200914334,468311742644.56,1.80979578735661,,,,,,,,,,27284.2311947489,27.284231194748898,2.6141062217867304,Education-Focused,Complete Core Data,Missing Social Data
LTU,Lithuania,2021,Europe & Central Asia,High income,67037321008.9679,6.45535837727842,4.23977994918823,1306764427.62535,1.94955292042791,6.446,1.804,1.204,0.659,0.496,0.053,0.077,2.153,71.2129394569,67.03732100896791,0.0670373210089679,2.2902270287603197,Education-Focused,Complete Core Data,Complete Social Data
LUX,Luxembourg,2021,Europe & Central Asia,High income,86386759695.1653,5.31843087794495,3.68531990051269,403263954.588458,0.47124923612019,7.404,2.209,1.155,0.79,0.7,0.12,0.388,2.042,81.6216974386,86.3867596951653,0.0863867596951653,3.2140706643925,Education-Focused,Complete Core Data,Complete Social Data
LVA,Latvia,2021,Europe & Central Asia,High income,38183326784.9335,7.8481957927218,4.76774978637695,823084200.567644,2.15577987505149,6.18,1.732,1.221,0.637,0.502,0.075,0.09,1.923,72.132284977,38.1833267849335,0.038183326784933504,2.6119699113254597,Education-Focused,Complete Core Data,Complete Social Data
MAC,"Macao SAR, China",2021,East Asia & Pacific,High income,30633941629.3633,22.9825542159725,5.10697984695435,,,,,,,,,,,,30.6339416293633,0.0306339416293633,,Data Not Available,Missing Core Data,Missing Social Data
MAF,St. Martin (French part),2021,Latin America & Caribbean,High income,649206262.847519,11.2897229582813,,,,,,,,,,,,,0.649206262847519,0.0006492062628475191,,Data Not Available,Missing Core Data,Missing Social Data
MAR,Morocco,2021,"Middle East, North Africa, Afghanistan & Pakistan",Lower middle income,142022058447.231,7.0606299574828,5.64273401285138,5378366535.20747,3.74975618124605,5.06,1.208,0.268,0.565,0.492,0.02,0.102,2.405,54.8542053647,142.022058447231,0.14202205844723098,1.8929778316053305,Education-Focused,Complete Core Data,Complete Social Data
MCO,Monaco,2021,Europe & Central Asia,High income,8623242743.29564,20.7188673661029,1.41926002502441,,,,,,,,,,,,8.623242743295641,0.008623242743295642,,Data Not Available,Missing Core Data,Missing Social Data
MDA,Moldova,2021,Europe & Central Asia,Upper middle income,13691869264.0794,15.6557976122015,5.82405996322632,51303602.8823058,0.370579924924369,,,,,,,,,58.1472771896,13.691869264079399,0.0136918692640794,5.453480038301951,Education-Focused,Complete Core Data,Missing Social Data
MDG,Madagascar,2021,Sub-Saharan Africa,Low income,14354731964.3258,2.05115869903585,3.19807542117225,99185920.0335487,0.67886477563931,4.339,0.67,0.645,0.378,0.202,0.143,0.154,2.148,45.279873645,14.3547319643258,0.0143547319643258,2.51921064553294,Education-Focused,Complete Core Data,Complete Social Data
MDV,Maldives,2021,South Asia,Upper middle income,5252457369.55218,33.7685588624398,4.61379747500137,,,,,,,,,,,,5.252457369552181,0.00525245736955218,,Data Not Available,Missing Core Data,Missing Social Data
MEX,Mexico,2021,Latin America & Caribbean,Upper middle income,1316569466685.95,5.34306679586261,4.23823976516724,8680832593.46947,0.659404192954647,6.128,1.552,0.886,0.623,0.621,0.092,0.115,2.239,59.7701025063,1316.56946668595,1.31656946668595,3.5788355722125926,Education-Focused,Complete Core Data,Complete Social Data
MHL,Marshall Islands,2021,East Asia & Pacific,Upper middle income,261245544.433594,5.46615805932551,15.1824411727819,,,,,,,,,,,,0.261245544433594,0.000261245544433594,,Data Not Available,Missing Core Data,Missing Social Data
MKD,North Macedonia,2021,Europe & Central Asia,Upper middle income,14000283827.0154,5.59213007924724,,205555663.248493,1.45370889108625,5.199,1.505,0.863,0.637,0.488,0.215,0.031,1.461,61.1526295768,14.0002838270154,0.0140002838270154,,Data Not Available,Missing Core Data,Missing Social Data
MLI,Mali,2021,Sub-Saharan Africa,Low income,22999245262.6719,-0.0065243104385217,3.66363000869751,652883353.286504,3.38177520702573,4.479,0.792,0.483,0.311,0.35,0.128,0.042,2.373,42.8429012495,22.999245262671902,0.022999245262671903,0.2818548016717801,Education-Focused,Complete Core Data,Complete Social Data
MLT,Malta,2021,"Middle East, North Africa, Afghanistan & Pakistan",High income,19739875611.4902,12.829488461795,4.92963981628418,87950567.6442762,0.446085155562138,6.447,1.838,1.169,0.789,0.679,0.174,0.166,1.631,74.5809314736,19.7398756114902,0.0197398756114902,4.483554660722041,Education-Focused,Complete Core Data,Complete Social Data
MMR,Myanmar,2021,East Asia & Pacific,Lower middle income,66345291149.4433,-12.627100008178,,2642725508.60325,4.07092298980473,4.394,1.038,0.829,0.491,0.513,0.452,0.194,0.877,46.1837191625,66.3452911494433,0.06634529114944329,,Data Not Available,Missing Core Data,Missing Social Data
MNE,Montenegro,2021,Europe & Central Asia,Upper middle income,5823715809.63286,13.3242405343679,,91137653.7369915,1.55528019503059,5.547,1.573,1.023,0.659,0.46,0.135,0.077,1.619,64.3716417943,5.82371580963286,0.00582371580963286,,Data Not Available,Missing Core Data,Missing Social Data
MNG,Mongolia,2021,East Asia & Pacific,Upper middle income,15286441737.6686,-0.0614212834574062,,97194681.713412,0.619505072530135,5.761,1.393,1.197,0.467,0.398,0.247,0.059,1.999,56.6749440809,15.2864417376686,0.0152864417376686,,Data Not Available,Missing Core Data,Missing Social Data
MNP,Northern Mariana Islands,2021,East Asia & Pacific,High income,914000000.0,6.19656514048702,,,,,,,,,,,,,0.914,0.000914,,Data Not Available,Missing Core Data,Missing Social Data
MOZ,Mozambique,2021,Sub-Saharan Africa,Low income,16168055475.4449,-0.606316436997986,6.34063583505687,309999693.54295,1.91141353069573,5.048,0.578,0.66,0.191,0.593,0.185,0.2,2.641,43.567772811,16.168055475444902,0.0161680554754449,4.42922230436114,Education-Focused,Complete Core Data,Complete Social Data
MRT,Mauritania,2021,Sub-Saharan Africa,Lower middle income,9222536364.01272,-2.12417721486563,1.891970038414,230935492.879084,2.29399489807024,4.153,1.1,0.865,0.45,0.304,0.088,0.138,1.207,40.8864099096,9.22253636401272,0.009222536364012721,-0.40202485965624013,Military-Focused,Complete Core Data,Complete Social Data
MUS,Mauritius,2021,Sub-Saharan Africa,Upper middle income,11622048696.8129,3.37766873430745,4.67151021957397,20231427.796008,0.171377098585721,6.071,1.591,1.116,0.568,0.589,0.131,0.107,1.969,65.8622761084,11.6220486968129,0.0116220486968129,4.50013312098825,Education-Focused,Complete Core Data,Complete Social Data
MWI,Malawi,2021,Sub-Saharan Africa,Low income,12378119199.0839,1.88076432929152,,92570438.5525757,0.730315165462018,3.75,0.648,0.279,0.388,0.477,0.14,0.157,1.661,47.0819549853,12.378119199083901,0.0123781191990839,,Data Not Available,Missing Core Data,Missing Social Data
MYS,Malaysia,2021,East Asia & Pacific,Upper middle income,373784553029.978,2.13146199778431,4.26109393398867,3675489012.31587,0.982646998395369,5.711,1.689,0.938,0.62,0.654,0.213,0.126,1.471,67.5131874294,373.78455302997804,0.37378455302997804,3.2784469355933012,Education-Focused,Complete Core Data,Complete Social Data
NAM,Namibia,2021,Sub-Saharan Africa,Lower middle income,12402486183.6396,0.588992664401843,10.3914477380895,400199634.567233,3.2264092268075,4.459,1.292,0.877,0.354,0.384,0.067,0.071,1.414,56.5283765857,12.402486183639601,0.0124024861836396,7.165038511282,Education-Focused,Complete Core Data,Complete Social Data
NCL,New Caledonia,2021,East Asia & Pacific,High income,10071349663.8484,-2.45629457179525,,,,,,,,,,,,,10.0713496638484,0.0100713496638484,,Data Not Available,Missing Core Data,Missing Social Data
NER,Niger,2021,Sub-Saharan Africa,Low income,14915002436.069,-1.86257596023195,3.82175828133515,202404477.202902,1.35730093120168,5.003,0.57,0.56,0.326,0.571,0.165,0.145,2.667,42.0247056414,14.915002436069,0.014915002436069,2.46445735013347,Education-Focused,Complete Core Data,Complete Social Data
NGA,Nigeria,2021,Sub-Saharan Africa,Lower middle income,609147716972.859,-0.988127022973842,0.381919104397325,4466397815.79541,1.01270192678284,4.552,1.079,0.732,0.3,0.444,0.175,0.038,1.784,43.6341211303,609.147716972859,0.609147716972859,-0.6307828223855151,Military-Focused,Complete Core Data,Complete Social Data
NIC,Nicaragua,2021,Latin America & Caribbean,Lower middle income,14209020361.8508,9.13330681920195,4.08717467298944,77919650.3033963,0.549759399022683,6.165,1.105,1.029,0.617,0.617,0.168,0.212,2.418,50.8231175722,14.209020361850799,0.0142090203618508,3.537415273966757,Education-Focused,Complete Core Data,Complete Social Data
NLD,Netherlands,2021,Europe & Central Asia,High income,1054472123449.6,5.72193522957718,5.37661981582642,14395695364.2384,1.36537490886658,7.415,1.945,1.206,0.787,0.651,0.271,0.419,2.137,82.2390592593,1054.4721234496,1.0544721234496,4.011244906959839,Education-Focused,Complete Core Data,Complete Social Data
NOR,Norway,2021,Europe & Central Asia,High income,503367986030.268,3.35449506555356,6.9602198600769,8435121610.61329,1.67632184694899,7.365,1.997,1.239,0.786,0.728,0.217,0.474,1.925,83.1600961438,503.367986030268,0.503367986030268,5.28389801312791,Education-Focused,Complete Core Data,Complete Social Data
NPL,Nepal,2021,South Asia,Lower middle income,36924841394.2605,3.02971971240495,4.42801034633091,453263783.607849,1.21581594858048,5.377,0.984,0.784,0.499,0.519,0.237,0.13,2.224,51.0758462247,36.9248413942605,0.0369248413942605,3.21219439775043,Education-Focused,Complete Core Data,Complete Social Data
NRU,Nauru,2021,East Asia & Pacific,High income,175390280.69162,7.14457374271909,5.16034,,,,,,,,,,,,0.17539028069162,0.00017539028069162,,Data Not Available,Missing Core Data,Missing Social Data
NZL,New Zealand,2021,East Asia & Pacific,High income,253977931814.967,4.28458318360995,5.5409197807312,2905571074.96464,1.16477544956865,7.2,1.852,1.235,0.752,0.68,0.245,0.483,1.954,80.8463662956,253.977931814967,0.25397793181496703,4.37614433116255,Education-Focused,Complete Core Data,Complete Social Data
OMN,Oman,2021,"Middle East, North Africa, Afghanistan & Pakistan",High income,87323797139.1417,3.08530454964595,,5783615084.52536,6.62317519939364,,,,,,,,,59.1793447201,87.32379713914169,0.08732379713914169,,Data Not Available,Missing Core Data,Missing Social Data
PAK,Pakistan,2021,"Middle East, North Africa, Afghanistan & Pakistan",Lower middle income,348516647445.148,4.52304565172781,1.68746129213991,11649407810.4994,3.38923879613996,4.516,1.049,0.413,0.374,0.448,0.181,0.112,1.94,44.3444784338,348.516647445148,0.348516647445148,-1.70177750400005,Military-Focused,Complete Core Data,Complete Social Data
PAN,Panama,2021,Latin America & Caribbean,High income,67396392506.2378,15.0695424121278,3.71198010444641,0.0,,6.309,1.715,1.107,0.709,0.592,0.049,0.051,2.086,64.4253273478,67.3963925062378,0.0673963925062378,,Data Not Available,Missing Core Data,Complete Social Data
PER,Peru,2021,Latin America & Caribbean,Upper middle income,226328766459.634,12.2777396432111,3.92765998840332,2657501774.59326,1.1644987739258,5.559,1.397,0.865,0.735,0.545,0.09,0.037,1.89,61.3826184687,226.328766459634,0.226328766459634,2.76316121447752,Education-Focused,Complete Core Data,Complete Social Data
PHL,Philippines,2021,East Asia & Pacific,Lower middle income,394087359848.11,4.76163916254069,3.87249754784633,5546091354.063,1.40682254131819,5.904,1.268,0.912,0.514,0.678,0.107,0.142,2.283,57.331998402,394.08735984811,0.39408735984811,2.46567500652814,Education-Focused,Complete Core Data,Complete Social Data
PLW,Palau,2021,East Asia & Pacific,High income,231343460.083008,-13.2161327171514,3.94417105804533,,,,,,,,,,,,0.231343460083008,0.000231343460083008,,Data Not Available,Missing Core Data,Missing Social Data
PNG,Papua New Guinea,2021,East Asia & Pacific,Lower middle income,26109413521.3117,-2.47024589818922,0.713984905932403,87785527.4629468,0.329678128303653,,,,,,,,,46.4245032606,26.109413521311698,0.0261094135213117,0.38430677762875004,Education-Focused,Complete Core Data,Missing Social Data
POL,Poland,2021,Europe & Central Asia,High income,689170230665.35,8.47171799983406,4.61998987197876,15295541731.4671,2.21716328801834,6.123,1.758,1.174,0.712,0.523,0.124,0.14,1.693,70.0718150712,689.17023066535,0.68917023066535,2.4028265839604197,Education-Focused,Complete Core Data,Complete Social Data
PRI,Puerto Rico (US),2021,Latin America & Caribbean,High income,106426600000.0,0.966080975048015,3.7296700261025,,,,,,,,,,,,106.4266,0.1064266,,Data Not Available,Missing Core Data,Missing Social Data
PRK,"Korea, Dem. People's Rep.",2021,East Asia & Pacific,Low income,,,,,,,,,,,,,,,,,,Data Not Available,Missing Core Data,Missing Social Data
PRT,Portugal,2021,Europe & Central Asia,High income,256055879091.139,4.89913107175563,4.77341985702515,3882450331.12583,1.51644104082545,6.016,1.76,1.078,0.777,0.655,0.016,0.039,1.691,74.2726383382,256.055879091139,0.256055879091139,3.2569788161997,Education-Focused,Complete Core Data,Complete Social Data
PRY,Paraguay,2021,Latin America & Caribbean,Upper middle income,39950899938.7474,2.7649134745394,3.41070008277893,372601369.313781,0.91821461942659,5.578,1.409,1.13,0.624,0.629,0.171,0.059,1.555,58.608375142,39.9508999387474,0.0399508999387474,2.4924854633523403,Education-Focused,Complete Core Data,Complete Social Data
PSE,West Bank and Gaza,2021,"Middle East, North Africa, Afghanistan & Pakistan",Lower middle income,18109000000.0,4.41469534491321,5.43442010879517,,,,,,,,,,,,18.109,0.018109,,Data Not Available,Missing Core Data,Missing Social Data
PYF,French Polynesia,2021,East Asia & Pacific,High income,5994931236.42282,3.1505198503273,,,,,,,,,,,,,5.99493123642282,0.00599493123642282,,Data Not Available,Missing Core Data,Missing Social Data
QAT,Qatar,2021,"Middle East, North Africa, Afghanistan & Pakistan",High income,179732142857.143,13.3616375901992,,11593406593.4066,6.4523551123317,,,,,,,,,65.6607602476,179.732142857143,0.179732142857143,,Data Not Available,Missing Core Data,Missing Social Data
ROU,Romania,2021,Europe & Central Asia,High income,285071280114.469,6.37801653902932,3.31562995910644,5300529355.14918,1.84762902286434,6.477,1.719,1.006,0.655,0.605,0.039,0.006,2.446,65.7093764022,285.071280114469,0.285071280114469,1.4680009362421,Education-Focused,Complete Core Data,Complete Social Data
RUS,Russia,2021,Europe & Central Asia,High income,1829186719575.1,6.21857740869952,3.99480697864774,65907705047.1045,3.57591678846302,5.459,1.685,1.095,0.586,0.401,0.117,0.08,1.494,58.1758893945,1829.1867195751001,1.8291867195751002,0.41889019018471974,Education-Focused,Complete Core Data,Complete Social Data
RWA,Rwanda,2021,Sub-Saharan Africa,Low income,11078787090.1564,8.45600930488553,5.58984994888306,167837803.023925,1.5121767339852,3.268,0.785,0.133,0.462,0.621,0.187,0.544,0.536,51.1524996441,11.0787870901564,0.011078787090156401,4.07767321489786,Education-Focused,Complete Core Data,Complete Social Data
SAU,Saudi Arabia,2021,"Middle East, North Africa, Afghanistan & Pakistan",High income,982661066666.667,9.17745692710805,,63194666666.6667,7.22921983667662,6.523,1.87,1.092,0.577,0.651,0.078,0.18,2.075,57.744617665,982.661066666667,0.982661066666667,,Data Not Available,Missing Core Data,Missing Social Data
SDN,Sudan,2021,Sub-Saharan Africa,Low income,34229513774.9936,-4.47700779563793,,375212619.388697,0.925377247984565,,,,,,,,,37.2212345211,34.2295137749936,0.0342295137749936,,Data Not Available,Missing Core Data,Missing Social Data
SEN,Senegal,2021,Sub-Saharan Africa,Lower middle income,27520784129.7508,3.8734325976821,5.61201000213623,483224913.09553,1.75617528439428,5.046,0.933,0.53,0.447,0.494,0.143,0.081,2.419,53.3332201435,27.5207841297508,0.0275207841297508,3.8558347177419496,Education-Focused,Complete Core Data,Complete Social Data
SGP,Singapore,2021,East Asia & Pacific,High income,436591382250.464,14.4308159309526,2.82732009887695,11017572598.6597,2.53704638803611,6.48,2.149,1.127,0.851,0.672,0.163,0.587,0.932,78.2210082877,436.591382250464,0.436591382250464,0.29027371084083997,Education-Focused,Complete Core Data,Complete Social Data
SLB,Solomon Islands,2021,East Asia & Pacific,Lower middle income,1558312103.84225,-2.59513572745166,8.33232704380039,,,,,,,,,,,,1.55831210384225,0.0015583121038422502,,Data Not Available,Missing Core Data,Missing Social Data
SLE,Sierra Leone,2021,Sub-Saharan Africa,Low income,7166931485.49433,3.51527957069044,5.59322023391724,43427852.2644433,0.600261617809604,3.574,0.686,0.416,0.273,0.387,0.202,0.055,1.556,43.2638795878,7.16693148549433,0.00716693148549433,4.992958616107636,Education-Focused,Complete Core Data,Complete Social Data
SLV,El Salvador,2021,Latin America & Caribbean,Upper middle income,29043140000.0,11.5271594106656,3.57766008377075,351578000.0,1.21053697201576,6.12,1.265,0.768,0.607,0.666,0.089,0.212,2.514,55.8063136215,29.04314,0.02904314,2.3671231117549905,Education-Focused,Complete Core Data,Complete Social Data
SMR,San Marino,2021,Europe & Central Asia,High income,1855652786.18368,15.6202890686695,3.10892009735107,,,,,,,,,,,,1.85565278618368,0.00185565278618368,,Data Not Available,Missing Core Data,Missing Social Data
SOM,"Somalia, Fed. Rep.",2021,Sub-Saharan Africa,Low income,9483000000.0,-0.267727633939771,6.75308344309e-06,111029000.0,1.17069801771404,,,,,,,,,34.740819406,9.483,0.009483,-1.170691264630597,Military-Focused,Complete Core Data,Missing Social Data
SRB,Serbia,2021,Europe & Central Asia,Upper middle income,66159884072.5308,8.97258082321535,3.14615988731384,1813007742.38781,2.72904089938996,6.178,1.55,1.086,0.658,0.546,0.219,0.088,2.031,62.1647808408,66.1598840725308,0.0661598840725308,0.4171189879238799,Education-Focused,Complete Core Data,Complete Social Data
SSD,South Sudan,2021,Sub-Saharan Africa,Low income,,,,213222017.503455,1.51129459315632,,,,,,,,,29.6536512713,,,,Data Not Available,Missing Core Data,Missing Social Data
STP,Sao Tome and Principe,2021,Sub-Saharan Africa,Lower middle income,524402455.54816,-0.17852659147141,5.53985041124283,,,,,,,,,,,57.032415428,0.52440245554816,0.00052440245554816,,Data Not Available,Missing Core Data,Missing Social Data
SUR,Suriname,2021,Latin America & Caribbean,Upper middle income,3107923197.96954,-3.31629942420831,4.13154972947739,,,,,,,,,,,58.0653454581,3.1079231979695403,0.00310792319796954,,Data Not Available,Missing Core Data,Missing Social Data
SVK,Slovak Republic,2021,Europe & Central Asia,High income,120511265913.343,5.88046673143569,4.71766996383667,2064806054.87228,1.71243604796751,,,,,,,,,70.4013447636,120.511265913343,0.120511265913343,3.0052339158691597,Education-Focused,Complete Core Data,Missing Social Data
SVN,Slovenia,2021,Europe & Central Asia,High income,61540813361.8556,8.12577517618843,5.39167022705078,762771996.215705,1.23984465824347,6.63,1.81,1.249,0.769,0.685,0.118,0.115,1.885,74.7676813029,61.5408133618556,0.0615408133618556,4.15182556880731,Education-Focused,Complete Core Data,Complete Social Data
SWE,Sweden,2021,Europe & Central Asia,High income,631693331300.776,4.5957806799404,7.60224008560181,7582555970.14925,1.18992635880485,7.384,1.92,1.204,0.803,0.724,0.218,0.512,2.003,83.2259160426,631.693331300776,0.631693331300776,6.41231372679696,Education-Focused,Complete Core Data,Complete Social Data
SWZ,Eswatini,2021,Sub-Saharan Africa,Lower middle income,4807069277.20114,3.03852368946784,5.28714899285221,82792515.3955471,1.67850436407438,4.396,1.274,0.786,0.197,0.259,0.038,0.154,1.688,46.1221999256,4.8070692772011405,0.00480706927720114,3.6086446287778307,Education-Focused,Complete Core Data,Complete Social Data
SXM,Sint Maarten (Dutch part),2021,Latin America & Caribbean,High income,1353071061.45251,3.16129245692684,,,,,,,,,,,,,1.35307106145251,0.0013530710614525101,,Data Not Available,Missing Core Data,Missing Social Data
SYC,Seychelles,2021,Sub-Saharan Africa,High income,1487173794.80528,-0.254097866449726,4.86547351368626,40106698.6265872,2.46023265148376,,,,,,,,,63.8838277105,1.48717379480528,0.00148717379480528,2.4052408622025006,Education-Focused,Complete Core Data,Missing Social Data
SYR,Syrian Arab Republic,2021,"Middle East, North Africa, Afghanistan & Pakistan",Low income,14353205678.4991,-0.874333294023842,,,,,,,,,,,,36.8430628125,14.3532056784991,0.0143532056784991,,Data Not Available,Missing Core Data,Missing Social Data
TCA,Turks and Caicos Islands,2021,Latin America & Caribbean,High income,1236459000.0,27.1739181653097,3.27759003639221,,,,,,,,,,,,1.236459,0.001236459,,Data Not Available,Missing Core Data,Missing Social Data
TCD,Chad,2021,Sub-Saharan Africa,Low income,16871937697.5854,-3.10209208601812,2.01648998260498,330998078.191986,2.07913556881174,4.251,0.662,0.506,0.225,0.18,0.182,0.077,2.419,34.3881489096,16.8719376975854,0.0168719376975854,-0.06264558620675986,Military-Focused,Complete Core Data,Complete Social Data
TGO,Togo,2021,Sub-Saharan Africa,Low income,8541668141.26198,2.65816955613427,4.22702442483079,198773240.635232,2.38551286600829,4.112,0.771,0.322,0.36,0.292,0.174,0.132,2.061,44.1657582213,8.54166814126198,0.00854166814126198,1.8415115588225004,Education-Focused,Complete Core Data,Complete Social Data
THA,Thailand,2021,East Asia & Pacific,Upper middle income,506194668789.937,1.43062175645008,2.98212428478268,7123128719.07297,1.41836848663438,5.891,1.535,1.096,0.697,0.617,0.321,0.026,1.6,60.9440555789,506.194668789937,0.506194668789937,1.5637557981483,Education-Focused,Complete Core Data,Complete Social Data
TJK,Tajikistan,2021,Europe & Central Asia,Lower middle income,8937805347.13963,7.01157366120653,4.38253082077599,89992007.8145813,1.00261189599905,5.377,0.966,1.005,0.518,0.572,0.118,0.304,1.895,51.1263704441,8.93780534713963,0.00893780534713963,3.3799189247769403,Education-Focused,Complete Core Data,Complete Social Data
TKM,Turkmenistan,2021,Europe & Central Asia,Upper middle income,40589905812.0364,4.07165530742274,3.8489100933075,,,5.474,1.484,1.319,0.516,0.649,0.314,0.032,1.16,52.0120450435,40.5899058120364,0.0405899058120364,,Data Not Available,Missing Core Data,Complete Social Data
TLS,Timor-Leste,2021,East Asia & Pacific,Lower middle income,3625024341.27346,3.49004182057652,2.97389404101318,39222000.0,1.08198620689655,,,,,,,,,,3.62502434127346,0.0036250243412734597,1.89190783411663,Education-Focused,Complete Core Data,Missing Social Data
TON,Tonga,2021,East Asia & Pacific,Upper middle income,519306352.78704,-0.733960091098751,5.162544372426,,,,,,,,,,,,0.51930635278704,0.00051930635278704,,Data Not Available,Missing Core Data,Missing Social Data
TTO,Trinidad and Tobago,2021,Latin America & Caribbean,High income,24222963262.7213,-0.777215541824603,3.04397988319397,210674621.041573,0.859057055256023,,,,,,,,,61.8905876663,24.222963262721297,0.0242229632627213,2.184922827937947,Education-Focused,Complete Core Data,Missing Social Data
TUN,Tunisia,2021,"Middle East, North Africa, Afghanistan & Pakistan",Lower middle income,47073234359.1819,4.08785924151975,6.67984656240779,1250454380.22537,2.62965981069507,4.516,1.35,0.596,0.656,0.316,0.029,0.029,1.54,54.115872353,47.0732343591819,0.0470732343591819,4.050186751712721,Education-Focused,Complete Core Data,Complete Social Data
TUR,Turkiye,2021,Europe & Central Asia,Upper middle income,839938668172.134,10.797736075363,3.53787994384766,15254829834.6664,1.85888321091456,4.744,1.707,0.865,0.702,0.209,0.087,0.115,1.059,55.4605029172,839.938668172134,0.839938668172134,1.6789967329330997,Education-Focused,Complete Core Data,Complete Social Data
TUV,Tuvalu,2021,East Asia & Pacific,Upper middle income,60196405.7138393,3.8514037023984,15.5155119679441,,,,,,,,,,,,0.0601964057138393,6.01964057138393e-05,,Data Not Available,Missing Core Data,Missing Social Data
TZA,Tanzania,2021,Sub-Saharan Africa,Lower middle income,70655628147.8986,1.25401761079502,3.11515335288784,759492508.121023,1.12240771800076,3.702,0.848,0.597,0.425,0.578,0.248,0.27,0.735,49.1084861073,70.65562814789861,0.07065562814789861,1.9927456348870802,Education-Focused,Complete Core Data,Complete Social Data
UGA,Uganda,2021,Sub-Saharan Africa,Low income,40529788748.6737,0.258075577364949,2.63593612308533,1066564382.52959,2.33814515074458,4.603,0.777,0.875,0.418,0.402,0.222,0.066,1.842,46.5066940319,40.529788748673695,0.0405297887486737,0.29779097234075014,Education-Focused,Complete Core Data,Complete Social Data
UKR,Ukraine,2021,Europe & Central Asia,Upper middle income,199765859570.935,4.41050883289091,5.14010000228882,6898123104.35939,3.42549199562857,5.084,1.411,1.081,0.583,0.473,0.188,0.017,1.331,56.7764705036,199.765859570935,0.19976585957093498,1.7146080066602503,Education-Focused,Complete Core Data,Complete Social Data
URY,Uruguay,2021,Latin America & Caribbean,High income,60739084240.8633,5.91510198505092,4.46211004257202,1258231388.03514,2.26205420416101,6.474,1.615,1.18,0.672,0.665,0.103,0.265,1.974,69.4042120059,60.7390842408633,0.06073908424086329,2.20005583841101,Education-Focused,Complete Core Data,Complete Social Data
USA,United States,2021,North America,High income,23315080560000.0,5.88834103890834,5.42038011550903,806230200000.0,3.40451991574826,6.977,1.982,1.182,0.628,0.574,0.22,0.177,2.214,77.3815867007,23315.08056,23.31508056,2.0158601997607697,Education-Focused,Complete Core Data,Complete Social Data
UZB,Uzbekistan,2021,Europe & Central Asia,Lower middle income,77340060003.0347,5.960906100364,4.13580989837646,,,6.063,1.219,1.092,0.6,0.716,0.283,0.24,1.913,53.1405779862,77.3400600030347,0.0773400600030347,,Data Not Available,Missing Core Data,Complete Social Data
VCT,St. Vincent and the Grenadines,2021,Latin America & Caribbean,Upper middle income,888677777.777778,2.77342166309265,,,,,,,,,,,,,0.888677777777778,0.000888677777777778,,Data Not Available,Missing Core Data,Missing Social Data
VEN,"Venezuela, RB",2021,,,56614976854.5499,1.69281877474855,,2024833.03910593,0.313630729266034,,,,,,,,,43.6769230731,56.614976854549894,0.056614976854549894,,Data Not Available,Missing Core Data,Missing Social Data
VGB,British Virgin Islands,2021,Latin America & Caribbean,High income,,,3.0245532067775,,,,,,,,,,,,,,,Data Not Available,Missing Core Data,Missing Social Data
VIR,Virgin Islands (U.S.),2021,Latin America & Caribbean,High income,4507000000.0,4.07886990081306,,,,,,,,,,,,,4.507,0.004507,,Data Not Available,Missing Core Data,Missing Social Data
VNM,Viet Nam,2021,East Asia & Pacific,Lower middle income,366474752771.009,1.66651604176819,2.94517488804327,,,5.485,1.252,0.932,0.611,0.707,0.143,0.105,1.735,58.2273132009,366.474752771009,0.366474752771009,,Data Not Available,Missing Core Data,Complete Social Data
VUT,Vanuatu,2021,East Asia & Pacific,Lower middle income,950394006.532514,-3.80855711163811,10.1102406419734,,,,,,,,,,,,0.9503940065325139,0.000950394006532514,,Data Not Available,Missing Core Data,Missing Social Data
WSM,Samoa,2021,East Asia & Pacific,Upper middle income,859724936.05765,-5.858576704261,5.2162847162306,,,,,,,,,,,,0.85972493605765,0.00085972493605765,,Data Not Available,Missing Core Data,Missing Social Data
XKX,Kosovo,2021,Europe & Central Asia,Upper middle income,9413408574.4949,10.9981400491097,,79609744.5600757,0.845929878221182,6.455,1.362,0.949,0.569,0.599,0.309,0.035,2.631,,9.4134085744949,0.0094134085744949,,Data Not Available,Missing Core Data,Missing Social Data
YEM,"Yemen, Rep.",2021,"Middle East, North Africa, Afghanistan & Pakistan",Low income,,,,,,4.197,0.691,1.043,0.384,0.33,0.09,0.098,1.561,32.8225733982,,,,Data Not Available,Missing Core Data,Missing Social Data
ZAF,South Africa,2021,Sub-Saharan Africa,Upper middle income,419986284375.368,3.25562042833964,6.5551700592041,3392816053.05901,0.805965112062888,5.194,1.425,1.088,0.361,0.442,0.089,0.046,1.742,57.8806144372,419.986284375368,0.419986284375368,5.749204947141211,Education-Focused,Complete Core Data,Complete Social Data
ZMB,Zambia,2021,Sub-Saharan Africa,Lower middle income,22096416932.0089,3.28575461102756,3.11363465307753,217577244.72933,0.982237890875063,3.76,0.93,0.577,0.306,0.525,0.203,0.083,1.135,47.2660047043,22.0964169320089,0.0220964169320089,2.131396762202467,Education-Focused,Complete Core Data,Complete Social Data
ZWE,Zimbabwe,2021,Sub-Saharan Africa,Lower middle income,41287673690.0771,6.61191108683749,,473945274.725275,1.56777878168608,2.995,0.947,0.69,0.27,0.329,0.106,0.105,0.548,44.4352415705,41.2876736900771,0.041287673690077104,,Data Not Available,Missing Core Data,Missing Social Data
TWN,"Taiwan, China",2011,East Asia & Pacific,High income,,,,,,,,,,,,,,74.6757697117,,,,Data Not Available,Missing Core Data,Missing Social Data
TWN,"Taiwan, China",2012,East Asia & Pacific,High income,,,,,,,,,,,,,,75.1984984453,,,,Data Not Available,Missing Core Data,Missing Social Data
TWN,"Taiwan, China",2013,East Asia & Pacific,High income,,,,,,,,,,,,,,76.0003216855,,,,Data Not Available,Missing Core Data,Missing Social Data
TWN,"Taiwan, China",2014,East Asia & Pacific,High income,,,,,,,,,,,,,,76.1987472293,,,,Data Not Available,Missing Core Data,Missing Social Data
TWN,"Taiwan, China",2015,East Asia & Pacific,High income,,,,,,,,,,,,,,76.2198811156,,,,Data Not Available,Missing Core Data,Missing Social Data
TWN,"Taiwan, China",2016,East Asia & Pacific,High income,,,,,,,,,,,,,,76.1725871568,,,,Data Not Available,Missing Core Data,Missing Social Data
TWN,"Taiwan, China",2017,East Asia & Pacific,High income,,,,,,,,,,,,,,76.4790889448,,,,Data Not Available,Missing Core Data,Missing Social Data
TWN,"Taiwan, China",2018,East Asia & Pacific,High income,,,,,,,,,,,,,,76.4785953891,,,,Data Not Available,Missing Core Data,Missing Social Data
TWN,"Taiwan, China",2019,East Asia & Pacific,High income,,,,,,,,,,,,,,76.4024487939,,,,Data Not Available,Missing Core Data,Missing Social Data
TWN,"Taiwan, China",2020,East Asia & Pacific,High income,,,,,,,,,,,,,,76.8759225533,,,,Data Not Available,Missing Core Data,Missing Social Data
TWN,"Taiwan, China",2021,East Asia & Pacific,High income,,,,,,,,,,,,,,77.2788548859,,,,Data Not Available,Missing Core Data,Missing Social Data
