Country_Code,Standard_Country,Year,Education_Pct_GDP
ABW,Aruba,1960,
AFE,Africa Eastern and Southern,1960,
AFG,Afghanistan,1960,
AFW,Africa Western and Central,1960,
AGO,Angola,1960,
ALB,Albania,1960,
AND,Andorra,1960,
ARE,United Arab Emirates,1960,
ARG,Argentina,1960,
ARM,Armenia,1960,
ASM,American Samoa,1960,
ATG,Antigua and Barbuda,1960,
AUS,Australia,1960,
AUT,Austria,1960,
AZE,Azerbaijan,1960,
BDI,Burundi,1960,
BEL,Belgium,1960,
BEN,Benin,1960,
BFA,Burkina Faso,1960,
BGD,Bangladesh,1960,
BGR,Bulgaria,1960,
BHR,Bahrain,1960,
BHS,"Bahamas, The",1960,
BIH,Bosnia and Herzegovina,1960,
BLR,Belarus,1960,
BLZ,Belize,1960,
BMU,Bermuda,1960,
BOL,Bolivia,1960,
BRA,Brazil,1960,
BRB,Barbados,1960,
BRN,Brunei Darussalam,1960,
BTN,Bhutan,1960,
BWA,Botswana,1960,
CAF,Central African Republic,1960,
CAN,Canada,1960,
CHE,Switzerland,1960,
CHI,Channel Islands,1960,
CHL,Chile,1960,
CHN,China,1960,
CIV,Cote d'Ivoire,1960,
CMR,Cameroon,1960,
COD,"Congo, Dem. Rep.",1960,
COG,"Congo, Rep.",1960,
COL,Colombia,1960,
COM,Comoros,1960,
CPV,Cabo Verde,1960,
CRI,Costa Rica,1960,
CUB,Cuba,1960,
CUW,Curacao,1960,
CYM,Cayman Islands,1960,
CYP,Cyprus,1960,
CZE,Czechia,1960,
DEU,Germany,1960,
DJI,Djibouti,1960,
DMA,Dominica,1960,
DNK,Denmark,1960,
DOM,Dominican Republic,1960,
DZA,Algeria,1960,
EAR,Early-demographic dividend,1960,
ECS,Europe & Central Asia,1960,
ECU,Ecuador,1960,
EGY,"Egypt, Arab Rep.",1960,
ERI,Eritrea,1960,
ESP,Spain,1960,
EST,Estonia,1960,
ETH,Ethiopia,1960,
FIN,Finland,1960,
FJI,Fiji,1960,
FRA,France,1960,
FRO,Faroe Islands,1960,
FSM,"Micronesia, Fed. Sts.",1960,
GAB,Gabon,1960,
GBR,United Kingdom,1960,
GEO,Georgia,1960,
GHA,Ghana,1960,
GIB,Gibraltar,1960,
GIN,Guinea,1960,
GMB,"Gambia, The",1960,
GNB,Guinea-Bissau,1960,
GNQ,Equatorial Guinea,1960,
GRC,Greece,1960,
GRD,Grenada,1960,
GRL,Greenland,1960,
GTM,Guatemala,1960,
GUM,Guam,1960,
GUY,Guyana,1960,
HKG,"Hong Kong SAR, China",1960,
HND,Honduras,1960,
HRV,Croatia,1960,
HTI,Haiti,1960,
HUN,Hungary,1960,
IDB,IDA blend,1960,
IDN,Indonesia,1960,
IMN,Isle of Man,1960,
IND,India,1960,
IRL,Ireland,1960,
IRN,"Iran, Islamic Rep.",1960,
IRQ,Iraq,1960,
ISL,Iceland,1960,
ISR,Israel,1960,
ITA,Italy,1960,
JAM,Jamaica,1960,
JOR,Jordan,1960,
JPN,Japan,1960,
KAZ,Kazakhstan,1960,
KEN,Kenya,1960,
KGZ,Kyrgyz Republic,1960,
KHM,Cambodia,1960,
KIR,Kiribati,1960,
KNA,St. Kitts and Nevis,1960,
KOR,"Korea, Rep.",1960,
KWT,Kuwait,1960,
LAO,Lao PDR,1960,
LBN,Lebanon,1960,
LBR,Liberia,1960,
LBY,Libya,1960,
LCA,St. Lucia,1960,
LCN,Latin America & Caribbean,1960,
LIE,Liechtenstein,1960,
LKA,Sri Lanka,1960,
LSO,Lesotho,1960,
LTE,Late-demographic dividend,1960,
LTU,Lithuania,1960,
LUX,Luxembourg,1960,
LVA,Latvia,1960,
MAC,"Macao SAR, China",1960,
MAF,St. Martin (French part),1960,
MAR,Morocco,1960,
MCO,Monaco,1960,
MDA,Moldova,1960,
MDG,Madagascar,1960,
MDV,Maldives,1960,
MEX,Mexico,1960,
MHL,Marshall Islands,1960,
MKD,North Macedonia,1960,
MLI,Mali,1960,
MLT,Malta,1960,
MMR,Myanmar,1960,
MNE,Montenegro,1960,
MNG,Mongolia,1960,
MNP,Northern Mariana Islands,1960,
MOZ,Mozambique,1960,
MRT,Mauritania,1960,
MUS,Mauritius,1960,
MWI,Malawi,1960,
MYS,Malaysia,1960,
NAM,Namibia,1960,
NCL,New Caledonia,1960,
NER,Niger,1960,
NGA,Nigeria,1960,
NIC,Nicaragua,1960,
NLD,Netherlands,1960,
NOR,Norway,1960,
NPL,Nepal,1960,
NRU,Nauru,1960,
NZL,New Zealand,1960,
OMN,Oman,1960,
PAK,Pakistan,1960,
PAN,Panama,1960,
PER,Peru,1960,
PHL,Philippines,1960,
PLW,Palau,1960,
PNG,Papua New Guinea,1960,
POL,Poland,1960,
PRI,Puerto Rico (US),1960,
PRK,"Korea, Dem. People's Rep.",1960,
PRT,Portugal,1960,
PRY,Paraguay,1960,
PSE,West Bank and Gaza,1960,
PYF,French Polynesia,1960,
QAT,Qatar,1960,
ROU,Romania,1960,
RUS,Russia,1960,
RWA,Rwanda,1960,
SAU,Saudi Arabia,1960,
SDN,Sudan,1960,
SEN,Senegal,1960,
SGP,Singapore,1960,
SLB,Solomon Islands,1960,
SLE,Sierra Leone,1960,
SLV,El Salvador,1960,
SMR,San Marino,1960,
SOM,"Somalia, Fed. Rep.",1960,
SRB,Serbia,1960,
SSD,South Sudan,1960,
STP,Sao Tome and Principe,1960,
SUR,Suriname,1960,
SVK,Slovak Republic,1960,
SVN,Slovenia,1960,
SWE,Sweden,1960,
SWZ,Eswatini,1960,
SXM,Sint Maarten (Dutch part),1960,
SYC,Seychelles,1960,
SYR,Syrian Arab Republic,1960,
TCA,Turks and Caicos Islands,1960,
TCD,Chad,1960,
TGO,Togo,1960,
THA,Thailand,1960,
TJK,Tajikistan,1960,
TKM,Turkmenistan,1960,
TLS,Timor-Leste,1960,
TON,Tonga,1960,
TTO,Trinidad and Tobago,1960,
TUN,Tunisia,1960,
TUR,Turkiye,1960,
TUV,Tuvalu,1960,
TZA,Tanzania,1960,
UGA,Uganda,1960,
UKR,Ukraine,1960,
URY,Uruguay,1960,
USA,United States,1960,
UZB,Uzbekistan,1960,
VCT,St. Vincent and the Grenadines,1960,
VEN,"Venezuela, RB",1960,
VGB,British Virgin Islands,1960,
VIR,Virgin Islands (U.S.),1960,
VNM,Viet Nam,1960,
VUT,Vanuatu,1960,
WSM,Samoa,1960,
XKX,Kosovo,1960,
YEM,"Yemen, Rep.",1960,
ZAF,South Africa,1960,
ZMB,Zambia,1960,
ZWE,Zimbabwe,1960,
ABW,Aruba,1961,
AFE,Africa Eastern and Southern,1961,
AFG,Afghanistan,1961,
AFW,Africa Western and Central,1961,
AGO,Angola,1961,
ALB,Albania,1961,
AND,Andorra,1961,
ARE,United Arab Emirates,1961,
ARG,Argentina,1961,
ARM,Armenia,1961,
ASM,American Samoa,1961,
ATG,Antigua and Barbuda,1961,
AUS,Australia,1961,
AUT,Austria,1961,
AZE,Azerbaijan,1961,
BDI,Burundi,1961,
BEL,Belgium,1961,
BEN,Benin,1961,
BFA,Burkina Faso,1961,
BGD,Bangladesh,1961,
BGR,Bulgaria,1961,
BHR,Bahrain,1961,
BHS,"Bahamas, The",1961,
BIH,Bosnia and Herzegovina,1961,
BLR,Belarus,1961,
BLZ,Belize,1961,
BMU,Bermuda,1961,
BOL,Bolivia,1961,
BRA,Brazil,1961,
BRB,Barbados,1961,
BRN,Brunei Darussalam,1961,
BTN,Bhutan,1961,
BWA,Botswana,1961,
CAF,Central African Republic,1961,
CAN,Canada,1961,
CHE,Switzerland,1961,
CHI,Channel Islands,1961,
CHL,Chile,1961,
CHN,China,1961,
CIV,Cote d'Ivoire,1961,
CMR,Cameroon,1961,
COD,"Congo, Dem. Rep.",1961,
COG,"Congo, Rep.",1961,
COL,Colombia,1961,
COM,Comoros,1961,
CPV,Cabo Verde,1961,
CRI,Costa Rica,1961,
CUB,Cuba,1961,
CUW,Curacao,1961,
CYM,Cayman Islands,1961,
CYP,Cyprus,1961,
CZE,Czechia,1961,
DEU,Germany,1961,
DJI,Djibouti,1961,
DMA,Dominica,1961,
DNK,Denmark,1961,
DOM,Dominican Republic,1961,
DZA,Algeria,1961,
EAR,Early-demographic dividend,1961,
ECS,Europe & Central Asia,1961,
ECU,Ecuador,1961,
EGY,"Egypt, Arab Rep.",1961,
ERI,Eritrea,1961,
ESP,Spain,1961,
EST,Estonia,1961,
ETH,Ethiopia,1961,
FIN,Finland,1961,
FJI,Fiji,1961,
FRA,France,1961,
FRO,Faroe Islands,1961,
FSM,"Micronesia, Fed. Sts.",1961,
GAB,Gabon,1961,
GBR,United Kingdom,1961,
GEO,Georgia,1961,
GHA,Ghana,1961,
GIB,Gibraltar,1961,
GIN,Guinea,1961,
GMB,"Gambia, The",1961,
GNB,Guinea-Bissau,1961,
GNQ,Equatorial Guinea,1961,
GRC,Greece,1961,
GRD,Grenada,1961,
GRL,Greenland,1961,
GTM,Guatemala,1961,
GUM,Guam,1961,
GUY,Guyana,1961,
HKG,"Hong Kong SAR, China",1961,
HND,Honduras,1961,
HRV,Croatia,1961,
HTI,Haiti,1961,
HUN,Hungary,1961,
IDB,IDA blend,1961,
IDN,Indonesia,1961,
IMN,Isle of Man,1961,
IND,India,1961,
IRL,Ireland,1961,
IRN,"Iran, Islamic Rep.",1961,
IRQ,Iraq,1961,
ISL,Iceland,1961,
ISR,Israel,1961,
ITA,Italy,1961,
JAM,Jamaica,1961,
JOR,Jordan,1961,
JPN,Japan,1961,
KAZ,Kazakhstan,1961,
KEN,Kenya,1961,
KGZ,Kyrgyz Republic,1961,
KHM,Cambodia,1961,
KIR,Kiribati,1961,
KNA,St. Kitts and Nevis,1961,
KOR,"Korea, Rep.",1961,
KWT,Kuwait,1961,
LAO,Lao PDR,1961,
LBN,Lebanon,1961,
LBR,Liberia,1961,
LBY,Libya,1961,
LCA,St. Lucia,1961,
LCN,Latin America & Caribbean,1961,
LIE,Liechtenstein,1961,
LKA,Sri Lanka,1961,
LSO,Lesotho,1961,
LTE,Late-demographic dividend,1961,
LTU,Lithuania,1961,
LUX,Luxembourg,1961,
LVA,Latvia,1961,
MAC,"Macao SAR, China",1961,
MAF,St. Martin (French part),1961,
MAR,Morocco,1961,
MCO,Monaco,1961,
MDA,Moldova,1961,
MDG,Madagascar,1961,
MDV,Maldives,1961,
MEX,Mexico,1961,
MHL,Marshall Islands,1961,
MKD,North Macedonia,1961,
MLI,Mali,1961,
MLT,Malta,1961,
MMR,Myanmar,1961,
MNE,Montenegro,1961,
MNG,Mongolia,1961,
MNP,Northern Mariana Islands,1961,
MOZ,Mozambique,1961,
MRT,Mauritania,1961,
MUS,Mauritius,1961,
MWI,Malawi,1961,
MYS,Malaysia,1961,
NAM,Namibia,1961,
NCL,New Caledonia,1961,
NER,Niger,1961,
NGA,Nigeria,1961,
NIC,Nicaragua,1961,
NLD,Netherlands,1961,
NOR,Norway,1961,
NPL,Nepal,1961,
NRU,Nauru,1961,
NZL,New Zealand,1961,
OMN,Oman,1961,
PAK,Pakistan,1961,
PAN,Panama,1961,
PER,Peru,1961,
PHL,Philippines,1961,
PLW,Palau,1961,
PNG,Papua New Guinea,1961,
POL,Poland,1961,
PRI,Puerto Rico (US),1961,
PRK,"Korea, Dem. People's Rep.",1961,
PRT,Portugal,1961,
PRY,Paraguay,1961,
PSE,West Bank and Gaza,1961,
PYF,French Polynesia,1961,
QAT,Qatar,1961,
ROU,Romania,1961,
RUS,Russia,1961,
RWA,Rwanda,1961,
SAU,Saudi Arabia,1961,
SDN,Sudan,1961,
SEN,Senegal,1961,
SGP,Singapore,1961,
SLB,Solomon Islands,1961,
SLE,Sierra Leone,1961,
SLV,El Salvador,1961,
SMR,San Marino,1961,
SOM,"Somalia, Fed. Rep.",1961,
SRB,Serbia,1961,
SSD,South Sudan,1961,
STP,Sao Tome and Principe,1961,
SUR,Suriname,1961,
SVK,Slovak Republic,1961,
SVN,Slovenia,1961,
SWE,Sweden,1961,
SWZ,Eswatini,1961,
SXM,Sint Maarten (Dutch part),1961,
SYC,Seychelles,1961,
SYR,Syrian Arab Republic,1961,
TCA,Turks and Caicos Islands,1961,
TCD,Chad,1961,
TGO,Togo,1961,
THA,Thailand,1961,
TJK,Tajikistan,1961,
TKM,Turkmenistan,1961,
TLS,Timor-Leste,1961,
TON,Tonga,1961,
TTO,Trinidad and Tobago,1961,
TUN,Tunisia,1961,
TUR,Turkiye,1961,
TUV,Tuvalu,1961,
TZA,Tanzania,1961,
UGA,Uganda,1961,
UKR,Ukraine,1961,
URY,Uruguay,1961,
USA,United States,1961,
UZB,Uzbekistan,1961,
VCT,St. Vincent and the Grenadines,1961,
VEN,"Venezuela, RB",1961,
VGB,British Virgin Islands,1961,
VIR,Virgin Islands (U.S.),1961,
VNM,Viet Nam,1961,
VUT,Vanuatu,1961,
WSM,Samoa,1961,
XKX,Kosovo,1961,
YEM,"Yemen, Rep.",1961,
ZAF,South Africa,1961,
ZMB,Zambia,1961,
ZWE,Zimbabwe,1961,
ABW,Aruba,1962,
AFE,Africa Eastern and Southern,1962,
AFG,Afghanistan,1962,
AFW,Africa Western and Central,1962,
AGO,Angola,1962,
ALB,Albania,1962,
AND,Andorra,1962,
ARE,United Arab Emirates,1962,
ARG,Argentina,1962,
ARM,Armenia,1962,
ASM,American Samoa,1962,
ATG,Antigua and Barbuda,1962,
AUS,Australia,1962,
AUT,Austria,1962,
AZE,Azerbaijan,1962,
BDI,Burundi,1962,
BEL,Belgium,1962,
BEN,Benin,1962,
BFA,Burkina Faso,1962,
BGD,Bangladesh,1962,
BGR,Bulgaria,1962,
BHR,Bahrain,1962,
BHS,"Bahamas, The",1962,
BIH,Bosnia and Herzegovina,1962,
BLR,Belarus,1962,
BLZ,Belize,1962,
BMU,Bermuda,1962,
BOL,Bolivia,1962,
BRA,Brazil,1962,
BRB,Barbados,1962,
BRN,Brunei Darussalam,1962,
BTN,Bhutan,1962,
BWA,Botswana,1962,
CAF,Central African Republic,1962,
CAN,Canada,1962,
CHE,Switzerland,1962,
CHI,Channel Islands,1962,
CHL,Chile,1962,
CHN,China,1962,
CIV,Cote d'Ivoire,1962,
CMR,Cameroon,1962,
COD,"Congo, Dem. Rep.",1962,
COG,"Congo, Rep.",1962,
COL,Colombia,1962,
COM,Comoros,1962,
CPV,Cabo Verde,1962,
CRI,Costa Rica,1962,
CUB,Cuba,1962,
CUW,Curacao,1962,
CYM,Cayman Islands,1962,
CYP,Cyprus,1962,
CZE,Czechia,1962,
DEU,Germany,1962,
DJI,Djibouti,1962,
DMA,Dominica,1962,
DNK,Denmark,1962,
DOM,Dominican Republic,1962,
DZA,Algeria,1962,
EAR,Early-demographic dividend,1962,
ECS,Europe & Central Asia,1962,
ECU,Ecuador,1962,
EGY,"Egypt, Arab Rep.",1962,
ERI,Eritrea,1962,
ESP,Spain,1962,
EST,Estonia,1962,
ETH,Ethiopia,1962,
FIN,Finland,1962,
FJI,Fiji,1962,
FRA,France,1962,
FRO,Faroe Islands,1962,
FSM,"Micronesia, Fed. Sts.",1962,
GAB,Gabon,1962,
GBR,United Kingdom,1962,
GEO,Georgia,1962,
GHA,Ghana,1962,
GIB,Gibraltar,1962,
GIN,Guinea,1962,
GMB,"Gambia, The",1962,
GNB,Guinea-Bissau,1962,
GNQ,Equatorial Guinea,1962,
GRC,Greece,1962,
GRD,Grenada,1962,
GRL,Greenland,1962,
GTM,Guatemala,1962,
GUM,Guam,1962,
GUY,Guyana,1962,
HKG,"Hong Kong SAR, China",1962,
HND,Honduras,1962,
HRV,Croatia,1962,
HTI,Haiti,1962,
HUN,Hungary,1962,
IDB,IDA blend,1962,
IDN,Indonesia,1962,
IMN,Isle of Man,1962,
IND,India,1962,
IRL,Ireland,1962,
IRN,"Iran, Islamic Rep.",1962,
IRQ,Iraq,1962,
ISL,Iceland,1962,
ISR,Israel,1962,
ITA,Italy,1962,
JAM,Jamaica,1962,
JOR,Jordan,1962,
JPN,Japan,1962,
KAZ,Kazakhstan,1962,
KEN,Kenya,1962,
KGZ,Kyrgyz Republic,1962,
KHM,Cambodia,1962,
KIR,Kiribati,1962,
KNA,St. Kitts and Nevis,1962,
KOR,"Korea, Rep.",1962,
KWT,Kuwait,1962,
LAO,Lao PDR,1962,
LBN,Lebanon,1962,
LBR,Liberia,1962,
LBY,Libya,1962,
LCA,St. Lucia,1962,
LCN,Latin America & Caribbean,1962,
LIE,Liechtenstein,1962,
LKA,Sri Lanka,1962,
LSO,Lesotho,1962,
LTE,Late-demographic dividend,1962,
LTU,Lithuania,1962,
LUX,Luxembourg,1962,
LVA,Latvia,1962,
MAC,"Macao SAR, China",1962,
MAF,St. Martin (French part),1962,
MAR,Morocco,1962,
MCO,Monaco,1962,
MDA,Moldova,1962,
MDG,Madagascar,1962,
MDV,Maldives,1962,
MEX,Mexico,1962,
MHL,Marshall Islands,1962,
MKD,North Macedonia,1962,
MLI,Mali,1962,
MLT,Malta,1962,
MMR,Myanmar,1962,
MNE,Montenegro,1962,
MNG,Mongolia,1962,
MNP,Northern Mariana Islands,1962,
MOZ,Mozambique,1962,
MRT,Mauritania,1962,
MUS,Mauritius,1962,
MWI,Malawi,1962,
MYS,Malaysia,1962,
NAM,Namibia,1962,
NCL,New Caledonia,1962,
NER,Niger,1962,
NGA,Nigeria,1962,
NIC,Nicaragua,1962,
NLD,Netherlands,1962,
NOR,Norway,1962,
NPL,Nepal,1962,
NRU,Nauru,1962,
NZL,New Zealand,1962,
OMN,Oman,1962,
PAK,Pakistan,1962,
PAN,Panama,1962,
PER,Peru,1962,
PHL,Philippines,1962,
PLW,Palau,1962,
PNG,Papua New Guinea,1962,
POL,Poland,1962,
PRI,Puerto Rico (US),1962,
PRK,"Korea, Dem. People's Rep.",1962,
PRT,Portugal,1962,
PRY,Paraguay,1962,
PSE,West Bank and Gaza,1962,
PYF,French Polynesia,1962,
QAT,Qatar,1962,
ROU,Romania,1962,
RUS,Russia,1962,
RWA,Rwanda,1962,
SAU,Saudi Arabia,1962,
SDN,Sudan,1962,
SEN,Senegal,1962,
SGP,Singapore,1962,
SLB,Solomon Islands,1962,
SLE,Sierra Leone,1962,
SLV,El Salvador,1962,
SMR,San Marino,1962,
SOM,"Somalia, Fed. Rep.",1962,
SRB,Serbia,1962,
SSD,South Sudan,1962,
STP,Sao Tome and Principe,1962,
SUR,Suriname,1962,
SVK,Slovak Republic,1962,
SVN,Slovenia,1962,
SWE,Sweden,1962,
SWZ,Eswatini,1962,
SXM,Sint Maarten (Dutch part),1962,
SYC,Seychelles,1962,
SYR,Syrian Arab Republic,1962,
TCA,Turks and Caicos Islands,1962,
TCD,Chad,1962,
TGO,Togo,1962,
THA,Thailand,1962,
TJK,Tajikistan,1962,
TKM,Turkmenistan,1962,
TLS,Timor-Leste,1962,
TON,Tonga,1962,
TTO,Trinidad and Tobago,1962,
TUN,Tunisia,1962,
TUR,Turkiye,1962,
TUV,Tuvalu,1962,
TZA,Tanzania,1962,
UGA,Uganda,1962,
UKR,Ukraine,1962,
URY,Uruguay,1962,
USA,United States,1962,
UZB,Uzbekistan,1962,
VCT,St. Vincent and the Grenadines,1962,
VEN,"Venezuela, RB",1962,
VGB,British Virgin Islands,1962,
VIR,Virgin Islands (U.S.),1962,
VNM,Viet Nam,1962,
VUT,Vanuatu,1962,
WSM,Samoa,1962,
XKX,Kosovo,1962,
YEM,"Yemen, Rep.",1962,
ZAF,South Africa,1962,
ZMB,Zambia,1962,
ZWE,Zimbabwe,1962,
ABW,Aruba,1963,
AFE,Africa Eastern and Southern,1963,
AFG,Afghanistan,1963,
AFW,Africa Western and Central,1963,
AGO,Angola,1963,
ALB,Albania,1963,
AND,Andorra,1963,
ARE,United Arab Emirates,1963,
ARG,Argentina,1963,
ARM,Armenia,1963,
ASM,American Samoa,1963,
ATG,Antigua and Barbuda,1963,
AUS,Australia,1963,
AUT,Austria,1963,
AZE,Azerbaijan,1963,
BDI,Burundi,1963,
BEL,Belgium,1963,
BEN,Benin,1963,
BFA,Burkina Faso,1963,
BGD,Bangladesh,1963,
BGR,Bulgaria,1963,
BHR,Bahrain,1963,
BHS,"Bahamas, The",1963,
BIH,Bosnia and Herzegovina,1963,
BLR,Belarus,1963,
BLZ,Belize,1963,
BMU,Bermuda,1963,
BOL,Bolivia,1963,
BRA,Brazil,1963,
BRB,Barbados,1963,
BRN,Brunei Darussalam,1963,
BTN,Bhutan,1963,
BWA,Botswana,1963,
CAF,Central African Republic,1963,
CAN,Canada,1963,
CHE,Switzerland,1963,
CHI,Channel Islands,1963,
CHL,Chile,1963,
CHN,China,1963,
CIV,Cote d'Ivoire,1963,
CMR,Cameroon,1963,
COD,"Congo, Dem. Rep.",1963,
COG,"Congo, Rep.",1963,
COL,Colombia,1963,
COM,Comoros,1963,
CPV,Cabo Verde,1963,
CRI,Costa Rica,1963,
CUB,Cuba,1963,
CUW,Curacao,1963,
CYM,Cayman Islands,1963,
CYP,Cyprus,1963,
CZE,Czechia,1963,
DEU,Germany,1963,
DJI,Djibouti,1963,
DMA,Dominica,1963,
DNK,Denmark,1963,
DOM,Dominican Republic,1963,
DZA,Algeria,1963,
EAR,Early-demographic dividend,1963,
ECS,Europe & Central Asia,1963,
ECU,Ecuador,1963,
EGY,"Egypt, Arab Rep.",1963,
ERI,Eritrea,1963,
ESP,Spain,1963,
EST,Estonia,1963,
ETH,Ethiopia,1963,
FIN,Finland,1963,
FJI,Fiji,1963,
FRA,France,1963,
FRO,Faroe Islands,1963,
FSM,"Micronesia, Fed. Sts.",1963,
GAB,Gabon,1963,
GBR,United Kingdom,1963,
GEO,Georgia,1963,
GHA,Ghana,1963,
GIB,Gibraltar,1963,
GIN,Guinea,1963,
GMB,"Gambia, The",1963,
GNB,Guinea-Bissau,1963,
GNQ,Equatorial Guinea,1963,
GRC,Greece,1963,
GRD,Grenada,1963,
GRL,Greenland,1963,
GTM,Guatemala,1963,
GUM,Guam,1963,
GUY,Guyana,1963,
HKG,"Hong Kong SAR, China",1963,
HND,Honduras,1963,
HRV,Croatia,1963,
HTI,Haiti,1963,
HUN,Hungary,1963,
IDB,IDA blend,1963,
IDN,Indonesia,1963,
IMN,Isle of Man,1963,
IND,India,1963,
IRL,Ireland,1963,
IRN,"Iran, Islamic Rep.",1963,
IRQ,Iraq,1963,
ISL,Iceland,1963,
ISR,Israel,1963,
ITA,Italy,1963,
JAM,Jamaica,1963,
JOR,Jordan,1963,
JPN,Japan,1963,
KAZ,Kazakhstan,1963,
KEN,Kenya,1963,
KGZ,Kyrgyz Republic,1963,
KHM,Cambodia,1963,
KIR,Kiribati,1963,
KNA,St. Kitts and Nevis,1963,
KOR,"Korea, Rep.",1963,
KWT,Kuwait,1963,
LAO,Lao PDR,1963,
LBN,Lebanon,1963,
LBR,Liberia,1963,
LBY,Libya,1963,
LCA,St. Lucia,1963,
LCN,Latin America & Caribbean,1963,
LIE,Liechtenstein,1963,
LKA,Sri Lanka,1963,
LSO,Lesotho,1963,
LTE,Late-demographic dividend,1963,
LTU,Lithuania,1963,
LUX,Luxembourg,1963,
LVA,Latvia,1963,
MAC,"Macao SAR, China",1963,
MAF,St. Martin (French part),1963,
MAR,Morocco,1963,
MCO,Monaco,1963,
MDA,Moldova,1963,
MDG,Madagascar,1963,
MDV,Maldives,1963,
MEX,Mexico,1963,
MHL,Marshall Islands,1963,
MKD,North Macedonia,1963,
MLI,Mali,1963,
MLT,Malta,1963,
MMR,Myanmar,1963,
MNE,Montenegro,1963,
MNG,Mongolia,1963,
MNP,Northern Mariana Islands,1963,
MOZ,Mozambique,1963,
MRT,Mauritania,1963,
MUS,Mauritius,1963,
MWI,Malawi,1963,
MYS,Malaysia,1963,
NAM,Namibia,1963,
NCL,New Caledonia,1963,
NER,Niger,1963,
NGA,Nigeria,1963,
NIC,Nicaragua,1963,
NLD,Netherlands,1963,
NOR,Norway,1963,
NPL,Nepal,1963,
NRU,Nauru,1963,
NZL,New Zealand,1963,
OMN,Oman,1963,
PAK,Pakistan,1963,
PAN,Panama,1963,
PER,Peru,1963,
PHL,Philippines,1963,
PLW,Palau,1963,
PNG,Papua New Guinea,1963,
POL,Poland,1963,
PRI,Puerto Rico (US),1963,
PRK,"Korea, Dem. People's Rep.",1963,
PRT,Portugal,1963,
PRY,Paraguay,1963,
PSE,West Bank and Gaza,1963,
PYF,French Polynesia,1963,
QAT,Qatar,1963,
ROU,Romania,1963,
RUS,Russia,1963,
RWA,Rwanda,1963,
SAU,Saudi Arabia,1963,
SDN,Sudan,1963,
SEN,Senegal,1963,
SGP,Singapore,1963,
SLB,Solomon Islands,1963,
SLE,Sierra Leone,1963,
SLV,El Salvador,1963,
SMR,San Marino,1963,
SOM,"Somalia, Fed. Rep.",1963,
SRB,Serbia,1963,
SSD,South Sudan,1963,
STP,Sao Tome and Principe,1963,
SUR,Suriname,1963,
SVK,Slovak Republic,1963,
SVN,Slovenia,1963,
SWE,Sweden,1963,
SWZ,Eswatini,1963,
SXM,Sint Maarten (Dutch part),1963,
SYC,Seychelles,1963,
SYR,Syrian Arab Republic,1963,
TCA,Turks and Caicos Islands,1963,
TCD,Chad,1963,
TGO,Togo,1963,
THA,Thailand,1963,
TJK,Tajikistan,1963,
TKM,Turkmenistan,1963,
TLS,Timor-Leste,1963,
TON,Tonga,1963,
TTO,Trinidad and Tobago,1963,
TUN,Tunisia,1963,
TUR,Turkiye,1963,
TUV,Tuvalu,1963,
TZA,Tanzania,1963,
UGA,Uganda,1963,
UKR,Ukraine,1963,
URY,Uruguay,1963,
USA,United States,1963,
UZB,Uzbekistan,1963,
VCT,St. Vincent and the Grenadines,1963,
VEN,"Venezuela, RB",1963,
VGB,British Virgin Islands,1963,
VIR,Virgin Islands (U.S.),1963,
VNM,Viet Nam,1963,
VUT,Vanuatu,1963,
WSM,Samoa,1963,
XKX,Kosovo,1963,
YEM,"Yemen, Rep.",1963,
ZAF,South Africa,1963,
ZMB,Zambia,1963,
ZWE,Zimbabwe,1963,
ABW,Aruba,1964,
AFE,Africa Eastern and Southern,1964,
AFG,Afghanistan,1964,
AFW,Africa Western and Central,1964,
AGO,Angola,1964,
ALB,Albania,1964,
AND,Andorra,1964,
ARE,United Arab Emirates,1964,
ARG,Argentina,1964,
ARM,Armenia,1964,
ASM,American Samoa,1964,
ATG,Antigua and Barbuda,1964,
AUS,Australia,1964,
AUT,Austria,1964,
AZE,Azerbaijan,1964,
BDI,Burundi,1964,
BEL,Belgium,1964,
BEN,Benin,1964,
BFA,Burkina Faso,1964,
BGD,Bangladesh,1964,
BGR,Bulgaria,1964,
BHR,Bahrain,1964,
BHS,"Bahamas, The",1964,
BIH,Bosnia and Herzegovina,1964,
BLR,Belarus,1964,
BLZ,Belize,1964,
BMU,Bermuda,1964,
BOL,Bolivia,1964,
BRA,Brazil,1964,
BRB,Barbados,1964,
BRN,Brunei Darussalam,1964,
BTN,Bhutan,1964,
BWA,Botswana,1964,
CAF,Central African Republic,1964,
CAN,Canada,1964,
CHE,Switzerland,1964,
CHI,Channel Islands,1964,
CHL,Chile,1964,
CHN,China,1964,
CIV,Cote d'Ivoire,1964,
CMR,Cameroon,1964,
COD,"Congo, Dem. Rep.",1964,
COG,"Congo, Rep.",1964,
COL,Colombia,1964,
COM,Comoros,1964,
CPV,Cabo Verde,1964,
CRI,Costa Rica,1964,
CUB,Cuba,1964,
CUW,Curacao,1964,
CYM,Cayman Islands,1964,
CYP,Cyprus,1964,
CZE,Czechia,1964,
DEU,Germany,1964,
DJI,Djibouti,1964,
DMA,Dominica,1964,
DNK,Denmark,1964,
DOM,Dominican Republic,1964,
DZA,Algeria,1964,
EAR,Early-demographic dividend,1964,
ECS,Europe & Central Asia,1964,
ECU,Ecuador,1964,
EGY,"Egypt, Arab Rep.",1964,
ERI,Eritrea,1964,
ESP,Spain,1964,
EST,Estonia,1964,
ETH,Ethiopia,1964,
FIN,Finland,1964,
FJI,Fiji,1964,
FRA,France,1964,
FRO,Faroe Islands,1964,
FSM,"Micronesia, Fed. Sts.",1964,
GAB,Gabon,1964,
GBR,United Kingdom,1964,
GEO,Georgia,1964,
GHA,Ghana,1964,
GIB,Gibraltar,1964,
GIN,Guinea,1964,
GMB,"Gambia, The",1964,
GNB,Guinea-Bissau,1964,
GNQ,Equatorial Guinea,1964,
GRC,Greece,1964,
GRD,Grenada,1964,
GRL,Greenland,1964,
GTM,Guatemala,1964,
GUM,Guam,1964,
GUY,Guyana,1964,
HKG,"Hong Kong SAR, China",1964,
HND,Honduras,1964,
HRV,Croatia,1964,
HTI,Haiti,1964,
HUN,Hungary,1964,
IDB,IDA blend,1964,
IDN,Indonesia,1964,
IMN,Isle of Man,1964,
IND,India,1964,
IRL,Ireland,1964,
IRN,"Iran, Islamic Rep.",1964,
IRQ,Iraq,1964,
ISL,Iceland,1964,
ISR,Israel,1964,
ITA,Italy,1964,
JAM,Jamaica,1964,
JOR,Jordan,1964,
JPN,Japan,1964,
KAZ,Kazakhstan,1964,
KEN,Kenya,1964,
KGZ,Kyrgyz Republic,1964,
KHM,Cambodia,1964,
KIR,Kiribati,1964,
KNA,St. Kitts and Nevis,1964,
KOR,"Korea, Rep.",1964,
KWT,Kuwait,1964,
LAO,Lao PDR,1964,
LBN,Lebanon,1964,
LBR,Liberia,1964,
LBY,Libya,1964,
LCA,St. Lucia,1964,
LCN,Latin America & Caribbean,1964,
LIE,Liechtenstein,1964,
LKA,Sri Lanka,1964,
LSO,Lesotho,1964,
LTE,Late-demographic dividend,1964,
LTU,Lithuania,1964,
LUX,Luxembourg,1964,
LVA,Latvia,1964,
MAC,"Macao SAR, China",1964,
MAF,St. Martin (French part),1964,
MAR,Morocco,1964,
MCO,Monaco,1964,
MDA,Moldova,1964,
MDG,Madagascar,1964,
MDV,Maldives,1964,
MEX,Mexico,1964,
MHL,Marshall Islands,1964,
MKD,North Macedonia,1964,
MLI,Mali,1964,
MLT,Malta,1964,
MMR,Myanmar,1964,
MNE,Montenegro,1964,
MNG,Mongolia,1964,
MNP,Northern Mariana Islands,1964,
MOZ,Mozambique,1964,
MRT,Mauritania,1964,
MUS,Mauritius,1964,
MWI,Malawi,1964,
MYS,Malaysia,1964,
NAM,Namibia,1964,
NCL,New Caledonia,1964,
NER,Niger,1964,
NGA,Nigeria,1964,
NIC,Nicaragua,1964,
NLD,Netherlands,1964,
NOR,Norway,1964,
NPL,Nepal,1964,
NRU,Nauru,1964,
NZL,New Zealand,1964,
OMN,Oman,1964,
PAK,Pakistan,1964,
PAN,Panama,1964,
PER,Peru,1964,
PHL,Philippines,1964,
PLW,Palau,1964,
PNG,Papua New Guinea,1964,
POL,Poland,1964,
PRI,Puerto Rico (US),1964,
PRK,"Korea, Dem. People's Rep.",1964,
PRT,Portugal,1964,
PRY,Paraguay,1964,
PSE,West Bank and Gaza,1964,
PYF,French Polynesia,1964,
QAT,Qatar,1964,
ROU,Romania,1964,
RUS,Russia,1964,
RWA,Rwanda,1964,
SAU,Saudi Arabia,1964,
SDN,Sudan,1964,
SEN,Senegal,1964,
SGP,Singapore,1964,
SLB,Solomon Islands,1964,
SLE,Sierra Leone,1964,
SLV,El Salvador,1964,
SMR,San Marino,1964,
SOM,"Somalia, Fed. Rep.",1964,
SRB,Serbia,1964,
SSD,South Sudan,1964,
STP,Sao Tome and Principe,1964,
SUR,Suriname,1964,
SVK,Slovak Republic,1964,
SVN,Slovenia,1964,
SWE,Sweden,1964,
SWZ,Eswatini,1964,
SXM,Sint Maarten (Dutch part),1964,
SYC,Seychelles,1964,
SYR,Syrian Arab Republic,1964,
TCA,Turks and Caicos Islands,1964,
TCD,Chad,1964,
TGO,Togo,1964,
THA,Thailand,1964,
TJK,Tajikistan,1964,
TKM,Turkmenistan,1964,
TLS,Timor-Leste,1964,
TON,Tonga,1964,
TTO,Trinidad and Tobago,1964,
TUN,Tunisia,1964,
TUR,Turkiye,1964,
TUV,Tuvalu,1964,
TZA,Tanzania,1964,
UGA,Uganda,1964,
UKR,Ukraine,1964,
URY,Uruguay,1964,
USA,United States,1964,
UZB,Uzbekistan,1964,
VCT,St. Vincent and the Grenadines,1964,
VEN,"Venezuela, RB",1964,
VGB,British Virgin Islands,1964,
VIR,Virgin Islands (U.S.),1964,
VNM,Viet Nam,1964,
VUT,Vanuatu,1964,
WSM,Samoa,1964,
XKX,Kosovo,1964,
YEM,"Yemen, Rep.",1964,
ZAF,South Africa,1964,
ZMB,Zambia,1964,
ZWE,Zimbabwe,1964,
ABW,Aruba,1965,
AFE,Africa Eastern and Southern,1965,
AFG,Afghanistan,1965,
AFW,Africa Western and Central,1965,
AGO,Angola,1965,
ALB,Albania,1965,
AND,Andorra,1965,
ARE,United Arab Emirates,1965,
ARG,Argentina,1965,
ARM,Armenia,1965,
ASM,American Samoa,1965,
ATG,Antigua and Barbuda,1965,
AUS,Australia,1965,
AUT,Austria,1965,
AZE,Azerbaijan,1965,
BDI,Burundi,1965,
BEL,Belgium,1965,
BEN,Benin,1965,
BFA,Burkina Faso,1965,
BGD,Bangladesh,1965,
BGR,Bulgaria,1965,
BHR,Bahrain,1965,
BHS,"Bahamas, The",1965,
BIH,Bosnia and Herzegovina,1965,
BLR,Belarus,1965,
BLZ,Belize,1965,
BMU,Bermuda,1965,
BOL,Bolivia,1965,
BRA,Brazil,1965,
BRB,Barbados,1965,
BRN,Brunei Darussalam,1965,
BTN,Bhutan,1965,
BWA,Botswana,1965,
CAF,Central African Republic,1965,
CAN,Canada,1965,
CHE,Switzerland,1965,
CHI,Channel Islands,1965,
CHL,Chile,1965,
CHN,China,1965,
CIV,Cote d'Ivoire,1965,
CMR,Cameroon,1965,
COD,"Congo, Dem. Rep.",1965,
COG,"Congo, Rep.",1965,
COL,Colombia,1965,
COM,Comoros,1965,
CPV,Cabo Verde,1965,
CRI,Costa Rica,1965,
CUB,Cuba,1965,
CUW,Curacao,1965,
CYM,Cayman Islands,1965,
CYP,Cyprus,1965,
CZE,Czechia,1965,
DEU,Germany,1965,
DJI,Djibouti,1965,
DMA,Dominica,1965,
DNK,Denmark,1965,
DOM,Dominican Republic,1965,
DZA,Algeria,1965,
EAR,Early-demographic dividend,1965,
ECS,Europe & Central Asia,1965,
ECU,Ecuador,1965,
EGY,"Egypt, Arab Rep.",1965,
ERI,Eritrea,1965,
ESP,Spain,1965,
EST,Estonia,1965,
ETH,Ethiopia,1965,
FIN,Finland,1965,
FJI,Fiji,1965,
FRA,France,1965,
FRO,Faroe Islands,1965,
FSM,"Micronesia, Fed. Sts.",1965,
GAB,Gabon,1965,
GBR,United Kingdom,1965,
GEO,Georgia,1965,
GHA,Ghana,1965,
GIB,Gibraltar,1965,
GIN,Guinea,1965,
GMB,"Gambia, The",1965,
GNB,Guinea-Bissau,1965,
GNQ,Equatorial Guinea,1965,
GRC,Greece,1965,
GRD,Grenada,1965,
GRL,Greenland,1965,
GTM,Guatemala,1965,
GUM,Guam,1965,
GUY,Guyana,1965,
HKG,"Hong Kong SAR, China",1965,
HND,Honduras,1965,
HRV,Croatia,1965,
HTI,Haiti,1965,
HUN,Hungary,1965,
IDB,IDA blend,1965,
IDN,Indonesia,1965,
IMN,Isle of Man,1965,
IND,India,1965,
IRL,Ireland,1965,
IRN,"Iran, Islamic Rep.",1965,
IRQ,Iraq,1965,
ISL,Iceland,1965,
ISR,Israel,1965,
ITA,Italy,1965,
JAM,Jamaica,1965,
JOR,Jordan,1965,
JPN,Japan,1965,
KAZ,Kazakhstan,1965,
KEN,Kenya,1965,
KGZ,Kyrgyz Republic,1965,
KHM,Cambodia,1965,
KIR,Kiribati,1965,
KNA,St. Kitts and Nevis,1965,
KOR,"Korea, Rep.",1965,
KWT,Kuwait,1965,
LAO,Lao PDR,1965,
LBN,Lebanon,1965,
LBR,Liberia,1965,
LBY,Libya,1965,
LCA,St. Lucia,1965,
LCN,Latin America & Caribbean,1965,
LIE,Liechtenstein,1965,
LKA,Sri Lanka,1965,
LSO,Lesotho,1965,
LTE,Late-demographic dividend,1965,
LTU,Lithuania,1965,
LUX,Luxembourg,1965,
LVA,Latvia,1965,
MAC,"Macao SAR, China",1965,
MAF,St. Martin (French part),1965,
MAR,Morocco,1965,
MCO,Monaco,1965,
MDA,Moldova,1965,
MDG,Madagascar,1965,
MDV,Maldives,1965,
MEX,Mexico,1965,
MHL,Marshall Islands,1965,
MKD,North Macedonia,1965,
MLI,Mali,1965,
MLT,Malta,1965,
MMR,Myanmar,1965,
MNE,Montenegro,1965,
MNG,Mongolia,1965,
MNP,Northern Mariana Islands,1965,
MOZ,Mozambique,1965,
MRT,Mauritania,1965,
MUS,Mauritius,1965,
MWI,Malawi,1965,
MYS,Malaysia,1965,
NAM,Namibia,1965,
NCL,New Caledonia,1965,
NER,Niger,1965,
NGA,Nigeria,1965,
NIC,Nicaragua,1965,
NLD,Netherlands,1965,
NOR,Norway,1965,
NPL,Nepal,1965,
NRU,Nauru,1965,
NZL,New Zealand,1965,
OMN,Oman,1965,
PAK,Pakistan,1965,
PAN,Panama,1965,
PER,Peru,1965,
PHL,Philippines,1965,
PLW,Palau,1965,
PNG,Papua New Guinea,1965,
POL,Poland,1965,
PRI,Puerto Rico (US),1965,
PRK,"Korea, Dem. People's Rep.",1965,
PRT,Portugal,1965,
PRY,Paraguay,1965,
PSE,West Bank and Gaza,1965,
PYF,French Polynesia,1965,
QAT,Qatar,1965,
ROU,Romania,1965,
RUS,Russia,1965,
RWA,Rwanda,1965,
SAU,Saudi Arabia,1965,
SDN,Sudan,1965,
SEN,Senegal,1965,
SGP,Singapore,1965,
SLB,Solomon Islands,1965,
SLE,Sierra Leone,1965,
SLV,El Salvador,1965,
SMR,San Marino,1965,
SOM,"Somalia, Fed. Rep.",1965,
SRB,Serbia,1965,
SSD,South Sudan,1965,
STP,Sao Tome and Principe,1965,
SUR,Suriname,1965,
SVK,Slovak Republic,1965,
SVN,Slovenia,1965,
SWE,Sweden,1965,
SWZ,Eswatini,1965,
SXM,Sint Maarten (Dutch part),1965,
SYC,Seychelles,1965,
SYR,Syrian Arab Republic,1965,
TCA,Turks and Caicos Islands,1965,
TCD,Chad,1965,
TGO,Togo,1965,
THA,Thailand,1965,
TJK,Tajikistan,1965,
TKM,Turkmenistan,1965,
TLS,Timor-Leste,1965,
TON,Tonga,1965,
TTO,Trinidad and Tobago,1965,
TUN,Tunisia,1965,
TUR,Turkiye,1965,
TUV,Tuvalu,1965,
TZA,Tanzania,1965,
UGA,Uganda,1965,
UKR,Ukraine,1965,
URY,Uruguay,1965,
USA,United States,1965,
UZB,Uzbekistan,1965,
VCT,St. Vincent and the Grenadines,1965,
VEN,"Venezuela, RB",1965,
VGB,British Virgin Islands,1965,
VIR,Virgin Islands (U.S.),1965,
VNM,Viet Nam,1965,
VUT,Vanuatu,1965,
WSM,Samoa,1965,
XKX,Kosovo,1965,
YEM,"Yemen, Rep.",1965,
ZAF,South Africa,1965,
ZMB,Zambia,1965,
ZWE,Zimbabwe,1965,
ABW,Aruba,1966,
AFE,Africa Eastern and Southern,1966,
AFG,Afghanistan,1966,
AFW,Africa Western and Central,1966,
AGO,Angola,1966,
ALB,Albania,1966,
AND,Andorra,1966,
ARE,United Arab Emirates,1966,
ARG,Argentina,1966,
ARM,Armenia,1966,
ASM,American Samoa,1966,
ATG,Antigua and Barbuda,1966,
AUS,Australia,1966,
AUT,Austria,1966,
AZE,Azerbaijan,1966,
BDI,Burundi,1966,
BEL,Belgium,1966,
BEN,Benin,1966,
BFA,Burkina Faso,1966,
BGD,Bangladesh,1966,
BGR,Bulgaria,1966,
BHR,Bahrain,1966,
BHS,"Bahamas, The",1966,
BIH,Bosnia and Herzegovina,1966,
BLR,Belarus,1966,
BLZ,Belize,1966,
BMU,Bermuda,1966,
BOL,Bolivia,1966,
BRA,Brazil,1966,
BRB,Barbados,1966,
BRN,Brunei Darussalam,1966,
BTN,Bhutan,1966,
BWA,Botswana,1966,
CAF,Central African Republic,1966,
CAN,Canada,1966,
CHE,Switzerland,1966,
CHI,Channel Islands,1966,
CHL,Chile,1966,
CHN,China,1966,
CIV,Cote d'Ivoire,1966,
CMR,Cameroon,1966,
COD,"Congo, Dem. Rep.",1966,
COG,"Congo, Rep.",1966,
COL,Colombia,1966,
COM,Comoros,1966,
CPV,Cabo Verde,1966,
CRI,Costa Rica,1966,
CUB,Cuba,1966,
CUW,Curacao,1966,
CYM,Cayman Islands,1966,
CYP,Cyprus,1966,
CZE,Czechia,1966,
DEU,Germany,1966,
DJI,Djibouti,1966,
DMA,Dominica,1966,
DNK,Denmark,1966,
DOM,Dominican Republic,1966,
DZA,Algeria,1966,
EAR,Early-demographic dividend,1966,
ECS,Europe & Central Asia,1966,
ECU,Ecuador,1966,
EGY,"Egypt, Arab Rep.",1966,
ERI,Eritrea,1966,
ESP,Spain,1966,
EST,Estonia,1966,
ETH,Ethiopia,1966,
FIN,Finland,1966,
FJI,Fiji,1966,
FRA,France,1966,
FRO,Faroe Islands,1966,
FSM,"Micronesia, Fed. Sts.",1966,
GAB,Gabon,1966,
GBR,United Kingdom,1966,
GEO,Georgia,1966,
GHA,Ghana,1966,
GIB,Gibraltar,1966,
GIN,Guinea,1966,
GMB,"Gambia, The",1966,
GNB,Guinea-Bissau,1966,
GNQ,Equatorial Guinea,1966,
GRC,Greece,1966,
GRD,Grenada,1966,
GRL,Greenland,1966,
GTM,Guatemala,1966,
GUM,Guam,1966,
GUY,Guyana,1966,
HKG,"Hong Kong SAR, China",1966,
HND,Honduras,1966,
HRV,Croatia,1966,
HTI,Haiti,1966,
HUN,Hungary,1966,
IDB,IDA blend,1966,
IDN,Indonesia,1966,
IMN,Isle of Man,1966,
IND,India,1966,
IRL,Ireland,1966,
IRN,"Iran, Islamic Rep.",1966,
IRQ,Iraq,1966,
ISL,Iceland,1966,
ISR,Israel,1966,
ITA,Italy,1966,
JAM,Jamaica,1966,
JOR,Jordan,1966,
JPN,Japan,1966,
KAZ,Kazakhstan,1966,
KEN,Kenya,1966,
KGZ,Kyrgyz Republic,1966,
KHM,Cambodia,1966,
KIR,Kiribati,1966,
KNA,St. Kitts and Nevis,1966,
KOR,"Korea, Rep.",1966,
KWT,Kuwait,1966,
LAO,Lao PDR,1966,
LBN,Lebanon,1966,
LBR,Liberia,1966,
LBY,Libya,1966,
LCA,St. Lucia,1966,
LCN,Latin America & Caribbean,1966,
LIE,Liechtenstein,1966,
LKA,Sri Lanka,1966,
LSO,Lesotho,1966,
LTE,Late-demographic dividend,1966,
LTU,Lithuania,1966,
LUX,Luxembourg,1966,
LVA,Latvia,1966,
MAC,"Macao SAR, China",1966,
MAF,St. Martin (French part),1966,
MAR,Morocco,1966,
MCO,Monaco,1966,
MDA,Moldova,1966,
MDG,Madagascar,1966,
MDV,Maldives,1966,
MEX,Mexico,1966,
MHL,Marshall Islands,1966,
MKD,North Macedonia,1966,
MLI,Mali,1966,
MLT,Malta,1966,
MMR,Myanmar,1966,
MNE,Montenegro,1966,
MNG,Mongolia,1966,
MNP,Northern Mariana Islands,1966,
MOZ,Mozambique,1966,
MRT,Mauritania,1966,
MUS,Mauritius,1966,
MWI,Malawi,1966,
MYS,Malaysia,1966,
NAM,Namibia,1966,
NCL,New Caledonia,1966,
NER,Niger,1966,
NGA,Nigeria,1966,
NIC,Nicaragua,1966,
NLD,Netherlands,1966,
NOR,Norway,1966,
NPL,Nepal,1966,
NRU,Nauru,1966,
NZL,New Zealand,1966,
OMN,Oman,1966,
PAK,Pakistan,1966,
PAN,Panama,1966,
PER,Peru,1966,
PHL,Philippines,1966,
PLW,Palau,1966,
PNG,Papua New Guinea,1966,
POL,Poland,1966,
PRI,Puerto Rico (US),1966,
PRK,"Korea, Dem. People's Rep.",1966,
PRT,Portugal,1966,
PRY,Paraguay,1966,
PSE,West Bank and Gaza,1966,
PYF,French Polynesia,1966,
QAT,Qatar,1966,
ROU,Romania,1966,
RUS,Russia,1966,
RWA,Rwanda,1966,
SAU,Saudi Arabia,1966,
SDN,Sudan,1966,
SEN,Senegal,1966,
SGP,Singapore,1966,
SLB,Solomon Islands,1966,
SLE,Sierra Leone,1966,
SLV,El Salvador,1966,
SMR,San Marino,1966,
SOM,"Somalia, Fed. Rep.",1966,
SRB,Serbia,1966,
SSD,South Sudan,1966,
STP,Sao Tome and Principe,1966,
SUR,Suriname,1966,
SVK,Slovak Republic,1966,
SVN,Slovenia,1966,
SWE,Sweden,1966,
SWZ,Eswatini,1966,
SXM,Sint Maarten (Dutch part),1966,
SYC,Seychelles,1966,
SYR,Syrian Arab Republic,1966,
TCA,Turks and Caicos Islands,1966,
TCD,Chad,1966,
TGO,Togo,1966,
THA,Thailand,1966,
TJK,Tajikistan,1966,
TKM,Turkmenistan,1966,
TLS,Timor-Leste,1966,
TON,Tonga,1966,
TTO,Trinidad and Tobago,1966,
TUN,Tunisia,1966,
TUR,Turkiye,1966,
TUV,Tuvalu,1966,
TZA,Tanzania,1966,
UGA,Uganda,1966,
UKR,Ukraine,1966,
URY,Uruguay,1966,
USA,United States,1966,
UZB,Uzbekistan,1966,
VCT,St. Vincent and the Grenadines,1966,
VEN,"Venezuela, RB",1966,
VGB,British Virgin Islands,1966,
VIR,Virgin Islands (U.S.),1966,
VNM,Viet Nam,1966,
VUT,Vanuatu,1966,
WSM,Samoa,1966,
XKX,Kosovo,1966,
YEM,"Yemen, Rep.",1966,
ZAF,South Africa,1966,
ZMB,Zambia,1966,
ZWE,Zimbabwe,1966,
ABW,Aruba,1967,
AFE,Africa Eastern and Southern,1967,
AFG,Afghanistan,1967,
AFW,Africa Western and Central,1967,
AGO,Angola,1967,
ALB,Albania,1967,
AND,Andorra,1967,
ARE,United Arab Emirates,1967,
ARG,Argentina,1967,
ARM,Armenia,1967,
ASM,American Samoa,1967,
ATG,Antigua and Barbuda,1967,
AUS,Australia,1967,
AUT,Austria,1967,
AZE,Azerbaijan,1967,
BDI,Burundi,1967,
BEL,Belgium,1967,
BEN,Benin,1967,
BFA,Burkina Faso,1967,
BGD,Bangladesh,1967,
BGR,Bulgaria,1967,
BHR,Bahrain,1967,
BHS,"Bahamas, The",1967,
BIH,Bosnia and Herzegovina,1967,
BLR,Belarus,1967,
BLZ,Belize,1967,
BMU,Bermuda,1967,
BOL,Bolivia,1967,
BRA,Brazil,1967,
BRB,Barbados,1967,
BRN,Brunei Darussalam,1967,
BTN,Bhutan,1967,
BWA,Botswana,1967,
CAF,Central African Republic,1967,
CAN,Canada,1967,
CHE,Switzerland,1967,
CHI,Channel Islands,1967,
CHL,Chile,1967,
CHN,China,1967,
CIV,Cote d'Ivoire,1967,
CMR,Cameroon,1967,
COD,"Congo, Dem. Rep.",1967,
COG,"Congo, Rep.",1967,
COL,Colombia,1967,
COM,Comoros,1967,
CPV,Cabo Verde,1967,
CRI,Costa Rica,1967,
CUB,Cuba,1967,
CUW,Curacao,1967,
CYM,Cayman Islands,1967,
CYP,Cyprus,1967,
CZE,Czechia,1967,
DEU,Germany,1967,
DJI,Djibouti,1967,
DMA,Dominica,1967,
DNK,Denmark,1967,
DOM,Dominican Republic,1967,
DZA,Algeria,1967,
EAR,Early-demographic dividend,1967,
ECS,Europe & Central Asia,1967,
ECU,Ecuador,1967,
EGY,"Egypt, Arab Rep.",1967,
ERI,Eritrea,1967,
ESP,Spain,1967,
EST,Estonia,1967,
ETH,Ethiopia,1967,
FIN,Finland,1967,
FJI,Fiji,1967,
FRA,France,1967,
FRO,Faroe Islands,1967,
FSM,"Micronesia, Fed. Sts.",1967,
GAB,Gabon,1967,
GBR,United Kingdom,1967,
GEO,Georgia,1967,
GHA,Ghana,1967,
GIB,Gibraltar,1967,
GIN,Guinea,1967,
GMB,"Gambia, The",1967,
GNB,Guinea-Bissau,1967,
GNQ,Equatorial Guinea,1967,
GRC,Greece,1967,
GRD,Grenada,1967,
GRL,Greenland,1967,
GTM,Guatemala,1967,
GUM,Guam,1967,
GUY,Guyana,1967,
HKG,"Hong Kong SAR, China",1967,
HND,Honduras,1967,
HRV,Croatia,1967,
HTI,Haiti,1967,
HUN,Hungary,1967,
IDB,IDA blend,1967,
IDN,Indonesia,1967,
IMN,Isle of Man,1967,
IND,India,1967,
IRL,Ireland,1967,
IRN,"Iran, Islamic Rep.",1967,
IRQ,Iraq,1967,
ISL,Iceland,1967,
ISR,Israel,1967,
ITA,Italy,1967,
JAM,Jamaica,1967,
JOR,Jordan,1967,
JPN,Japan,1967,
KAZ,Kazakhstan,1967,
KEN,Kenya,1967,
KGZ,Kyrgyz Republic,1967,
KHM,Cambodia,1967,
KIR,Kiribati,1967,
KNA,St. Kitts and Nevis,1967,
KOR,"Korea, Rep.",1967,
KWT,Kuwait,1967,
LAO,Lao PDR,1967,
LBN,Lebanon,1967,
LBR,Liberia,1967,
LBY,Libya,1967,
LCA,St. Lucia,1967,
LCN,Latin America & Caribbean,1967,
LIE,Liechtenstein,1967,
LKA,Sri Lanka,1967,
LSO,Lesotho,1967,
LTE,Late-demographic dividend,1967,
LTU,Lithuania,1967,
LUX,Luxembourg,1967,
LVA,Latvia,1967,
MAC,"Macao SAR, China",1967,
MAF,St. Martin (French part),1967,
MAR,Morocco,1967,
MCO,Monaco,1967,
MDA,Moldova,1967,
MDG,Madagascar,1967,
MDV,Maldives,1967,
MEX,Mexico,1967,
MHL,Marshall Islands,1967,
MKD,North Macedonia,1967,
MLI,Mali,1967,
MLT,Malta,1967,
MMR,Myanmar,1967,
MNE,Montenegro,1967,
MNG,Mongolia,1967,
MNP,Northern Mariana Islands,1967,
MOZ,Mozambique,1967,
MRT,Mauritania,1967,
MUS,Mauritius,1967,
MWI,Malawi,1967,
MYS,Malaysia,1967,
NAM,Namibia,1967,
NCL,New Caledonia,1967,
NER,Niger,1967,
NGA,Nigeria,1967,
NIC,Nicaragua,1967,
NLD,Netherlands,1967,
NOR,Norway,1967,
NPL,Nepal,1967,
NRU,Nauru,1967,
NZL,New Zealand,1967,
OMN,Oman,1967,
PAK,Pakistan,1967,
PAN,Panama,1967,
PER,Peru,1967,
PHL,Philippines,1967,
PLW,Palau,1967,
PNG,Papua New Guinea,1967,
POL,Poland,1967,
PRI,Puerto Rico (US),1967,
PRK,"Korea, Dem. People's Rep.",1967,
PRT,Portugal,1967,
PRY,Paraguay,1967,
PSE,West Bank and Gaza,1967,
PYF,French Polynesia,1967,
QAT,Qatar,1967,
ROU,Romania,1967,
RUS,Russia,1967,
RWA,Rwanda,1967,
SAU,Saudi Arabia,1967,
SDN,Sudan,1967,
SEN,Senegal,1967,
SGP,Singapore,1967,
SLB,Solomon Islands,1967,
SLE,Sierra Leone,1967,
SLV,El Salvador,1967,
SMR,San Marino,1967,
SOM,"Somalia, Fed. Rep.",1967,
SRB,Serbia,1967,
SSD,South Sudan,1967,
STP,Sao Tome and Principe,1967,
SUR,Suriname,1967,
SVK,Slovak Republic,1967,
SVN,Slovenia,1967,
SWE,Sweden,1967,
SWZ,Eswatini,1967,
SXM,Sint Maarten (Dutch part),1967,
SYC,Seychelles,1967,
SYR,Syrian Arab Republic,1967,
TCA,Turks and Caicos Islands,1967,
TCD,Chad,1967,
TGO,Togo,1967,
THA,Thailand,1967,
TJK,Tajikistan,1967,
TKM,Turkmenistan,1967,
TLS,Timor-Leste,1967,
TON,Tonga,1967,
TTO,Trinidad and Tobago,1967,
TUN,Tunisia,1967,
TUR,Turkiye,1967,
TUV,Tuvalu,1967,
TZA,Tanzania,1967,
UGA,Uganda,1967,
UKR,Ukraine,1967,
URY,Uruguay,1967,
USA,United States,1967,
UZB,Uzbekistan,1967,
VCT,St. Vincent and the Grenadines,1967,
VEN,"Venezuela, RB",1967,
VGB,British Virgin Islands,1967,
VIR,Virgin Islands (U.S.),1967,
VNM,Viet Nam,1967,
VUT,Vanuatu,1967,
WSM,Samoa,1967,
XKX,Kosovo,1967,
YEM,"Yemen, Rep.",1967,
ZAF,South Africa,1967,
ZMB,Zambia,1967,
ZWE,Zimbabwe,1967,
ABW,Aruba,1968,
AFE,Africa Eastern and Southern,1968,
AFG,Afghanistan,1968,
AFW,Africa Western and Central,1968,
AGO,Angola,1968,
ALB,Albania,1968,
AND,Andorra,1968,
ARE,United Arab Emirates,1968,
ARG,Argentina,1968,
ARM,Armenia,1968,
ASM,American Samoa,1968,
ATG,Antigua and Barbuda,1968,
AUS,Australia,1968,
AUT,Austria,1968,
AZE,Azerbaijan,1968,
BDI,Burundi,1968,
BEL,Belgium,1968,
BEN,Benin,1968,
BFA,Burkina Faso,1968,
BGD,Bangladesh,1968,
BGR,Bulgaria,1968,
BHR,Bahrain,1968,
BHS,"Bahamas, The",1968,
BIH,Bosnia and Herzegovina,1968,
BLR,Belarus,1968,
BLZ,Belize,1968,
BMU,Bermuda,1968,
BOL,Bolivia,1968,
BRA,Brazil,1968,
BRB,Barbados,1968,
BRN,Brunei Darussalam,1968,
BTN,Bhutan,1968,
BWA,Botswana,1968,
CAF,Central African Republic,1968,
CAN,Canada,1968,
CHE,Switzerland,1968,
CHI,Channel Islands,1968,
CHL,Chile,1968,
CHN,China,1968,
CIV,Cote d'Ivoire,1968,
CMR,Cameroon,1968,
COD,"Congo, Dem. Rep.",1968,
COG,"Congo, Rep.",1968,
COL,Colombia,1968,
COM,Comoros,1968,
CPV,Cabo Verde,1968,
CRI,Costa Rica,1968,
CUB,Cuba,1968,
CUW,Curacao,1968,
CYM,Cayman Islands,1968,
CYP,Cyprus,1968,
CZE,Czechia,1968,
DEU,Germany,1968,
DJI,Djibouti,1968,
DMA,Dominica,1968,
DNK,Denmark,1968,
DOM,Dominican Republic,1968,
DZA,Algeria,1968,
EAR,Early-demographic dividend,1968,
ECS,Europe & Central Asia,1968,
ECU,Ecuador,1968,
EGY,"Egypt, Arab Rep.",1968,
ERI,Eritrea,1968,
ESP,Spain,1968,
EST,Estonia,1968,
ETH,Ethiopia,1968,
FIN,Finland,1968,
FJI,Fiji,1968,
FRA,France,1968,
FRO,Faroe Islands,1968,
FSM,"Micronesia, Fed. Sts.",1968,
GAB,Gabon,1968,
GBR,United Kingdom,1968,
GEO,Georgia,1968,
GHA,Ghana,1968,
GIB,Gibraltar,1968,
GIN,Guinea,1968,
GMB,"Gambia, The",1968,
GNB,Guinea-Bissau,1968,
GNQ,Equatorial Guinea,1968,
GRC,Greece,1968,
GRD,Grenada,1968,
GRL,Greenland,1968,
GTM,Guatemala,1968,
GUM,Guam,1968,
GUY,Guyana,1968,
HKG,"Hong Kong SAR, China",1968,
HND,Honduras,1968,
HRV,Croatia,1968,
HTI,Haiti,1968,
HUN,Hungary,1968,
IDB,IDA blend,1968,
IDN,Indonesia,1968,
IMN,Isle of Man,1968,
IND,India,1968,
IRL,Ireland,1968,
IRN,"Iran, Islamic Rep.",1968,
IRQ,Iraq,1968,
ISL,Iceland,1968,
ISR,Israel,1968,
ITA,Italy,1968,
JAM,Jamaica,1968,
JOR,Jordan,1968,
JPN,Japan,1968,
KAZ,Kazakhstan,1968,
KEN,Kenya,1968,
KGZ,Kyrgyz Republic,1968,
KHM,Cambodia,1968,
KIR,Kiribati,1968,
KNA,St. Kitts and Nevis,1968,
KOR,"Korea, Rep.",1968,
KWT,Kuwait,1968,
LAO,Lao PDR,1968,
LBN,Lebanon,1968,
LBR,Liberia,1968,
LBY,Libya,1968,
LCA,St. Lucia,1968,
LCN,Latin America & Caribbean,1968,
LIE,Liechtenstein,1968,
LKA,Sri Lanka,1968,
LSO,Lesotho,1968,
LTE,Late-demographic dividend,1968,
LTU,Lithuania,1968,
LUX,Luxembourg,1968,
LVA,Latvia,1968,
MAC,"Macao SAR, China",1968,
MAF,St. Martin (French part),1968,
MAR,Morocco,1968,
MCO,Monaco,1968,
MDA,Moldova,1968,
MDG,Madagascar,1968,
MDV,Maldives,1968,
MEX,Mexico,1968,
MHL,Marshall Islands,1968,
MKD,North Macedonia,1968,
MLI,Mali,1968,
MLT,Malta,1968,
MMR,Myanmar,1968,
MNE,Montenegro,1968,
MNG,Mongolia,1968,
MNP,Northern Mariana Islands,1968,
MOZ,Mozambique,1968,
MRT,Mauritania,1968,
MUS,Mauritius,1968,
MWI,Malawi,1968,
MYS,Malaysia,1968,
NAM,Namibia,1968,
NCL,New Caledonia,1968,
NER,Niger,1968,
NGA,Nigeria,1968,
NIC,Nicaragua,1968,
NLD,Netherlands,1968,
NOR,Norway,1968,
NPL,Nepal,1968,
NRU,Nauru,1968,
NZL,New Zealand,1968,
OMN,Oman,1968,
PAK,Pakistan,1968,
PAN,Panama,1968,
PER,Peru,1968,
PHL,Philippines,1968,
PLW,Palau,1968,
PNG,Papua New Guinea,1968,
POL,Poland,1968,
PRI,Puerto Rico (US),1968,
PRK,"Korea, Dem. People's Rep.",1968,
PRT,Portugal,1968,
PRY,Paraguay,1968,
PSE,West Bank and Gaza,1968,
PYF,French Polynesia,1968,
QAT,Qatar,1968,
ROU,Romania,1968,
RUS,Russia,1968,
RWA,Rwanda,1968,
SAU,Saudi Arabia,1968,
SDN,Sudan,1968,
SEN,Senegal,1968,
SGP,Singapore,1968,
SLB,Solomon Islands,1968,
SLE,Sierra Leone,1968,
SLV,El Salvador,1968,
SMR,San Marino,1968,
SOM,"Somalia, Fed. Rep.",1968,
SRB,Serbia,1968,
SSD,South Sudan,1968,
STP,Sao Tome and Principe,1968,
SUR,Suriname,1968,
SVK,Slovak Republic,1968,
SVN,Slovenia,1968,
SWE,Sweden,1968,
SWZ,Eswatini,1968,
SXM,Sint Maarten (Dutch part),1968,
SYC,Seychelles,1968,
SYR,Syrian Arab Republic,1968,
TCA,Turks and Caicos Islands,1968,
TCD,Chad,1968,
TGO,Togo,1968,
THA,Thailand,1968,
TJK,Tajikistan,1968,
TKM,Turkmenistan,1968,
TLS,Timor-Leste,1968,
TON,Tonga,1968,
TTO,Trinidad and Tobago,1968,
TUN,Tunisia,1968,
TUR,Turkiye,1968,
TUV,Tuvalu,1968,
TZA,Tanzania,1968,
UGA,Uganda,1968,
UKR,Ukraine,1968,
URY,Uruguay,1968,
USA,United States,1968,
UZB,Uzbekistan,1968,
VCT,St. Vincent and the Grenadines,1968,
VEN,"Venezuela, RB",1968,
VGB,British Virgin Islands,1968,
VIR,Virgin Islands (U.S.),1968,
VNM,Viet Nam,1968,
VUT,Vanuatu,1968,
WSM,Samoa,1968,
XKX,Kosovo,1968,
YEM,"Yemen, Rep.",1968,
ZAF,South Africa,1968,
ZMB,Zambia,1968,
ZWE,Zimbabwe,1968,
ABW,Aruba,1969,
AFE,Africa Eastern and Southern,1969,
AFG,Afghanistan,1969,
AFW,Africa Western and Central,1969,
AGO,Angola,1969,
ALB,Albania,1969,
AND,Andorra,1969,
ARE,United Arab Emirates,1969,
ARG,Argentina,1969,
ARM,Armenia,1969,
ASM,American Samoa,1969,
ATG,Antigua and Barbuda,1969,
AUS,Australia,1969,
AUT,Austria,1969,
AZE,Azerbaijan,1969,
BDI,Burundi,1969,
BEL,Belgium,1969,
BEN,Benin,1969,
BFA,Burkina Faso,1969,
BGD,Bangladesh,1969,
BGR,Bulgaria,1969,
BHR,Bahrain,1969,
BHS,"Bahamas, The",1969,
BIH,Bosnia and Herzegovina,1969,
BLR,Belarus,1969,
BLZ,Belize,1969,
BMU,Bermuda,1969,
BOL,Bolivia,1969,
BRA,Brazil,1969,
BRB,Barbados,1969,
BRN,Brunei Darussalam,1969,
BTN,Bhutan,1969,
BWA,Botswana,1969,
CAF,Central African Republic,1969,
CAN,Canada,1969,
CHE,Switzerland,1969,
CHI,Channel Islands,1969,
CHL,Chile,1969,
CHN,China,1969,
CIV,Cote d'Ivoire,1969,
CMR,Cameroon,1969,
COD,"Congo, Dem. Rep.",1969,
COG,"Congo, Rep.",1969,
COL,Colombia,1969,
COM,Comoros,1969,
CPV,Cabo Verde,1969,
CRI,Costa Rica,1969,
CUB,Cuba,1969,
CUW,Curacao,1969,
CYM,Cayman Islands,1969,
CYP,Cyprus,1969,
CZE,Czechia,1969,
DEU,Germany,1969,
DJI,Djibouti,1969,
DMA,Dominica,1969,
DNK,Denmark,1969,
DOM,Dominican Republic,1969,
DZA,Algeria,1969,
EAR,Early-demographic dividend,1969,
ECS,Europe & Central Asia,1969,
ECU,Ecuador,1969,
EGY,"Egypt, Arab Rep.",1969,
ERI,Eritrea,1969,
ESP,Spain,1969,
EST,Estonia,1969,
ETH,Ethiopia,1969,
FIN,Finland,1969,
FJI,Fiji,1969,
FRA,France,1969,
FRO,Faroe Islands,1969,
FSM,"Micronesia, Fed. Sts.",1969,
GAB,Gabon,1969,
GBR,United Kingdom,1969,
GEO,Georgia,1969,
GHA,Ghana,1969,
GIB,Gibraltar,1969,
GIN,Guinea,1969,
GMB,"Gambia, The",1969,
GNB,Guinea-Bissau,1969,
GNQ,Equatorial Guinea,1969,
GRC,Greece,1969,
GRD,Grenada,1969,
GRL,Greenland,1969,
GTM,Guatemala,1969,
GUM,Guam,1969,
GUY,Guyana,1969,
HKG,"Hong Kong SAR, China",1969,
HND,Honduras,1969,
HRV,Croatia,1969,
HTI,Haiti,1969,
HUN,Hungary,1969,
IDB,IDA blend,1969,
IDN,Indonesia,1969,
IMN,Isle of Man,1969,
IND,India,1969,
IRL,Ireland,1969,
IRN,"Iran, Islamic Rep.",1969,
IRQ,Iraq,1969,
ISL,Iceland,1969,
ISR,Israel,1969,
ITA,Italy,1969,
JAM,Jamaica,1969,
JOR,Jordan,1969,
JPN,Japan,1969,
KAZ,Kazakhstan,1969,
KEN,Kenya,1969,
KGZ,Kyrgyz Republic,1969,
KHM,Cambodia,1969,
KIR,Kiribati,1969,
KNA,St. Kitts and Nevis,1969,
KOR,"Korea, Rep.",1969,
KWT,Kuwait,1969,
LAO,Lao PDR,1969,
LBN,Lebanon,1969,
LBR,Liberia,1969,
LBY,Libya,1969,
LCA,St. Lucia,1969,
LCN,Latin America & Caribbean,1969,
LIE,Liechtenstein,1969,
LKA,Sri Lanka,1969,
LSO,Lesotho,1969,
LTE,Late-demographic dividend,1969,
LTU,Lithuania,1969,
LUX,Luxembourg,1969,
LVA,Latvia,1969,
MAC,"Macao SAR, China",1969,
MAF,St. Martin (French part),1969,
MAR,Morocco,1969,
MCO,Monaco,1969,
MDA,Moldova,1969,
MDG,Madagascar,1969,
MDV,Maldives,1969,
MEX,Mexico,1969,
MHL,Marshall Islands,1969,
MKD,North Macedonia,1969,
MLI,Mali,1969,
MLT,Malta,1969,
MMR,Myanmar,1969,
MNE,Montenegro,1969,
MNG,Mongolia,1969,
MNP,Northern Mariana Islands,1969,
MOZ,Mozambique,1969,
MRT,Mauritania,1969,
MUS,Mauritius,1969,
MWI,Malawi,1969,
MYS,Malaysia,1969,
NAM,Namibia,1969,
NCL,New Caledonia,1969,
NER,Niger,1969,
NGA,Nigeria,1969,
NIC,Nicaragua,1969,
NLD,Netherlands,1969,
NOR,Norway,1969,
NPL,Nepal,1969,
NRU,Nauru,1969,
NZL,New Zealand,1969,
OMN,Oman,1969,
PAK,Pakistan,1969,
PAN,Panama,1969,
PER,Peru,1969,
PHL,Philippines,1969,
PLW,Palau,1969,
PNG,Papua New Guinea,1969,
POL,Poland,1969,
PRI,Puerto Rico (US),1969,
PRK,"Korea, Dem. People's Rep.",1969,
PRT,Portugal,1969,
PRY,Paraguay,1969,
PSE,West Bank and Gaza,1969,
PYF,French Polynesia,1969,
QAT,Qatar,1969,
ROU,Romania,1969,
RUS,Russia,1969,
RWA,Rwanda,1969,
SAU,Saudi Arabia,1969,
SDN,Sudan,1969,
SEN,Senegal,1969,
SGP,Singapore,1969,
SLB,Solomon Islands,1969,
SLE,Sierra Leone,1969,
SLV,El Salvador,1969,
SMR,San Marino,1969,
SOM,"Somalia, Fed. Rep.",1969,
SRB,Serbia,1969,
SSD,South Sudan,1969,
STP,Sao Tome and Principe,1969,
SUR,Suriname,1969,
SVK,Slovak Republic,1969,
SVN,Slovenia,1969,
SWE,Sweden,1969,
SWZ,Eswatini,1969,
SXM,Sint Maarten (Dutch part),1969,
SYC,Seychelles,1969,
SYR,Syrian Arab Republic,1969,
TCA,Turks and Caicos Islands,1969,
TCD,Chad,1969,
TGO,Togo,1969,
THA,Thailand,1969,
TJK,Tajikistan,1969,
TKM,Turkmenistan,1969,
TLS,Timor-Leste,1969,
TON,Tonga,1969,
TTO,Trinidad and Tobago,1969,
TUN,Tunisia,1969,
TUR,Turkiye,1969,
TUV,Tuvalu,1969,
TZA,Tanzania,1969,
UGA,Uganda,1969,
UKR,Ukraine,1969,
URY,Uruguay,1969,
USA,United States,1969,
UZB,Uzbekistan,1969,
VCT,St. Vincent and the Grenadines,1969,
VEN,"Venezuela, RB",1969,
VGB,British Virgin Islands,1969,
VIR,Virgin Islands (U.S.),1969,
VNM,Viet Nam,1969,
VUT,Vanuatu,1969,
WSM,Samoa,1969,
XKX,Kosovo,1969,
YEM,"Yemen, Rep.",1969,
ZAF,South Africa,1969,
ZMB,Zambia,1969,
ZWE,Zimbabwe,1969,
ABW,Aruba,1970,
AFE,Africa Eastern and Southern,1970,
AFG,Afghanistan,1970,
AFW,Africa Western and Central,1970,
AGO,Angola,1970,
ALB,Albania,1970,
AND,Andorra,1970,
ARE,United Arab Emirates,1970,
ARG,Argentina,1970,1.4580899477005
ARM,Armenia,1970,
ASM,American Samoa,1970,
ATG,Antigua and Barbuda,1970,
AUS,Australia,1970,
AUT,Austria,1970,4.16346979141235
AZE,Azerbaijan,1970,
BDI,Burundi,1970,
BEL,Belgium,1970,
BEN,Benin,1970,
BFA,Burkina Faso,1970,
BGD,Bangladesh,1970,
BGR,Bulgaria,1970,
BHR,Bahrain,1970,2.01217007637024
BHS,"Bahamas, The",1970,
BIH,Bosnia and Herzegovina,1970,
BLR,Belarus,1970,
BLZ,Belize,1970,
BMU,Bermuda,1970,
BOL,Bolivia,1970,
BRA,Brazil,1970,
BRB,Barbados,1970,
BRN,Brunei Darussalam,1970,6.23915004730225
BTN,Bhutan,1970,
BWA,Botswana,1970,
CAF,Central African Republic,1970,
CAN,Canada,1970,
CHE,Switzerland,1970,3.3925199508667
CHI,Channel Islands,1970,
CHL,Chile,1970,
CHN,China,1970,
CIV,Cote d'Ivoire,1970,5.86538982391357
CMR,Cameroon,1970,
COD,"Congo, Dem. Rep.",1970,
COG,"Congo, Rep.",1970,5.7322998046875
COL,Colombia,1970,
COM,Comoros,1970,
CPV,Cabo Verde,1970,
CRI,Costa Rica,1970,
CUB,Cuba,1970,
CUW,Curacao,1970,
CYM,Cayman Islands,1970,
CYP,Cyprus,1970,
CZE,Czechia,1970,
DEU,Germany,1970,
DJI,Djibouti,1970,
DMA,Dominica,1970,
DNK,Denmark,1970,5.95552015304565
DOM,Dominican Republic,1970,2.64078998565674
DZA,Algeria,1970,
EAR,Early-demographic dividend,1970,
ECS,Europe & Central Asia,1970,
ECU,Ecuador,1970,2.00283002853394
EGY,"Egypt, Arab Rep.",1970,
ERI,Eritrea,1970,
ESP,Spain,1970,1.83431994915009
EST,Estonia,1970,
ETH,Ethiopia,1970,
FIN,Finland,1970,5.41300010681152
FJI,Fiji,1970,
FRA,France,1970,3.46544003486633
FRO,Faroe Islands,1970,
FSM,"Micronesia, Fed. Sts.",1970,
GAB,Gabon,1970,
GBR,United Kingdom,1970,
GEO,Georgia,1970,
GHA,Ghana,1970,
GIB,Gibraltar,1970,
GIN,Guinea,1970,
GMB,"Gambia, The",1970,
GNB,Guinea-Bissau,1970,
GNQ,Equatorial Guinea,1970,
GRC,Greece,1970,1.56831002235413
GRD,Grenada,1970,
GRL,Greenland,1970,
GTM,Guatemala,1970,1.85871994495392
GUM,Guam,1970,
GUY,Guyana,1970,4.32897996902466
HKG,"Hong Kong SAR, China",1970,
HND,Honduras,1970,
HRV,Croatia,1970,
HTI,Haiti,1970,
HUN,Hungary,1970,3.44015002250671
IDB,IDA blend,1970,
IDN,Indonesia,1970,
IMN,Isle of Man,1970,
IND,India,1970,
IRL,Ireland,1970,
IRN,"Iran, Islamic Rep.",1970,
IRQ,Iraq,1970,
ISL,Iceland,1970,
ISR,Israel,1970,
ITA,Italy,1970,3.35906004905701
JAM,Jamaica,1970,
JOR,Jordan,1970,3.63003993034363
JPN,Japan,1970,
KAZ,Kazakhstan,1970,
KEN,Kenya,1970,
KGZ,Kyrgyz Republic,1970,
KHM,Cambodia,1970,
KIR,Kiribati,1970,5.92680978775024
KNA,St. Kitts and Nevis,1970,
KOR,"Korea, Rep.",1970,3.38403010368347
KWT,Kuwait,1970,
LAO,Lao PDR,1970,
LBN,Lebanon,1970,
LBR,Liberia,1970,
LBY,Libya,1970,
LCA,St. Lucia,1970,
LCN,Latin America & Caribbean,1970,
LIE,Liechtenstein,1970,
LKA,Sri Lanka,1970,
LSO,Lesotho,1970,
LTE,Late-demographic dividend,1970,
LTU,Lithuania,1970,
LUX,Luxembourg,1970,2.30026006698608
LVA,Latvia,1970,
MAC,"Macao SAR, China",1970,
MAF,St. Martin (French part),1970,
MAR,Morocco,1970,
MCO,Monaco,1970,
MDA,Moldova,1970,
MDG,Madagascar,1970,
MDV,Maldives,1970,
MEX,Mexico,1970,
MHL,Marshall Islands,1970,
MKD,North Macedonia,1970,
MLI,Mali,1970,
MLT,Malta,1970,
MMR,Myanmar,1970,
MNE,Montenegro,1970,
MNG,Mongolia,1970,
MNP,Northern Mariana Islands,1970,
MOZ,Mozambique,1970,
MRT,Mauritania,1970,
MUS,Mauritius,1970,
MWI,Malawi,1970,
MYS,Malaysia,1970,
NAM,Namibia,1970,
NCL,New Caledonia,1970,
NER,Niger,1970,
NGA,Nigeria,1970,
NIC,Nicaragua,1970,2.03858995437622
NLD,Netherlands,1970,6.2120099067688
NOR,Norway,1970,
NPL,Nepal,1970,
NRU,Nauru,1970,
NZL,New Zealand,1970,
OMN,Oman,1970,
PAK,Pakistan,1970,
PAN,Panama,1970,4.04328012466431
PER,Peru,1970,
PHL,Philippines,1970,
PLW,Palau,1970,
PNG,Papua New Guinea,1970,
POL,Poland,1970,
PRI,Puerto Rico (US),1970,
PRK,"Korea, Dem. People's Rep.",1970,
PRT,Portugal,1970,
PRY,Paraguay,1970,2.10519003868103
PSE,West Bank and Gaza,1970,
PYF,French Polynesia,1970,
QAT,Qatar,1970,
ROU,Romania,1970,
RUS,Russia,1970,
RWA,Rwanda,1970,
SAU,Saudi Arabia,1970,
SDN,Sudan,1970,
SEN,Senegal,1970,
SGP,Singapore,1970,
SLB,Solomon Islands,1970,
SLE,Sierra Leone,1970,
SLV,El Salvador,1970,
SMR,San Marino,1970,
SOM,"Somalia, Fed. Rep.",1970,
SRB,Serbia,1970,
SSD,South Sudan,1970,
STP,Sao Tome and Principe,1970,
SUR,Suriname,1970,
SVK,Slovak Republic,1970,
SVN,Slovenia,1970,
SWE,Sweden,1970,
SWZ,Eswatini,1970,
SXM,Sint Maarten (Dutch part),1970,
SYC,Seychelles,1970,4.18847990036011
SYR,Syrian Arab Republic,1970,
TCA,Turks and Caicos Islands,1970,
TCD,Chad,1970,
TGO,Togo,1970,1.49680995941162
THA,Thailand,1970,
TJK,Tajikistan,1970,
TKM,Turkmenistan,1970,
TLS,Timor-Leste,1970,
TON,Tonga,1970,
TTO,Trinidad and Tobago,1970,
TUN,Tunisia,1970,
TUR,Turkiye,1970,
TUV,Tuvalu,1970,
TZA,Tanzania,1970,
UGA,Uganda,1970,
UKR,Ukraine,1970,4.57292985916138
URY,Uruguay,1970,
USA,United States,1970,
UZB,Uzbekistan,1970,
VCT,St. Vincent and the Grenadines,1970,
VEN,"Venezuela, RB",1970,4.16286993026733
VGB,British Virgin Islands,1970,
VIR,Virgin Islands (U.S.),1970,
VNM,Viet Nam,1970,
VUT,Vanuatu,1970,
WSM,Samoa,1970,
XKX,Kosovo,1970,
YEM,"Yemen, Rep.",1970,
ZAF,South Africa,1970,
ZMB,Zambia,1970,4.38781023025513
ZWE,Zimbabwe,1970,
ABW,Aruba,1971,
AFE,Africa Eastern and Southern,1971,
AFG,Afghanistan,1971,
AFW,Africa Western and Central,1971,
AGO,Angola,1971,
ALB,Albania,1971,
AND,Andorra,1971,
ARE,United Arab Emirates,1971,
ARG,Argentina,1971,
ARM,Armenia,1971,
ASM,American Samoa,1971,
ATG,Antigua and Barbuda,1971,
AUS,Australia,1971,
AUT,Austria,1971,4.29919004440308
AZE,Azerbaijan,1971,
BDI,Burundi,1971,
BEL,Belgium,1971,
BEN,Benin,1971,
BFA,Burkina Faso,1971,
BGD,Bangladesh,1971,
BGR,Bulgaria,1971,
BHR,Bahrain,1971,2.30781006813049
BHS,"Bahamas, The",1971,
BIH,Bosnia and Herzegovina,1971,
BLR,Belarus,1971,
BLZ,Belize,1971,
BMU,Bermuda,1971,
BOL,Bolivia,1971,
BRA,Brazil,1971,
BRB,Barbados,1971,6.15065002441406
BRN,Brunei Darussalam,1971,4.99501991271973
BTN,Bhutan,1971,1.87578999996185
BWA,Botswana,1971,4.38723993301392
CAF,Central African Republic,1971,
CAN,Canada,1971,7.6842999458313
CHE,Switzerland,1971,3.49644994735718
CHI,Channel Islands,1971,
CHL,Chile,1971,
CHN,China,1971,1.38654005527496
CIV,Cote d'Ivoire,1971,
CMR,Cameroon,1971,3.07986998558044
COD,"Congo, Dem. Rep.",1971,
COG,"Congo, Rep.",1971,5.550950050354
COL,Colombia,1971,
COM,Comoros,1971,
CPV,Cabo Verde,1971,
CRI,Costa Rica,1971,
CUB,Cuba,1971,
CUW,Curacao,1971,
CYM,Cayman Islands,1971,
CYP,Cyprus,1971,
CZE,Czechia,1971,
DEU,Germany,1971,
DJI,Djibouti,1971,
DMA,Dominica,1971,
DNK,Denmark,1971,6.39340019226074
DOM,Dominican Republic,1971,
DZA,Algeria,1971,
EAR,Early-demographic dividend,1971,
ECS,Europe & Central Asia,1971,
ECU,Ecuador,1971,1.87940001487732
EGY,"Egypt, Arab Rep.",1971,4.52992010116577
ERI,Eritrea,1971,
ESP,Spain,1971,1.89063000679016
EST,Estonia,1971,
ETH,Ethiopia,1971,1.19766998291016
FIN,Finland,1971,5.33090019226074
FJI,Fiji,1971,
FRA,France,1971,3.20759010314941
FRO,Faroe Islands,1971,
FSM,"Micronesia, Fed. Sts.",1971,
GAB,Gabon,1971,
GBR,United Kingdom,1971,5.03205013275146
GEO,Georgia,1971,
GHA,Ghana,1971,4.22444009780884
GIB,Gibraltar,1971,
GIN,Guinea,1971,
GMB,"Gambia, The",1971,
GNB,Guinea-Bissau,1971,
GNQ,Equatorial Guinea,1971,
GRC,Greece,1971,1.32082998752594
GRD,Grenada,1971,
GRL,Greenland,1971,
GTM,Guatemala,1971,2.0255401134491
GUM,Guam,1971,
GUY,Guyana,1971,
HKG,"Hong Kong SAR, China",1971,2.36814999580383
HND,Honduras,1971,
HRV,Croatia,1971,
HTI,Haiti,1971,
HUN,Hungary,1971,3.42518997192383
IDB,IDA blend,1971,
IDN,Indonesia,1971,
IMN,Isle of Man,1971,
IND,India,1971,
IRL,Ireland,1971,4.48641014099121
IRN,"Iran, Islamic Rep.",1971,2.77033996582031
IRQ,Iraq,1971,
ISL,Iceland,1971,
ISR,Israel,1971,
ITA,Italy,1971,2.8921000957489
JAM,Jamaica,1971,
JOR,Jordan,1971,3.29768991470337
JPN,Japan,1971,3.57862997055054
KAZ,Kazakhstan,1971,
KEN,Kenya,1971,3.92982006072998
KGZ,Kyrgyz Republic,1971,
KHM,Cambodia,1971,
KIR,Kiribati,1971,5.2755298614502
KNA,St. Kitts and Nevis,1971,
KOR,"Korea, Rep.",1971,3.70117998123169
KWT,Kuwait,1971,3.28733992576599
LAO,Lao PDR,1971,
LBN,Lebanon,1971,
LBR,Liberia,1971,
LBY,Libya,1971,
LCA,St. Lucia,1971,
LCN,Latin America & Caribbean,1971,
LIE,Liechtenstein,1971,
LKA,Sri Lanka,1971,
LSO,Lesotho,1971,4.64155006408691
LTE,Late-demographic dividend,1971,
LTU,Lithuania,1971,
LUX,Luxembourg,1971,2.85506010055542
LVA,Latvia,1971,
MAC,"Macao SAR, China",1971,
MAF,St. Martin (French part),1971,
MAR,Morocco,1971,
MCO,Monaco,1971,
MDA,Moldova,1971,
MDG,Madagascar,1971,
MDV,Maldives,1971,
MEX,Mexico,1971,
MHL,Marshall Islands,1971,
MKD,North Macedonia,1971,
MLI,Mali,1971,
MLT,Malta,1971,6.15196990966797
MMR,Myanmar,1971,
MNE,Montenegro,1971,
MNG,Mongolia,1971,
MNP,Northern Mariana Islands,1971,
MOZ,Mozambique,1971,
MRT,Mauritania,1971,
MUS,Mauritius,1971,3.11274003982544
MWI,Malawi,1971,
MYS,Malaysia,1971,4.55094003677368
NAM,Namibia,1971,
NCL,New Caledonia,1971,
NER,Niger,1971,1.0522700548172
NGA,Nigeria,1971,
NIC,Nicaragua,1971,2.49202990531921
NLD,Netherlands,1971,6.3189001083374
NOR,Norway,1971,
NPL,Nepal,1971,
NRU,Nauru,1971,
NZL,New Zealand,1971,
OMN,Oman,1971,
PAK,Pakistan,1971,1.65421998500824
PAN,Panama,1971,3.35391998291016
PER,Peru,1971,
PHL,Philippines,1971,
PLW,Palau,1971,
PNG,Papua New Guinea,1971,
POL,Poland,1971,
PRI,Puerto Rico (US),1971,7.2505202293396
PRK,"Korea, Dem. People's Rep.",1971,
PRT,Portugal,1971,
PRY,Paraguay,1971,2.26543998718262
PSE,West Bank and Gaza,1971,
PYF,French Polynesia,1971,
QAT,Qatar,1971,3.00027990341186
ROU,Romania,1971,
RUS,Russia,1971,
RWA,Rwanda,1971,
SAU,Saudi Arabia,1971,
SDN,Sudan,1971,
SEN,Senegal,1971,
SGP,Singapore,1971,3.10976004600525
SLB,Solomon Islands,1971,3.40000009536743
SLE,Sierra Leone,1971,
SLV,El Salvador,1971,
SMR,San Marino,1971,
SOM,"Somalia, Fed. Rep.",1971,
SRB,Serbia,1971,
SSD,South Sudan,1971,
STP,Sao Tome and Principe,1971,
SUR,Suriname,1971,
SVK,Slovak Republic,1971,
SVN,Slovenia,1971,
SWE,Sweden,1971,
SWZ,Eswatini,1971,
SXM,Sint Maarten (Dutch part),1971,
SYC,Seychelles,1971,4.06639003753662
SYR,Syrian Arab Republic,1971,
TCA,Turks and Caicos Islands,1971,
TCD,Chad,1971,
TGO,Togo,1971,
THA,Thailand,1971,3.06622004508972
TJK,Tajikistan,1971,
TKM,Turkmenistan,1971,
TLS,Timor-Leste,1971,
TON,Tonga,1971,
TTO,Trinidad and Tobago,1971,
TUN,Tunisia,1971,
TUR,Turkiye,1971,
TUV,Tuvalu,1971,
TZA,Tanzania,1971,1.72370004653931
UGA,Uganda,1971,3.16105008125305
UKR,Ukraine,1971,
URY,Uruguay,1971,
USA,United States,1971,
UZB,Uzbekistan,1971,
VCT,St. Vincent and the Grenadines,1971,
VEN,"Venezuela, RB",1971,4.1799201965332
VGB,British Virgin Islands,1971,
VIR,Virgin Islands (U.S.),1971,
VNM,Viet Nam,1971,
VUT,Vanuatu,1971,
WSM,Samoa,1971,
XKX,Kosovo,1971,
YEM,"Yemen, Rep.",1971,
ZAF,South Africa,1971,
ZMB,Zambia,1971,6.09534978866577
ZWE,Zimbabwe,1971,
ABW,Aruba,1972,
AFE,Africa Eastern and Southern,1972,
AFG,Afghanistan,1972,
AFW,Africa Western and Central,1972,
AGO,Angola,1972,
ALB,Albania,1972,
AND,Andorra,1972,
ARE,United Arab Emirates,1972,
ARG,Argentina,1972,1.93620002269745
ARM,Armenia,1972,
ASM,American Samoa,1972,
ATG,Antigua and Barbuda,1972,
AUS,Australia,1972,
AUT,Austria,1972,4.46764993667603
AZE,Azerbaijan,1972,
BDI,Burundi,1972,
BEL,Belgium,1972,
BEN,Benin,1972,
BFA,Burkina Faso,1972,
BGD,Bangladesh,1972,
BGR,Bulgaria,1972,
BHR,Bahrain,1972,2.02393007278442
BHS,"Bahamas, The",1972,
BIH,Bosnia and Herzegovina,1972,
BLR,Belarus,1972,
BLZ,Belize,1972,
BMU,Bermuda,1972,
BOL,Bolivia,1972,
BRA,Brazil,1972,
BRB,Barbados,1972,6.79071998596191
BRN,Brunei Darussalam,1972,4.03928995132446
BTN,Bhutan,1972,1.65056002140045
BWA,Botswana,1972,3.90638995170593
CAF,Central African Republic,1972,
CAN,Canada,1972,7.58980989456177
CHE,Switzerland,1972,3.65761995315552
CHI,Channel Islands,1972,
CHL,Chile,1972,
CHN,China,1972,1.6021900177002
CIV,Cote d'Ivoire,1972,7.53185987472534
CMR,Cameroon,1972,3.36388993263245
COD,"Congo, Dem. Rep.",1972,
COG,"Congo, Rep.",1972,
COL,Colombia,1972,
COM,Comoros,1972,
CPV,Cabo Verde,1972,
CRI,Costa Rica,1972,
CUB,Cuba,1972,
CUW,Curacao,1972,
CYM,Cayman Islands,1972,
CYP,Cyprus,1972,
CZE,Czechia,1972,
DEU,Germany,1972,
DJI,Djibouti,1972,
DMA,Dominica,1972,
DNK,Denmark,1972,6.48179006576538
DOM,Dominican Republic,1972,
DZA,Algeria,1972,
EAR,Early-demographic dividend,1972,
ECS,Europe & Central Asia,1972,
ECU,Ecuador,1972,
EGY,"Egypt, Arab Rep.",1972,4.5378999710083
ERI,Eritrea,1972,
ESP,Spain,1972,2.0661199092865
EST,Estonia,1972,
ETH,Ethiopia,1972,1.31442999839783
FIN,Finland,1972,5.00775003433228
FJI,Fiji,1972,
FRA,France,1972,3.39037990570068
FRO,Faroe Islands,1972,
FSM,"Micronesia, Fed. Sts.",1972,66.9003067016602
GAB,Gabon,1972,
GBR,United Kingdom,1972,5.15937995910645
GEO,Georgia,1972,
GHA,Ghana,1972,4.62139987945557
GIB,Gibraltar,1972,
GIN,Guinea,1972,
GMB,"Gambia, The",1972,
GNB,Guinea-Bissau,1972,
GNQ,Equatorial Guinea,1972,
GRC,Greece,1972,
GRD,Grenada,1972,
GRL,Greenland,1972,
GTM,Guatemala,1972,
GUM,Guam,1972,
GUY,Guyana,1972,
HKG,"Hong Kong SAR, China",1972,2.29560995101929
HND,Honduras,1972,
HRV,Croatia,1972,
HTI,Haiti,1972,
HUN,Hungary,1972,3.3500599861145
IDB,IDA blend,1972,4.47633981704712
IDN,Indonesia,1972,2.78820991516113
IMN,Isle of Man,1972,
IND,India,1972,
IRL,Ireland,1972,4.6168999671936
IRN,"Iran, Islamic Rep.",1972,2.76673007011414
IRQ,Iraq,1972,
ISL,Iceland,1972,
ISR,Israel,1972,
ITA,Italy,1972,
JAM,Jamaica,1972,
JOR,Jordan,1972,2.38742995262146
JPN,Japan,1972,3.92610001564026
KAZ,Kazakhstan,1972,
KEN,Kenya,1972,4.47633981704712
KGZ,Kyrgyz Republic,1972,
KHM,Cambodia,1972,
KIR,Kiribati,1972,
KNA,St. Kitts and Nevis,1972,
KOR,"Korea, Rep.",1972,3.18316006660461
KWT,Kuwait,1972,2.81574988365173
LAO,Lao PDR,1972,
LBN,Lebanon,1972,
LBR,Liberia,1972,
LBY,Libya,1972,
LCA,St. Lucia,1972,
LCN,Latin America & Caribbean,1972,
LIE,Liechtenstein,1972,
LKA,Sri Lanka,1972,
LSO,Lesotho,1972,4.5265097618103
LTE,Late-demographic dividend,1972,
LTU,Lithuania,1972,
LUX,Luxembourg,1972,2.74079990386963
LVA,Latvia,1972,
MAC,"Macao SAR, China",1972,
MAF,St. Martin (French part),1972,
MAR,Morocco,1972,
MCO,Monaco,1972,
MDA,Moldova,1972,
MDG,Madagascar,1972,3.21737003326416
MDV,Maldives,1972,
MEX,Mexico,1972,
MHL,Marshall Islands,1972,
MKD,North Macedonia,1972,
MLI,Mali,1972,
MLT,Malta,1972,5.54999017715454
MMR,Myanmar,1972,2.86509990692139
MNE,Montenegro,1972,
MNG,Mongolia,1972,
MNP,Northern Mariana Islands,1972,
MOZ,Mozambique,1972,
MRT,Mauritania,1972,
MUS,Mauritius,1972,3.07091999053955
MWI,Malawi,1972,
MYS,Malaysia,1972,
NAM,Namibia,1972,
NCL,New Caledonia,1972,
NER,Niger,1972,
NGA,Nigeria,1972,
NIC,Nicaragua,1972,
NLD,Netherlands,1972,6.3092098236084
NOR,Norway,1972,5.90405988693237
NPL,Nepal,1972,
NRU,Nauru,1972,
NZL,New Zealand,1972,
OMN,Oman,1972,
PAK,Pakistan,1972,1.56881999969482
PAN,Panama,1972,3.9828200340271
PER,Peru,1972,
PHL,Philippines,1972,
PLW,Palau,1972,
PNG,Papua New Guinea,1972,5.24715995788574
POL,Poland,1972,
PRI,Puerto Rico (US),1972,7.21458005905151
PRK,"Korea, Dem. People's Rep.",1972,
PRT,Portugal,1972,
PRY,Paraguay,1972,
PSE,West Bank and Gaza,1972,
PYF,French Polynesia,1972,
QAT,Qatar,1972,2.69144010543823
ROU,Romania,1972,
RUS,Russia,1972,
RWA,Rwanda,1972,
SAU,Saudi Arabia,1972,
SDN,Sudan,1972,
SEN,Senegal,1972,
SGP,Singapore,1972,2.86826992034912
SLB,Solomon Islands,1972,
SLE,Sierra Leone,1972,
SLV,El Salvador,1972,
SMR,San Marino,1972,
SOM,"Somalia, Fed. Rep.",1972,1.10283994674683
SRB,Serbia,1972,
SSD,South Sudan,1972,
STP,Sao Tome and Principe,1972,
SUR,Suriname,1972,
SVK,Slovak Republic,1972,
SVN,Slovenia,1972,
SWE,Sweden,1972,
SWZ,Eswatini,1972,
SXM,Sint Maarten (Dutch part),1972,
SYC,Seychelles,1972,4.24694013595581
SYR,Syrian Arab Republic,1972,3.5835599899292
TCA,Turks and Caicos Islands,1972,
TCD,Chad,1972,
TGO,Togo,1972,
THA,Thailand,1972,3.02915000915527
TJK,Tajikistan,1972,
TKM,Turkmenistan,1972,
TLS,Timor-Leste,1972,
TON,Tonga,1972,
TTO,Trinidad and Tobago,1972,
TUN,Tunisia,1972,
TUR,Turkiye,1972,
TUV,Tuvalu,1972,
TZA,Tanzania,1972,1.74755001068115
UGA,Uganda,1972,
UKR,Ukraine,1972,
URY,Uruguay,1972,
USA,United States,1972,
UZB,Uzbekistan,1972,
VCT,St. Vincent and the Grenadines,1972,
VEN,"Venezuela, RB",1972,4.83728981018066
VGB,British Virgin Islands,1972,
VIR,Virgin Islands (U.S.),1972,
VNM,Viet Nam,1972,
VUT,Vanuatu,1972,
WSM,Samoa,1972,
XKX,Kosovo,1972,
YEM,"Yemen, Rep.",1972,
ZAF,South Africa,1972,
ZMB,Zambia,1972,5.94578981399536
ZWE,Zimbabwe,1972,
ABW,Aruba,1973,
AFE,Africa Eastern and Southern,1973,
AFG,Afghanistan,1973,
AFW,Africa Western and Central,1973,
AGO,Angola,1973,
ALB,Albania,1973,
AND,Andorra,1973,
ARE,United Arab Emirates,1973,
ARG,Argentina,1973,1.78051996231079
ARM,Armenia,1973,
ASM,American Samoa,1973,
ATG,Antigua and Barbuda,1973,
AUS,Australia,1973,
AUT,Austria,1973,4.53321981430054
AZE,Azerbaijan,1973,
BDI,Burundi,1973,
BEL,Belgium,1973,
BEN,Benin,1973,
BFA,Burkina Faso,1973,
BGD,Bangladesh,1973,
BGR,Bulgaria,1973,
BHR,Bahrain,1973,
BHS,"Bahamas, The",1973,
BIH,Bosnia and Herzegovina,1973,
BLR,Belarus,1973,
BLZ,Belize,1973,
BMU,Bermuda,1973,4.10790014266968
BOL,Bolivia,1973,
BRA,Brazil,1973,
BRB,Barbados,1973,6.72242021560669
BRN,Brunei Darussalam,1973,8.79329013824463
BTN,Bhutan,1973,
BWA,Botswana,1973,3.2627899646759
CAF,Central African Republic,1973,
CAN,Canada,1973,7.01386022567749
CHE,Switzerland,1973,3.91472005844116
CHI,Channel Islands,1973,
CHL,Chile,1973,
CHN,China,1973,1.64819002151489
CIV,Cote d'Ivoire,1973,7.04560995101929
CMR,Cameroon,1973,
COD,"Congo, Dem. Rep.",1973,
COG,"Congo, Rep.",1973,5.238450050354
COL,Colombia,1973,
COM,Comoros,1973,
CPV,Cabo Verde,1973,
CRI,Costa Rica,1973,
CUB,Cuba,1973,
CUW,Curacao,1973,
CYM,Cayman Islands,1973,
CYP,Cyprus,1973,
CZE,Czechia,1973,
DEU,Germany,1973,
DJI,Djibouti,1973,
DMA,Dominica,1973,
DNK,Denmark,1973,6.268630027771
DOM,Dominican Republic,1973,
DZA,Algeria,1973,
EAR,Early-demographic dividend,1973,
ECS,Europe & Central Asia,1973,
ECU,Ecuador,1973,
EGY,"Egypt, Arab Rep.",1973,
ERI,Eritrea,1973,
ESP,Spain,1973,
EST,Estonia,1973,
ETH,Ethiopia,1973,
FIN,Finland,1973,5.09291982650757
FJI,Fiji,1973,
FRA,France,1973,3.25571990013123
FRO,Faroe Islands,1973,
FSM,"Micronesia, Fed. Sts.",1973,
GAB,Gabon,1973,
GBR,United Kingdom,1973,5.44860982894897
GEO,Georgia,1973,
GHA,Ghana,1973,
GIB,Gibraltar,1973,
GIN,Guinea,1973,
GMB,"Gambia, The",1973,
GNB,Guinea-Bissau,1973,
GNQ,Equatorial Guinea,1973,
GRC,Greece,1973,1.12830996513367
GRD,Grenada,1973,
GRL,Greenland,1973,
GTM,Guatemala,1973,
GUM,Guam,1973,
GUY,Guyana,1973,
HKG,"Hong Kong SAR, China",1973,2.1833701133728
HND,Honduras,1973,
HRV,Croatia,1973,
HTI,Haiti,1973,
HUN,Hungary,1973,3.38988995552063
IDB,IDA blend,1973,
IDN,Indonesia,1973,
IMN,Isle of Man,1973,
IND,India,1973,
IRL,Ireland,1973,4.60856008529663
IRN,"Iran, Islamic Rep.",1973,2.87668991088867
IRQ,Iraq,1973,
ISL,Iceland,1973,
ISR,Israel,1973,5.10433006286621
ITA,Italy,1973,
JAM,Jamaica,1973,3.63143992424011
JOR,Jordan,1973,2.48693990707398
JPN,Japan,1973,3.95707988739014
KAZ,Kazakhstan,1973,
KEN,Kenya,1973,4.65051984786987
KGZ,Kyrgyz Republic,1973,
KHM,Cambodia,1973,
KIR,Kiribati,1973,
KNA,St. Kitts and Nevis,1973,
KOR,"Korea, Rep.",1973,2.64382004737854
KWT,Kuwait,1973,3.30368995666504
LAO,Lao PDR,1973,
LBN,Lebanon,1973,
LBR,Liberia,1973,
LBY,Libya,1973,
LCA,St. Lucia,1973,
LCN,Latin America & Caribbean,1973,
LIE,Liechtenstein,1973,
LKA,Sri Lanka,1973,3.31640005111694
LSO,Lesotho,1973,4.8665599822998
LTE,Late-demographic dividend,1973,
LTU,Lithuania,1973,
LUX,Luxembourg,1973,2.81235003471375
LVA,Latvia,1973,
MAC,"Macao SAR, China",1973,
MAF,St. Martin (French part),1973,
MAR,Morocco,1973,4.67168998718262
MCO,Monaco,1973,
MDA,Moldova,1973,
MDG,Madagascar,1973,2.71114993095398
MDV,Maldives,1973,
MEX,Mexico,1973,
MHL,Marshall Islands,1973,
MKD,North Macedonia,1973,
MLI,Mali,1973,
MLT,Malta,1973,5.269700050354
MMR,Myanmar,1973,3.27380990982056
MNE,Montenegro,1973,
MNG,Mongolia,1973,
MNP,Northern Mariana Islands,1973,
MOZ,Mozambique,1973,
MRT,Mauritania,1973,
MUS,Mauritius,1973,2.78133010864258
MWI,Malawi,1973,
MYS,Malaysia,1973,
NAM,Namibia,1973,
NCL,New Caledonia,1973,
NER,Niger,1973,
NGA,Nigeria,1973,
NIC,Nicaragua,1973,
NLD,Netherlands,1973,5.83436012268066
NOR,Norway,1973,5.89171981811523
NPL,Nepal,1973,
NRU,Nauru,1973,
NZL,New Zealand,1973,4.75323009490967
OMN,Oman,1973,
PAK,Pakistan,1973,1.83042001724243
PAN,Panama,1973,3.48574995994568
PER,Peru,1973,3.39172005653381
PHL,Philippines,1973,
PLW,Palau,1973,
PNG,Papua New Guinea,1973,
POL,Poland,1973,
PRI,Puerto Rico (US),1973,6.47992992401123
PRK,"Korea, Dem. People's Rep.",1973,
PRT,Portugal,1973,1.63391995429993
PRY,Paraguay,1973,
PSE,West Bank and Gaza,1973,
PYF,French Polynesia,1973,
QAT,Qatar,1973,2.86783003807068
ROU,Romania,1973,
RUS,Russia,1973,
RWA,Rwanda,1973,
SAU,Saudi Arabia,1973,
SDN,Sudan,1973,
SEN,Senegal,1973,
SGP,Singapore,1973,2.48882007598877
SLB,Solomon Islands,1973,
SLE,Sierra Leone,1973,
SLV,El Salvador,1973,
SMR,San Marino,1973,
SOM,"Somalia, Fed. Rep.",1973,1.33887994289398
SRB,Serbia,1973,
SSD,South Sudan,1973,
STP,Sao Tome and Principe,1973,
SUR,Suriname,1973,
SVK,Slovak Republic,1973,
SVN,Slovenia,1973,
SWE,Sweden,1973,
SWZ,Eswatini,1973,
SXM,Sint Maarten (Dutch part),1973,
SYC,Seychelles,1973,
SYR,Syrian Arab Republic,1973,3.68990993499756
TCA,Turks and Caicos Islands,1973,
TCD,Chad,1973,
TGO,Togo,1973,
THA,Thailand,1973,2.55425000190735
TJK,Tajikistan,1973,
TKM,Turkmenistan,1973,
TLS,Timor-Leste,1973,
TON,Tonga,1973,
TTO,Trinidad and Tobago,1973,
TUN,Tunisia,1973,
TUR,Turkiye,1973,
TUV,Tuvalu,1973,
TZA,Tanzania,1973,1.87657999992371
UGA,Uganda,1973,3.3502299785614
UKR,Ukraine,1973,
URY,Uruguay,1973,
USA,United States,1973,
UZB,Uzbekistan,1973,
VCT,St. Vincent and the Grenadines,1973,
VEN,"Venezuela, RB",1973,
VGB,British Virgin Islands,1973,
VIR,Virgin Islands (U.S.),1973,
VNM,Viet Nam,1973,
VUT,Vanuatu,1973,
WSM,Samoa,1973,
XKX,Kosovo,1973,
YEM,"Yemen, Rep.",1973,
ZAF,South Africa,1973,
ZMB,Zambia,1973,5.48807001113892
ZWE,Zimbabwe,1973,
ABW,Aruba,1974,
AFE,Africa Eastern and Southern,1974,
AFG,Afghanistan,1974,
AFW,Africa Western and Central,1974,
AGO,Angola,1974,
ALB,Albania,1974,
AND,Andorra,1974,
ARE,United Arab Emirates,1974,
ARG,Argentina,1974,1.92351996898651
ARM,Armenia,1974,
ASM,American Samoa,1974,
ATG,Antigua and Barbuda,1974,
AUS,Australia,1974,
AUT,Austria,1974,4.67425012588501
AZE,Azerbaijan,1974,
BDI,Burundi,1974,
BEL,Belgium,1974,
BEN,Benin,1974,
BFA,Burkina Faso,1974,
BGD,Bangladesh,1974,
BGR,Bulgaria,1974,
BHR,Bahrain,1974,
BHS,"Bahamas, The",1974,
BIH,Bosnia and Herzegovina,1974,
BLR,Belarus,1974,
BLZ,Belize,1974,
BMU,Bermuda,1974,
BOL,Bolivia,1974,
BRA,Brazil,1974,
BRB,Barbados,1974,7.52374982833862
BRN,Brunei Darussalam,1974,1.57027995586395
BTN,Bhutan,1974,
BWA,Botswana,1974,3.67424011230469
CAF,Central African Republic,1974,
CAN,Canada,1974,6.66714000701904
CHE,Switzerland,1974,4.11416006088257
CHI,Channel Islands,1974,
CHL,Chile,1974,3.66648006439209
CHN,China,1974,1.75835001468658
CIV,Cote d'Ivoire,1974,5.69039011001587
CMR,Cameroon,1974,
COD,"Congo, Dem. Rep.",1974,
COG,"Congo, Rep.",1974,
COL,Colombia,1974,
COM,Comoros,1974,
CPV,Cabo Verde,1974,
CRI,Costa Rica,1974,
CUB,Cuba,1974,
CUW,Curacao,1974,
CYM,Cayman Islands,1974,
CYP,Cyprus,1974,
CZE,Czechia,1974,
DEU,Germany,1974,
DJI,Djibouti,1974,
DMA,Dominica,1974,
DNK,Denmark,1974,6.58820009231567
DOM,Dominican Republic,1974,
DZA,Algeria,1974,
EAR,Early-demographic dividend,1974,
ECS,Europe & Central Asia,1974,
ECU,Ecuador,1974,
EGY,"Egypt, Arab Rep.",1974,5.2266697883606
ERI,Eritrea,1974,
ESP,Spain,1974,1.46060001850128
EST,Estonia,1974,
ETH,Ethiopia,1974,
FIN,Finland,1974,4.48191022872925
FJI,Fiji,1974,
FRA,France,1974,4.27873992919922
FRO,Faroe Islands,1974,
FSM,"Micronesia, Fed. Sts.",1974,
GAB,Gabon,1974,
GBR,United Kingdom,1974,5.39099979400635
GEO,Georgia,1974,
GHA,Ghana,1974,3.80271005630493
GIB,Gibraltar,1974,
GIN,Guinea,1974,
GMB,"Gambia, The",1974,
GNB,Guinea-Bissau,1974,
GNQ,Equatorial Guinea,1974,
GRC,Greece,1974,1.35493004322052
GRD,Grenada,1974,
GRL,Greenland,1974,
GTM,Guatemala,1974,
GUM,Guam,1974,
GUY,Guyana,1974,
HKG,"Hong Kong SAR, China",1974,2.36029005050659
HND,Honduras,1974,
HRV,Croatia,1974,
HTI,Haiti,1974,
HUN,Hungary,1974,3.59559011459351
IDB,IDA blend,1974,
IDN,Indonesia,1974,
IMN,Isle of Man,1974,
IND,India,1974,
IRL,Ireland,1974,4.68602991104126
IRN,"Iran, Islamic Rep.",1974,2.69034004211426
IRQ,Iraq,1974,
ISL,Iceland,1974,
ISR,Israel,1974,5.65004014968872
ITA,Italy,1974,3.82631993293762
JAM,Jamaica,1974,4.24897003173828
JOR,Jordan,1974,3.55768990516663
JPN,Japan,1974,3.95420002937317
KAZ,Kazakhstan,1974,
KEN,Kenya,1974,5.06550979614258
KGZ,Kyrgyz Republic,1974,
KHM,Cambodia,1974,
KIR,Kiribati,1974,3.87663006782532
KNA,St. Kitts and Nevis,1974,
KOR,"Korea, Rep.",1974,
KWT,Kuwait,1974,3.52160000801086
LAO,Lao PDR,1974,
LBN,Lebanon,1974,
LBR,Liberia,1974,
LBY,Libya,1974,
LCA,St. Lucia,1974,
LCN,Latin America & Caribbean,1974,
LIE,Liechtenstein,1974,
LKA,Sri Lanka,1974,
LSO,Lesotho,1974,4.23424005508423
LTE,Late-demographic dividend,1974,
LTU,Lithuania,1974,
LUX,Luxembourg,1974,
LVA,Latvia,1974,
MAC,"Macao SAR, China",1974,
MAF,St. Martin (French part),1974,
MAR,Morocco,1974,4.27548980712891
MCO,Monaco,1974,
MDA,Moldova,1974,
MDG,Madagascar,1974,2.67375993728638
MDV,Maldives,1974,
MEX,Mexico,1974,
MHL,Marshall Islands,1974,
MKD,North Macedonia,1974,
MLI,Mali,1974,
MLT,Malta,1974,4.4931001663208
MMR,Myanmar,1974,
MNE,Montenegro,1974,
MNG,Mongolia,1974,
MNP,Northern Mariana Islands,1974,
MOZ,Mozambique,1974,
MRT,Mauritania,1974,
MUS,Mauritius,1974,
MWI,Malawi,1974,
MYS,Malaysia,1974,
NAM,Namibia,1974,
NCL,New Caledonia,1974,
NER,Niger,1974,
NGA,Nigeria,1974,3.21017003059387
NIC,Nicaragua,1974,
NLD,Netherlands,1974,6.3265700340271
NOR,Norway,1974,5.67365980148315
NPL,Nepal,1974,
NRU,Nauru,1974,
NZL,New Zealand,1974,4.7467999458313
OMN,Oman,1974,
PAK,Pakistan,1974,1.88065004348755
PAN,Panama,1974,3.81979990005493
PER,Peru,1974,
PHL,Philippines,1974,
PLW,Palau,1974,
PNG,Papua New Guinea,1974,
POL,Poland,1974,
PRI,Puerto Rico (US),1974,7.28690004348755
PRK,"Korea, Dem. People's Rep.",1974,
PRT,Portugal,1974,1.93535995483398
PRY,Paraguay,1974,
PSE,West Bank and Gaza,1974,
PYF,French Polynesia,1974,
QAT,Qatar,1974,
ROU,Romania,1974,
RUS,Russia,1974,
RWA,Rwanda,1974,
SAU,Saudi Arabia,1974,
SDN,Sudan,1974,
SEN,Senegal,1974,
SGP,Singapore,1974,2.38852000236511
SLB,Solomon Islands,1974,
SLE,Sierra Leone,1974,
SLV,El Salvador,1974,
SMR,San Marino,1974,
SOM,"Somalia, Fed. Rep.",1974,
SRB,Serbia,1974,
SSD,South Sudan,1974,
STP,Sao Tome and Principe,1974,
SUR,Suriname,1974,
SVK,Slovak Republic,1974,
SVN,Slovenia,1974,
SWE,Sweden,1974,
SWZ,Eswatini,1974,
SXM,Sint Maarten (Dutch part),1974,
SYC,Seychelles,1974,4.28332996368408
SYR,Syrian Arab Republic,1974,
TCA,Turks and Caicos Islands,1974,
TCD,Chad,1974,
TGO,Togo,1974,
THA,Thailand,1974,2.14686989784241
TJK,Tajikistan,1974,
TKM,Turkmenistan,1974,
TLS,Timor-Leste,1974,
TON,Tonga,1974,
TTO,Trinidad and Tobago,1974,
TUN,Tunisia,1974,
TUR,Turkiye,1974,
TUV,Tuvalu,1974,
TZA,Tanzania,1974,1.91419005393982
UGA,Uganda,1974,3.39091992378235
UKR,Ukraine,1974,
URY,Uruguay,1974,
USA,United States,1974,
UZB,Uzbekistan,1974,
VCT,St. Vincent and the Grenadines,1974,
VEN,"Venezuela, RB",1974,3.94795989990234
VGB,British Virgin Islands,1974,
VIR,Virgin Islands (U.S.),1974,
VNM,Viet Nam,1974,
VUT,Vanuatu,1974,
WSM,Samoa,1974,
XKX,Kosovo,1974,
YEM,"Yemen, Rep.",1974,
ZAF,South Africa,1974,
ZMB,Zambia,1974,4.87800979614258
ZWE,Zimbabwe,1974,
ABW,Aruba,1975,
AFE,Africa Eastern and Southern,1975,
AFG,Afghanistan,1975,
AFW,Africa Western and Central,1975,
AGO,Angola,1975,
ALB,Albania,1975,
AND,Andorra,1975,
ARE,United Arab Emirates,1975,
ARG,Argentina,1975,1.84360003471374
ARM,Armenia,1975,
ASM,American Samoa,1975,
ATG,Antigua and Barbuda,1975,
AUS,Australia,1975,
AUT,Austria,1975,5.14811992645264
AZE,Azerbaijan,1975,
BDI,Burundi,1975,
BEL,Belgium,1975,5.76281976699829
BEN,Benin,1975,
BFA,Burkina Faso,1975,
BGD,Bangladesh,1975,
BGR,Bulgaria,1975,
BHR,Bahrain,1975,
BHS,"Bahamas, The",1975,
BIH,Bosnia and Herzegovina,1975,
BLR,Belarus,1975,
BLZ,Belize,1975,
BMU,Bermuda,1975,3.43442010879517
BOL,Bolivia,1975,
BRA,Brazil,1975,
BRB,Barbados,1975,
BRN,Brunei Darussalam,1975,0.917890012264252
BTN,Bhutan,1975,3.09239006042481
BWA,Botswana,1975,5.64942979812622
CAF,Central African Republic,1975,
CAN,Canada,1975,6.42132997512817
CHE,Switzerland,1975,4.37445020675659
CHI,Channel Islands,1975,
CHL,Chile,1975,3.50703001022339
CHN,China,1975,1.70580995082855
CIV,Cote d'Ivoire,1975,6.78573989868164
CMR,Cameroon,1975,
COD,"Congo, Dem. Rep.",1975,
COG,"Congo, Rep.",1975,7.74302005767822
COL,Colombia,1975,
COM,Comoros,1975,
CPV,Cabo Verde,1975,
CRI,Costa Rica,1975,
CUB,Cuba,1975,
CUW,Curacao,1975,
CYM,Cayman Islands,1975,
CYP,Cyprus,1975,4.33502006530762
CZE,Czechia,1975,
DEU,Germany,1975,
DJI,Djibouti,1975,
DMA,Dominica,1975,
DNK,Denmark,1975,6.72235012054443
DOM,Dominican Republic,1975,
DZA,Algeria,1975,
EAR,Early-demographic dividend,1975,
ECS,Europe & Central Asia,1975,
ECU,Ecuador,1975,
EGY,"Egypt, Arab Rep.",1975,4.8924298286438
ERI,Eritrea,1975,
ESP,Spain,1975,
EST,Estonia,1975,
ETH,Ethiopia,1975,
FIN,Finland,1975,5.032790184021
FJI,Fiji,1975,
FRA,France,1975,4.47882986068726
FRO,Faroe Islands,1975,
FSM,"Micronesia, Fed. Sts.",1975,
GAB,Gabon,1975,
GBR,United Kingdom,1975,6.26878023147583
GEO,Georgia,1975,
GHA,Ghana,1975,4.876540184021
GIB,Gibraltar,1975,
GIN,Guinea,1975,
GMB,"Gambia, The",1975,
GNB,Guinea-Bissau,1975,
GNQ,Equatorial Guinea,1975,
GRC,Greece,1975,1.48145997524261
GRD,Grenada,1975,
GRL,Greenland,1975,
GTM,Guatemala,1975,
GUM,Guam,1975,
GUY,Guyana,1975,
HKG,"Hong Kong SAR, China",1975,2.44919991493225
HND,Honduras,1975,
HRV,Croatia,1975,
HTI,Haiti,1975,
HUN,Hungary,1975,3.72013998031616
IDB,IDA blend,1975,5.6061201095581
IDN,Indonesia,1975,
IMN,Isle of Man,1975,
IND,India,1975,
IRL,Ireland,1975,
IRN,"Iran, Islamic Rep.",1975,2.96556997299194
IRQ,Iraq,1975,
ISL,Iceland,1975,
ISR,Israel,1975,5.74315977096558
ITA,Italy,1975,3.70307993888855
JAM,Jamaica,1975,5.22878980636597
JOR,Jordan,1975,3.76347994804382
JPN,Japan,1975,4.56979990005493
KAZ,Kazakhstan,1975,
KEN,Kenya,1975,5.6061201095581
KGZ,Kyrgyz Republic,1975,
KHM,Cambodia,1975,
KIR,Kiribati,1975,
KNA,St. Kitts and Nevis,1975,
KOR,"Korea, Rep.",1975,2.05697989463806
KWT,Kuwait,1975,2.13554000854492
LAO,Lao PDR,1975,
LBN,Lebanon,1975,
LBR,Liberia,1975,
LBY,Libya,1975,
LCA,St. Lucia,1975,
LCN,Latin America & Caribbean,1975,
LIE,Liechtenstein,1975,
LKA,Sri Lanka,1975,2.74454998970032
LSO,Lesotho,1975,
LTE,Late-demographic dividend,1975,
LTU,Lithuania,1975,
LUX,Luxembourg,1975,3.42302989959717
LVA,Latvia,1975,
MAC,"Macao SAR, China",1975,
MAF,St. Martin (French part),1975,
MAR,Morocco,1975,5.21270990371704
MCO,Monaco,1975,
MDA,Moldova,1975,
MDG,Madagascar,1975,2.51668000221252
MDV,Maldives,1975,
MEX,Mexico,1975,
MHL,Marshall Islands,1975,
MKD,North Macedonia,1975,
MLI,Mali,1975,
MLT,Malta,1975,4.42221021652222
MMR,Myanmar,1975,1.98739004135132
MNE,Montenegro,1975,
MNG,Mongolia,1975,
MNP,Northern Mariana Islands,1975,
MOZ,Mozambique,1975,
MRT,Mauritania,1975,
MUS,Mauritius,1975,2.51991009712219
MWI,Malawi,1975,
MYS,Malaysia,1975,
NAM,Namibia,1975,
NCL,New Caledonia,1975,
NER,Niger,1975,
NGA,Nigeria,1975,3.0636899471283
NIC,Nicaragua,1975,
NLD,Netherlands,1975,6.36227989196777
NOR,Norway,1975,5.55022001266479
NPL,Nepal,1975,
NRU,Nauru,1975,
NZL,New Zealand,1975,5.16753005981445
OMN,Oman,1975,
PAK,Pakistan,1975,1.98008000850677
PAN,Panama,1975,4.15451002120972
PER,Peru,1975,
PHL,Philippines,1975,
PLW,Palau,1975,
PNG,Papua New Guinea,1975,
POL,Poland,1975,
PRI,Puerto Rico (US),1975,6.22974014282227
PRK,"Korea, Dem. People's Rep.",1975,
PRT,Portugal,1975,3.06245994567871
PRY,Paraguay,1975,
PSE,West Bank and Gaza,1975,
PYF,French Polynesia,1975,
QAT,Qatar,1975,
ROU,Romania,1975,
RUS,Russia,1975,
RWA,Rwanda,1975,
SAU,Saudi Arabia,1975,
SDN,Sudan,1975,
SEN,Senegal,1975,
SGP,Singapore,1975,2.43949007987976
SLB,Solomon Islands,1975,
SLE,Sierra Leone,1975,
SLV,El Salvador,1975,0.904510021209717
SMR,San Marino,1975,
SOM,"Somalia, Fed. Rep.",1975,
SRB,Serbia,1975,
SSD,South Sudan,1975,
STP,Sao Tome and Principe,1975,
SUR,Suriname,1975,
SVK,Slovak Republic,1975,
SVN,Slovenia,1975,
SWE,Sweden,1975,
SWZ,Eswatini,1975,
SXM,Sint Maarten (Dutch part),1975,
SYC,Seychelles,1975,4.34501981735229
SYR,Syrian Arab Republic,1975,3.93450999259949
TCA,Turks and Caicos Islands,1975,
TCD,Chad,1975,
TGO,Togo,1975,
THA,Thailand,1975,2.38088011741638
TJK,Tajikistan,1975,
TKM,Turkmenistan,1975,
TLS,Timor-Leste,1975,
TON,Tonga,1975,
TTO,Trinidad and Tobago,1975,
TUN,Tunisia,1975,
TUR,Turkiye,1975,
TUV,Tuvalu,1975,
TZA,Tanzania,1975,
UGA,Uganda,1975,3.22102999687195
UKR,Ukraine,1975,
URY,Uruguay,1975,
USA,United States,1975,
UZB,Uzbekistan,1975,
VCT,St. Vincent and the Grenadines,1975,
VEN,"Venezuela, RB",1975,5.19851016998291
VGB,British Virgin Islands,1975,
VIR,Virgin Islands (U.S.),1975,
VNM,Viet Nam,1975,
VUT,Vanuatu,1975,
WSM,Samoa,1975,
XKX,Kosovo,1975,
YEM,"Yemen, Rep.",1975,
ZAF,South Africa,1975,
ZMB,Zambia,1975,6.2385401725769
ZWE,Zimbabwe,1975,
ABW,Aruba,1976,
AFE,Africa Eastern and Southern,1976,
AFG,Afghanistan,1976,
AFW,Africa Western and Central,1976,
AGO,Angola,1976,
ALB,Albania,1976,
AND,Andorra,1976,
ARE,United Arab Emirates,1976,
ARG,Argentina,1976,1.16563999652863
ARM,Armenia,1976,
ASM,American Samoa,1976,
ATG,Antigua and Barbuda,1976,
AUS,Australia,1976,
AUT,Austria,1976,5.2582597732544
AZE,Azerbaijan,1976,
BDI,Burundi,1976,
BEL,Belgium,1976,5.73104000091553
BEN,Benin,1976,
BFA,Burkina Faso,1976,
BGD,Bangladesh,1976,
BGR,Bulgaria,1976,
BHR,Bahrain,1976,
BHS,"Bahamas, The",1976,
BIH,Bosnia and Herzegovina,1976,
BLR,Belarus,1976,
BLZ,Belize,1976,
BMU,Bermuda,1976,
BOL,Bolivia,1976,
BRA,Brazil,1976,
BRB,Barbados,1976,5.94479990005493
BRN,Brunei Darussalam,1976,0.917750000953674
BTN,Bhutan,1976,
BWA,Botswana,1976,6.06396007537842
CAF,Central African Republic,1976,
CAN,Canada,1976,6.69841003417969
CHE,Switzerland,1976,4.47359991073608
CHI,Channel Islands,1976,
CHL,Chile,1976,
CHN,China,1976,1.81353998184204
CIV,Cote d'Ivoire,1976,6.46212005615234
CMR,Cameroon,1976,
COD,"Congo, Dem. Rep.",1976,
COG,"Congo, Rep.",1976,
COL,Colombia,1976,
COM,Comoros,1976,
CPV,Cabo Verde,1976,
CRI,Costa Rica,1976,
CUB,Cuba,1976,
CUW,Curacao,1976,
CYM,Cayman Islands,1976,
CYP,Cyprus,1976,3.81970000267029
CZE,Czechia,1976,
DEU,Germany,1976,
DJI,Djibouti,1976,
DMA,Dominica,1976,
DNK,Denmark,1976,
DOM,Dominican Republic,1976,
DZA,Algeria,1976,
EAR,Early-demographic dividend,1976,
ECS,Europe & Central Asia,1976,
ECU,Ecuador,1976,
EGY,"Egypt, Arab Rep.",1976,4.94342994689941
ERI,Eritrea,1976,
ESP,Spain,1976,1.900750041008
EST,Estonia,1976,
ETH,Ethiopia,1976,
FIN,Finland,1976,5.22785997390747
FJI,Fiji,1976,
FRA,France,1976,4.47070980072021
FRO,Faroe Islands,1976,
FSM,"Micronesia, Fed. Sts.",1976,
GAB,Gabon,1976,
GBR,United Kingdom,1976,6.42422008514404
GEO,Georgia,1976,
GHA,Ghana,1976,5.82882976531982
GIB,Gibraltar,1976,
GIN,Guinea,1976,
GMB,"Gambia, The",1976,
GNB,Guinea-Bissau,1976,
GNQ,Equatorial Guinea,1976,
GRC,Greece,1976,1.46867001056671
GRD,Grenada,1976,
GRL,Greenland,1976,
GTM,Guatemala,1976,1.62729001045227
GUM,Guam,1976,
GUY,Guyana,1976,
HKG,"Hong Kong SAR, China",1976,2.43336009979248
HND,Honduras,1976,
HRV,Croatia,1976,
HTI,Haiti,1976,
HUN,Hungary,1976,3.52535009384155
IDB,IDA blend,1976,
IDN,Indonesia,1976,
IMN,Isle of Man,1976,
IND,India,1976,
IRL,Ireland,1976,4.29649019241333
IRN,"Iran, Islamic Rep.",1976,
IRQ,Iraq,1976,
ISL,Iceland,1976,
ISR,Israel,1976,5.6540699005127
ITA,Italy,1976,3.91051006317139
JAM,Jamaica,1976,5.85832977294922
JOR,Jordan,1976,3.53455996513367
JPN,Japan,1976,4.74775981903076
KAZ,Kazakhstan,1976,
KEN,Kenya,1976,5.74410009384155
KGZ,Kyrgyz Republic,1976,
KHM,Cambodia,1976,
KIR,Kiribati,1976,
KNA,St. Kitts and Nevis,1976,
KOR,"Korea, Rep.",1976,2.71206998825073
KWT,Kuwait,1976,3.11508011817932
LAO,Lao PDR,1976,
LBN,Lebanon,1976,
LBR,Liberia,1976,
LBY,Libya,1976,4.63650989532471
LCA,St. Lucia,1976,
LCN,Latin America & Caribbean,1976,
LIE,Liechtenstein,1976,
LKA,Sri Lanka,1976,
LSO,Lesotho,1976,
LTE,Late-demographic dividend,1976,
LTU,Lithuania,1976,
LUX,Luxembourg,1976,3.61462998390198
LVA,Latvia,1976,
MAC,"Macao SAR, China",1976,
MAF,St. Martin (French part),1976,
MAR,Morocco,1976,6.0271201133728
MCO,Monaco,1976,
MDA,Moldova,1976,
MDG,Madagascar,1976,3.25500988960266
MDV,Maldives,1976,
MEX,Mexico,1976,
MHL,Marshall Islands,1976,
MKD,North Macedonia,1976,
MLI,Mali,1976,
MLT,Malta,1976,3.83189010620117
MMR,Myanmar,1976,1.72618997097015
MNE,Montenegro,1976,
MNG,Mongolia,1976,
MNP,Northern Mariana Islands,1976,
MOZ,Mozambique,1976,
MRT,Mauritania,1976,
MUS,Mauritius,1976,
MWI,Malawi,1976,
MYS,Malaysia,1976,
NAM,Namibia,1976,
NCL,New Caledonia,1976,
NER,Niger,1976,
NGA,Nigeria,1976,
NIC,Nicaragua,1976,
NLD,Netherlands,1976,6.30303001403809
NOR,Norway,1976,6.16359996795654
NPL,Nepal,1976,
NRU,Nauru,1976,
NZL,New Zealand,1976,5.45474004745483
OMN,Oman,1976,
PAK,Pakistan,1976,2.23794007301331
PAN,Panama,1976,4.31272983551025
PER,Peru,1976,
PHL,Philippines,1976,
PLW,Palau,1976,
PNG,Papua New Guinea,1976,
POL,Poland,1976,
PRI,Puerto Rico (US),1976,7.14049005508423
PRK,"Korea, Dem. People's Rep.",1976,
PRT,Portugal,1976,3.07873010635376
PRY,Paraguay,1976,
PSE,West Bank and Gaza,1976,
PYF,French Polynesia,1976,
QAT,Qatar,1976,1.74697005748749
ROU,Romania,1976,
RUS,Russia,1976,
RWA,Rwanda,1976,
SAU,Saudi Arabia,1976,
SDN,Sudan,1976,
SEN,Senegal,1976,
SGP,Singapore,1976,2.69238996505737
SLB,Solomon Islands,1976,
SLE,Sierra Leone,1976,
SLV,El Salvador,1976,
SMR,San Marino,1976,
SOM,"Somalia, Fed. Rep.",1976,
SRB,Serbia,1976,
SSD,South Sudan,1976,
STP,Sao Tome and Principe,1976,
SUR,Suriname,1976,
SVK,Slovak Republic,1976,
SVN,Slovenia,1976,
SWE,Sweden,1976,
SWZ,Eswatini,1976,3.71434998512268
SXM,Sint Maarten (Dutch part),1976,
SYC,Seychelles,1976,4.7459602355957
SYR,Syrian Arab Republic,1976,5.83145999908447
TCA,Turks and Caicos Islands,1976,
TCD,Chad,1976,
TGO,Togo,1976,
THA,Thailand,1976,3.01672005653381
TJK,Tajikistan,1976,
TKM,Turkmenistan,1976,
TLS,Timor-Leste,1976,
TON,Tonga,1976,
TTO,Trinidad and Tobago,1976,
TUN,Tunisia,1976,
TUR,Turkiye,1976,
TUV,Tuvalu,1976,
TZA,Tanzania,1976,
UGA,Uganda,1976,2.67658996582031
UKR,Ukraine,1976,
URY,Uruguay,1976,
USA,United States,1976,
UZB,Uzbekistan,1976,
VCT,St. Vincent and the Grenadines,1976,
VEN,"Venezuela, RB",1976,
VGB,British Virgin Islands,1976,
VIR,Virgin Islands (U.S.),1976,
VNM,Viet Nam,1976,
VUT,Vanuatu,1976,
WSM,Samoa,1976,
XKX,Kosovo,1976,
YEM,"Yemen, Rep.",1976,
ZAF,South Africa,1976,
ZMB,Zambia,1976,6.026939868927
ZWE,Zimbabwe,1976,
ABW,Aruba,1977,
AFE,Africa Eastern and Southern,1977,
AFG,Afghanistan,1977,
AFW,Africa Western and Central,1977,
AGO,Angola,1977,
ALB,Albania,1977,
AND,Andorra,1977,
ARE,United Arab Emirates,1977,
ARG,Argentina,1977,1.71984004974365
ARM,Armenia,1977,
ASM,American Samoa,1977,
ATG,Antigua and Barbuda,1977,
AUS,Australia,1977,
AUT,Austria,1977,4.9734902381897
AZE,Azerbaijan,1977,
BDI,Burundi,1977,
BEL,Belgium,1977,5.98883008956909
BEN,Benin,1977,
BFA,Burkina Faso,1977,
BGD,Bangladesh,1977,
BGR,Bulgaria,1977,
BHR,Bahrain,1977,
BHS,"Bahamas, The",1977,
BIH,Bosnia and Herzegovina,1977,
BLR,Belarus,1977,
BLZ,Belize,1977,
BMU,Bermuda,1977,
BOL,Bolivia,1977,
BRA,Brazil,1977,
BRB,Barbados,1977,6.51715993881226
BRN,Brunei Darussalam,1977,
BTN,Bhutan,1977,
BWA,Botswana,1977,5.40031003952026
CAF,Central African Republic,1977,
CAN,Canada,1977,6.71090984344482
CHE,Switzerland,1977,4.49635982513428
CHI,Channel Islands,1977,
CHL,Chile,1977,
CHN,China,1977,1.74663996696472
CIV,Cote d'Ivoire,1977,
CMR,Cameroon,1977,
COD,"Congo, Dem. Rep.",1977,
COG,"Congo, Rep.",1977,
COL,Colombia,1977,
COM,Comoros,1977,
CPV,Cabo Verde,1977,
CRI,Costa Rica,1977,
CUB,Cuba,1977,
CUW,Curacao,1977,
CYM,Cayman Islands,1977,
CYP,Cyprus,1977,3.38548994064331
CZE,Czechia,1977,
DEU,Germany,1977,
DJI,Djibouti,1977,
DMA,Dominica,1977,
DNK,Denmark,1977,5.68040990829468
DOM,Dominican Republic,1977,
DZA,Algeria,1977,
EAR,Early-demographic dividend,1977,
ECS,Europe & Central Asia,1977,
ECU,Ecuador,1977,2.41883993148804
EGY,"Egypt, Arab Rep.",1977,4.54958009719849
ERI,Eritrea,1977,
ESP,Spain,1977,2.07864999771118
EST,Estonia,1977,
ETH,Ethiopia,1977,2.15985989570618
FIN,Finland,1977,
FJI,Fiji,1977,
FRA,France,1977,4.47384023666382
FRO,Faroe Islands,1977,
FSM,"Micronesia, Fed. Sts.",1977,
GAB,Gabon,1977,
GBR,United Kingdom,1977,6.06335020065308
GEO,Georgia,1977,
GHA,Ghana,1977,6.09528017044067
GIB,Gibraltar,1977,
GIN,Guinea,1977,
GMB,"Gambia, The",1977,
GNB,Guinea-Bissau,1977,
GNQ,Equatorial Guinea,1977,
GRC,Greece,1977,1.51479995250702
GRD,Grenada,1977,
GRL,Greenland,1977,
GTM,Guatemala,1977,
GUM,Guam,1977,
GUY,Guyana,1977,7.08872985839844
HKG,"Hong Kong SAR, China",1977,2.21923995018005
HND,Honduras,1977,
HRV,Croatia,1977,
HTI,Haiti,1977,
HUN,Hungary,1977,3.59353995323181
IDB,IDA blend,1977,
IDN,Indonesia,1977,
IMN,Isle of Man,1977,
IND,India,1977,
IRL,Ireland,1977,5.08531999588013
IRN,"Iran, Islamic Rep.",1977,5.416259765625
IRQ,Iraq,1977,3.8570499420166
ISL,Iceland,1977,
ISR,Israel,1977,5.55499982833862
ITA,Italy,1977,
JAM,Jamaica,1977,6.02651977539062
JOR,Jordan,1977,3.67989993095398
JPN,Japan,1977,4.73743009567261
KAZ,Kazakhstan,1977,
KEN,Kenya,1977,5.13632011413574
KGZ,Kyrgyz Republic,1977,
KHM,Cambodia,1977,
KIR,Kiribati,1977,
KNA,St. Kitts and Nevis,1977,
KOR,"Korea, Rep.",1977,2.38804006576538
KWT,Kuwait,1977,3.36866998672485
LAO,Lao PDR,1977,
LBN,Lebanon,1977,
LBR,Liberia,1977,
LBY,Libya,1977,4.12382984161377
LCA,St. Lucia,1977,
LCN,Latin America & Caribbean,1977,
LIE,Liechtenstein,1977,
LKA,Sri Lanka,1977,
LSO,Lesotho,1977,
LTE,Late-demographic dividend,1977,
LTU,Lithuania,1977,
LUX,Luxembourg,1977,3.69379997253418
LVA,Latvia,1977,
MAC,"Macao SAR, China",1977,
MAF,St. Martin (French part),1977,
MAR,Morocco,1977,6.08424997329712
MCO,Monaco,1977,
MDA,Moldova,1977,
MDG,Madagascar,1977,5.05393981933594
MDV,Maldives,1977,
MEX,Mexico,1977,
MHL,Marshall Islands,1977,
MKD,North Macedonia,1977,
MLI,Mali,1977,
MLT,Malta,1977,3.89760994911194
MMR,Myanmar,1977,1.63782000541687
MNE,Montenegro,1977,
MNG,Mongolia,1977,
MNP,Northern Mariana Islands,1977,
MOZ,Mozambique,1977,
MRT,Mauritania,1977,
MUS,Mauritius,1977,4.3818998336792
MWI,Malawi,1977,
MYS,Malaysia,1977,
NAM,Namibia,1977,
NCL,New Caledonia,1977,
NER,Niger,1977,
NGA,Nigeria,1977,
NIC,Nicaragua,1977,
NLD,Netherlands,1977,6.17341995239258
NOR,Norway,1977,5.97280979156494
NPL,Nepal,1977,
NRU,Nauru,1977,
NZL,New Zealand,1977,4.45267009735107
OMN,Oman,1977,
PAK,Pakistan,1977,2.14983010292053
PAN,Panama,1977,4.28096008300781
PER,Peru,1977,
PHL,Philippines,1977,
PLW,Palau,1977,
PNG,Papua New Guinea,1977,7.38970994949341
POL,Poland,1977,
PRI,Puerto Rico (US),1977,6.38756990432739
PRK,"Korea, Dem. People's Rep.",1977,
PRT,Portugal,1977,
PRY,Paraguay,1977,
PSE,West Bank and Gaza,1977,
PYF,French Polynesia,1977,
QAT,Qatar,1977,1.97005999088287
ROU,Romania,1977,
RUS,Russia,1977,
RWA,Rwanda,1977,2.15020990371704
SAU,Saudi Arabia,1977,
SDN,Sudan,1977,
SEN,Senegal,1977,
SGP,Singapore,1977,2.4507999420166
SLB,Solomon Islands,1977,
SLE,Sierra Leone,1977,
SLV,El Salvador,1977,
SMR,San Marino,1977,
SOM,"Somalia, Fed. Rep.",1977,
SRB,Serbia,1977,
SSD,South Sudan,1977,
STP,Sao Tome and Principe,1977,
SUR,Suriname,1977,
SVK,Slovak Republic,1977,
SVN,Slovenia,1977,
SWE,Sweden,1977,
SWZ,Eswatini,1977,3.94429993629456
SXM,Sint Maarten (Dutch part),1977,
SYC,Seychelles,1977,
SYR,Syrian Arab Republic,1977,5.71441984176636
TCA,Turks and Caicos Islands,1977,
TCD,Chad,1977,
TGO,Togo,1977,
THA,Thailand,1977,3.21512007713318
TJK,Tajikistan,1977,
TKM,Turkmenistan,1977,
TLS,Timor-Leste,1977,
TON,Tonga,1977,
TTO,Trinidad and Tobago,1977,
TUN,Tunisia,1977,
TUR,Turkiye,1977,
TUV,Tuvalu,1977,
TZA,Tanzania,1977,
UGA,Uganda,1977,
UKR,Ukraine,1977,
URY,Uruguay,1977,
USA,United States,1977,
UZB,Uzbekistan,1977,
VCT,St. Vincent and the Grenadines,1977,
VEN,"Venezuela, RB",1977,5.25665998458862
VGB,British Virgin Islands,1977,
VIR,Virgin Islands (U.S.),1977,
VNM,Viet Nam,1977,
VUT,Vanuatu,1977,
WSM,Samoa,1977,
XKX,Kosovo,1977,
YEM,"Yemen, Rep.",1977,
ZAF,South Africa,1977,
ZMB,Zambia,1977,5.69251012802124
ZWE,Zimbabwe,1977,
ABW,Aruba,1978,
AFE,Africa Eastern and Southern,1978,
AFG,Afghanistan,1978,
AFW,Africa Western and Central,1978,
AGO,Angola,1978,
ALB,Albania,1978,
AND,Andorra,1978,
ARE,United Arab Emirates,1978,
ARG,Argentina,1978,1.93554997444153
ARM,Armenia,1978,
ASM,American Samoa,1978,
ATG,Antigua and Barbuda,1978,
AUS,Australia,1978,6.00073003768921
AUT,Austria,1978,5.1800799369812
AZE,Azerbaijan,1978,
BDI,Burundi,1978,
BEL,Belgium,1978,5.43633985519409
BEN,Benin,1978,
BFA,Burkina Faso,1978,1.67982995510101
BGD,Bangladesh,1978,
BGR,Bulgaria,1978,
BHR,Bahrain,1978,
BHS,"Bahamas, The",1978,
BIH,Bosnia and Herzegovina,1978,
BLR,Belarus,1978,
BLZ,Belize,1978,
BMU,Bermuda,1978,
BOL,Bolivia,1978,
BRA,Brazil,1978,
BRB,Barbados,1978,
BRN,Brunei Darussalam,1978,1.00110995769501
BTN,Bhutan,1978,2.5100200176239
BWA,Botswana,1978,5.95213985443115
CAF,Central African Republic,1978,3.17052006721497
CAN,Canada,1978,7.07383012771606
CHE,Switzerland,1978,4.370530128479
CHI,Channel Islands,1978,
CHL,Chile,1978,2.99899005889893
CHN,China,1978,1.95560002326965
CIV,Cote d'Ivoire,1978,6.75367021560669
CMR,Cameroon,1978,
COD,"Congo, Dem. Rep.",1978,
COG,"Congo, Rep.",1978,8.41331005096436
COL,Colombia,1978,
COM,Comoros,1978,
CPV,Cabo Verde,1978,
CRI,Costa Rica,1978,
CUB,Cuba,1978,
CUW,Curacao,1978,
CYM,Cayman Islands,1978,
CYP,Cyprus,1978,3.31234002113342
CZE,Czechia,1978,
DEU,Germany,1978,
DJI,Djibouti,1978,
DMA,Dominica,1978,
DNK,Denmark,1978,5.75755977630615
DOM,Dominican Republic,1978,
DZA,Algeria,1978,
EAR,Early-demographic dividend,1978,
ECS,Europe & Central Asia,1978,
ECU,Ecuador,1978,
EGY,"Egypt, Arab Rep.",1978,4.94112014770508
ERI,Eritrea,1978,
ESP,Spain,1978,2.23232007026672
EST,Estonia,1978,
ETH,Ethiopia,1978,1.9349399805069
FIN,Finland,1978,
FJI,Fiji,1978,
FRA,France,1978,4.38827991485596
FRO,Faroe Islands,1978,
FSM,"Micronesia, Fed. Sts.",1978,
GAB,Gabon,1978,
GBR,United Kingdom,1978,
GEO,Georgia,1978,
GHA,Ghana,1978,
GIB,Gibraltar,1978,
GIN,Guinea,1978,
GMB,"Gambia, The",1978,
GNB,Guinea-Bissau,1978,
GNQ,Equatorial Guinea,1978,
GRC,Greece,1978,1.70948004722595
GRD,Grenada,1978,
GRL,Greenland,1978,
GTM,Guatemala,1978,
GUM,Guam,1978,
GUY,Guyana,1978,
HKG,"Hong Kong SAR, China",1978,2.32255005836487
HND,Honduras,1978,2.01904988288879
HRV,Croatia,1978,
HTI,Haiti,1978,
HUN,Hungary,1978,3.71507000923157
IDB,IDA blend,1978,
IDN,Indonesia,1978,
IMN,Isle of Man,1978,
IND,India,1978,
IRL,Ireland,1978,5.0676097869873
IRN,"Iran, Islamic Rep.",1978,
IRQ,Iraq,1978,
ISL,Iceland,1978,
ISR,Israel,1978,6.29782009124756
ITA,Italy,1978,3.77168011665344
JAM,Jamaica,1978,
JOR,Jordan,1978,3.68162989616394
JPN,Japan,1978,4.79045009613037
KAZ,Kazakhstan,1978,
KEN,Kenya,1978,
KGZ,Kyrgyz Republic,1978,
KHM,Cambodia,1978,
KIR,Kiribati,1978,
KNA,St. Kitts and Nevis,1978,
KOR,"Korea, Rep.",1978,
KWT,Kuwait,1978,4.08185005187988
LAO,Lao PDR,1978,
LBN,Lebanon,1978,
LBR,Liberia,1978,6.99484014511108
LBY,Libya,1978,
LCA,St. Lucia,1978,
LCN,Latin America & Caribbean,1978,
LIE,Liechtenstein,1978,
LKA,Sri Lanka,1978,
LSO,Lesotho,1978,
LTE,Late-demographic dividend,1978,
LTU,Lithuania,1978,
LUX,Luxembourg,1978,4.33933019638062
LVA,Latvia,1978,
MAC,"Macao SAR, China",1978,
MAF,St. Martin (French part),1978,
MAR,Morocco,1978,6.20182991027832
MCO,Monaco,1978,
MDA,Moldova,1978,
MDG,Madagascar,1978,
MDV,Maldives,1978,
MEX,Mexico,1978,
MHL,Marshall Islands,1978,
MKD,North Macedonia,1978,
MLI,Mali,1978,3.55959010124206
MLT,Malta,1978,3.34882998466492
MMR,Myanmar,1978,1.64365994930267
MNE,Montenegro,1978,
MNG,Mongolia,1978,
MNP,Northern Mariana Islands,1978,
MOZ,Mozambique,1978,
MRT,Mauritania,1978,
MUS,Mauritius,1978,5.49202013015747
MWI,Malawi,1978,
MYS,Malaysia,1978,
NAM,Namibia,1978,
NCL,New Caledonia,1978,
NER,Niger,1978,
NGA,Nigeria,1978,
NIC,Nicaragua,1978,
NLD,Netherlands,1978,6.17534017562866
NOR,Norway,1978,6.44437980651855
NPL,Nepal,1978,
NRU,Nauru,1978,
NZL,New Zealand,1978,4.53252983093262
OMN,Oman,1978,
PAK,Pakistan,1978,2.20418000221252
PAN,Panama,1978,3.60597991943359
PER,Peru,1978,
PHL,Philippines,1978,
PLW,Palau,1978,
PNG,Papua New Guinea,1978,
POL,Poland,1978,
PRI,Puerto Rico (US),1978,6.68102979660034
PRK,"Korea, Dem. People's Rep.",1978,
PRT,Portugal,1978,2.90048003196716
PRY,Paraguay,1978,
PSE,West Bank and Gaza,1978,
PYF,French Polynesia,1978,
QAT,Qatar,1978,2.77696990966797
ROU,Romania,1978,
RUS,Russia,1978,
RWA,Rwanda,1978,2.23247003555298
SAU,Saudi Arabia,1978,
SDN,Sudan,1978,
SEN,Senegal,1978,
SGP,Singapore,1978,2.29099988937378
SLB,Solomon Islands,1978,
SLE,Sierra Leone,1978,
SLV,El Salvador,1978,
SMR,San Marino,1978,
SOM,"Somalia, Fed. Rep.",1978,
SRB,Serbia,1978,
SSD,South Sudan,1978,
STP,Sao Tome and Principe,1978,
SUR,Suriname,1978,
SVK,Slovak Republic,1978,
SVN,Slovenia,1978,
SWE,Sweden,1978,
SWZ,Eswatini,1978,5.7965202331543
SXM,Sint Maarten (Dutch part),1978,
SYC,Seychelles,1978,
SYR,Syrian Arab Republic,1978,5.51425981521606
TCA,Turks and Caicos Islands,1978,
TCD,Chad,1978,
TGO,Togo,1978,
THA,Thailand,1978,
TJK,Tajikistan,1978,
TKM,Turkmenistan,1978,
TLS,Timor-Leste,1978,
TON,Tonga,1978,
TTO,Trinidad and Tobago,1978,
TUN,Tunisia,1978,
TUR,Turkiye,1978,4.34774017333984
TUV,Tuvalu,1978,
TZA,Tanzania,1978,
UGA,Uganda,1978,
UKR,Ukraine,1978,
URY,Uruguay,1978,
USA,United States,1978,
UZB,Uzbekistan,1978,
VCT,St. Vincent and the Grenadines,1978,
VEN,"Venezuela, RB",1978,
VGB,British Virgin Islands,1978,
VIR,Virgin Islands (U.S.),1978,
VNM,Viet Nam,1978,
VUT,Vanuatu,1978,
WSM,Samoa,1978,
XKX,Kosovo,1978,
YEM,"Yemen, Rep.",1978,
ZAF,South Africa,1978,
ZMB,Zambia,1978,4.74074983596802
ZWE,Zimbabwe,1978,
ABW,Aruba,1979,
AFE,Africa Eastern and Southern,1979,
AFG,Afghanistan,1979,
AFW,Africa Western and Central,1979,
AGO,Angola,1979,
ALB,Albania,1979,
AND,Andorra,1979,
ARE,United Arab Emirates,1979,
ARG,Argentina,1979,2.4002799987793
ARM,Armenia,1979,
ASM,American Samoa,1979,
ATG,Antigua and Barbuda,1979,
AUS,Australia,1979,5.8890700340271
AUT,Austria,1979,5.05797004699707
AZE,Azerbaijan,1979,
BDI,Burundi,1979,2.80335998535156
BEL,Belgium,1979,5.38035011291504
BEN,Benin,1979,
BFA,Burkina Faso,1979,
BGD,Bangladesh,1979,1.13093996047974
BGR,Bulgaria,1979,
BHR,Bahrain,1979,
BHS,"Bahamas, The",1979,
BIH,Bosnia and Herzegovina,1979,
BLR,Belarus,1979,
BLZ,Belize,1979,
BMU,Bermuda,1979,
BOL,Bolivia,1979,
BRA,Brazil,1979,
BRB,Barbados,1979,
BRN,Brunei Darussalam,1979,0.716929972171783
BTN,Bhutan,1979,3.47623991966248
BWA,Botswana,1979,6.14172983169556
CAF,Central African Republic,1979,
CAN,Canada,1979,6.69220018386841
CHE,Switzerland,1979,4.34770011901855
CHI,Channel Islands,1979,
CHL,Chile,1979,3.41297006607056
CHN,China,1979,2.1445300579071
CIV,Cote d'Ivoire,1979,8.23138999938965
CMR,Cameroon,1979,
COD,"Congo, Dem. Rep.",1979,
COG,"Congo, Rep.",1979,7.03813982009888
COL,Colombia,1979,1.75434005260468
COM,Comoros,1979,
CPV,Cabo Verde,1979,
CRI,Costa Rica,1979,
CUB,Cuba,1979,
CUW,Curacao,1979,
CYM,Cayman Islands,1979,
CYP,Cyprus,1979,3.35313010215759
CZE,Czechia,1979,
DEU,Germany,1979,
DJI,Djibouti,1979,
DMA,Dominica,1979,
DNK,Denmark,1979,5.58436012268066
DOM,Dominican Republic,1979,
DZA,Algeria,1979,7.18201017379761
EAR,Early-demographic dividend,1979,
ECS,Europe & Central Asia,1979,
ECU,Ecuador,1979,
EGY,"Egypt, Arab Rep.",1979,
ERI,Eritrea,1979,
ESP,Spain,1979,2.33973002433777
EST,Estonia,1979,
ETH,Ethiopia,1979,2.00423002243042
FIN,Finland,1979,4.79649019241333
FJI,Fiji,1979,5.19760990142822
FRA,France,1979,4.32151985168457
FRO,Faroe Islands,1979,
FSM,"Micronesia, Fed. Sts.",1979,
GAB,Gabon,1979,
GBR,United Kingdom,1979,
GEO,Georgia,1979,
GHA,Ghana,1979,2.31135010719299
GIB,Gibraltar,1979,
GIN,Guinea,1979,
GMB,"Gambia, The",1979,
GNB,Guinea-Bissau,1979,
GNQ,Equatorial Guinea,1979,
GRC,Greece,1979,
GRD,Grenada,1979,
GRL,Greenland,1979,
GTM,Guatemala,1979,
GUM,Guam,1979,
GUY,Guyana,1979,9.37786960601807
HKG,"Hong Kong SAR, China",1979,
HND,Honduras,1979,2.01298999786377
HRV,Croatia,1979,
HTI,Haiti,1979,
HUN,Hungary,1979,3.6953399181366
IDB,IDA blend,1979,
IDN,Indonesia,1979,
IMN,Isle of Man,1979,
IND,India,1979,
IRL,Ireland,1979,5.28812980651855
IRN,"Iran, Islamic Rep.",1979,
IRQ,Iraq,1979,
ISL,Iceland,1979,
ISR,Israel,1979,6.37706995010376
ITA,Italy,1979,4.1541600227356
JAM,Jamaica,1979,
JOR,Jordan,1979,5.08172988891602
JPN,Japan,1979,4.95000982284546
KAZ,Kazakhstan,1979,
KEN,Kenya,1979,
KGZ,Kyrgyz Republic,1979,
KHM,Cambodia,1979,
KIR,Kiribati,1979,
KNA,St. Kitts and Nevis,1979,
KOR,"Korea, Rep.",1979,2.96842002868652
KWT,Kuwait,1979,3.42856001853943
LAO,Lao PDR,1979,
LBN,Lebanon,1979,
LBR,Liberia,1979,
LBY,Libya,1979,
LCA,St. Lucia,1979,
LCN,Latin America & Caribbean,1979,
LIE,Liechtenstein,1979,
LKA,Sri Lanka,1979,2.56743001937866
LSO,Lesotho,1979,
LTE,Late-demographic dividend,1979,
LTU,Lithuania,1979,
LUX,Luxembourg,1979,4.40278005599976
LVA,Latvia,1979,
MAC,"Macao SAR, China",1979,
MAF,St. Martin (French part),1979,
MAR,Morocco,1979,6.31548023223877
MCO,Monaco,1979,
MDA,Moldova,1979,
MDG,Madagascar,1979,3.97030997276306
MDV,Maldives,1979,
MEX,Mexico,1979,
MHL,Marshall Islands,1979,
MKD,North Macedonia,1979,
MLI,Mali,1979,
MLT,Malta,1979,3.15364003181458
MMR,Myanmar,1979,
MNE,Montenegro,1979,
MNG,Mongolia,1979,
MNP,Northern Mariana Islands,1979,
MOZ,Mozambique,1979,
MRT,Mauritania,1979,
MUS,Mauritius,1979,
MWI,Malawi,1979,
MYS,Malaysia,1979,5.08760976791382
NAM,Namibia,1979,
NCL,New Caledonia,1979,
NER,Niger,1979,
NGA,Nigeria,1979,
NIC,Nicaragua,1979,
NLD,Netherlands,1979,6.08136987686157
NOR,Norway,1979,
NPL,Nepal,1979,
NRU,Nauru,1979,
NZL,New Zealand,1979,4.46765995025635
OMN,Oman,1979,
PAK,Pakistan,1979,2.19807004928589
PAN,Panama,1979,3.64254999160767
PER,Peru,1979,
PHL,Philippines,1979,
PLW,Palau,1979,
PNG,Papua New Guinea,1979,
POL,Poland,1979,
PRI,Puerto Rico (US),1979,
PRK,"Korea, Dem. People's Rep.",1979,
PRT,Portugal,1979,2.69930005073547
PRY,Paraguay,1979,
PSE,West Bank and Gaza,1979,
PYF,French Polynesia,1979,
QAT,Qatar,1979,
ROU,Romania,1979,
RUS,Russia,1979,
RWA,Rwanda,1979,2.44127988815308
SAU,Saudi Arabia,1979,
SDN,Sudan,1979,
SEN,Senegal,1979,
SGP,Singapore,1979,2.24924993515015
SLB,Solomon Islands,1979,
SLE,Sierra Leone,1979,
SLV,El Salvador,1979,
SMR,San Marino,1979,
SOM,"Somalia, Fed. Rep.",1979,
SRB,Serbia,1979,
SSD,South Sudan,1979,
STP,Sao Tome and Principe,1979,
SUR,Suriname,1979,
SVK,Slovak Republic,1979,
SVN,Slovenia,1979,
SWE,Sweden,1979,6.3815598487854
SWZ,Eswatini,1979,6.36428022384644
SXM,Sint Maarten (Dutch part),1979,
SYC,Seychelles,1979,
SYR,Syrian Arab Republic,1979,4.96616983413696
TCA,Turks and Caicos Islands,1979,
TCD,Chad,1979,
TGO,Togo,1979,4.72960996627808
THA,Thailand,1979,2.84528994560242
TJK,Tajikistan,1979,
TKM,Turkmenistan,1979,
TLS,Timor-Leste,1979,
TON,Tonga,1979,
TTO,Trinidad and Tobago,1979,
TUN,Tunisia,1979,
TUR,Turkiye,1979,2.91519999504089
TUV,Tuvalu,1979,
TZA,Tanzania,1979,
UGA,Uganda,1979,
UKR,Ukraine,1979,
URY,Uruguay,1979,1.98713004589081
USA,United States,1979,
UZB,Uzbekistan,1979,
VCT,St. Vincent and the Grenadines,1979,
VEN,"Venezuela, RB",1979,
VGB,British Virgin Islands,1979,
VIR,Virgin Islands (U.S.),1979,
VNM,Viet Nam,1979,
VUT,Vanuatu,1979,
WSM,Samoa,1979,
XKX,Kosovo,1979,
YEM,"Yemen, Rep.",1979,
ZAF,South Africa,1979,
ZMB,Zambia,1979,4.15494012832642
ZWE,Zimbabwe,1979,
ABW,Aruba,1980,
AFE,Africa Eastern and Southern,1980,
AFG,Afghanistan,1980,
AFW,Africa Western and Central,1980,
AGO,Angola,1980,
ALB,Albania,1980,
AND,Andorra,1980,
ARE,United Arab Emirates,1980,
ARG,Argentina,1980,2.60715007781982
ARM,Armenia,1980,
ASM,American Samoa,1980,
ATG,Antigua and Barbuda,1980,
AUS,Australia,1980,5.64617013931274
AUT,Austria,1980,5.02866983413696
AZE,Azerbaijan,1980,
BDI,Burundi,1980,
BEL,Belgium,1980,5.31063985824585
BEN,Benin,1980,
BFA,Burkina Faso,1980,1.9617999792099
BGD,Bangladesh,1980,0.937600016593933
BGR,Bulgaria,1980,3.52947998046875
BHR,Bahrain,1980,
BHS,"Bahamas, The",1980,
BIH,Bosnia and Herzegovina,1980,
BLR,Belarus,1980,
BLZ,Belize,1980,
BMU,Bermuda,1980,
BOL,Bolivia,1980,
BRA,Brazil,1980,
BRB,Barbados,1980,
BRN,Brunei Darussalam,1980,0.54381000995636
BTN,Bhutan,1980,
BWA,Botswana,1980,5.46931982040405
CAF,Central African Republic,1980,
CAN,Canada,1980,6.46289014816284
CHE,Switzerland,1980,4.2340202331543
CHI,Channel Islands,1980,
CHL,Chile,1980,4.14156007766724
CHN,China,1980,1.90851998329163
CIV,Cote d'Ivoire,1980,6.85975980758667
CMR,Cameroon,1980,
COD,"Congo, Dem. Rep.",1980,2.26730990409851
COG,"Congo, Rep.",1980,6.35924005508423
COL,Colombia,1980,1.72912001609802
COM,Comoros,1980,
CPV,Cabo Verde,1980,
CRI,Costa Rica,1980,7.34716987609863
CUB,Cuba,1980,8.36909008026123
CUW,Curacao,1980,
CYM,Cayman Islands,1980,
CYP,Cyprus,1980,3.42600989341736
CZE,Czechia,1980,
DEU,Germany,1980,
DJI,Djibouti,1980,
DMA,Dominica,1980,
DNK,Denmark,1980,5.93732976913452
DOM,Dominican Republic,1980,
DZA,Algeria,1980,6.59742021560669
EAR,Early-demographic dividend,1980,
ECS,Europe & Central Asia,1980,
ECU,Ecuador,1980,
EGY,"Egypt, Arab Rep.",1980,4.2803201675415
ERI,Eritrea,1980,
ESP,Spain,1980,
EST,Estonia,1980,
ETH,Ethiopia,1980,1.81620001792908
FIN,Finland,1980,4.82531976699829
FJI,Fiji,1980,
FRA,France,1980,4.34960985183716
FRO,Faroe Islands,1980,
FSM,"Micronesia, Fed. Sts.",1980,
GAB,Gabon,1980,
GBR,United Kingdom,1980,5.07011985778809
GEO,Georgia,1980,
GHA,Ghana,1980,2.70777010917664
GIB,Gibraltar,1980,
GIN,Guinea,1980,
GMB,"Gambia, The",1980,
GNB,Guinea-Bissau,1980,
GNQ,Equatorial Guinea,1980,
GRC,Greece,1980,
GRD,Grenada,1980,
GRL,Greenland,1980,
GTM,Guatemala,1980,
GUM,Guam,1980,
GUY,Guyana,1980,
HKG,"Hong Kong SAR, China",1980,2.19214010238648
HND,Honduras,1980,1.93636000156403
HRV,Croatia,1980,
HTI,Haiti,1980,
HUN,Hungary,1980,4.28990983963013
IDB,IDA blend,1980,
IDN,Indonesia,1980,
IMN,Isle of Man,1980,
IND,India,1980,
IRL,Ireland,1980,5.32220983505249
IRN,"Iran, Islamic Rep.",1980,
IRQ,Iraq,1980,2.42378997802734
ISL,Iceland,1980,
ISR,Israel,1980,6.80061006546021
ITA,Italy,1980,
JAM,Jamaica,1980,
JOR,Jordan,1980,
JPN,Japan,1980,4.96105003356934
KAZ,Kazakhstan,1980,
KEN,Kenya,1980,5.38787984848022
KGZ,Kyrgyz Republic,1980,
KHM,Cambodia,1980,
KIR,Kiribati,1980,
KNA,St. Kitts and Nevis,1980,
KOR,"Korea, Rep.",1980,3.39898991584778
KWT,Kuwait,1980,2.79101991653442
LAO,Lao PDR,1980,
LBN,Lebanon,1980,
LBR,Liberia,1980,6.25905990600586
LBY,Libya,1980,
LCA,St. Lucia,1980,
LCN,Latin America & Caribbean,1980,
LIE,Liechtenstein,1980,
LKA,Sri Lanka,1980,2.7041699886322
LSO,Lesotho,1980,
LTE,Late-demographic dividend,1980,
LTU,Lithuania,1980,
LUX,Luxembourg,1980,4.55202007293701
LVA,Latvia,1980,
MAC,"Macao SAR, China",1980,
MAF,St. Martin (French part),1980,
MAR,Morocco,1980,5.10485982894897
MCO,Monaco,1980,
MDA,Moldova,1980,
MDG,Madagascar,1980,3.35711002349854
MDV,Maldives,1980,
MEX,Mexico,1980,
MHL,Marshall Islands,1980,
MKD,North Macedonia,1980,
MLI,Mali,1980,3.47065997123718
MLT,Malta,1980,
MMR,Myanmar,1980,
MNE,Montenegro,1980,
MNG,Mongolia,1980,
MNP,Northern Mariana Islands,1980,
MOZ,Mozambique,1980,
MRT,Mauritania,1980,
MUS,Mauritius,1980,
MWI,Malawi,1980,
MYS,Malaysia,1980,5.72619009017944
NAM,Namibia,1980,
NCL,New Caledonia,1980,
NER,Niger,1980,
NGA,Nigeria,1980,
NIC,Nicaragua,1980,
NLD,Netherlands,1980,5.88415002822876
NOR,Norway,1980,5.78014993667603
NPL,Nepal,1980,
NRU,Nauru,1980,
NZL,New Zealand,1980,4.23264980316162
OMN,Oman,1980,
PAK,Pakistan,1980,2.13094997406006
PAN,Panama,1980,3.53567004203796
PER,Peru,1980,
PHL,Philippines,1980,1.51271998882294
PLW,Palau,1980,
PNG,Papua New Guinea,1980,
POL,Poland,1980,
PRI,Puerto Rico (US),1980,
PRK,"Korea, Dem. People's Rep.",1980,
PRT,Portugal,1980,3.06743001937866
PRY,Paraguay,1980,
PSE,West Bank and Gaza,1980,
PYF,French Polynesia,1980,
QAT,Qatar,1980,
ROU,Romania,1980,
RUS,Russia,1980,
RWA,Rwanda,1980,2.66633009910583
SAU,Saudi Arabia,1980,
SDN,Sudan,1980,
SEN,Senegal,1980,
SGP,Singapore,1980,2.55966997146606
SLB,Solomon Islands,1980,
SLE,Sierra Leone,1980,
SLV,El Salvador,1980,
SMR,San Marino,1980,
SOM,"Somalia, Fed. Rep.",1980,
SRB,Serbia,1980,
SSD,South Sudan,1980,
STP,Sao Tome and Principe,1980,
SUR,Suriname,1980,
SVK,Slovak Republic,1980,
SVN,Slovenia,1980,
SWE,Sweden,1980,6.54646015167236
SWZ,Eswatini,1980,5.2972002029419
SXM,Sint Maarten (Dutch part),1980,
SYC,Seychelles,1980,
SYR,Syrian Arab Republic,1980,4.57553005218506
TCA,Turks and Caicos Islands,1980,
TCD,Chad,1980,
TGO,Togo,1980,
THA,Thailand,1980,2.57453989982605
TJK,Tajikistan,1980,
TKM,Turkmenistan,1980,
TLS,Timor-Leste,1980,
TON,Tonga,1980,
TTO,Trinidad and Tobago,1980,3.76807999610901
TUN,Tunisia,1980,5.2351598739624
TUR,Turkiye,1980,
TUV,Tuvalu,1980,
TZA,Tanzania,1980,2.62531995773315
UGA,Uganda,1980,
UKR,Ukraine,1980,
URY,Uruguay,1980,2.15950989723206
USA,United States,1980,
UZB,Uzbekistan,1980,
VCT,St. Vincent and the Grenadines,1980,
VEN,"Venezuela, RB",1980,4.40072011947632
VGB,British Virgin Islands,1980,
VIR,Virgin Islands (U.S.),1980,
VNM,Viet Nam,1980,
VUT,Vanuatu,1980,
WSM,Samoa,1980,
XKX,Kosovo,1980,
YEM,"Yemen, Rep.",1980,
ZAF,South Africa,1980,
ZMB,Zambia,1980,4.12670993804932
ZWE,Zimbabwe,1980,
ABW,Aruba,1981,
AFE,Africa Eastern and Southern,1981,
AFG,Afghanistan,1981,
AFW,Africa Western and Central,1981,
AGO,Angola,1981,
ALB,Albania,1981,
AND,Andorra,1981,
ARE,United Arab Emirates,1981,
ARG,Argentina,1981,
ARM,Armenia,1981,
ASM,American Samoa,1981,
ATG,Antigua and Barbuda,1981,
AUS,Australia,1981,
AUT,Austria,1981,5.38891983032227
AZE,Azerbaijan,1981,
BDI,Burundi,1981,3.34676003456116
BEL,Belgium,1981,5.4353199005127
BEN,Benin,1981,
BFA,Burkina Faso,1981,
BGD,Bangladesh,1981,1.07149994373322
BGR,Bulgaria,1981,
BHR,Bahrain,1981,
BHS,"Bahamas, The",1981,
BIH,Bosnia and Herzegovina,1981,
BLR,Belarus,1981,
BLZ,Belize,1981,
BMU,Bermuda,1981,
BOL,Bolivia,1981,
BRA,Brazil,1981,
BRB,Barbados,1981,
BRN,Brunei Darussalam,1981,0.753610014915466
BTN,Bhutan,1981,
BWA,Botswana,1981,
CAF,Central African Republic,1981,
CAN,Canada,1981,6.40900993347168
CHE,Switzerland,1981,4.1969199180603
CHI,Channel Islands,1981,
CHL,Chile,1981,4.82065010070801
CHN,China,1981,1.94532001018524
CIV,Cote d'Ivoire,1981,
CMR,Cameroon,1981,
COD,"Congo, Dem. Rep.",1981,2.53504991531372
COG,"Congo, Rep.",1981,
COL,Colombia,1981,2.59723997116089
COM,Comoros,1981,
CPV,Cabo Verde,1981,
CRI,Costa Rica,1981,
CUB,Cuba,1981,
CUW,Curacao,1981,
CYM,Cayman Islands,1981,
CYP,Cyprus,1981,3.79132008552551
CZE,Czechia,1981,
DEU,Germany,1981,
DJI,Djibouti,1981,
DMA,Dominica,1981,
DNK,Denmark,1981,
DOM,Dominican Republic,1981,
DZA,Algeria,1981,
EAR,Early-demographic dividend,1981,
ECS,Europe & Central Asia,1981,
ECU,Ecuador,1981,
EGY,"Egypt, Arab Rep.",1981,
ERI,Eritrea,1981,
ESP,Spain,1981,
EST,Estonia,1981,
ETH,Ethiopia,1981,1.85807001590729
FIN,Finland,1981,4.83411979675293
FJI,Fiji,1981,5.82120990753174
FRA,France,1981,4.78016996383667
FRO,Faroe Islands,1981,
FSM,"Micronesia, Fed. Sts.",1981,
GAB,Gabon,1981,
GBR,United Kingdom,1981,5.2884202003479
GEO,Georgia,1981,
GHA,Ghana,1981,1.80812001228332
GIB,Gibraltar,1981,
GIN,Guinea,1981,
GMB,"Gambia, The",1981,
GNB,Guinea-Bissau,1981,
GNQ,Equatorial Guinea,1981,
GRC,Greece,1981,1.71667003631592
GRD,Grenada,1981,
GRL,Greenland,1981,
GTM,Guatemala,1981,
GUM,Guam,1981,
GUY,Guyana,1981,
HKG,"Hong Kong SAR, China",1981,2.27172994613648
HND,Honduras,1981,
HRV,Croatia,1981,
HTI,Haiti,1981,1.39374005794525
HUN,Hungary,1981,4.41857004165649
IDB,IDA blend,1981,
IDN,Indonesia,1981,
IMN,Isle of Man,1981,
IND,India,1981,
IRL,Ireland,1981,5.73201990127563
IRN,"Iran, Islamic Rep.",1981,7.1314001083374
IRQ,Iraq,1981,
ISL,Iceland,1981,
ISR,Israel,1981,6.7482099533081
ITA,Italy,1981,
JAM,Jamaica,1981,
JOR,Jordan,1981,5.16767978668213
JPN,Japan,1981,4.95682001113892
KAZ,Kazakhstan,1981,
KEN,Kenya,1981,5.92372989654541
KGZ,Kyrgyz Republic,1981,
KHM,Cambodia,1981,
KIR,Kiribati,1981,
KNA,St. Kitts and Nevis,1981,
KOR,"Korea, Rep.",1981,2.84580993652344
KWT,Kuwait,1981,2.71914005279541
LAO,Lao PDR,1981,
LBN,Lebanon,1981,
LBR,Liberia,1981,
LBY,Libya,1981,
LCA,St. Lucia,1981,
LCN,Latin America & Caribbean,1981,
LIE,Liechtenstein,1981,
LKA,Sri Lanka,1981,2.44220995903015
LSO,Lesotho,1981,
LTE,Late-demographic dividend,1981,
LTU,Lithuania,1981,
LUX,Luxembourg,1981,4.68798017501831
LVA,Latvia,1981,
MAC,"Macao SAR, China",1981,
MAF,St. Martin (French part),1981,
MAR,Morocco,1981,5.68926000595093
MCO,Monaco,1981,
MDA,Moldova,1981,
MDG,Madagascar,1981,2.87990999221802
MDV,Maldives,1981,
MEX,Mexico,1981,
MHL,Marshall Islands,1981,
MKD,North Macedonia,1981,
MLI,Mali,1981,3.44794011116028
MLT,Malta,1981,2.86532998085022
MMR,Myanmar,1981,
MNE,Montenegro,1981,
MNG,Mongolia,1981,
MNP,Northern Mariana Islands,1981,
MOZ,Mozambique,1981,
MRT,Mauritania,1981,
MUS,Mauritius,1981,4.98683977127075
MWI,Malawi,1981,
MYS,Malaysia,1981,6.69696998596191
NAM,Namibia,1981,
NCL,New Caledonia,1981,
NER,Niger,1981,
NGA,Nigeria,1981,
NIC,Nicaragua,1981,
NLD,Netherlands,1981,5.74091005325317
NOR,Norway,1981,5.54364013671875
NPL,Nepal,1981,
NRU,Nauru,1981,
NZL,New Zealand,1981,4.44054985046387
OMN,Oman,1981,
PAK,Pakistan,1981,1.97245001792908
PAN,Panama,1981,3.43179988861084
PER,Peru,1981,
PHL,Philippines,1981,
PLW,Palau,1981,
PNG,Papua New Guinea,1981,
POL,Poland,1981,
PRI,Puerto Rico (US),1981,
PRK,"Korea, Dem. People's Rep.",1981,
PRT,Portugal,1981,3.18575000762939
PRY,Paraguay,1981,
PSE,West Bank and Gaza,1981,
PYF,French Polynesia,1981,
QAT,Qatar,1981,
ROU,Romania,1981,
RUS,Russia,1981,
RWA,Rwanda,1981,4.39297008514404
SAU,Saudi Arabia,1981,3.89024996757507
SDN,Sudan,1981,
SEN,Senegal,1981,
SGP,Singapore,1981,2.58365988731384
SLB,Solomon Islands,1981,
SLE,Sierra Leone,1981,
SLV,El Salvador,1981,
SMR,San Marino,1981,
SOM,"Somalia, Fed. Rep.",1981,
SRB,Serbia,1981,
SSD,South Sudan,1981,
STP,Sao Tome and Principe,1981,
SUR,Suriname,1981,
SVK,Slovak Republic,1981,
SVN,Slovenia,1981,
SWE,Sweden,1981,6.79096984863281
SWZ,Eswatini,1981,6.58382987976074
SXM,Sint Maarten (Dutch part),1981,
SYC,Seychelles,1981,
SYR,Syrian Arab Republic,1981,5.38392019271851
TCA,Turks and Caicos Islands,1981,
TCD,Chad,1981,
TGO,Togo,1981,4.16519021987915
THA,Thailand,1981,2.88314008712769
TJK,Tajikistan,1981,
TKM,Turkmenistan,1981,
TLS,Timor-Leste,1981,
TON,Tonga,1981,
TTO,Trinidad and Tobago,1981,
TUN,Tunisia,1981,4.88935995101929
TUR,Turkiye,1981,2.20830011367798
TUV,Tuvalu,1981,
TZA,Tanzania,1981,
UGA,Uganda,1981,
UKR,Ukraine,1981,
URY,Uruguay,1981,
USA,United States,1981,
UZB,Uzbekistan,1981,
VCT,St. Vincent and the Grenadines,1981,
VEN,"Venezuela, RB",1981,5.18743991851807
VGB,British Virgin Islands,1981,
VIR,Virgin Islands (U.S.),1981,
VNM,Viet Nam,1981,
VUT,Vanuatu,1981,
WSM,Samoa,1981,
XKX,Kosovo,1981,
YEM,"Yemen, Rep.",1981,
ZAF,South Africa,1981,
ZMB,Zambia,1981,4.00072002410889
ZWE,Zimbabwe,1981,
ABW,Aruba,1982,
AFE,Africa Eastern and Southern,1982,
AFG,Afghanistan,1982,
AFW,Africa Western and Central,1982,
AGO,Angola,1982,
ALB,Albania,1982,
AND,Andorra,1982,
ARE,United Arab Emirates,1982,
ARG,Argentina,1982,1.59786999225616
ARM,Armenia,1982,
ASM,American Samoa,1982,
ATG,Antigua and Barbuda,1982,
AUS,Australia,1982,5.47190999984741
AUT,Austria,1982,5.3840799331665
AZE,Azerbaijan,1982,
BDI,Burundi,1982,
BEL,Belgium,1982,5.3167200088501
BEN,Benin,1982,
BFA,Burkina Faso,1982,
BGD,Bangladesh,1982,1.01163995265961
BGR,Bulgaria,1982,
BHR,Bahrain,1982,
BHS,"Bahamas, The",1982,
BIH,Bosnia and Herzegovina,1982,
BLR,Belarus,1982,
BLZ,Belize,1982,
BMU,Bermuda,1982,
BOL,Bolivia,1982,
BRA,Brazil,1982,
BRB,Barbados,1982,
BRN,Brunei Darussalam,1982,0.810209989547729
BTN,Bhutan,1982,
BWA,Botswana,1982,
CAF,Central African Republic,1982,
CAN,Canada,1982,6.49725008010864
CHE,Switzerland,1982,4.26316022872925
CHI,Channel Islands,1982,
CHL,Chile,1982,
CHN,China,1982,2.03061008453369
CIV,Cote d'Ivoire,1982,
CMR,Cameroon,1982,2.98497009277344
COD,"Congo, Dem. Rep.",1982,2.79981994628906
COG,"Congo, Rep.",1982,
COL,Colombia,1982,
COM,Comoros,1982,
CPV,Cabo Verde,1982,
CRI,Costa Rica,1982,4.88506984710693
CUB,Cuba,1982,
CUW,Curacao,1982,
CYM,Cayman Islands,1982,
CYP,Cyprus,1982,3.73178005218506
CZE,Czechia,1982,
DEU,Germany,1982,
DJI,Djibouti,1982,
DMA,Dominica,1982,
DNK,Denmark,1982,
DOM,Dominican Republic,1982,1.53891003131866
DZA,Algeria,1982,
EAR,Early-demographic dividend,1982,
ECS,Europe & Central Asia,1982,
ECU,Ecuador,1982,
EGY,"Egypt, Arab Rep.",1982,5.60830020904541
ERI,Eritrea,1982,
ESP,Spain,1982,
EST,Estonia,1982,
ETH,Ethiopia,1982,2.06093001365662
FIN,Finland,1982,4.78051996231079
FJI,Fiji,1982,
FRA,France,1982,4.90847015380859
FRO,Faroe Islands,1982,
FSM,"Micronesia, Fed. Sts.",1982,
GAB,Gabon,1982,
GBR,United Kingdom,1982,5.1887001991272
GEO,Georgia,1982,
GHA,Ghana,1982,1.90453994274139
GIB,Gibraltar,1982,
GIN,Guinea,1982,
GMB,"Gambia, The",1982,
GNB,Guinea-Bissau,1982,
GNQ,Equatorial Guinea,1982,
GRC,Greece,1982,1.71063005924225
GRD,Grenada,1982,
GRL,Greenland,1982,
GTM,Guatemala,1982,
GUM,Guam,1982,
GUY,Guyana,1982,
HKG,"Hong Kong SAR, China",1982,1.66982996463776
HND,Honduras,1982,
HRV,Croatia,1982,
HTI,Haiti,1982,1.07954001426697
HUN,Hungary,1982,4.42117977142334
IDB,IDA blend,1982,
IDN,Indonesia,1982,
IMN,Isle of Man,1982,
IND,India,1982,
IRL,Ireland,1982,5.38953018188477
IRN,"Iran, Islamic Rep.",1982,5.80205011367798
IRQ,Iraq,1982,
ISL,Iceland,1982,
ISR,Israel,1982,6.34056997299194
ITA,Italy,1982,
JAM,Jamaica,1982,
JOR,Jordan,1982,5.08854007720947
JPN,Japan,1982,4.93976020812988
KAZ,Kazakhstan,1982,
KEN,Kenya,1982,5.67812013626099
KGZ,Kyrgyz Republic,1982,
KHM,Cambodia,1982,
KIR,Kiribati,1982,
KNA,St. Kitts and Nevis,1982,
KOR,"Korea, Rep.",1982,6.20589017868042
KWT,Kuwait,1982,3.0335099697113
LAO,Lao PDR,1982,
LBN,Lebanon,1982,
LBR,Liberia,1982,
LBY,Libya,1982,
LCA,St. Lucia,1982,5.53879022598267
LCN,Latin America & Caribbean,1982,
LIE,Liechtenstein,1982,
LKA,Sri Lanka,1982,2.55850005149841
LSO,Lesotho,1982,
LTE,Late-demographic dividend,1982,
LTU,Lithuania,1982,
LUX,Luxembourg,1982,5.2756199836731
LVA,Latvia,1982,
MAC,"Macao SAR, China",1982,
MAF,St. Martin (French part),1982,
MAR,Morocco,1982,6.12268018722534
MCO,Monaco,1982,
MDA,Moldova,1982,
MDG,Madagascar,1982,2.32178997993469
MDV,Maldives,1982,
MEX,Mexico,1982,
MHL,Marshall Islands,1982,
MKD,North Macedonia,1982,
MLI,Mali,1982,3.27885007858276
MLT,Malta,1982,2.85407996177673
MMR,Myanmar,1982,
MNE,Montenegro,1982,
MNG,Mongolia,1982,
MNP,Northern Mariana Islands,1982,
MOZ,Mozambique,1982,
MRT,Mauritania,1982,
MUS,Mauritius,1982,4.54262018203735
MWI,Malawi,1982,
MYS,Malaysia,1982,7.03278017044067
NAM,Namibia,1982,
NCL,New Caledonia,1982,
NER,Niger,1982,
NGA,Nigeria,1982,
NIC,Nicaragua,1982,
NLD,Netherlands,1982,5.6866397857666
NOR,Norway,1982,5.6788501739502
NPL,Nepal,1982,
NRU,Nauru,1982,
NZL,New Zealand,1982,4.5327000617981
OMN,Oman,1982,
PAK,Pakistan,1982,2.01366996765137
PAN,Panama,1982,3.41850996017456
PER,Peru,1982,
PHL,Philippines,1982,1.82588994503021
PLW,Palau,1982,
PNG,Papua New Guinea,1982,
POL,Poland,1982,
PRI,Puerto Rico (US),1982,
PRK,"Korea, Dem. People's Rep.",1982,
PRT,Portugal,1982,3.32909989356995
PRY,Paraguay,1982,
PSE,West Bank and Gaza,1982,
PYF,French Polynesia,1982,
QAT,Qatar,1982,
ROU,Romania,1982,
RUS,Russia,1982,
RWA,Rwanda,1982,
SAU,Saudi Arabia,1982,4.14254999160767
SDN,Sudan,1982,
SEN,Senegal,1982,
SGP,Singapore,1982,3.26776003837585
SLB,Solomon Islands,1982,
SLE,Sierra Leone,1982,
SLV,El Salvador,1982,
SMR,San Marino,1982,
SOM,"Somalia, Fed. Rep.",1982,
SRB,Serbia,1982,
SSD,South Sudan,1982,
STP,Sao Tome and Principe,1982,
SUR,Suriname,1982,
SVK,Slovak Republic,1982,
SVN,Slovenia,1982,
SWE,Sweden,1982,
SWZ,Eswatini,1982,6.75364017486572
SXM,Sint Maarten (Dutch part),1982,
SYC,Seychelles,1982,
SYR,Syrian Arab Republic,1982,5.89761018753052
TCA,Turks and Caicos Islands,1982,
TCD,Chad,1982,
TGO,Togo,1982,
THA,Thailand,1982,3.27388000488281
TJK,Tajikistan,1982,
TKM,Turkmenistan,1982,
TLS,Timor-Leste,1982,
TON,Tonga,1982,
TTO,Trinidad and Tobago,1982,5.45739984512329
TUN,Tunisia,1982,5.28604984283447
TUR,Turkiye,1982,1.75490999221802
TUV,Tuvalu,1982,
TZA,Tanzania,1982,
UGA,Uganda,1982,2.51552009582519
UKR,Ukraine,1982,
URY,Uruguay,1982,
USA,United States,1982,
UZB,Uzbekistan,1982,
VCT,St. Vincent and the Grenadines,1982,
VEN,"Venezuela, RB",1982,5.00895023345947
VGB,British Virgin Islands,1982,
VIR,Virgin Islands (U.S.),1982,
VNM,Viet Nam,1982,
VUT,Vanuatu,1982,
WSM,Samoa,1982,
XKX,Kosovo,1982,
YEM,"Yemen, Rep.",1982,
ZAF,South Africa,1982,
ZMB,Zambia,1982,5.15487003326416
ZWE,Zimbabwe,1982,
ABW,Aruba,1983,
AFE,Africa Eastern and Southern,1983,
AFG,Afghanistan,1983,
AFW,Africa Western and Central,1983,
AGO,Angola,1983,
ALB,Albania,1983,
AND,Andorra,1983,
ARE,United Arab Emirates,1983,
ARG,Argentina,1983,1.61749994754791
ARM,Armenia,1983,
ASM,American Samoa,1983,
ATG,Antigua and Barbuda,1983,
AUS,Australia,1983,5.36449003219604
AUT,Austria,1983,5.32463979721069
AZE,Azerbaijan,1983,
BDI,Burundi,1983,
BEL,Belgium,1983,
BEN,Benin,1983,
BFA,Burkina Faso,1983,1.75448000431061
BGD,Bangladesh,1983,1.03267002105713
BGR,Bulgaria,1983,
BHR,Bahrain,1983,
BHS,"Bahamas, The",1983,
BIH,Bosnia and Herzegovina,1983,
BLR,Belarus,1983,
BLZ,Belize,1983,
BMU,Bermuda,1983,
BOL,Bolivia,1983,
BRA,Brazil,1983,
BRB,Barbados,1983,
BRN,Brunei Darussalam,1983,
BTN,Bhutan,1983,
BWA,Botswana,1983,5.55226993560791
CAF,Central African Republic,1983,
CAN,Canada,1983,6.85547018051147
CHE,Switzerland,1983,4.36717987060547
CHI,Channel Islands,1983,
CHL,Chile,1983,
CHN,China,1983,2.07294011116028
CIV,Cote d'Ivoire,1983,
CMR,Cameroon,1983,3.4968900680542
COD,"Congo, Dem. Rep.",1983,1.29945003986359
COG,"Congo, Rep.",1983,
COL,Colombia,1983,
COM,Comoros,1983,
CPV,Cabo Verde,1983,
CRI,Costa Rica,1983,4.95777988433838
CUB,Cuba,1983,
CUW,Curacao,1983,
CYM,Cayman Islands,1983,
CYP,Cyprus,1983,
CZE,Czechia,1983,
DEU,Germany,1983,
DJI,Djibouti,1983,
DMA,Dominica,1983,
DNK,Denmark,1983,
DOM,Dominican Republic,1983,1.46382999420166
DZA,Algeria,1983,
EAR,Early-demographic dividend,1983,
ECS,Europe & Central Asia,1983,
ECU,Ecuador,1983,
EGY,"Egypt, Arab Rep.",1983,5.22148990631104
ERI,Eritrea,1983,
ESP,Spain,1983,
EST,Estonia,1983,
ETH,Ethiopia,1983,2.24603009223938
FIN,Finland,1983,4.8572301864624
FJI,Fiji,1983,6.48669004440308
FRA,France,1983,4.9094500541687
FRO,Faroe Islands,1983,
FSM,"Micronesia, Fed. Sts.",1983,
GAB,Gabon,1983,
GBR,United Kingdom,1983,5.06150007247925
GEO,Georgia,1983,
GHA,Ghana,1983,
GIB,Gibraltar,1983,
GIN,Guinea,1983,
GMB,"Gambia, The",1983,
GNB,Guinea-Bissau,1983,
GNQ,Equatorial Guinea,1983,
GRC,Greece,1983,1.71249997615814
GRD,Grenada,1983,
GRL,Greenland,1983,
GTM,Guatemala,1983,
GUM,Guam,1983,
GUY,Guyana,1983,8.2534704208374
HKG,"Hong Kong SAR, China",1983,2.57859992980957
HND,Honduras,1983,
HRV,Croatia,1983,
HTI,Haiti,1983,1.0222100019455
HUN,Hungary,1983,5.18972015380859
IDB,IDA blend,1983,
IDN,Indonesia,1983,
IMN,Isle of Man,1983,
IND,India,1983,
IRL,Ireland,1983,5.44653987884521
IRN,"Iran, Islamic Rep.",1983,4.18054008483887
IRQ,Iraq,1983,
ISL,Iceland,1983,
ISR,Israel,1983,6.67179012298584
ITA,Italy,1983,4.47774982452393
JAM,Jamaica,1983,
JOR,Jordan,1983,4.92795991897583
JPN,Japan,1983,4.72346019744873
KAZ,Kazakhstan,1983,
KEN,Kenya,1983,5.43830013275146
KGZ,Kyrgyz Republic,1983,
KHM,Cambodia,1983,
KIR,Kiribati,1983,
KNA,St. Kitts and Nevis,1983,
KOR,"Korea, Rep.",1983,4.22579002380371
KWT,Kuwait,1983,5.09027004241943
LAO,Lao PDR,1983,
LBN,Lebanon,1983,
LBR,Liberia,1983,
LBY,Libya,1983,
LCA,St. Lucia,1983,
LCN,Latin America & Caribbean,1983,
LIE,Liechtenstein,1983,
LKA,Sri Lanka,1983,2.39060997962952
LSO,Lesotho,1983,10.0969400405884
LTE,Late-demographic dividend,1983,
LTU,Lithuania,1983,
LUX,Luxembourg,1983,3.31966996192932
LVA,Latvia,1983,
MAC,"Macao SAR, China",1983,
MAF,St. Martin (French part),1983,
MAR,Morocco,1983,6.17467021942139
MCO,Monaco,1983,
MDA,Moldova,1983,
MDG,Madagascar,1983,1.98900997638702
MDV,Maldives,1983,
MEX,Mexico,1983,
MHL,Marshall Islands,1983,
MKD,North Macedonia,1983,
MLI,Mali,1983,
MLT,Malta,1983,3.31469011306763
MMR,Myanmar,1983,
MNE,Montenegro,1983,
MNG,Mongolia,1983,
MNP,Northern Mariana Islands,1983,
MOZ,Mozambique,1983,
MRT,Mauritania,1983,
MUS,Mauritius,1983,4.39455986022949
MWI,Malawi,1983,
MYS,Malaysia,1983,
NAM,Namibia,1983,
NCL,New Caledonia,1983,
NER,Niger,1983,
NGA,Nigeria,1983,
NIC,Nicaragua,1983,
NLD,Netherlands,1983,5.49269008636475
NOR,Norway,1983,5.64629983901978
NPL,Nepal,1983,
NRU,Nauru,1983,
NZL,New Zealand,1983,
OMN,Oman,1983,
PAK,Pakistan,1983,1.99576997756958
PAN,Panama,1983,3.55090999603271
PER,Peru,1983,
PHL,Philippines,1983,1.483029961586
PLW,Palau,1983,
PNG,Papua New Guinea,1983,
POL,Poland,1983,
PRI,Puerto Rico (US),1983,
PRK,"Korea, Dem. People's Rep.",1983,
PRT,Portugal,1983,3.23281002044678
PRY,Paraguay,1983,
PSE,West Bank and Gaza,1983,
PYF,French Polynesia,1983,
QAT,Qatar,1983,
ROU,Romania,1983,
RUS,Russia,1983,
RWA,Rwanda,1983,
SAU,Saudi Arabia,1983,5.97797012329102
SDN,Sudan,1983,
SEN,Senegal,1983,
SGP,Singapore,1983,3.94772005081177
SLB,Solomon Islands,1983,
SLE,Sierra Leone,1983,
SLV,El Salvador,1983,
SMR,San Marino,1983,
SOM,"Somalia, Fed. Rep.",1983,
SRB,Serbia,1983,
SSD,South Sudan,1983,
STP,Sao Tome and Principe,1983,
SUR,Suriname,1983,
SVK,Slovak Republic,1983,
SVN,Slovenia,1983,
SWE,Sweden,1983,
SWZ,Eswatini,1983,
SXM,Sint Maarten (Dutch part),1983,
SYC,Seychelles,1983,
SYR,Syrian Arab Republic,1983,
TCA,Turks and Caicos Islands,1983,
TCD,Chad,1983,
TGO,Togo,1983,
THA,Thailand,1983,3.46387004852295
TJK,Tajikistan,1983,
TKM,Turkmenistan,1983,
TLS,Timor-Leste,1983,
TON,Tonga,1983,
TTO,Trinidad and Tobago,1983,5.76660013198853
TUN,Tunisia,1983,5.4576301574707
TUR,Turkiye,1983,2.64759993553162
TUV,Tuvalu,1983,
TZA,Tanzania,1983,
UGA,Uganda,1983,1.68909001350403
UKR,Ukraine,1983,
URY,Uruguay,1983,
USA,United States,1983,
UZB,Uzbekistan,1983,
VCT,St. Vincent and the Grenadines,1983,
VEN,"Venezuela, RB",1983,6.0598201751709
VGB,British Virgin Islands,1983,
VIR,Virgin Islands (U.S.),1983,
VNM,Viet Nam,1983,
VUT,Vanuatu,1983,
WSM,Samoa,1983,
XKX,Kosovo,1983,
YEM,"Yemen, Rep.",1983,
ZAF,South Africa,1983,
ZMB,Zambia,1983,5.38802003860474
ZWE,Zimbabwe,1983,
ABW,Aruba,1984,
AFE,Africa Eastern and Southern,1984,
AFG,Afghanistan,1984,
AFW,Africa Western and Central,1984,
AGO,Angola,1984,
ALB,Albania,1984,
AND,Andorra,1984,
ARE,United Arab Emirates,1984,
ARG,Argentina,1984,2.56972002983093
ARM,Armenia,1984,
ASM,American Samoa,1984,
ATG,Antigua and Barbuda,1984,
AUS,Australia,1984,
AUT,Austria,1984,5.31528997421265
AZE,Azerbaijan,1984,
BDI,Burundi,1984,
BEL,Belgium,1984,
BEN,Benin,1984,
BFA,Burkina Faso,1984,
BGD,Bangladesh,1984,1.22302997112274
BGR,Bulgaria,1984,
BHR,Bahrain,1984,
BHS,"Bahamas, The",1984,
BIH,Bosnia and Herzegovina,1984,
BLR,Belarus,1984,
BLZ,Belize,1984,
BMU,Bermuda,1984,
BOL,Bolivia,1984,
BRA,Brazil,1984,
BRB,Barbados,1984,
BRN,Brunei Darussalam,1984,
BTN,Bhutan,1984,
BWA,Botswana,1984,5.55166006088257
CAF,Central African Republic,1984,
CAN,Canada,1984,6.61841011047363
CHE,Switzerland,1984,4.22711992263794
CHI,Channel Islands,1984,
CHL,Chile,1984,
CHN,China,1984,1.99481999874115
CIV,Cote d'Ivoire,1984,
CMR,Cameroon,1984,3.24637007713318
COD,"Congo, Dem. Rep.",1984,0.70414000749588
COG,"Congo, Rep.",1984,
COL,Colombia,1984,3.00429010391235
COM,Comoros,1984,
CPV,Cabo Verde,1984,
CRI,Costa Rica,1984,
CUB,Cuba,1984,
CUW,Curacao,1984,
CYM,Cayman Islands,1984,
CYP,Cyprus,1984,3.60191011428833
CZE,Czechia,1984,
DEU,Germany,1984,
DJI,Djibouti,1984,
DMA,Dominica,1984,
DNK,Denmark,1984,
DOM,Dominican Republic,1984,1.33455002307892
DZA,Algeria,1984,
EAR,Early-demographic dividend,1984,
ECS,Europe & Central Asia,1984,
ECU,Ecuador,1984,4.20342016220093
EGY,"Egypt, Arab Rep.",1984,
ERI,Eritrea,1984,
ESP,Spain,1984,
EST,Estonia,1984,
ETH,Ethiopia,1984,2.06062006950378
FIN,Finland,1984,4.70050001144409
FJI,Fiji,1984,
FRA,France,1984,4.91992998123169
FRO,Faroe Islands,1984,
FSM,"Micronesia, Fed. Sts.",1984,
GAB,Gabon,1984,
GBR,United Kingdom,1984,4.89905977249146
GEO,Georgia,1984,
GHA,Ghana,1984,
GIB,Gibraltar,1984,
GIN,Guinea,1984,0.334939986467362
GMB,"Gambia, The",1984,
GNB,Guinea-Bissau,1984,
GNQ,Equatorial Guinea,1984,
GRC,Greece,1984,1.83555996417999
GRD,Grenada,1984,
GRL,Greenland,1984,
GTM,Guatemala,1984,
GUM,Guam,1984,
GUY,Guyana,1984,7.22747993469238
HKG,"Hong Kong SAR, China",1984,2.58169007301331
HND,Honduras,1984,
HRV,Croatia,1984,
HTI,Haiti,1984,0.986190021038055
HUN,Hungary,1984,4.75837993621826
IDB,IDA blend,1984,
IDN,Indonesia,1984,
IMN,Isle of Man,1984,
IND,India,1984,
IRL,Ireland,1984,5.28170013427734
IRN,"Iran, Islamic Rep.",1984,3.80162000656128
IRQ,Iraq,1984,
ISL,Iceland,1984,
ISR,Israel,1984,6.660719871521
ITA,Italy,1984,4.76359987258911
JAM,Jamaica,1984,
JOR,Jordan,1984,5.93695020675659
JPN,Japan,1984,
KAZ,Kazakhstan,1984,
KEN,Kenya,1984,4.58095979690552
KGZ,Kyrgyz Republic,1984,
KHM,Cambodia,1984,
KIR,Kiribati,1984,
KNA,St. Kitts and Nevis,1984,
KOR,"Korea, Rep.",1984,3.9154200553894
KWT,Kuwait,1984,5.14888000488281
LAO,Lao PDR,1984,
LBN,Lebanon,1984,
LBR,Liberia,1984,
LBY,Libya,1984,
LCA,St. Lucia,1984,
LCN,Latin America & Caribbean,1984,
LIE,Liechtenstein,1984,
LKA,Sri Lanka,1984,2.16526007652283
LSO,Lesotho,1984,6.42841005325317
LTE,Late-demographic dividend,1984,
LTU,Lithuania,1984,
LUX,Luxembourg,1984,
LVA,Latvia,1984,
MAC,"Macao SAR, China",1984,
MAF,St. Martin (French part),1984,
MAR,Morocco,1984,5.19013977050781
MCO,Monaco,1984,
MDA,Moldova,1984,
MDG,Madagascar,1984,2.20451998710632
MDV,Maldives,1984,
MEX,Mexico,1984,
MHL,Marshall Islands,1984,
MKD,North Macedonia,1984,
MLI,Mali,1984,
MLT,Malta,1984,3.07872009277344
MMR,Myanmar,1984,
MNE,Montenegro,1984,
MNG,Mongolia,1984,
MNP,Northern Mariana Islands,1984,
MOZ,Mozambique,1984,
MRT,Mauritania,1984,
MUS,Mauritius,1984,4.03251981735229
MWI,Malawi,1984,
MYS,Malaysia,1984,5.66629981994629
NAM,Namibia,1984,
NCL,New Caledonia,1984,
NER,Niger,1984,
NGA,Nigeria,1984,
NIC,Nicaragua,1984,
NLD,Netherlands,1984,5.0826301574707
NOR,Norway,1984,5.42936992645264
NPL,Nepal,1984,
NRU,Nauru,1984,
NZL,New Zealand,1984,4.04568004608154
OMN,Oman,1984,
PAK,Pakistan,1984,2.06984996795654
PAN,Panama,1984,3.46870994567871
PER,Peru,1984,
PHL,Philippines,1984,
PLW,Palau,1984,
PNG,Papua New Guinea,1984,
POL,Poland,1984,
PRI,Puerto Rico (US),1984,
PRK,"Korea, Dem. People's Rep.",1984,
PRT,Portugal,1984,3.14253997802734
PRY,Paraguay,1984,
PSE,West Bank and Gaza,1984,
PYF,French Polynesia,1984,
QAT,Qatar,1984,
ROU,Romania,1984,
RUS,Russia,1984,
RWA,Rwanda,1984,
SAU,Saudi Arabia,1984,6.10957002639771
SDN,Sudan,1984,
SEN,Senegal,1984,
SGP,Singapore,1984,
SLB,Solomon Islands,1984,
SLE,Sierra Leone,1984,
SLV,El Salvador,1984,
SMR,San Marino,1984,
SOM,"Somalia, Fed. Rep.",1984,
SRB,Serbia,1984,
SSD,South Sudan,1984,
STP,Sao Tome and Principe,1984,
SUR,Suriname,1984,
SVK,Slovak Republic,1984,
SVN,Slovenia,1984,
SWE,Sweden,1984,
SWZ,Eswatini,1984,
SXM,Sint Maarten (Dutch part),1984,
SYC,Seychelles,1984,11.3056898117065
SYR,Syrian Arab Republic,1984,6.13389015197754
TCA,Turks and Caicos Islands,1984,
TCD,Chad,1984,
TGO,Togo,1984,3.81927990913391
THA,Thailand,1984,3.43722009658814
TJK,Tajikistan,1984,
TKM,Turkmenistan,1984,
TLS,Timor-Leste,1984,
TON,Tonga,1984,10.3465099334717
TTO,Trinidad and Tobago,1984,5.87390995025635
TUN,Tunisia,1984,5.51744985580444
TUR,Turkiye,1984,2.02923011779785
TUV,Tuvalu,1984,
TZA,Tanzania,1984,
UGA,Uganda,1984,2.42835998535156
UKR,Ukraine,1984,
URY,Uruguay,1984,2.37338995933533
USA,United States,1984,
UZB,Uzbekistan,1984,
VCT,St. Vincent and the Grenadines,1984,
VEN,"Venezuela, RB",1984,4.06372976303101
VGB,British Virgin Islands,1984,
VIR,Virgin Islands (U.S.),1984,
VNM,Viet Nam,1984,
VUT,Vanuatu,1984,
WSM,Samoa,1984,
XKX,Kosovo,1984,
YEM,"Yemen, Rep.",1984,
ZAF,South Africa,1984,
ZMB,Zambia,1984,4.98856019973755
ZWE,Zimbabwe,1984,
ABW,Aruba,1985,
AFE,Africa Eastern and Southern,1985,
AFG,Afghanistan,1985,
AFW,Africa Western and Central,1985,
AGO,Angola,1985,4.09021997451782
ALB,Albania,1985,
AND,Andorra,1985,
ARE,United Arab Emirates,1985,
ARG,Argentina,1985,1.36186003684998
ARM,Armenia,1985,
ASM,American Samoa,1985,
ATG,Antigua and Barbuda,1985,
AUS,Australia,1985,5.39745998382568
AUT,Austria,1985,5.31804990768433
AZE,Azerbaijan,1985,
BDI,Burundi,1985,
BEL,Belgium,1985,
BEN,Benin,1985,
BFA,Burkina Faso,1985,1.76396000385284
BGD,Bangladesh,1985,1.27118003368378
BGR,Bulgaria,1985,
BHR,Bahrain,1985,
BHS,"Bahamas, The",1985,
BIH,Bosnia and Herzegovina,1985,
BLR,Belarus,1985,
BLZ,Belize,1985,
BMU,Bermuda,1985,3.03449010848999
BOL,Bolivia,1985,
BRA,Brazil,1985,
BRB,Barbados,1985,
BRN,Brunei Darussalam,1985,
BTN,Bhutan,1985,
BWA,Botswana,1985,5.65072011947632
CAF,Central African Republic,1985,
CAN,Canada,1985,6.18943023681641
CHE,Switzerland,1985,4.1746301651001
CHI,Channel Islands,1985,
CHL,Chile,1985,
CHN,China,1985,2.00441002845764
CIV,Cote d'Ivoire,1985,
CMR,Cameroon,1985,
COD,"Congo, Dem. Rep.",1985,0.825699985027313
COG,"Congo, Rep.",1985,
COL,Colombia,1985,2.71527004241943
COM,Comoros,1985,
CPV,Cabo Verde,1985,
CRI,Costa Rica,1985,
CUB,Cuba,1985,
CUW,Curacao,1985,
CYM,Cayman Islands,1985,
CYP,Cyprus,1985,3.58696007728577
CZE,Czechia,1985,
DEU,Germany,1985,
DJI,Djibouti,1985,
DMA,Dominica,1985,
DNK,Denmark,1985,
DOM,Dominican Republic,1985,1.21019005775452
DZA,Algeria,1985,
EAR,Early-demographic dividend,1985,
ECS,Europe & Central Asia,1985,
ECU,Ecuador,1985,5.23334980010986
EGY,"Egypt, Arab Rep.",1985,
ERI,Eritrea,1985,
ESP,Spain,1985,
EST,Estonia,1985,
ETH,Ethiopia,1985,2.28065991401672
FIN,Finland,1985,5.0471601486206
FJI,Fiji,1985,
FRA,France,1985,4.90402984619141
FRO,Faroe Islands,1985,
FSM,"Micronesia, Fed. Sts.",1985,
GAB,Gabon,1985,
GBR,United Kingdom,1985,4.5940899848938
GEO,Georgia,1985,
GHA,Ghana,1985,
GIB,Gibraltar,1985,
GIN,Guinea,1985,
GMB,"Gambia, The",1985,4.29514980316162
GNB,Guinea-Bissau,1985,
GNQ,Equatorial Guinea,1985,
GRC,Greece,1985,
GRD,Grenada,1985,
GRL,Greenland,1985,
GTM,Guatemala,1985,
GUM,Guam,1985,
GUY,Guyana,1985,
HKG,"Hong Kong SAR, China",1985,2.55896997451782
HND,Honduras,1985,
HRV,Croatia,1985,
HTI,Haiti,1985,0.969290018081665
HUN,Hungary,1985,4.53284978866577
IDB,IDA blend,1985,
IDN,Indonesia,1985,
IMN,Isle of Man,1985,
IND,India,1985,
IRL,Ireland,1985,5.24837017059326
IRN,"Iran, Islamic Rep.",1985,3.46018004417419
IRQ,Iraq,1985,
ISL,Iceland,1985,
ISR,Israel,1985,7.62977981567383
ITA,Italy,1985,4.67902994155884
JAM,Jamaica,1985,5.39190006256104
JOR,Jordan,1985,
JPN,Japan,1985,
KAZ,Kazakhstan,1985,
KEN,Kenya,1985,5.19976997375488
KGZ,Kyrgyz Republic,1985,
KHM,Cambodia,1985,
KIR,Kiribati,1985,
KNA,St. Kitts and Nevis,1985,3.96502995491028
KOR,"Korea, Rep.",1985,3.89162993431091
KWT,Kuwait,1985,5.00761985778809
LAO,Lao PDR,1985,
LBN,Lebanon,1985,
LBR,Liberia,1985,
LBY,Libya,1985,
LCA,St. Lucia,1985,
LCN,Latin America & Caribbean,1985,
LIE,Liechtenstein,1985,
LKA,Sri Lanka,1985,2.5761399269104
LSO,Lesotho,1985,7.08858013153076
LTE,Late-demographic dividend,1985,
LTU,Lithuania,1985,
LUX,Luxembourg,1985,
LVA,Latvia,1985,
MAC,"Macao SAR, China",1985,
MAF,St. Martin (French part),1985,
MAR,Morocco,1985,5.10218000411987
MCO,Monaco,1985,
MDA,Moldova,1985,
MDG,Madagascar,1985,2.07146000862122
MDV,Maldives,1985,
MEX,Mexico,1985,
MHL,Marshall Islands,1985,
MKD,North Macedonia,1985,
MLI,Mali,1985,
MLT,Malta,1985,3.24833989143372
MMR,Myanmar,1985,
MNE,Montenegro,1985,
MNG,Mongolia,1985,
MNP,Northern Mariana Islands,1985,
MOZ,Mozambique,1985,
MRT,Mauritania,1985,
MUS,Mauritius,1985,3.91043996810913
MWI,Malawi,1985,
MYS,Malaysia,1985,6.1111102104187
NAM,Namibia,1985,
NCL,New Caledonia,1985,
NER,Niger,1985,
NGA,Nigeria,1985,
NIC,Nicaragua,1985,
NLD,Netherlands,1985,5.46484994888306
NOR,Norway,1985,5.25567007064819
NPL,Nepal,1985,
NRU,Nauru,1985,
NZL,New Zealand,1985,3.54629993438721
OMN,Oman,1985,
PAK,Pakistan,1985,2.43543004989624
PAN,Panama,1985,3.52146005630493
PER,Peru,1985,
PHL,Philippines,1985,
PLW,Palau,1985,
PNG,Papua New Guinea,1985,
POL,Poland,1985,
PRI,Puerto Rico (US),1985,
PRK,"Korea, Dem. People's Rep.",1985,
PRT,Portugal,1985,3.26249003410339
PRY,Paraguay,1985,1.39584004878998
PSE,West Bank and Gaza,1985,
PYF,French Polynesia,1985,
QAT,Qatar,1985,
ROU,Romania,1985,
RUS,Russia,1985,
RWA,Rwanda,1985,
SAU,Saudi Arabia,1985,
SDN,Sudan,1985,
SEN,Senegal,1985,
SGP,Singapore,1985,
SLB,Solomon Islands,1985,
SLE,Sierra Leone,1985,
SLV,El Salvador,1985,
SMR,San Marino,1985,
SOM,"Somalia, Fed. Rep.",1985,
SRB,Serbia,1985,
SSD,South Sudan,1985,
STP,Sao Tome and Principe,1985,
SUR,Suriname,1985,
SVK,Slovak Republic,1985,
SVN,Slovenia,1985,
SWE,Sweden,1985,
SWZ,Eswatini,1985,
SXM,Sint Maarten (Dutch part),1985,
SYC,Seychelles,1985,9.61779022216797
SYR,Syrian Arab Republic,1985,6.07004976272583
TCA,Turks and Caicos Islands,1985,
TCD,Chad,1985,
TGO,Togo,1985,
THA,Thailand,1985,
TJK,Tajikistan,1985,
TKM,Turkmenistan,1985,
TLS,Timor-Leste,1985,
TON,Tonga,1985,
TTO,Trinidad and Tobago,1985,5.76774978637695
TUN,Tunisia,1985,5.53972005844116
TUR,Turkiye,1985,1.73810994625092
TUV,Tuvalu,1985,
TZA,Tanzania,1985,
UGA,Uganda,1985,3.431960105896
UKR,Ukraine,1985,
URY,Uruguay,1985,2.56679010391235
USA,United States,1985,
UZB,Uzbekistan,1985,
VCT,St. Vincent and the Grenadines,1985,
VEN,"Venezuela, RB",1985,
VGB,British Virgin Islands,1985,
VIR,Virgin Islands (U.S.),1985,
VNM,Viet Nam,1985,
VUT,Vanuatu,1985,
WSM,Samoa,1985,
XKX,Kosovo,1985,
YEM,"Yemen, Rep.",1985,
ZAF,South Africa,1985,
ZMB,Zambia,1985,4.14584016799927
ZWE,Zimbabwe,1985,
ABW,Aruba,1986,
AFE,Africa Eastern and Southern,1986,
AFG,Afghanistan,1986,
AFW,Africa Western and Central,1986,
AGO,Angola,1986,5.72269010543823
ALB,Albania,1986,
AND,Andorra,1986,
ARE,United Arab Emirates,1986,
ARG,Argentina,1986,1.261549949646
ARM,Armenia,1986,
ASM,American Samoa,1986,
ATG,Antigua and Barbuda,1986,
AUS,Australia,1986,5.2687201499939
AUT,Austria,1986,5.52159023284912
AZE,Azerbaijan,1986,
BDI,Burundi,1986,
BEL,Belgium,1986,4.8522801399231
BEN,Benin,1986,
BFA,Burkina Faso,1986,
BGD,Bangladesh,1986,1.34349000453949
BGR,Bulgaria,1986,
BHR,Bahrain,1986,
BHS,"Bahamas, The",1986,
BIH,Bosnia and Herzegovina,1986,
BLR,Belarus,1986,
BLZ,Belize,1986,
BMU,Bermuda,1986,
BOL,Bolivia,1986,
BRA,Brazil,1986,
BRB,Barbados,1986,
BRN,Brunei Darussalam,1986,
BTN,Bhutan,1986,
BWA,Botswana,1986,5.18592977523804
CAF,Central African Republic,1986,2.20775008201599
CAN,Canada,1986,6.02058982849121
CHE,Switzerland,1986,4.21008014678955
CHI,Channel Islands,1986,
CHL,Chile,1986,
CHN,China,1986,2.05778002738953
CIV,Cote d'Ivoire,1986,
CMR,Cameroon,1986,2.84834003448486
COD,"Congo, Dem. Rep.",1986,0.722500026226044
COG,"Congo, Rep.",1986,
COL,Colombia,1986,
COM,Comoros,1986,
CPV,Cabo Verde,1986,
CRI,Costa Rica,1986,4.42026996612549
CUB,Cuba,1986,
CUW,Curacao,1986,
CYM,Cayman Islands,1986,
CYP,Cyprus,1986,3.48897004127502
CZE,Czechia,1986,
DEU,Germany,1986,
DJI,Djibouti,1986,
DMA,Dominica,1986,
DNK,Denmark,1986,5.86020994186401
DOM,Dominican Republic,1986,
DZA,Algeria,1986,
EAR,Early-demographic dividend,1986,
ECS,Europe & Central Asia,1986,
ECU,Ecuador,1986,6.87237977981567
EGY,"Egypt, Arab Rep.",1986,
ERI,Eritrea,1986,
ESP,Spain,1986,
EST,Estonia,1986,
ETH,Ethiopia,1986,2.08590006828308
FIN,Finland,1986,5.10178995132446
FJI,Fiji,1986,
FRA,France,1986,4.74810981750488
FRO,Faroe Islands,1986,
FSM,"Micronesia, Fed. Sts.",1986,
GAB,Gabon,1986,
GBR,United Kingdom,1986,4.38083982467651
GEO,Georgia,1986,
GHA,Ghana,1986,3.35448002815247
GIB,Gibraltar,1986,
GIN,Guinea,1986,
GMB,"Gambia, The",1986,3.48473000526428
GNB,Guinea-Bissau,1986,
GNQ,Equatorial Guinea,1986,
GRC,Greece,1986,1.85922002792358
GRD,Grenada,1986,
GRL,Greenland,1986,
GTM,Guatemala,1986,
GUM,Guam,1986,
GUY,Guyana,1986,
HKG,"Hong Kong SAR, China",1986,
HND,Honduras,1986,
HRV,Croatia,1986,
HTI,Haiti,1986,
HUN,Hungary,1986,4.73552989959717
IDB,IDA blend,1986,
IDN,Indonesia,1986,
IMN,Isle of Man,1986,
IND,India,1986,
IRL,Ireland,1986,5.30120992660522
IRN,"Iran, Islamic Rep.",1986,3.56990003585815
IRQ,Iraq,1986,
ISL,Iceland,1986,
ISR,Israel,1986,5.83092021942139
ITA,Italy,1986,4.64418983459473
JAM,Jamaica,1986,4.60398006439209
JOR,Jordan,1986,3.2843599319458
JPN,Japan,1986,
KAZ,Kazakhstan,1986,
KEN,Kenya,1986,6.01377010345459
KGZ,Kyrgyz Republic,1986,
KHM,Cambodia,1986,
KIR,Kiribati,1986,
KNA,St. Kitts and Nevis,1986,
KOR,"Korea, Rep.",1986,3.54106998443604
KWT,Kuwait,1986,5.40083980560303
LAO,Lao PDR,1986,
LBN,Lebanon,1986,
LBR,Liberia,1986,
LBY,Libya,1986,
LCA,St. Lucia,1986,4.15467977523804
LCN,Latin America & Caribbean,1986,
LIE,Liechtenstein,1986,
LKA,Sri Lanka,1986,2.805419921875
LSO,Lesotho,1986,
LTE,Late-demographic dividend,1986,
LTU,Lithuania,1986,
LUX,Luxembourg,1986,3.78981995582581
LVA,Latvia,1986,
MAC,"Macao SAR, China",1986,
MAF,St. Martin (French part),1986,
MAR,Morocco,1986,5.25930023193359
MCO,Monaco,1986,
MDA,Moldova,1986,
MDG,Madagascar,1986,
MDV,Maldives,1986,
MEX,Mexico,1986,
MHL,Marshall Islands,1986,
MKD,North Macedonia,1986,
MLI,Mali,1986,2.43536996841431
MLT,Malta,1986,3.10572004318237
MMR,Myanmar,1986,
MNE,Montenegro,1986,
MNG,Mongolia,1986,
MNP,Northern Mariana Islands,1986,
MOZ,Mozambique,1986,
MRT,Mauritania,1986,
MUS,Mauritius,1986,3.43728995323181
MWI,Malawi,1986,2.19795989990234
MYS,Malaysia,1986,7.24336004257202
NAM,Namibia,1986,
NCL,New Caledonia,1986,
NER,Niger,1986,
NGA,Nigeria,1986,
NIC,Nicaragua,1986,
NLD,Netherlands,1986,5.55338001251221
NOR,Norway,1986,5.53984022140503
NPL,Nepal,1986,
NRU,Nauru,1986,
NZL,New Zealand,1986,3.43031001091003
OMN,Oman,1986,3.79282999038696
PAK,Pakistan,1986,2.67812991142273
PAN,Panama,1986,3.34574007987976
PER,Peru,1986,
PHL,Philippines,1986,1.51701998710632
PLW,Palau,1986,
PNG,Papua New Guinea,1986,
POL,Poland,1986,
PRI,Puerto Rico (US),1986,
PRK,"Korea, Dem. People's Rep.",1986,
PRT,Portugal,1986,3.04924988746643
PRY,Paraguay,1986,
PSE,West Bank and Gaza,1986,
PYF,French Polynesia,1986,
QAT,Qatar,1986,
ROU,Romania,1986,
RUS,Russia,1986,
RWA,Rwanda,1986,
SAU,Saudi Arabia,1986,6.25535011291504
SDN,Sudan,1986,
SEN,Senegal,1986,
SGP,Singapore,1986,
SLB,Solomon Islands,1986,
SLE,Sierra Leone,1986,
SLV,El Salvador,1986,
SMR,San Marino,1986,
SOM,"Somalia, Fed. Rep.",1986,
SRB,Serbia,1986,
SSD,South Sudan,1986,
STP,Sao Tome and Principe,1986,
SUR,Suriname,1986,
SVK,Slovak Republic,1986,
SVN,Slovenia,1986,
SWE,Sweden,1986,
SWZ,Eswatini,1986,
SXM,Sint Maarten (Dutch part),1986,
SYC,Seychelles,1986,9.12957000732422
SYR,Syrian Arab Republic,1986,5.62294006347656
TCA,Turks and Caicos Islands,1986,
TCD,Chad,1986,
TGO,Togo,1986,
THA,Thailand,1986,3.40796995162964
TJK,Tajikistan,1986,
TKM,Turkmenistan,1986,
TLS,Timor-Leste,1986,
TON,Tonga,1986,
TTO,Trinidad and Tobago,1986,
TUN,Tunisia,1986,5.87948989868164
TUR,Turkiye,1986,1.50957000255585
TUV,Tuvalu,1986,
TZA,Tanzania,1986,
UGA,Uganda,1986,
UKR,Ukraine,1986,
URY,Uruguay,1986,3.1028299331665
USA,United States,1986,
UZB,Uzbekistan,1986,
VCT,St. Vincent and the Grenadines,1986,4.42911005020142
VEN,"Venezuela, RB",1986,
VGB,British Virgin Islands,1986,
VIR,Virgin Islands (U.S.),1986,
VNM,Viet Nam,1986,
VUT,Vanuatu,1986,
WSM,Samoa,1986,
XKX,Kosovo,1986,
YEM,"Yemen, Rep.",1986,
ZAF,South Africa,1986,
ZMB,Zambia,1986,3.33898997306824
ZWE,Zimbabwe,1986,
ABW,Aruba,1987,
AFE,Africa Eastern and Southern,1987,
AFG,Afghanistan,1987,
AFW,Africa Western and Central,1987,
AGO,Angola,1987,5.05850982666016
ALB,Albania,1987,
AND,Andorra,1987,
ARE,United Arab Emirates,1987,
ARG,Argentina,1987,1.28229999542236
ARM,Armenia,1987,
ASM,American Samoa,1987,
ATG,Antigua and Barbuda,1987,
AUS,Australia,1987,5.05759000778198
AUT,Austria,1987,5.3972601890564
AZE,Azerbaijan,1987,
BDI,Burundi,1987,
BEL,Belgium,1987,4.57711982727051
BEN,Benin,1987,
BFA,Burkina Faso,1987,
BGD,Bangladesh,1987,1.51364004611969
BGR,Bulgaria,1987,
BHR,Bahrain,1987,
BHS,"Bahamas, The",1987,
BIH,Bosnia and Herzegovina,1987,
BLR,Belarus,1987,
BLZ,Belize,1987,
BMU,Bermuda,1987,
BOL,Bolivia,1987,
BRA,Brazil,1987,
BRB,Barbados,1987,
BRN,Brunei Darussalam,1987,2.65351009368896
BTN,Bhutan,1987,
BWA,Botswana,1987,6.11773014068604
CAF,Central African Republic,1987,2.54804992675781
CAN,Canada,1987,6.29827976226807
CHE,Switzerland,1987,4.16635990142822
CHI,Channel Islands,1987,
CHL,Chile,1987,2.7789900302887
CHN,China,1987,1.80106997489929
CIV,Cote d'Ivoire,1987,
CMR,Cameroon,1987,2.93091011047363
COD,"Congo, Dem. Rep.",1987,0.861199975013733
COG,"Congo, Rep.",1987,
COL,Colombia,1987,
COM,Comoros,1987,
CPV,Cabo Verde,1987,
CRI,Costa Rica,1987,
CUB,Cuba,1987,
CUW,Curacao,1987,
CYM,Cayman Islands,1987,
CYP,Cyprus,1987,3.4487099647522
CZE,Czechia,1987,
DEU,Germany,1987,
DJI,Djibouti,1987,
DMA,Dominica,1987,
DNK,Denmark,1987,6.09092998504639
DOM,Dominican Republic,1987,
DZA,Algeria,1987,
EAR,Early-demographic dividend,1987,
ECS,Europe & Central Asia,1987,
ECU,Ecuador,1987,
EGY,"Egypt, Arab Rep.",1987,
ERI,Eritrea,1987,
ESP,Spain,1987,3.13040995597839
EST,Estonia,1987,
ETH,Ethiopia,1987,
FIN,Finland,1987,5.20250988006592
FJI,Fiji,1987,
FRA,France,1987,4.66263008117676
FRO,Faroe Islands,1987,
FSM,"Micronesia, Fed. Sts.",1987,
GAB,Gabon,1987,
GBR,United Kingdom,1987,4.37180995941162
GEO,Georgia,1987,
GHA,Ghana,1987,3.3066999912262
GIB,Gibraltar,1987,
GIN,Guinea,1987,
GMB,"Gambia, The",1987,
GNB,Guinea-Bissau,1987,
GNQ,Equatorial Guinea,1987,
GRC,Greece,1987,1.8600800037384
GRD,Grenada,1987,
GRL,Greenland,1987,
GTM,Guatemala,1987,
GUM,Guam,1987,
GUY,Guyana,1987,
HKG,"Hong Kong SAR, China",1987,
HND,Honduras,1987,
HRV,Croatia,1987,
HTI,Haiti,1987,
HUN,Hungary,1987,4.63079977035522
IDB,IDA blend,1987,
IDN,Indonesia,1987,
IMN,Isle of Man,1987,
IND,India,1987,
IRL,Ireland,1987,5.5288200378418
IRN,"Iran, Islamic Rep.",1987,4.14092016220093
IRQ,Iraq,1987,
ISL,Iceland,1987,
ISR,Israel,1987,5.25565004348755
ITA,Italy,1987,
JAM,Jamaica,1987,
JOR,Jordan,1987,3.29666996002197
JPN,Japan,1987,5.48793983459473
KAZ,Kazakhstan,1987,
KEN,Kenya,1987,
KGZ,Kyrgyz Republic,1987,
KHM,Cambodia,1987,
KIR,Kiribati,1987,
KNA,St. Kitts and Nevis,1987,2.64112997055054
KOR,"Korea, Rep.",1987,3.27911996841431
KWT,Kuwait,1987,
LAO,Lao PDR,1987,
LBN,Lebanon,1987,
LBR,Liberia,1987,
LBY,Libya,1987,
LCA,St. Lucia,1987,
LCN,Latin America & Caribbean,1987,
LIE,Liechtenstein,1987,
LKA,Sri Lanka,1987,2.64433002471924
LSO,Lesotho,1987,
LTE,Late-demographic dividend,1987,
LTU,Lithuania,1987,
LUX,Luxembourg,1987,4.08302021026611
LVA,Latvia,1987,
MAC,"Macao SAR, China",1987,
MAF,St. Martin (French part),1987,
MAR,Morocco,1987,5.16213989257812
MCO,Monaco,1987,
MDA,Moldova,1987,
MDG,Madagascar,1987,
MDV,Maldives,1987,
MEX,Mexico,1987,
MHL,Marshall Islands,1987,
MKD,North Macedonia,1987,
MLI,Mali,1987,
MLT,Malta,1987,3.16531991958618
MMR,Myanmar,1987,
MNE,Montenegro,1987,
MNG,Mongolia,1987,
MNP,Northern Mariana Islands,1987,
MOZ,Mozambique,1987,
MRT,Mauritania,1987,
MUS,Mauritius,1987,3.01674008369446
MWI,Malawi,1987,2.42225003242493
MYS,Malaysia,1987,6.32600021362305
NAM,Namibia,1987,
NCL,New Caledonia,1987,
NER,Niger,1987,
NGA,Nigeria,1987,
NIC,Nicaragua,1987,5.35174989700317
NLD,Netherlands,1987,5.88925981521606
NOR,Norway,1987,5.7880802154541
NPL,Nepal,1987,
NRU,Nauru,1987,
NZL,New Zealand,1987,3.91739010810852
OMN,Oman,1987,3.65626001358032
PAK,Pakistan,1987,2.97745990753174
PAN,Panama,1987,3.87012004852295
PER,Peru,1987,
PHL,Philippines,1987,
PLW,Palau,1987,
PNG,Papua New Guinea,1987,
POL,Poland,1987,
PRI,Puerto Rico (US),1987,
PRK,"Korea, Dem. People's Rep.",1987,
PRT,Portugal,1987,3.15797996520996
PRY,Paraguay,1987,
PSE,West Bank and Gaza,1987,
PYF,French Polynesia,1987,
QAT,Qatar,1987,
ROU,Romania,1987,
RUS,Russia,1987,
RWA,Rwanda,1987,3.50577998161316
SAU,Saudi Arabia,1987,
SDN,Sudan,1987,
SEN,Senegal,1987,
SGP,Singapore,1987,
SLB,Solomon Islands,1987,
SLE,Sierra Leone,1987,
SLV,El Salvador,1987,
SMR,San Marino,1987,
SOM,"Somalia, Fed. Rep.",1987,
SRB,Serbia,1987,
SSD,South Sudan,1987,
STP,Sao Tome and Principe,1987,
SUR,Suriname,1987,
SVK,Slovak Republic,1987,
SVN,Slovenia,1987,
SWE,Sweden,1987,
SWZ,Eswatini,1987,5.80219984054565
SXM,Sint Maarten (Dutch part),1987,
SYC,Seychelles,1987,
SYR,Syrian Arab Republic,1987,4.56184005737305
TCA,Turks and Caicos Islands,1987,
TCD,Chad,1987,
TGO,Togo,1987,3.34063005447388
THA,Thailand,1987,3.1158299446106
TJK,Tajikistan,1987,
TKM,Turkmenistan,1987,
TLS,Timor-Leste,1987,
TON,Tonga,1987,
TTO,Trinidad and Tobago,1987,
TUN,Tunisia,1987,
TUR,Turkiye,1987,
TUV,Tuvalu,1987,
TZA,Tanzania,1987,
UGA,Uganda,1987,
UKR,Ukraine,1987,
URY,Uruguay,1987,
USA,United States,1987,
UZB,Uzbekistan,1987,
VCT,St. Vincent and the Grenadines,1987,
VEN,"Venezuela, RB",1987,3.92751002311706
VGB,British Virgin Islands,1987,
VIR,Virgin Islands (U.S.),1987,
VNM,Viet Nam,1987,
VUT,Vanuatu,1987,
WSM,Samoa,1987,
XKX,Kosovo,1987,
YEM,"Yemen, Rep.",1987,
ZAF,South Africa,1987,4.75367021560669
ZMB,Zambia,1987,2.66226005554199
ZWE,Zimbabwe,1987,
ABW,Aruba,1988,
AFE,Africa Eastern and Southern,1988,
AFG,Afghanistan,1988,
AFW,Africa Western and Central,1988,
AGO,Angola,1988,
ALB,Albania,1988,
AND,Andorra,1988,
ARE,United Arab Emirates,1988,
ARG,Argentina,1988,
ARM,Armenia,1988,
ASM,American Samoa,1988,
ATG,Antigua and Barbuda,1988,
AUS,Australia,1988,4.90701007843018
AUT,Austria,1988,5.21114015579224
AZE,Azerbaijan,1988,
BDI,Burundi,1988,
BEL,Belgium,1988,4.30071020126343
BEN,Benin,1988,
BFA,Burkina Faso,1988,1.42607998847961
BGD,Bangladesh,1988,
BGR,Bulgaria,1988,
BHR,Bahrain,1988,
BHS,"Bahamas, The",1988,
BIH,Bosnia and Herzegovina,1988,
BLR,Belarus,1988,
BLZ,Belize,1988,
BMU,Bermuda,1988,
BOL,Bolivia,1988,
BRA,Brazil,1988,
BRB,Barbados,1988,
BRN,Brunei Darussalam,1988,3.20917010307312
BTN,Bhutan,1988,
BWA,Botswana,1988,6.15111017227173
CAF,Central African Republic,1988,
CAN,Canada,1988,6.15022993087769
CHE,Switzerland,1988,4.23080015182495
CHI,Channel Islands,1988,
CHL,Chile,1988,
CHN,China,1988,1.7611700296402
CIV,Cote d'Ivoire,1988,
CMR,Cameroon,1988,2.71473002433777
COD,"Congo, Dem. Rep.",1988,0.814840018749237
COG,"Congo, Rep.",1988,
COL,Colombia,1988,
COM,Comoros,1988,
CPV,Cabo Verde,1988,
CRI,Costa Rica,1988,4.01322984695435
CUB,Cuba,1988,
CUW,Curacao,1988,
CYM,Cayman Islands,1988,
CYP,Cyprus,1988,3.37546992301941
CZE,Czechia,1988,
DEU,Germany,1988,
DJI,Djibouti,1988,
DMA,Dominica,1988,
DNK,Denmark,1988,6.33601999282837
DOM,Dominican Republic,1988,
DZA,Algeria,1988,
EAR,Early-demographic dividend,1988,
ECS,Europe & Central Asia,1988,
ECU,Ecuador,1988,
EGY,"Egypt, Arab Rep.",1988,4.52521991729736
ERI,Eritrea,1988,
ESP,Spain,1988,3.33067989349365
EST,Estonia,1988,
ETH,Ethiopia,1988,
FIN,Finland,1988,5.06788015365601
FJI,Fiji,1988,
FRA,France,1988,4.58078002929688
FRO,Faroe Islands,1988,
FSM,"Micronesia, Fed. Sts.",1988,
GAB,Gabon,1988,
GBR,United Kingdom,1988,4.26831007003784
GEO,Georgia,1988,
GHA,Ghana,1988,3.18741989135742
GIB,Gibraltar,1988,
GIN,Guinea,1988,
GMB,"Gambia, The",1988,
GNB,Guinea-Bissau,1988,
GNQ,Equatorial Guinea,1988,
GRC,Greece,1988,1.89530003070831
GRD,Grenada,1988,
GRL,Greenland,1988,
GTM,Guatemala,1988,
GUM,Guam,1988,
GUY,Guyana,1988,
HKG,"Hong Kong SAR, China",1988,
HND,Honduras,1988,
HRV,Croatia,1988,
HTI,Haiti,1988,
HUN,Hungary,1988,4.48266983032227
IDB,IDA blend,1988,
IDN,Indonesia,1988,
IMN,Isle of Man,1988,
IND,India,1988,
IRL,Ireland,1988,5.0161600112915
IRN,"Iran, Islamic Rep.",1988,3.68129992485046
IRQ,Iraq,1988,
ISL,Iceland,1988,
ISR,Israel,1988,4.29061985015869
ITA,Italy,1988,4.58221006393433
JAM,Jamaica,1988,3.94086003303528
JOR,Jordan,1988,4.0475001335144
JPN,Japan,1988,5.4528398513794
KAZ,Kazakhstan,1988,
KEN,Kenya,1988,6.60054016113281
KGZ,Kyrgyz Republic,1988,
KHM,Cambodia,1988,
KIR,Kiribati,1988,
KNA,St. Kitts and Nevis,1988,
KOR,"Korea, Rep.",1988,2.66866993904114
KWT,Kuwait,1988,
LAO,Lao PDR,1988,
LBN,Lebanon,1988,
LBR,Liberia,1988,
LBY,Libya,1988,
LCA,St. Lucia,1988,
LCN,Latin America & Caribbean,1988,
LIE,Liechtenstein,1988,
LKA,Sri Lanka,1988,2.82635998725891
LSO,Lesotho,1988,7.21663999557495
LTE,Late-demographic dividend,1988,
LTU,Lithuania,1988,
LUX,Luxembourg,1988,4.014319896698
LVA,Latvia,1988,
MAC,"Macao SAR, China",1988,
MAF,St. Martin (French part),1988,
MAR,Morocco,1988,4.57782983779907
MCO,Monaco,1988,0.88102000951767
MDA,Moldova,1988,
MDG,Madagascar,1988,
MDV,Maldives,1988,
MEX,Mexico,1988,
MHL,Marshall Islands,1988,
MKD,North Macedonia,1988,
MLI,Mali,1988,
MLT,Malta,1988,3.33823990821838
MMR,Myanmar,1988,
MNE,Montenegro,1988,
MNG,Mongolia,1988,
MNP,Northern Mariana Islands,1988,
MOZ,Mozambique,1988,
MRT,Mauritania,1988,
MUS,Mauritius,1988,3.08984994888306
MWI,Malawi,1988,2.17925000190735
MYS,Malaysia,1988,
NAM,Namibia,1988,
NCL,New Caledonia,1988,
NER,Niger,1988,
NGA,Nigeria,1988,
NIC,Nicaragua,1988,
NLD,Netherlands,1988,5.4634199142456
NOR,Norway,1988,5.86597013473511
NPL,Nepal,1988,
NRU,Nauru,1988,
NZL,New Zealand,1988,4.4258599281311
OMN,Oman,1988,3.38988995552063
PAK,Pakistan,1988,
PAN,Panama,1988,
PER,Peru,1988,
PHL,Philippines,1988,
PLW,Palau,1988,
PNG,Papua New Guinea,1988,
POL,Poland,1988,
PRI,Puerto Rico (US),1988,
PRK,"Korea, Dem. People's Rep.",1988,
PRT,Portugal,1988,3.38753008842468
PRY,Paraguay,1988,
PSE,West Bank and Gaza,1988,
PYF,French Polynesia,1988,
QAT,Qatar,1988,
ROU,Romania,1988,
RUS,Russia,1988,
RWA,Rwanda,1988,3.33534002304077
SAU,Saudi Arabia,1988,
SDN,Sudan,1988,
SEN,Senegal,1988,
SGP,Singapore,1988,3.65207004547119
SLB,Solomon Islands,1988,
SLE,Sierra Leone,1988,
SLV,El Salvador,1988,
SMR,San Marino,1988,
SOM,"Somalia, Fed. Rep.",1988,
SRB,Serbia,1988,
SSD,South Sudan,1988,
STP,Sao Tome and Principe,1988,
SUR,Suriname,1988,
SVK,Slovak Republic,1988,
SVN,Slovenia,1988,
SWE,Sweden,1988,
SWZ,Eswatini,1988,5.51155996322632
SXM,Sint Maarten (Dutch part),1988,
SYC,Seychelles,1988,7.79334020614624
SYR,Syrian Arab Republic,1988,3.61585998535156
TCA,Turks and Caicos Islands,1988,
TCD,Chad,1988,
TGO,Togo,1988,
THA,Thailand,1988,2.75342988967896
TJK,Tajikistan,1988,
TKM,Turkmenistan,1988,
TLS,Timor-Leste,1988,
TON,Tonga,1988,
TTO,Trinidad and Tobago,1988,
TUN,Tunisia,1988,
TUR,Turkiye,1988,
TUV,Tuvalu,1988,
TZA,Tanzania,1988,
UGA,Uganda,1988,5.10366010665894
UKR,Ukraine,1988,
URY,Uruguay,1988,
USA,United States,1988,
UZB,Uzbekistan,1988,
VCT,St. Vincent and the Grenadines,1988,
VEN,"Venezuela, RB",1988,3.62941002845764
VGB,British Virgin Islands,1988,
VIR,Virgin Islands (U.S.),1988,
VNM,Viet Nam,1988,
VUT,Vanuatu,1988,
WSM,Samoa,1988,
XKX,Kosovo,1988,
YEM,"Yemen, Rep.",1988,
ZAF,South Africa,1988,4.85423994064331
ZMB,Zambia,1988,
ZWE,Zimbabwe,1988,
ABW,Aruba,1989,
AFE,Africa Eastern and Southern,1989,
AFG,Afghanistan,1989,
AFW,Africa Western and Central,1989,
AGO,Angola,1989,
ALB,Albania,1989,
AND,Andorra,1989,
ARE,United Arab Emirates,1989,
ARG,Argentina,1989,1.04612004756927
ARM,Armenia,1989,
ASM,American Samoa,1989,
ATG,Antigua and Barbuda,1989,
AUS,Australia,1989,4.73901987075806
AUT,Austria,1989,5.0378999710083
AZE,Azerbaijan,1989,
BDI,Burundi,1989,
BEL,Belgium,1989,
BEN,Benin,1989,
BFA,Burkina Faso,1989,
BGD,Bangladesh,1989,
BGR,Bulgaria,1989,
BHR,Bahrain,1989,
BHS,"Bahamas, The",1989,
BIH,Bosnia and Herzegovina,1989,
BLR,Belarus,1989,
BLZ,Belize,1989,
BMU,Bermuda,1989,
BOL,Bolivia,1989,
BRA,Brazil,1989,
BRB,Barbados,1989,
BRN,Brunei Darussalam,1989,2.80970001220703
BTN,Bhutan,1989,
BWA,Botswana,1989,
CAF,Central African Republic,1989,
CAN,Canada,1989,6.07406997680664
CHE,Switzerland,1989,4.14316987991333
CHI,Channel Islands,1989,
CHL,Chile,1989,
CHN,China,1989,
CIV,Cote d'Ivoire,1989,
CMR,Cameroon,1989,2.64896011352539
COD,"Congo, Dem. Rep.",1989,
COG,"Congo, Rep.",1989,
COL,Colombia,1989,2.70525002479553
COM,Comoros,1989,
CPV,Cabo Verde,1989,
CRI,Costa Rica,1989,4.07784986495972
CUB,Cuba,1989,
CUW,Curacao,1989,
CYM,Cayman Islands,1989,
CYP,Cyprus,1989,3.37627005577087
CZE,Czechia,1989,
DEU,Germany,1989,
DJI,Djibouti,1989,
DMA,Dominica,1989,4.28990983963013
DNK,Denmark,1989,5.84318017959595
DOM,Dominican Republic,1989,
DZA,Algeria,1989,
EAR,Early-demographic dividend,1989,
ECS,Europe & Central Asia,1989,
ECU,Ecuador,1989,
EGY,"Egypt, Arab Rep.",1989,4.6000599861145
ERI,Eritrea,1989,
ESP,Spain,1989,3.55431008338928
EST,Estonia,1989,
ETH,Ethiopia,1989,
FIN,Finland,1989,5.07349014282227
FJI,Fiji,1989,4.83109998703003
FRA,France,1989,4.49351978302002
FRO,Faroe Islands,1989,
FSM,"Micronesia, Fed. Sts.",1989,
GAB,Gabon,1989,
GBR,United Kingdom,1989,4.12511014938354
GEO,Georgia,1989,
GHA,Ghana,1989,
GIB,Gibraltar,1989,
GIN,Guinea,1989,
GMB,"Gambia, The",1989,2.97409009933472
GNB,Guinea-Bissau,1989,
GNQ,Equatorial Guinea,1989,
GRC,Greece,1989,2.04388999938965
GRD,Grenada,1989,
GRL,Greenland,1989,
GTM,Guatemala,1989,
GUM,Guam,1989,
GUY,Guyana,1989,
HKG,"Hong Kong SAR, China",1989,
HND,Honduras,1989,
HRV,Croatia,1989,
HTI,Haiti,1989,
HUN,Hungary,1989,5.04690980911255
IDB,IDA blend,1989,
IDN,Indonesia,1989,0.871410012245178
IMN,Isle of Man,1989,
IND,India,1989,
IRL,Ireland,1989,4.71301984786987
IRN,"Iran, Islamic Rep.",1989,3.99721002578735
IRQ,Iraq,1989,3.55150008201599
ISL,Iceland,1989,
ISR,Israel,1989,5.43067979812622
ITA,Italy,1989,
JAM,Jamaica,1989,5.18397998809815
JOR,Jordan,1989,5.6435399055481
JPN,Japan,1989,5.2743501663208
KAZ,Kazakhstan,1989,
KEN,Kenya,1989,6.035719871521
KGZ,Kyrgyz Republic,1989,
KHM,Cambodia,1989,
KIR,Kiribati,1989,
KNA,St. Kitts and Nevis,1989,2.19795989990234
KOR,"Korea, Rep.",1989,2.97461009025574
KWT,Kuwait,1989,
LAO,Lao PDR,1989,
LBN,Lebanon,1989,
LBR,Liberia,1989,
LBY,Libya,1989,
LCA,St. Lucia,1989,
LCN,Latin America & Caribbean,1989,
LIE,Liechtenstein,1989,
LKA,Sri Lanka,1989,2.7551600933075
LSO,Lesotho,1989,6.20228004455566
LTE,Late-demographic dividend,1989,
LTU,Lithuania,1989,
LUX,Luxembourg,1989,3.87238001823425
LVA,Latvia,1989,
MAC,"Macao SAR, China",1989,
MAF,St. Martin (French part),1989,
MAR,Morocco,1989,4.75733995437622
MCO,Monaco,1989,0.957539975643158
MDA,Moldova,1989,
MDG,Madagascar,1989,
MDV,Maldives,1989,
MEX,Mexico,1989,2.28201007843018
MHL,Marshall Islands,1989,
MKD,North Macedonia,1989,
MLI,Mali,1989,
MLT,Malta,1989,3.58874011039734
MMR,Myanmar,1989,
MNE,Montenegro,1989,
MNG,Mongolia,1989,
MNP,Northern Mariana Islands,1989,
MOZ,Mozambique,1989,
MRT,Mauritania,1989,
MUS,Mauritius,1989,3.46896004676819
MWI,Malawi,1989,2.18262004852295
MYS,Malaysia,1989,
NAM,Namibia,1989,
NCL,New Caledonia,1989,
NER,Niger,1989,
NGA,Nigeria,1989,
NIC,Nicaragua,1989,
NLD,Netherlands,1989,
NOR,Norway,1989,6.29984998703003
NPL,Nepal,1989,
NRU,Nauru,1989,
NZL,New Zealand,1989,4.81824016571045
OMN,Oman,1989,2.97824001312256
PAK,Pakistan,1989,2.36382007598877
PAN,Panama,1989,
PER,Peru,1989,
PHL,Philippines,1989,
PLW,Palau,1989,
PNG,Papua New Guinea,1989,
POL,Poland,1989,
PRI,Puerto Rico (US),1989,
PRK,"Korea, Dem. People's Rep.",1989,
PRT,Portugal,1989,3.47523999214172
PRY,Paraguay,1989,
PSE,West Bank and Gaza,1989,
PYF,French Polynesia,1989,
QAT,Qatar,1989,
ROU,Romania,1989,
RUS,Russia,1989,
RWA,Rwanda,1989,3.7466299533844
SAU,Saudi Arabia,1989,
SDN,Sudan,1989,
SEN,Senegal,1989,
SGP,Singapore,1989,
SLB,Solomon Islands,1989,
SLE,Sierra Leone,1989,
SLV,El Salvador,1989,
SMR,San Marino,1989,
SOM,"Somalia, Fed. Rep.",1989,
SRB,Serbia,1989,
SSD,South Sudan,1989,
STP,Sao Tome and Principe,1989,
SUR,Suriname,1989,
SVK,Slovak Republic,1989,
SVN,Slovenia,1989,
SWE,Sweden,1989,
SWZ,Eswatini,1989,5.66129016876221
SXM,Sint Maarten (Dutch part),1989,
SYC,Seychelles,1989,7.73472023010254
SYR,Syrian Arab Republic,1989,4.03414011001587
TCA,Turks and Caicos Islands,1989,
TCD,Chad,1989,
TGO,Togo,1989,
THA,Thailand,1989,2.50243997573852
TJK,Tajikistan,1989,
TKM,Turkmenistan,1989,
TLS,Timor-Leste,1989,
TON,Tonga,1989,
TTO,Trinidad and Tobago,1989,4.1998701095581
TUN,Tunisia,1989,
TUR,Turkiye,1989,
TUV,Tuvalu,1989,
TZA,Tanzania,1989,1.54892003536224
UGA,Uganda,1989,
UKR,Ukraine,1989,
URY,Uruguay,1989,
USA,United States,1989,
UZB,Uzbekistan,1989,
VCT,St. Vincent and the Grenadines,1989,4.46868991851807
VEN,"Venezuela, RB",1989,
VGB,British Virgin Islands,1989,
VIR,Virgin Islands (U.S.),1989,
VNM,Viet Nam,1989,
VUT,Vanuatu,1989,
WSM,Samoa,1989,
XKX,Kosovo,1989,
YEM,"Yemen, Rep.",1989,
ZAF,South Africa,1989,4.44185018539429
ZMB,Zambia,1989,
ZWE,Zimbabwe,1989,
ABW,Aruba,1990,
AFE,Africa Eastern and Southern,1990,
AFG,Afghanistan,1990,
AFW,Africa Western and Central,1990,
AGO,Angola,1990,
ALB,Albania,1990,
AND,Andorra,1990,
ARE,United Arab Emirates,1990,
ARG,Argentina,1990,1.06737995147705
ARM,Armenia,1990,
ASM,American Samoa,1990,
ATG,Antigua and Barbuda,1990,
AUS,Australia,1990,4.66683006286621
AUT,Austria,1990,4.97673988342285
AZE,Azerbaijan,1990,
BDI,Burundi,1990,3.35932993888855
BEL,Belgium,1990,
BEN,Benin,1990,
BFA,Burkina Faso,1990,
BGD,Bangladesh,1990,1.51911997795105
BGR,Bulgaria,1990,4.45406007766724
BHR,Bahrain,1990,
BHS,"Bahamas, The",1990,
BIH,Bosnia and Herzegovina,1990,
BLR,Belarus,1990,
BLZ,Belize,1990,
BMU,Bermuda,1990,3.13619995117188
BOL,Bolivia,1990,
BRA,Brazil,1990,
BRB,Barbados,1990,
BRN,Brunei Darussalam,1990,2.30816006660461
BTN,Bhutan,1990,
BWA,Botswana,1990,5.73963022232056
CAF,Central African Republic,1990,2.2441999912262
CAN,Canada,1990,5.96922016143799
CHE,Switzerland,1990,4.39194011688232
CHI,Channel Islands,1990,
CHL,Chile,1990,2.23059010505676
CHN,China,1990,
CIV,Cote d'Ivoire,1990,
CMR,Cameroon,1990,3.28710007667542
COD,"Congo, Dem. Rep.",1990,
COG,"Congo, Rep.",1990,
COL,Colombia,1990,
COM,Comoros,1990,
CPV,Cabo Verde,1990,
CRI,Costa Rica,1990,
CUB,Cuba,1990,
CUW,Curacao,1990,
CYM,Cayman Islands,1990,
CYP,Cyprus,1990,3.33924007415771
CZE,Czechia,1990,
DEU,Germany,1990,
DJI,Djibouti,1990,
DMA,Dominica,1990,
DNK,Denmark,1990,
DOM,Dominican Republic,1990,
DZA,Algeria,1990,
EAR,Early-demographic dividend,1990,
ECS,Europe & Central Asia,1990,
ECU,Ecuador,1990,
EGY,"Egypt, Arab Rep.",1990,
ERI,Eritrea,1990,
ESP,Spain,1990,3.63618993759155
EST,Estonia,1990,
ETH,Ethiopia,1990,
FIN,Finland,1990,5.33860015869141
FJI,Fiji,1990,
FRA,France,1990,4.55534982681274
FRO,Faroe Islands,1990,
FSM,"Micronesia, Fed. Sts.",1990,
GAB,Gabon,1990,
GBR,United Kingdom,1990,4.05552005767822
GEO,Georgia,1990,
GHA,Ghana,1990,
GIB,Gibraltar,1990,
GIN,Guinea,1990,
GMB,"Gambia, The",1990,2.82583999633789
GNB,Guinea-Bissau,1990,
GNQ,Equatorial Guinea,1990,
GRC,Greece,1990,2.07493996620178
GRD,Grenada,1990,
GRL,Greenland,1990,
GTM,Guatemala,1990,
GUM,Guam,1990,
GUY,Guyana,1990,
HKG,"Hong Kong SAR, China",1990,2.46608996391296
HND,Honduras,1990,
HRV,Croatia,1990,
HTI,Haiti,1990,
HUN,Hungary,1990,5.41418981552124
IDB,IDA blend,1990,
IDN,Indonesia,1990,
IMN,Isle of Man,1990,
IND,India,1990,
IRL,Ireland,1990,4.60056018829346
IRN,"Iran, Islamic Rep.",1990,3.77390003204346
IRQ,Iraq,1990,
ISL,Iceland,1990,4.25862979888916
ISR,Israel,1990,5.16002988815308
ITA,Italy,1990,
JAM,Jamaica,1990,4.7791600227356
JOR,Jordan,1990,
JPN,Japan,1990,
KAZ,Kazakhstan,1990,
KEN,Kenya,1990,
KGZ,Kyrgyz Republic,1990,
KHM,Cambodia,1990,
KIR,Kiribati,1990,
KNA,St. Kitts and Nevis,1990,
KOR,"Korea, Rep.",1990,2.94824004173279
KWT,Kuwait,1990,
LAO,Lao PDR,1990,
LBN,Lebanon,1990,
LBR,Liberia,1990,
LBY,Libya,1990,
LCA,St. Lucia,1990,
LCN,Latin America & Caribbean,1990,
LIE,Liechtenstein,1990,
LKA,Sri Lanka,1990,2.41092991828919
LSO,Lesotho,1990,
LTE,Late-demographic dividend,1990,
LTU,Lithuania,1990,
LUX,Luxembourg,1990,
LVA,Latvia,1990,3.57779002189636
MAC,"Macao SAR, China",1990,
MAF,St. Martin (French part),1990,
MAR,Morocco,1990,4.51047992706299
MCO,Monaco,1990,
MDA,Moldova,1990,
MDG,Madagascar,1990,
MDV,Maldives,1990,
MEX,Mexico,1990,2.32498002052307
MHL,Marshall Islands,1990,
MKD,North Macedonia,1990,
MLI,Mali,1990,
MLT,Malta,1990,3.83141994476318
MMR,Myanmar,1990,
MNE,Montenegro,1990,
MNG,Mongolia,1990,
MNP,Northern Mariana Islands,1990,
MOZ,Mozambique,1990,
MRT,Mauritania,1990,
MUS,Mauritius,1990,3.12822008132935
MWI,Malawi,1990,2.24734997749329
MYS,Malaysia,1990,
NAM,Namibia,1990,
NCL,New Caledonia,1990,
NER,Niger,1990,2.07436990737915
NGA,Nigeria,1990,
NIC,Nicaragua,1990,
NLD,Netherlands,1990,5.22109985351562
NOR,Norway,1990,6.31036996841431
NPL,Nepal,1990,
NRU,Nauru,1990,
NZL,New Zealand,1990,
OMN,Oman,1990,2.49228000640869
PAK,Pakistan,1990,2.51680994033814
PAN,Panama,1990,
PER,Peru,1990,
PHL,Philippines,1990,
PLW,Palau,1990,
PNG,Papua New Guinea,1990,
POL,Poland,1990,
PRI,Puerto Rico (US),1990,
PRK,"Korea, Dem. People's Rep.",1990,
PRT,Portugal,1990,3.56972002983093
PRY,Paraguay,1990,1.04070997238159
PSE,West Bank and Gaza,1990,
PYF,French Polynesia,1990,
QAT,Qatar,1990,
ROU,Romania,1990,
RUS,Russia,1990,
RWA,Rwanda,1990,
SAU,Saudi Arabia,1990,
SDN,Sudan,1990,
SEN,Senegal,1990,
SGP,Singapore,1990,
SLB,Solomon Islands,1990,
SLE,Sierra Leone,1990,
SLV,El Salvador,1990,
SMR,San Marino,1990,
SOM,"Somalia, Fed. Rep.",1990,
SRB,Serbia,1990,
SSD,South Sudan,1990,
STP,Sao Tome and Principe,1990,
SUR,Suriname,1990,
SVK,Slovak Republic,1990,
SVN,Slovenia,1990,
SWE,Sweden,1990,5.21969985961914
SWZ,Eswatini,1990,5.48457002639771
SXM,Sint Maarten (Dutch part),1990,
SYC,Seychelles,1990,
SYR,Syrian Arab Republic,1990,
TCA,Turks and Caicos Islands,1990,
TCD,Chad,1990,
TGO,Togo,1990,
THA,Thailand,1990,
TJK,Tajikistan,1990,
TKM,Turkmenistan,1990,
TLS,Timor-Leste,1990,
TON,Tonga,1990,
TTO,Trinidad and Tobago,1990,3.65412998199463
TUN,Tunisia,1990,5.79086017608643
TUR,Turkiye,1990,
TUV,Tuvalu,1990,6.98569011688232
TZA,Tanzania,1990,1.4723299741745
UGA,Uganda,1990,
UKR,Ukraine,1990,
URY,Uruguay,1990,
USA,United States,1990,
UZB,Uzbekistan,1990,
VCT,St. Vincent and the Grenadines,1990,
VEN,"Venezuela, RB",1990,2.44671010971069
VGB,British Virgin Islands,1990,
VIR,Virgin Islands (U.S.),1990,
VNM,Viet Nam,1990,
VUT,Vanuatu,1990,
WSM,Samoa,1990,
XKX,Kosovo,1990,
YEM,"Yemen, Rep.",1990,
ZAF,South Africa,1990,4.69767999649048
ZMB,Zambia,1990,
ZWE,Zimbabwe,1990,
ABW,Aruba,1991,
AFE,Africa Eastern and Southern,1991,
AFG,Afghanistan,1991,
AFW,Africa Western and Central,1991,
AGO,Angola,1991,
ALB,Albania,1991,
AND,Andorra,1991,
ARE,United Arab Emirates,1991,
ARG,Argentina,1991,
ARM,Armenia,1991,
ASM,American Samoa,1991,
ATG,Antigua and Barbuda,1991,
AUS,Australia,1991,4.78473997116089
AUT,Austria,1991,5.12327003479004
AZE,Azerbaijan,1991,
BDI,Burundi,1991,3.49365997314453
BEL,Belgium,1991,
BEN,Benin,1991,
BFA,Burkina Faso,1991,
BGD,Bangladesh,1991,1.42566001415253
BGR,Bulgaria,1991,5.42961978912354
BHR,Bahrain,1991,
BHS,"Bahamas, The",1991,
BIH,Bosnia and Herzegovina,1991,
BLR,Belarus,1991,
BLZ,Belize,1991,
BMU,Bermuda,1991,3.15065002441406
BOL,Bolivia,1991,
BRA,Brazil,1991,
BRB,Barbados,1991,6.63870000839233
BRN,Brunei Darussalam,1991,2.16112995147705
BTN,Bhutan,1991,
BWA,Botswana,1991,
CAF,Central African Republic,1991,2.27630996704102
CAN,Canada,1991,6.85951995849609
CHE,Switzerland,1991,4.5450701713562
CHI,Channel Islands,1991,
CHL,Chile,1991,
CHN,China,1991,
CIV,Cote d'Ivoire,1991,
CMR,Cameroon,1991,3.22023010253906
COD,"Congo, Dem. Rep.",1991,
COG,"Congo, Rep.",1991,
COL,Colombia,1991,
COM,Comoros,1991,
CPV,Cabo Verde,1991,
CRI,Costa Rica,1991,
CUB,Cuba,1991,7.14496994018555
CUW,Curacao,1991,
CYM,Cayman Islands,1991,
CYP,Cyprus,1991,3.57539010047913
CZE,Czechia,1991,
DEU,Germany,1991,
DJI,Djibouti,1991,
DMA,Dominica,1991,
DNK,Denmark,1991,5.59853982925415
DOM,Dominican Republic,1991,
DZA,Algeria,1991,
EAR,Early-demographic dividend,1991,
ECS,Europe & Central Asia,1991,
ECU,Ecuador,1991,
EGY,"Egypt, Arab Rep.",1991,
ERI,Eritrea,1991,
ESP,Spain,1991,3.74501991271973
EST,Estonia,1991,
ETH,Ethiopia,1991,
FIN,Finland,1991,6.33646011352539
FJI,Fiji,1991,
FRA,France,1991,4.88098001480103
FRO,Faroe Islands,1991,
FSM,"Micronesia, Fed. Sts.",1991,
GAB,Gabon,1991,
GBR,United Kingdom,1991,4.1224799156189
GEO,Georgia,1991,
GHA,Ghana,1991,
GIB,Gibraltar,1991,
GIN,Guinea,1991,1.38291001319885
GMB,"Gambia, The",1991,3.78061008453369
GNB,Guinea-Bissau,1991,
GNQ,Equatorial Guinea,1991,
GRC,Greece,1991,1.96161997318268
GRD,Grenada,1991,
GRL,Greenland,1991,
GTM,Guatemala,1991,
GUM,Guam,1991,
GUY,Guyana,1991,
HKG,"Hong Kong SAR, China",1991,
HND,Honduras,1991,
HRV,Croatia,1991,
HTI,Haiti,1991,1.07398998737335
HUN,Hungary,1991,5.86020994186401
IDB,IDA blend,1991,
IDN,Indonesia,1991,
IMN,Isle of Man,1991,
IND,India,1991,
IRL,Ireland,1991,4.78267002105713
IRN,"Iran, Islamic Rep.",1991,3.74353003501892
IRQ,Iraq,1991,
ISL,Iceland,1991,
ISR,Israel,1991,5.17201995849609
ITA,Italy,1991,
JAM,Jamaica,1991,4.38306999206543
JOR,Jordan,1991,
JPN,Japan,1991,
KAZ,Kazakhstan,1991,
KEN,Kenya,1991,6.57065010070801
KGZ,Kyrgyz Republic,1991,
KHM,Cambodia,1991,
KIR,Kiribati,1991,
KNA,St. Kitts and Nevis,1991,1.99845004081726
KOR,"Korea, Rep.",1991,3.38478994369507
KWT,Kuwait,1991,
LAO,Lao PDR,1991,
LBN,Lebanon,1991,
LBR,Liberia,1991,
LBY,Libya,1991,
LCA,St. Lucia,1991,
LCN,Latin America & Caribbean,1991,
LIE,Liechtenstein,1991,
LKA,Sri Lanka,1991,2.91558003425598
LSO,Lesotho,1991,
LTE,Late-demographic dividend,1991,
LTU,Lithuania,1991,
LUX,Luxembourg,1991,
LVA,Latvia,1991,3.86415004730225
MAC,"Macao SAR, China",1991,
MAF,St. Martin (French part),1991,
MAR,Morocco,1991,4.30316019058228
MCO,Monaco,1991,
MDA,Moldova,1991,
MDG,Madagascar,1991,
MDV,Maldives,1991,
MEX,Mexico,1991,2.54800009727478
MHL,Marshall Islands,1991,
MKD,North Macedonia,1991,
MLI,Mali,1991,
MLT,Malta,1991,3.92030000686646
MMR,Myanmar,1991,
MNE,Montenegro,1991,
MNG,Mongolia,1991,
MNP,Northern Mariana Islands,1991,
MOZ,Mozambique,1991,
MRT,Mauritania,1991,
MUS,Mauritius,1991,3.46325993537903
MWI,Malawi,1991,
MYS,Malaysia,1991,
NAM,Namibia,1991,
NCL,New Caledonia,1991,
NER,Niger,1991,2.30833005905151
NGA,Nigeria,1991,
NIC,Nicaragua,1991,
NLD,Netherlands,1991,5.1540699005127
NOR,Norway,1991,6.37321996688843
NPL,Nepal,1991,
NRU,Nauru,1991,
NZL,New Zealand,1991,
OMN,Oman,1991,2.62321996688843
PAK,Pakistan,1991,2.56676006317139
PAN,Panama,1991,
PER,Peru,1991,
PHL,Philippines,1991,
PLW,Palau,1991,
PNG,Papua New Guinea,1991,
POL,Poland,1991,3.89144992828369
PRI,Puerto Rico (US),1991,
PRK,"Korea, Dem. People's Rep.",1991,
PRT,Portugal,1991,4.0713300704956
PRY,Paraguay,1991,
PSE,West Bank and Gaza,1991,
PYF,French Polynesia,1991,
QAT,Qatar,1991,
ROU,Romania,1991,
RUS,Russia,1991,
RWA,Rwanda,1991,
SAU,Saudi Arabia,1991,5.77946996688843
SDN,Sudan,1991,
SEN,Senegal,1991,
SGP,Singapore,1991,
SLB,Solomon Islands,1991,3.87719011306763
SLE,Sierra Leone,1991,
SLV,El Salvador,1991,
SMR,San Marino,1991,
SOM,"Somalia, Fed. Rep.",1991,
SRB,Serbia,1991,
SSD,South Sudan,1991,
STP,Sao Tome and Principe,1991,
SUR,Suriname,1991,
SVK,Slovak Republic,1991,
SVN,Slovenia,1991,4.07291984558105
SWE,Sweden,1991,5.45164012908935
SWZ,Eswatini,1991,
SXM,Sint Maarten (Dutch part),1991,
SYC,Seychelles,1991,
SYR,Syrian Arab Republic,1991,
TCA,Turks and Caicos Islands,1991,
TCD,Chad,1991,
TGO,Togo,1991,
THA,Thailand,1991,3.08859992027283
TJK,Tajikistan,1991,
TKM,Turkmenistan,1991,
TLS,Timor-Leste,1991,
TON,Tonga,1991,
TTO,Trinidad and Tobago,1991,
TUN,Tunisia,1991,6.02747011184692
TUR,Turkiye,1991,
TUV,Tuvalu,1991,
TZA,Tanzania,1991,
UGA,Uganda,1991,
UKR,Ukraine,1991,
URY,Uruguay,1991,2.47907996177673
USA,United States,1991,
UZB,Uzbekistan,1991,
VCT,St. Vincent and the Grenadines,1991,4.87377023696899
VEN,"Venezuela, RB",1991,
VGB,British Virgin Islands,1991,
VIR,Virgin Islands (U.S.),1991,
VNM,Viet Nam,1991,
VUT,Vanuatu,1991,
WSM,Samoa,1991,
XKX,Kosovo,1991,
YEM,"Yemen, Rep.",1991,
ZAF,South Africa,1991,5.25961017608643
ZMB,Zambia,1991,2.74057006835938
ZWE,Zimbabwe,1991,
ABW,Aruba,1992,
AFE,Africa Eastern and Southern,1992,
AFG,Afghanistan,1992,
AFW,Africa Western and Central,1992,
AGO,Angola,1992,
ALB,Albania,1992,
AND,Andorra,1992,
ARE,United Arab Emirates,1992,
ARG,Argentina,1992,
ARM,Armenia,1992,
ASM,American Samoa,1992,
ATG,Antigua and Barbuda,1992,
AUS,Australia,1992,4.6827597618103
AUT,Austria,1992,5.31782007217407
AZE,Azerbaijan,1992,6.05797004699707
BDI,Burundi,1992,3.8058500289917
BEL,Belgium,1992,
BEN,Benin,1992,
BFA,Burkina Faso,1992,
BGD,Bangladesh,1992,1.63177001476288
BGR,Bulgaria,1992,5.26045989990234
BHR,Bahrain,1992,
BHS,"Bahamas, The",1992,
BIH,Bosnia and Herzegovina,1992,
BLR,Belarus,1992,
BLZ,Belize,1992,
BMU,Bermuda,1992,3.47604990005493
BOL,Bolivia,1992,
BRA,Brazil,1992,
BRB,Barbados,1992,
BRN,Brunei Darussalam,1992,2.47772002220154
BTN,Bhutan,1992,
BWA,Botswana,1992,6.84061002731323
CAF,Central African Republic,1992,
CAN,Canada,1992,6.74663019180298
CHE,Switzerland,1992,
CHI,Channel Islands,1992,
CHL,Chile,1992,
CHN,China,1992,1.64842998981476
CIV,Cote d'Ivoire,1992,6.78113985061646
CMR,Cameroon,1992,2.75099992752075
COD,"Congo, Dem. Rep.",1992,
COG,"Congo, Rep.",1992,
COL,Colombia,1992,
COM,Comoros,1992,
CPV,Cabo Verde,1992,
CRI,Costa Rica,1992,
CUB,Cuba,1992,
CUW,Curacao,1992,
CYM,Cayman Islands,1992,
CYP,Cyprus,1992,3.78029990196228
CZE,Czechia,1992,3.72541999816894
DEU,Germany,1992,
DJI,Djibouti,1992,
DMA,Dominica,1992,
DNK,Denmark,1992,
DOM,Dominican Republic,1992,
DZA,Algeria,1992,
EAR,Early-demographic dividend,1992,
ECS,Europe & Central Asia,1992,
ECU,Ecuador,1992,
EGY,"Egypt, Arab Rep.",1992,4.05067014694214
ERI,Eritrea,1992,
ESP,Spain,1992,3.83991003036499
EST,Estonia,1992,5.28141021728516
ETH,Ethiopia,1992,
FIN,Finland,1992,6.52018976211548
FJI,Fiji,1992,
FRA,France,1992,4.77559995651245
FRO,Faroe Islands,1992,
FSM,"Micronesia, Fed. Sts.",1992,
GAB,Gabon,1992,2.80552005767822
GBR,United Kingdom,1992,4.3344898223877
GEO,Georgia,1992,
GHA,Ghana,1992,
GIB,Gibraltar,1992,
GIN,Guinea,1992,1.37600994110107
GMB,"Gambia, The",1992,1.16983997821808
GNB,Guinea-Bissau,1992,
GNQ,Equatorial Guinea,1992,
GRC,Greece,1992,
GRD,Grenada,1992,
GRL,Greenland,1992,
GTM,Guatemala,1992,
GUM,Guam,1992,
GUY,Guyana,1992,
HKG,"Hong Kong SAR, China",1992,2.82820010185242
HND,Honduras,1992,
HRV,Croatia,1992,
HTI,Haiti,1992,
HUN,Hungary,1992,6.059730052948
IDB,IDA blend,1992,
IDN,Indonesia,1992,
IMN,Isle of Man,1992,
IND,India,1992,
IRL,Ireland,1992,5.0056300163269
IRN,"Iran, Islamic Rep.",1992,3.64046001434326
IRQ,Iraq,1992,
ISL,Iceland,1992,
ISR,Israel,1992,5.30926990509033
ITA,Italy,1992,
JAM,Jamaica,1992,3.33665990829468
JOR,Jordan,1992,
JPN,Japan,1992,
KAZ,Kazakhstan,1992,
KEN,Kenya,1992,6.07590007781982
KGZ,Kyrgyz Republic,1992,
KHM,Cambodia,1992,
KIR,Kiribati,1992,
KNA,St. Kitts and Nevis,1992,2.30386996269226
KOR,"Korea, Rep.",1992,3.46676993370056
KWT,Kuwait,1992,14.1988296508789
LAO,Lao PDR,1992,2.33456993103027
LBN,Lebanon,1992,
LBR,Liberia,1992,
LBY,Libya,1992,
LCA,St. Lucia,1992,
LCN,Latin America & Caribbean,1992,
LIE,Liechtenstein,1992,
LKA,Sri Lanka,1992,
LSO,Lesotho,1992,
LTE,Late-demographic dividend,1992,
LTU,Lithuania,1992,
LUX,Luxembourg,1992,
LVA,Latvia,1992,4.30135011672974
MAC,"Macao SAR, China",1992,
MAF,St. Martin (French part),1992,
MAR,Morocco,1992,
MCO,Monaco,1992,0.913609981536865
MDA,Moldova,1992,
MDG,Madagascar,1992,
MDV,Maldives,1992,
MEX,Mexico,1992,3.00500988960266
MHL,Marshall Islands,1992,
MKD,North Macedonia,1992,4.73344993591309
MLI,Mali,1992,
MLT,Malta,1992,4.31409978866577
MMR,Myanmar,1992,
MNE,Montenegro,1992,
MNG,Mongolia,1992,
MNP,Northern Mariana Islands,1992,
MOZ,Mozambique,1992,
MRT,Mauritania,1992,
MUS,Mauritius,1992,
MWI,Malawi,1992,
MYS,Malaysia,1992,5.11143016815185
NAM,Namibia,1992,
NCL,New Caledonia,1992,
NER,Niger,1992,2.24298000335693
NGA,Nigeria,1992,
NIC,Nicaragua,1992,2.98497009277344
NLD,Netherlands,1992,
NOR,Norway,1992,6.63613986968994
NPL,Nepal,1992,
NRU,Nauru,1992,
NZL,New Zealand,1992,
OMN,Oman,1992,2.74142003059387
PAK,Pakistan,1992,2.54967999458313
PAN,Panama,1992,
PER,Peru,1992,
PHL,Philippines,1992,
PLW,Palau,1992,
PNG,Papua New Guinea,1992,
POL,Poland,1992,4.1879301071167
PRI,Puerto Rico (US),1992,
PRK,"Korea, Dem. People's Rep.",1992,
PRT,Portugal,1992,4.33747005462646
PRY,Paraguay,1992,
PSE,West Bank and Gaza,1992,
PYF,French Polynesia,1992,
QAT,Qatar,1992,
ROU,Romania,1992,
RUS,Russia,1992,
RWA,Rwanda,1992,
SAU,Saudi Arabia,1992,5.14463996887207
SDN,Sudan,1992,
SEN,Senegal,1992,
SGP,Singapore,1992,
SLB,Solomon Islands,1992,
SLE,Sierra Leone,1992,
SLV,El Salvador,1992,
SMR,San Marino,1992,
SOM,"Somalia, Fed. Rep.",1992,
SRB,Serbia,1992,
SSD,South Sudan,1992,
STP,Sao Tome and Principe,1992,
SUR,Suriname,1992,
SVK,Slovak Republic,1992,5.28739976882935
SVN,Slovenia,1992,4.72125005722046
SWE,Sweden,1992,5.26608991622925
SWZ,Eswatini,1992,
SXM,Sint Maarten (Dutch part),1992,
SYC,Seychelles,1992,
SYR,Syrian Arab Republic,1992,
TCA,Turks and Caicos Islands,1992,
TCD,Chad,1992,
TGO,Togo,1992,4.01865005493164
THA,Thailand,1992,3.04541993141174
TJK,Tajikistan,1992,
TKM,Turkmenistan,1992,
TLS,Timor-Leste,1992,
TON,Tonga,1992,
TTO,Trinidad and Tobago,1992,
TUN,Tunisia,1992,5.75488996505737
TUR,Turkiye,1992,
TUV,Tuvalu,1992,
TZA,Tanzania,1992,
UGA,Uganda,1992,
UKR,Ukraine,1992,
URY,Uruguay,1992,2.41153001785278
USA,United States,1992,
UZB,Uzbekistan,1992,
VCT,St. Vincent and the Grenadines,1992,
VEN,"Venezuela, RB",1992,4.31067991256714
VGB,British Virgin Islands,1992,
VIR,Virgin Islands (U.S.),1992,
VNM,Viet Nam,1992,
VUT,Vanuatu,1992,
WSM,Samoa,1992,
XKX,Kosovo,1992,
YEM,"Yemen, Rep.",1992,
ZAF,South Africa,1992,
ZMB,Zambia,1992,2.09159994125366
ZWE,Zimbabwe,1992,
ABW,Aruba,1993,
AFE,Africa Eastern and Southern,1993,
AFG,Afghanistan,1993,
AFW,Africa Western and Central,1993,
AGO,Angola,1993,
ALB,Albania,1993,
AND,Andorra,1993,
ARE,United Arab Emirates,1993,
ARG,Argentina,1993,
ARM,Armenia,1993,
ASM,American Samoa,1993,
ATG,Antigua and Barbuda,1993,
AUS,Australia,1993,5.50557994842529
AUT,Austria,1993,5.27264022827148
AZE,Azerbaijan,1993,
BDI,Burundi,1993,
BEL,Belgium,1993,5.37233018875122
BEN,Benin,1993,
BFA,Burkina Faso,1993,
BGD,Bangladesh,1993,1.69263005256653
BGR,Bulgaria,1993,4.95048999786377
BHR,Bahrain,1993,
BHS,"Bahamas, The",1993,
BIH,Bosnia and Herzegovina,1993,
BLR,Belarus,1993,
BLZ,Belize,1993,
BMU,Bermuda,1993,
BOL,Bolivia,1993,
BRA,Brazil,1993,
BRB,Barbados,1993,
BRN,Brunei Darussalam,1993,2.84204006195068
BTN,Bhutan,1993,
BWA,Botswana,1993,
CAF,Central African Republic,1993,
CAN,Canada,1993,7.67834997177124
CHE,Switzerland,1993,4.94459009170532
CHI,Channel Islands,1993,
CHL,Chile,1993,2.35279989242554
CHN,China,1993,1.65106999874115
CIV,Cote d'Ivoire,1993,6.50304985046387
CMR,Cameroon,1993,
COD,"Congo, Dem. Rep.",1993,
COG,"Congo, Rep.",1993,
COL,Colombia,1993,
COM,Comoros,1993,
CPV,Cabo Verde,1993,
CRI,Costa Rica,1993,
CUB,Cuba,1993,7.07476997375488
CUW,Curacao,1993,
CYM,Cayman Islands,1993,
CYP,Cyprus,1993,4.09555006027222
CZE,Czechia,1993,4.12948989868164
DEU,Germany,1993,4.39173984527588
DJI,Djibouti,1993,
DMA,Dominica,1993,
DNK,Denmark,1993,7.77740001678467
DOM,Dominican Republic,1993,0.773949980735779
DZA,Algeria,1993,
EAR,Early-demographic dividend,1993,
ECS,Europe & Central Asia,1993,4.95048999786377
ECU,Ecuador,1993,
EGY,"Egypt, Arab Rep.",1993,4.19770002365112
ERI,Eritrea,1993,
ESP,Spain,1993,4.24793004989624
EST,Estonia,1993,5.69822978973389
ETH,Ethiopia,1993,2.29690003395081
FIN,Finland,1993,7.49572992324829
FJI,Fiji,1993,
FRA,France,1993,5.46441984176636
FRO,Faroe Islands,1993,
FSM,"Micronesia, Fed. Sts.",1993,
GAB,Gabon,1993,
GBR,United Kingdom,1993,
GEO,Georgia,1993,
GHA,Ghana,1993,
GIB,Gibraltar,1993,
GIN,Guinea,1993,1.43233001232147
GMB,"Gambia, The",1993,
GNB,Guinea-Bissau,1993,
GNQ,Equatorial Guinea,1993,
GRC,Greece,1993,
GRD,Grenada,1993,
GRL,Greenland,1993,
GTM,Guatemala,1993,1.66575002670288
GUM,Guam,1993,
GUY,Guyana,1993,
HKG,"Hong Kong SAR, China",1993,
HND,Honduras,1993,
HRV,Croatia,1993,
HTI,Haiti,1993,
HUN,Hungary,1993,5.90029001235962
IDB,IDA blend,1993,
IDN,Indonesia,1993,
IMN,Isle of Man,1993,
IND,India,1993,
IRL,Ireland,1993,5.11556005477905
IRN,"Iran, Islamic Rep.",1993,4.31462001800537
IRQ,Iraq,1993,
ISL,Iceland,1993,5.14158010482788
ISR,Israel,1993,5.66681003570557
ITA,Italy,1993,4.72301006317139
JAM,Jamaica,1993,3.21403002738953
JOR,Jordan,1993,
JPN,Japan,1993,3.36711001396179
KAZ,Kazakhstan,1993,
KEN,Kenya,1993,6.02913999557495
KGZ,Kyrgyz Republic,1993,
KHM,Cambodia,1993,
KIR,Kiribati,1993,
KNA,St. Kitts and Nevis,1993,
KOR,"Korea, Rep.",1993,3.57816004753113
KWT,Kuwait,1993,
LAO,Lao PDR,1993,
LBN,Lebanon,1993,1.66653001308441
LBR,Liberia,1993,
LBY,Libya,1993,
LCA,St. Lucia,1993,
LCN,Latin America & Caribbean,1993,
LIE,Liechtenstein,1993,
LKA,Sri Lanka,1993,
LSO,Lesotho,1993,8.57703018188477
LTE,Late-demographic dividend,1993,
LTU,Lithuania,1993,3.91314005851746
LUX,Luxembourg,1993,
LVA,Latvia,1993,
MAC,"Macao SAR, China",1993,
MAF,St. Martin (French part),1993,
MAR,Morocco,1993,4.82497978210449
MCO,Monaco,1993,
MDA,Moldova,1993,
MDG,Madagascar,1993,1.77546000480652
MDV,Maldives,1993,
MEX,Mexico,1993,
MHL,Marshall Islands,1993,
MKD,North Macedonia,1993,4.63056993484497
MLI,Mali,1993,
MLT,Malta,1993,
MMR,Myanmar,1993,
MNE,Montenegro,1993,
MNG,Mongolia,1993,
MNP,Northern Mariana Islands,1993,
MOZ,Mozambique,1993,
MRT,Mauritania,1993,
MUS,Mauritius,1993,
MWI,Malawi,1993,
MYS,Malaysia,1993,4.65463018417358
NAM,Namibia,1993,
NCL,New Caledonia,1993,
NER,Niger,1993,2.06511998176575
NGA,Nigeria,1993,
NIC,Nicaragua,1993,
NLD,Netherlands,1993,4.74960994720459
NOR,Norway,1993,7.6766300201416
NPL,Nepal,1993,
NRU,Nauru,1993,
NZL,New Zealand,1993,
OMN,Oman,1993,3.07992005348206
PAK,Pakistan,1993,2.38643002510071
PAN,Panama,1993,
PER,Peru,1993,
PHL,Philippines,1993,
PLW,Palau,1993,
PNG,Papua New Guinea,1993,
POL,Poland,1993,4.1827597618103
PRI,Puerto Rico (US),1993,
PRK,"Korea, Dem. People's Rep.",1993,
PRT,Portugal,1993,4.84095001220703
PRY,Paraguay,1993,
PSE,West Bank and Gaza,1993,
PYF,French Polynesia,1993,
QAT,Qatar,1993,
ROU,Romania,1993,
RUS,Russia,1993,
RWA,Rwanda,1993,
SAU,Saudi Arabia,1993,5.99928998947144
SDN,Sudan,1993,
SEN,Senegal,1993,
SGP,Singapore,1993,
SLB,Solomon Islands,1993,
SLE,Sierra Leone,1993,
SLV,El Salvador,1993,
SMR,San Marino,1993,
SOM,"Somalia, Fed. Rep.",1993,
SRB,Serbia,1993,
SSD,South Sudan,1993,
STP,Sao Tome and Principe,1993,
SUR,Suriname,1993,
SVK,Slovak Republic,1993,4.3918399810791
SVN,Slovenia,1993,4.9570198059082
SWE,Sweden,1993,5.51494979858398
SWZ,Eswatini,1993,
SXM,Sint Maarten (Dutch part),1993,
SYC,Seychelles,1993,
SYR,Syrian Arab Republic,1993,
TCA,Turks and Caicos Islands,1993,
TCD,Chad,1993,
TGO,Togo,1993,
THA,Thailand,1993,
TJK,Tajikistan,1993,8.18558979034424
TKM,Turkmenistan,1993,
TLS,Timor-Leste,1993,
TON,Tonga,1993,
TTO,Trinidad and Tobago,1993,
TUN,Tunisia,1993,5.98376989364624
TUR,Turkiye,1993,3.36546993255615
TUV,Tuvalu,1993,
TZA,Tanzania,1993,
UGA,Uganda,1993,
UKR,Ukraine,1993,
URY,Uruguay,1993,
USA,United States,1993,
UZB,Uzbekistan,1993,
VCT,St. Vincent and the Grenadines,1993,
VEN,"Venezuela, RB",1993,3.81783008575439
VGB,British Virgin Islands,1993,
VIR,Virgin Islands (U.S.),1993,
VNM,Viet Nam,1993,
VUT,Vanuatu,1993,
WSM,Samoa,1993,
XKX,Kosovo,1993,
YEM,"Yemen, Rep.",1993,
ZAF,South Africa,1993,5.38889980316162
ZMB,Zambia,1993,1.94208002090454
ZWE,Zimbabwe,1993,
ABW,Aruba,1994,
AFE,Africa Eastern and Southern,1994,
AFG,Afghanistan,1994,
AFW,Africa Western and Central,1994,
AGO,Angola,1994,
ALB,Albania,1994,3.44697999954224
AND,Andorra,1994,
ARE,United Arab Emirates,1994,
ARG,Argentina,1994,
ARM,Armenia,1994,
ASM,American Samoa,1994,
ATG,Antigua and Barbuda,1994,
AUS,Australia,1994,5.24482011795044
AUT,Austria,1994,
AZE,Azerbaijan,1994,
BDI,Burundi,1994,4.565269947052
BEL,Belgium,1994,5.41103982925415
BEN,Benin,1994,
BFA,Burkina Faso,1994,3.45110988616943
BGD,Bangladesh,1994,
BGR,Bulgaria,1994,4.1706600189209
BHR,Bahrain,1994,
BHS,"Bahamas, The",1994,
BIH,Bosnia and Herzegovina,1994,
BLR,Belarus,1994,
BLZ,Belize,1994,
BMU,Bermuda,1994,
BOL,Bolivia,1994,
BRA,Brazil,1994,
BRB,Barbados,1994,
BRN,Brunei Darussalam,1994,
BTN,Bhutan,1994,
BWA,Botswana,1994,
CAF,Central African Republic,1994,
CAN,Canada,1994,6.65829992294312
CHE,Switzerland,1994,4.90888977050781
CHI,Channel Islands,1994,
CHL,Chile,1994,2.49258995056152
CHN,China,1994,1.97658002376556
CIV,Cote d'Ivoire,1994,4.78869009017944
CMR,Cameroon,1994,
COD,"Congo, Dem. Rep.",1994,
COG,"Congo, Rep.",1994,6.37311983108521
COL,Colombia,1994,
COM,Comoros,1994,
CPV,Cabo Verde,1994,
CRI,Costa Rica,1994,
CUB,Cuba,1994,5.61948013305664
CUW,Curacao,1994,
CYM,Cayman Islands,1994,
CYP,Cyprus,1994,4.15996980667114
CZE,Czechia,1994,4.61730003356934
DEU,Germany,1994,4.31664991378784
DJI,Djibouti,1994,
DMA,Dominica,1994,
DNK,Denmark,1994,7.47797012329102
DOM,Dominican Republic,1994,0.893369972705841
DZA,Algeria,1994,
EAR,Early-demographic dividend,1994,
ECS,Europe & Central Asia,1994,4.76287984848022
ECU,Ecuador,1994,
EGY,"Egypt, Arab Rep.",1994,4.58375978469849
ERI,Eritrea,1994,
ESP,Spain,1994,4.48788022994995
EST,Estonia,1994,5.49428987503052
ETH,Ethiopia,1994,
FIN,Finland,1994,6.86486005783081
FJI,Fiji,1994,
FRA,France,1994,5.65956020355225
FRO,Faroe Islands,1994,
FSM,"Micronesia, Fed. Sts.",1994,
GAB,Gabon,1994,
GBR,United Kingdom,1994,4.850830078125
GEO,Georgia,1994,6.91565990447998
GHA,Ghana,1994,
GIB,Gibraltar,1994,
GIN,Guinea,1994,
GMB,"Gambia, The",1994,
GNB,Guinea-Bissau,1994,
GNQ,Equatorial Guinea,1994,
GRC,Greece,1994,
GRD,Grenada,1994,
GRL,Greenland,1994,
GTM,Guatemala,1994,1.43998003005981
GUM,Guam,1994,
GUY,Guyana,1994,3.72445011138916
HKG,"Hong Kong SAR, China",1994,
HND,Honduras,1994,2.51263999938965
HRV,Croatia,1994,
HTI,Haiti,1994,
HUN,Hungary,1994,5.81584978103638
IDB,IDA blend,1994,
IDN,Indonesia,1994,0.998549997806549
IMN,Isle of Man,1994,
IND,India,1994,
IRL,Ireland,1994,5.18871021270752
IRN,"Iran, Islamic Rep.",1994,
IRQ,Iraq,1994,
ISL,Iceland,1994,4.75557994842529
ISR,Israel,1994,6.1260199546814
ITA,Italy,1994,4.42311000823975
JAM,Jamaica,1994,4.06418991088867
JOR,Jordan,1994,
JPN,Japan,1994,3.5693199634552
KAZ,Kazakhstan,1994,
KEN,Kenya,1994,5.92402982711792
KGZ,Kyrgyz Republic,1994,5.58819007873535
KHM,Cambodia,1994,
KIR,Kiribati,1994,
KNA,St. Kitts and Nevis,1994,
KOR,"Korea, Rep.",1994,2.92028999328613
KWT,Kuwait,1994,
LAO,Lao PDR,1994,
LBN,Lebanon,1994,1.93125998973846
LBR,Liberia,1994,
LBY,Libya,1994,
LCA,St. Lucia,1994,6.53238010406494
LCN,Latin America & Caribbean,1994,
LIE,Liechtenstein,1994,
LKA,Sri Lanka,1994,3.10853004455566
LSO,Lesotho,1994,7.02543020248413
LTE,Late-demographic dividend,1994,
LTU,Lithuania,1994,4.76287984848022
LUX,Luxembourg,1994,
LVA,Latvia,1994,
MAC,"Macao SAR, China",1994,
MAF,St. Martin (French part),1994,
MAR,Morocco,1994,
MCO,Monaco,1994,
MDA,Moldova,1994,
MDG,Madagascar,1994,
MDV,Maldives,1994,
MEX,Mexico,1994,3.47706007957458
MHL,Marshall Islands,1994,
MKD,North Macedonia,1994,4.52628993988037
MLI,Mali,1994,
MLT,Malta,1994,
MMR,Myanmar,1994,
MNE,Montenegro,1994,
MNG,Mongolia,1994,
MNP,Northern Mariana Islands,1994,
MOZ,Mozambique,1994,
MRT,Mauritania,1994,
MUS,Mauritius,1994,
MWI,Malawi,1994,
MYS,Malaysia,1994,4.70528984069824
NAM,Namibia,1994,
NCL,New Caledonia,1994,
NER,Niger,1994,2.26538991928101
NGA,Nigeria,1994,
NIC,Nicaragua,1994,
NLD,Netherlands,1994,4.65639019012451
NOR,Norway,1994,7.83044004440308
NPL,Nepal,1994,
NRU,Nauru,1994,
NZL,New Zealand,1994,5.92605018615723
OMN,Oman,1994,3.0239999294281
PAK,Pakistan,1994,2.58930993080139
PAN,Panama,1994,3.47054004669189
PER,Peru,1994,
PHL,Philippines,1994,
PLW,Palau,1994,
PNG,Papua New Guinea,1994,
POL,Poland,1994,
PRI,Puerto Rico (US),1994,
PRK,"Korea, Dem. People's Rep.",1994,
PRT,Portugal,1994,4.67129993438721
PRY,Paraguay,1994,
PSE,West Bank and Gaza,1994,
PYF,French Polynesia,1994,
QAT,Qatar,1994,
ROU,Romania,1994,
RUS,Russia,1994,
RWA,Rwanda,1994,
SAU,Saudi Arabia,1994,6.34382009506226
SDN,Sudan,1994,
SEN,Senegal,1994,
SGP,Singapore,1994,
SLB,Solomon Islands,1994,
SLE,Sierra Leone,1994,
SLV,El Salvador,1994,
SMR,San Marino,1994,
SOM,"Somalia, Fed. Rep.",1994,
SRB,Serbia,1994,
SSD,South Sudan,1994,
STP,Sao Tome and Principe,1994,
SUR,Suriname,1994,
SVK,Slovak Republic,1994,3.66429996490479
SVN,Slovenia,1994,4.69971990585327
SWE,Sweden,1994,
SWZ,Eswatini,1994,5.14028978347778
SXM,Sint Maarten (Dutch part),1994,
SYC,Seychelles,1994,8.47928047180176
SYR,Syrian Arab Republic,1994,
TCA,Turks and Caicos Islands,1994,
TCD,Chad,1994,
TGO,Togo,1994,
THA,Thailand,1994,3.4052300453186
TJK,Tajikistan,1994,
TKM,Turkmenistan,1994,
TLS,Timor-Leste,1994,
TON,Tonga,1994,
TTO,Trinidad and Tobago,1994,3.43180990219116
TUN,Tunisia,1994,6.17646980285645
TUR,Turkiye,1994,3.42482995986939
TUV,Tuvalu,1994,
TZA,Tanzania,1994,
UGA,Uganda,1994,
UKR,Ukraine,1994,
URY,Uruguay,1994,2.27171993255615
USA,United States,1994,
UZB,Uzbekistan,1994,
VCT,St. Vincent and the Grenadines,1994,
VEN,"Venezuela, RB",1994,5.00603008270264
VGB,British Virgin Islands,1994,
VIR,Virgin Islands (U.S.),1994,
VNM,Viet Nam,1994,
VUT,Vanuatu,1994,4.11687994003296
WSM,Samoa,1994,
XKX,Kosovo,1994,
YEM,"Yemen, Rep.",1994,
ZAF,South Africa,1994,5.29778003692627
ZMB,Zambia,1994,1.79351997375488
ZWE,Zimbabwe,1994,
ABW,Aruba,1995,
AFE,Africa Eastern and Southern,1995,
AFG,Afghanistan,1995,
AFW,Africa Western and Central,1995,
AGO,Angola,1995,
ALB,Albania,1995,3.14191007614136
AND,Andorra,1995,
ARE,United Arab Emirates,1995,
ARG,Argentina,1995,
ARM,Armenia,1995,
ASM,American Samoa,1995,
ATG,Antigua and Barbuda,1995,
AUS,Australia,1995,
AUT,Austria,1995,5.44969987869263
AZE,Azerbaijan,1995,3.33736991882324
BDI,Burundi,1995,5.01511001586914
BEL,Belgium,1995,2.98866009712219
BEN,Benin,1995,
BFA,Burkina Faso,1995,
BGD,Bangladesh,1995,
BGR,Bulgaria,1995,2.37207007408142
BHR,Bahrain,1995,
BHS,"Bahamas, The",1995,
BIH,Bosnia and Herzegovina,1995,
BLR,Belarus,1995,
BLZ,Belize,1995,
BMU,Bermuda,1995,
BOL,Bolivia,1995,
BRA,Brazil,1995,4.56816005706787
BRB,Barbados,1995,
BRN,Brunei Darussalam,1995,
BTN,Bhutan,1995,
BWA,Botswana,1995,
CAF,Central African Republic,1995,
CAN,Canada,1995,6.30476999282837
CHE,Switzerland,1995,4.9128999710083
CHI,Channel Islands,1995,
CHL,Chile,1995,2.55165004730225
CHN,China,1995,1.83266997337341
CIV,Cote d'Ivoire,1995,4.3014497756958
CMR,Cameroon,1995,
COD,"Congo, Dem. Rep.",1995,
COG,"Congo, Rep.",1995,4.91033983230591
COL,Colombia,1995,
COM,Comoros,1995,
CPV,Cabo Verde,1995,
CRI,Costa Rica,1995,3.35273003578186
CUB,Cuba,1995,
CUW,Curacao,1995,
CYM,Cayman Islands,1995,
CYP,Cyprus,1995,3.74123001098633
CZE,Czechia,1995,4.48584985733032
DEU,Germany,1995,4.41835021972656
DJI,Djibouti,1995,
DMA,Dominica,1995,
DNK,Denmark,1995,7.4773998260498
DOM,Dominican Republic,1995,1.03330004215241
DZA,Algeria,1995,
EAR,Early-demographic dividend,1995,
ECS,Europe & Central Asia,1995,4.5927300453186
ECU,Ecuador,1995,1.99764001369476
EGY,"Egypt, Arab Rep.",1995,4.60400009155273
ERI,Eritrea,1995,
ESP,Spain,1995,4.43779993057251
EST,Estonia,1995,5.89866018295288
ETH,Ethiopia,1995,
FIN,Finland,1995,6.81648015975952
FJI,Fiji,1995,
FRA,France,1995,5.8120698928833
FRO,Faroe Islands,1995,
FSM,"Micronesia, Fed. Sts.",1995,
GAB,Gabon,1995,
GBR,United Kingdom,1995,4.83926010131836
GEO,Georgia,1995,
GHA,Ghana,1995,
GIB,Gibraltar,1995,
GIN,Guinea,1995,
GMB,"Gambia, The",1995,2.55356001853943
GNB,Guinea-Bissau,1995,
GNQ,Equatorial Guinea,1995,
GRC,Greece,1995,
GRD,Grenada,1995,
GRL,Greenland,1995,
GTM,Guatemala,1995,1.60479998588562
GUM,Guam,1995,
GUY,Guyana,1995,3.60933995246887
HKG,"Hong Kong SAR, China",1995,
HND,Honduras,1995,2.61744999885559
HRV,Croatia,1995,
HTI,Haiti,1995,
HUN,Hungary,1995,4.8316798210144
IDB,IDA blend,1995,
IDN,Indonesia,1995,1.00434994697571
IMN,Isle of Man,1995,
IND,India,1995,
IRL,Ireland,1995,4.87162017822266
IRN,"Iran, Islamic Rep.",1995,4.08178997039795
IRQ,Iraq,1995,
ISL,Iceland,1995,4.78062009811401
ISR,Israel,1995,
ITA,Italy,1995,4.3087100982666
JAM,Jamaica,1995,3.38908004760742
JOR,Jordan,1995,
JPN,Japan,1995,3.40211009979248
KAZ,Kazakhstan,1995,4.0344500541687
KEN,Kenya,1995,
KGZ,Kyrgyz Republic,1995,6.15642976760864
KHM,Cambodia,1995,
KIR,Kiribati,1995,
KNA,St. Kitts and Nevis,1995,2.57641005516052
KOR,"Korea, Rep.",1995,2.83677005767822
KWT,Kuwait,1995,
LAO,Lao PDR,1995,
LBN,Lebanon,1995,2.22462010383606
LBR,Liberia,1995,
LBY,Libya,1995,
LCA,St. Lucia,1995,
LCN,Latin America & Caribbean,1995,2.98509001731872
LIE,Liechtenstein,1995,
LKA,Sri Lanka,1995,2.95760011672974
LSO,Lesotho,1995,8.64097023010254
LTE,Late-demographic dividend,1995,3.55854988098144
LTU,Lithuania,1995,4.73458003997803
LUX,Luxembourg,1995,3.65909004211426
LVA,Latvia,1995,
MAC,"Macao SAR, China",1995,
MAF,St. Martin (French part),1995,
MAR,Morocco,1995,4.73479986190796
MCO,Monaco,1995,1.06456005573273
MDA,Moldova,1995,
MDG,Madagascar,1995,
MDV,Maldives,1995,
MEX,Mexico,1995,3.49746990203857
MHL,Marshall Islands,1995,
MKD,North Macedonia,1995,4.27123022079468
MLI,Mali,1995,
MLT,Malta,1995,
MMR,Myanmar,1995,1.20247995853424
MNE,Montenegro,1995,
MNG,Mongolia,1995,
MNP,Northern Mariana Islands,1995,
MOZ,Mozambique,1995,
MRT,Mauritania,1995,
MUS,Mauritius,1995,
MWI,Malawi,1995,2.75467991828919
MYS,Malaysia,1995,4.3425498008728
NAM,Namibia,1995,
NCL,New Caledonia,1995,
NER,Niger,1995,2.32975006103516
NGA,Nigeria,1995,
NIC,Nicaragua,1995,
NLD,Netherlands,1995,4.57215023040771
NOR,Norway,1995,7.69568014144897
NPL,Nepal,1995,
NRU,Nauru,1995,
NZL,New Zealand,1995,5.74212980270386
OMN,Oman,1995,2.99651002883911
PAK,Pakistan,1995,2.79531002044678
PAN,Panama,1995,3.94780993461609
PER,Peru,1995,
PHL,Philippines,1995,2.66400003433227
PLW,Palau,1995,
PNG,Papua New Guinea,1995,
POL,Poland,1995,4.31374979019165
PRI,Puerto Rico (US),1995,
PRK,"Korea, Dem. People's Rep.",1995,
PRT,Portugal,1995,4.61330986022949
PRY,Paraguay,1995,
PSE,West Bank and Gaza,1995,
PYF,French Polynesia,1995,
QAT,Qatar,1995,
ROU,Romania,1995,
RUS,Russia,1995,
RWA,Rwanda,1995,
SAU,Saudi Arabia,1995,5.69247007369995
SDN,Sudan,1995,
SEN,Senegal,1995,
SGP,Singapore,1995,
SLB,Solomon Islands,1995,
SLE,Sierra Leone,1995,
SLV,El Salvador,1995,
SMR,San Marino,1995,
SOM,"Somalia, Fed. Rep.",1995,
SRB,Serbia,1995,
SSD,South Sudan,1995,
STP,Sao Tome and Principe,1995,
SUR,Suriname,1995,
SVK,Slovak Republic,1995,4.24178981781006
SVN,Slovenia,1995,4.90210008621216
SWE,Sweden,1995,6.15396022796631
SWZ,Eswatini,1995,5.6531400680542
SXM,Sint Maarten (Dutch part),1995,
SYC,Seychelles,1995,7.24050998687744
SYR,Syrian Arab Republic,1995,
TCA,Turks and Caicos Islands,1995,
TCD,Chad,1995,
TGO,Togo,1995,
THA,Thailand,1995,3.14497995376587
TJK,Tajikistan,1995,2.06590008735657
TKM,Turkmenistan,1995,
TLS,Timor-Leste,1995,
TON,Tonga,1995,
TTO,Trinidad and Tobago,1995,3.55854988098144
TUN,Tunisia,1995,6.42975997924805
TUR,Turkiye,1995,2.2511100769043
TUV,Tuvalu,1995,
TZA,Tanzania,1995,
UGA,Uganda,1995,
UKR,Ukraine,1995,
URY,Uruguay,1995,2.521399974823
USA,United States,1995,
UZB,Uzbekistan,1995,
VCT,St. Vincent and the Grenadines,1995,
VEN,"Venezuela, RB",1995,
VGB,British Virgin Islands,1995,
VIR,Virgin Islands (U.S.),1995,
VNM,Viet Nam,1995,
VUT,Vanuatu,1995,
WSM,Samoa,1995,
XKX,Kosovo,1995,
YEM,"Yemen, Rep.",1995,
ZAF,South Africa,1995,
ZMB,Zambia,1995,1.83852994441986
ZWE,Zimbabwe,1995,
ABW,Aruba,1996,
AFE,Africa Eastern and Southern,1996,
AFG,Afghanistan,1996,
AFW,Africa Western and Central,1996,
AGO,Angola,1996,
ALB,Albania,1996,3.05029988288879
AND,Andorra,1996,
ARE,United Arab Emirates,1996,
ARG,Argentina,1996,3.73198008537292
ARM,Armenia,1996,1.84843003749847
ASM,American Samoa,1996,
ATG,Antigua and Barbuda,1996,
AUS,Australia,1996,
AUT,Austria,1996,5.28883981704712
AZE,Azerbaijan,1996,3.51256990432739
BDI,Burundi,1996,4.08324003219604
BEL,Belgium,1996,3.04948997497559
BEN,Benin,1996,
BFA,Burkina Faso,1996,1.44026005268097
BGD,Bangladesh,1996,
BGR,Bulgaria,1996,2.23007988929748
BHR,Bahrain,1996,
BHS,"Bahamas, The",1996,
BIH,Bosnia and Herzegovina,1996,
BLR,Belarus,1996,
BLZ,Belize,1996,
BMU,Bermuda,1996,
BOL,Bolivia,1996,
BRA,Brazil,1996,
BRB,Barbados,1996,
BRN,Brunei Darussalam,1996,
BTN,Bhutan,1996,
BWA,Botswana,1996,
CAF,Central African Republic,1996,
CAN,Canada,1996,
CHE,Switzerland,1996,4.92260980606079
CHI,Channel Islands,1996,
CHL,Chile,1996,2.77720999717712
CHN,China,1996,1.84320998191833
CIV,Cote d'Ivoire,1996,2.72476005554199
CMR,Cameroon,1996,
COD,"Congo, Dem. Rep.",1996,
COG,"Congo, Rep.",1996,
COL,Colombia,1996,
COM,Comoros,1996,
CPV,Cabo Verde,1996,
CRI,Costa Rica,1996,3.89071011543274
CUB,Cuba,1996,
CUW,Curacao,1996,
CYM,Cayman Islands,1996,
CYP,Cyprus,1996,
CZE,Czechia,1996,4.2188401222229
DEU,Germany,1996,4.47798013687134
DJI,Djibouti,1996,
DMA,Dominica,1996,
DNK,Denmark,1996,7.89128017425537
DOM,Dominican Republic,1996,1.22724997997284
DZA,Algeria,1996,
EAR,Early-demographic dividend,1996,
ECS,Europe & Central Asia,1996,4.48169016838074
ECU,Ecuador,1996,
EGY,"Egypt, Arab Rep.",1996,4.67156982421875
ERI,Eritrea,1996,1.63855004310608
ESP,Spain,1996,4.45979976654053
EST,Estonia,1996,6.0549201965332
ETH,Ethiopia,1996,2.70707988739014
FIN,Finland,1996,6.86610984802246
FJI,Fiji,1996,
FRA,France,1996,5.78116989135742
FRO,Faroe Islands,1996,
FSM,"Micronesia, Fed. Sts.",1996,
GAB,Gabon,1996,
GBR,United Kingdom,1996,4.37826013565063
GEO,Georgia,1996,
GHA,Ghana,1996,
GIB,Gibraltar,1996,
GIN,Guinea,1996,
GMB,"Gambia, The",1996,2.56627988815308
GNB,Guinea-Bissau,1996,
GNQ,Equatorial Guinea,1996,
GRC,Greece,1996,
GRD,Grenada,1996,
GRL,Greenland,1996,
GTM,Guatemala,1996,1.56369996070862
GUM,Guam,1996,
GUY,Guyana,1996,
HKG,"Hong Kong SAR, China",1996,2.72830009460449
HND,Honduras,1996,
HRV,Croatia,1996,
HTI,Haiti,1996,
HUN,Hungary,1996,4.31855010986328
IDB,IDA blend,1996,
IDN,Indonesia,1996,1.07854998111725
IMN,Isle of Man,1996,
IND,India,1996,
IRL,Ireland,1996,4.75392007827759
IRN,"Iran, Islamic Rep.",1996,3.53777003288269
IRQ,Iraq,1996,
ISL,Iceland,1996,5.21834993362427
ISR,Israel,1996,
ITA,Italy,1996,4.43967008590698
JAM,Jamaica,1996,3.67773008346558
JOR,Jordan,1996,7.47691011428833
JPN,Japan,1996,
KAZ,Kazakhstan,1996,3.92371010780335
KEN,Kenya,1996,
KGZ,Kyrgyz Republic,1996,4.90260982513428
KHM,Cambodia,1996,
KIR,Kiribati,1996,
KNA,St. Kitts and Nevis,1996,
KOR,"Korea, Rep.",1996,
KWT,Kuwait,1996,5.85961008071899
LAO,Lao PDR,1996,2.42974996566773
LBN,Lebanon,1996,2.0846700668335
LBR,Liberia,1996,
LBY,Libya,1996,
LCA,St. Lucia,1996,
LCN,Latin America & Caribbean,1996,
LIE,Liechtenstein,1996,
LKA,Sri Lanka,1996,3.34360003471375
LSO,Lesotho,1996,
LTE,Late-demographic dividend,1996,3.78422009944916
LTU,Lithuania,1996,4.81781005859375
LUX,Luxembourg,1996,3.47681999206543
LVA,Latvia,1996,5.41694021224976
MAC,"Macao SAR, China",1996,
MAF,St. Martin (French part),1996,
MAR,Morocco,1996,
MCO,Monaco,1996,1.08222997188568
MDA,Moldova,1996,9.89663982391357
MDG,Madagascar,1996,
MDV,Maldives,1996,
MEX,Mexico,1996,
MHL,Marshall Islands,1996,
MKD,North Macedonia,1996,4.30311012268066
MLI,Mali,1996,
MLT,Malta,1996,
MMR,Myanmar,1996,
MNE,Montenegro,1996,
MNG,Mongolia,1996,
MNP,Northern Mariana Islands,1996,
MOZ,Mozambique,1996,
MRT,Mauritania,1996,
MUS,Mauritius,1996,
MWI,Malawi,1996,3.69773006439209
MYS,Malaysia,1996,4.91384983062744
NAM,Namibia,1996,
NCL,New Caledonia,1996,
NER,Niger,1996,2.14417004585266
NGA,Nigeria,1996,
NIC,Nicaragua,1996,
NLD,Netherlands,1996,4.48540019989014
NOR,Norway,1996,7.13806009292603
NPL,Nepal,1996,
NRU,Nauru,1996,
NZL,New Zealand,1996,6.38371992111206
OMN,Oman,1996,2.79576992988586
PAK,Pakistan,1996,2.81057000160217
PAN,Panama,1996,4.39390993118286
PER,Peru,1996,3.11879992485046
PHL,Philippines,1996,2.94357991218567
PLW,Palau,1996,
PNG,Papua New Guinea,1996,
POL,Poland,1996,6.23327016830444
PRI,Puerto Rico (US),1996,
PRK,"Korea, Dem. People's Rep.",1996,
PRT,Portugal,1996,5.065110206604
PRY,Paraguay,1996,
PSE,West Bank and Gaza,1996,
PYF,French Polynesia,1996,
QAT,Qatar,1996,
ROU,Romania,1996,3.24121999740601
RUS,Russia,1996,
RWA,Rwanda,1996,
SAU,Saudi Arabia,1996,4.94373989105225
SDN,Sudan,1996,
SEN,Senegal,1996,
SGP,Singapore,1996,
SLB,Solomon Islands,1996,
SLE,Sierra Leone,1996,
SLV,El Salvador,1996,
SMR,San Marino,1996,
SOM,"Somalia, Fed. Rep.",1996,
SRB,Serbia,1996,
SSD,South Sudan,1996,
STP,Sao Tome and Principe,1996,
SUR,Suriname,1996,
SVK,Slovak Republic,1996,4.08450984954834
SVN,Slovenia,1996,
SWE,Sweden,1996,6.833740234375
SWZ,Eswatini,1996,4.93815994262695
SXM,Sint Maarten (Dutch part),1996,
SYC,Seychelles,1996,7.31149005889893
SYR,Syrian Arab Republic,1996,3.699049949646
TCA,Turks and Caicos Islands,1996,
TCD,Chad,1996,
TGO,Togo,1996,3.12452006340027
THA,Thailand,1996,3.49960994720459
TJK,Tajikistan,1996,2.04345011711121
TKM,Turkmenistan,1996,
TLS,Timor-Leste,1996,
TON,Tonga,1996,
TTO,Trinidad and Tobago,1996,3.24876999855042
TUN,Tunisia,1996,6.2878098487854
TUR,Turkiye,1996,
TUV,Tuvalu,1996,
TZA,Tanzania,1996,1.74416995048523
UGA,Uganda,1996,
UKR,Ukraine,1996,
URY,Uruguay,1996,2.86985993385315
USA,United States,1996,
UZB,Uzbekistan,1996,
VCT,St. Vincent and the Grenadines,1996,
VEN,"Venezuela, RB",1996,
VGB,British Virgin Islands,1996,
VIR,Virgin Islands (U.S.),1996,
VNM,Viet Nam,1996,
VUT,Vanuatu,1996,
WSM,Samoa,1996,
XKX,Kosovo,1996,
YEM,"Yemen, Rep.",1996,
ZAF,South Africa,1996,5.04734992980957
ZMB,Zambia,1996,
ZWE,Zimbabwe,1996,
ABW,Aruba,1997,
AFE,Africa Eastern and Southern,1997,
AFG,Afghanistan,1997,
AFW,Africa Western and Central,1997,
AGO,Angola,1997,
ALB,Albania,1997,3.3276801109314
AND,Andorra,1997,3.71327996253967
ARE,United Arab Emirates,1997,
ARG,Argentina,1997,
ARM,Armenia,1997,
ASM,American Samoa,1997,
ATG,Antigua and Barbuda,1997,
AUS,Australia,1997,
AUT,Austria,1997,
AZE,Azerbaijan,1997,
BDI,Burundi,1997,
BEL,Belgium,1997,
BEN,Benin,1997,
BFA,Burkina Faso,1997,
BGD,Bangladesh,1997,1.95247995853424
BGR,Bulgaria,1997,
BHR,Bahrain,1997,
BHS,"Bahamas, The",1997,
BIH,Bosnia and Herzegovina,1997,
BLR,Belarus,1997,
BLZ,Belize,1997,
BMU,Bermuda,1997,
BOL,Bolivia,1997,
BRA,Brazil,1997,
BRB,Barbados,1997,
BRN,Brunei Darussalam,1997,
BTN,Bhutan,1997,
BWA,Botswana,1997,
CAF,Central African Republic,1997,
CAN,Canada,1997,
CHE,Switzerland,1997,
CHI,Channel Islands,1997,
CHL,Chile,1997,2.98516988754273
CHN,China,1997,
CIV,Cote d'Ivoire,1997,2.61811995506287
CMR,Cameroon,1997,
COD,"Congo, Dem. Rep.",1997,
COG,"Congo, Rep.",1997,
COL,Colombia,1997,
COM,Comoros,1997,
CPV,Cabo Verde,1997,
CRI,Costa Rica,1997,
CUB,Cuba,1997,
CUW,Curacao,1997,
CYM,Cayman Islands,1997,
CYP,Cyprus,1997,
CZE,Czechia,1997,
DEU,Germany,1997,
DJI,Djibouti,1997,
DMA,Dominica,1997,
DNK,Denmark,1997,
DOM,Dominican Republic,1997,
DZA,Algeria,1997,
EAR,Early-demographic dividend,1997,
ECS,Europe & Central Asia,1997,
ECU,Ecuador,1997,
EGY,"Egypt, Arab Rep.",1997,
ERI,Eritrea,1997,
ESP,Spain,1997,
EST,Estonia,1997,6.33788013458252
ETH,Ethiopia,1997,2.69079995155335
FIN,Finland,1997,
FJI,Fiji,1997,
FRA,France,1997,
FRO,Faroe Islands,1997,
FSM,"Micronesia, Fed. Sts.",1997,
GAB,Gabon,1997,
GBR,United Kingdom,1997,
GEO,Georgia,1997,
GHA,Ghana,1997,
GIB,Gibraltar,1997,
GIN,Guinea,1997,
GMB,"Gambia, The",1997,
GNB,Guinea-Bissau,1997,
GNQ,Equatorial Guinea,1997,
GRC,Greece,1997,
GRD,Grenada,1997,
GRL,Greenland,1997,
GTM,Guatemala,1997,
GUM,Guam,1997,
GUY,Guyana,1997,
HKG,"Hong Kong SAR, China",1997,
HND,Honduras,1997,
HRV,Croatia,1997,
HTI,Haiti,1997,
HUN,Hungary,1997,
IDB,IDA blend,1997,
IDN,Indonesia,1997,1.07208001613617
IMN,Isle of Man,1997,
IND,India,1997,3.36137008666992
IRL,Ireland,1997,
IRN,"Iran, Islamic Rep.",1997,
IRQ,Iraq,1997,
ISL,Iceland,1997,
ISR,Israel,1997,
ITA,Italy,1997,
JAM,Jamaica,1997,4.37953996658325
JOR,Jordan,1997,6.36482000350952
JPN,Japan,1997,
KAZ,Kazakhstan,1997,4.37343978881836
KEN,Kenya,1997,
KGZ,Kyrgyz Republic,1997,
KHM,Cambodia,1997,
KIR,Kiribati,1997,
KNA,St. Kitts and Nevis,1997,
KOR,"Korea, Rep.",1997,
KWT,Kuwait,1997,5.5826301574707
LAO,Lao PDR,1997,2.13019990921021
LBN,Lebanon,1997,
LBR,Liberia,1997,
LBY,Libya,1997,
LCA,St. Lucia,1997,
LCN,Latin America & Caribbean,1997,
LIE,Liechtenstein,1997,
LKA,Sri Lanka,1997,
LSO,Lesotho,1997,11.3640098571777
LTE,Late-demographic dividend,1997,
LTU,Lithuania,1997,5.42383003234863
LUX,Luxembourg,1997,
LVA,Latvia,1997,5.66772985458374
MAC,"Macao SAR, China",1997,
MAF,St. Martin (French part),1997,
MAR,Morocco,1997,
MCO,Monaco,1997,1.21240997314453
MDA,Moldova,1997,
MDG,Madagascar,1997,1.53846001625061
MDV,Maldives,1997,
MEX,Mexico,1997,
MHL,Marshall Islands,1997,
MKD,North Macedonia,1997,
MLI,Mali,1997,
MLT,Malta,1997,
MMR,Myanmar,1997,
MNE,Montenegro,1997,
MNG,Mongolia,1997,3.948970079422
MNP,Northern Mariana Islands,1997,
MOZ,Mozambique,1997,
MRT,Mauritania,1997,1.58580005168915
MUS,Mauritius,1997,
MWI,Malawi,1997,
MYS,Malaysia,1997,4.62037992477417
NAM,Namibia,1997,
NCL,New Caledonia,1997,
NER,Niger,1997,
NGA,Nigeria,1997,
NIC,Nicaragua,1997,
NLD,Netherlands,1997,
NOR,Norway,1997,7.30343008041382
NPL,Nepal,1997,
NRU,Nauru,1997,
NZL,New Zealand,1997,6.15721988677979
OMN,Oman,1997,2.94700002670288
PAK,Pakistan,1997,3.02230000495911
PAN,Panama,1997,4.08364009857178
PER,Peru,1997,
PHL,Philippines,1997,3.07755994796753
PLW,Palau,1997,
PNG,Papua New Guinea,1997,
POL,Poland,1997,
PRI,Puerto Rico (US),1997,
PRK,"Korea, Dem. People's Rep.",1997,
PRT,Portugal,1997,
PRY,Paraguay,1997,
PSE,West Bank and Gaza,1997,
PYF,French Polynesia,1997,
QAT,Qatar,1997,
ROU,Romania,1997,
RUS,Russia,1997,
RWA,Rwanda,1997,
SAU,Saudi Arabia,1997,4.37706995010376
SDN,Sudan,1997,
SEN,Senegal,1997,
SGP,Singapore,1997,
SLB,Solomon Islands,1997,
SLE,Sierra Leone,1997,
SLV,El Salvador,1997,
SMR,San Marino,1997,
SOM,"Somalia, Fed. Rep.",1997,
SRB,Serbia,1997,
SSD,South Sudan,1997,
STP,Sao Tome and Principe,1997,
SUR,Suriname,1997,
SVK,Slovak Republic,1997,4.10179996490479
SVN,Slovenia,1997,
SWE,Sweden,1997,
SWZ,Eswatini,1997,
SXM,Sint Maarten (Dutch part),1997,
SYC,Seychelles,1997,
SYR,Syrian Arab Republic,1997,
TCA,Turks and Caicos Islands,1997,
TCD,Chad,1997,2.27335000038147
TGO,Togo,1997,
THA,Thailand,1997,4.57718992233276
TJK,Tajikistan,1997,
TKM,Turkmenistan,1997,
TLS,Timor-Leste,1997,
TON,Tonga,1997,
TTO,Trinidad and Tobago,1997,3.3252100944519
TUN,Tunisia,1997,6.67902994155884
TUR,Turkiye,1997,
TUV,Tuvalu,1997,3.45019006729126
TZA,Tanzania,1997,1.69306004047394
UGA,Uganda,1997,
UKR,Ukraine,1997,5.45600986480713
URY,Uruguay,1997,
USA,United States,1997,
UZB,Uzbekistan,1997,
VCT,St. Vincent and the Grenadines,1997,
VEN,"Venezuela, RB",1997,
VGB,British Virgin Islands,1997,
VIR,Virgin Islands (U.S.),1997,
VNM,Viet Nam,1997,
VUT,Vanuatu,1997,
WSM,Samoa,1997,
XKX,Kosovo,1997,
YEM,"Yemen, Rep.",1997,
ZAF,South Africa,1997,
ZMB,Zambia,1997,
ZWE,Zimbabwe,1997,
ABW,Aruba,1998,4.76316022872925
AFE,Africa Eastern and Southern,1998,
AFG,Afghanistan,1998,
AFW,Africa Western and Central,1998,
AGO,Angola,1998,2.56712007522583
ALB,Albania,1998,3.46300005912781
AND,Andorra,1998,
ARE,United Arab Emirates,1998,
ARG,Argentina,1998,4.03986978530884
ARM,Armenia,1998,
ASM,American Samoa,1998,
ATG,Antigua and Barbuda,1998,
AUS,Australia,1998,
AUT,Austria,1998,6.13726997375488
AZE,Azerbaijan,1998,3.38001990318298
BDI,Burundi,1998,
BEL,Belgium,1998,
BEN,Benin,1998,2.74787998199463
BFA,Burkina Faso,1998,
BGD,Bangladesh,1998,
BGR,Bulgaria,1998,2.73942995071411
BHR,Bahrain,1998,
BHS,"Bahamas, The",1998,
BIH,Bosnia and Herzegovina,1998,
BLR,Belarus,1998,
BLZ,Belize,1998,
BMU,Bermuda,1998,2.15227007865906
BOL,Bolivia,1998,
BRA,Brazil,1998,4.75666999816895
BRB,Barbados,1998,
BRN,Brunei Darussalam,1998,3.83446002006531
BTN,Bhutan,1998,
BWA,Botswana,1998,
CAF,Central African Republic,1998,
CAN,Canada,1998,5.49377012252808
CHE,Switzerland,1998,4.75152015686035
CHI,Channel Islands,1998,
CHL,Chile,1998,3.32312989234924
CHN,China,1998,1.82997000217438
CIV,Cote d'Ivoire,1998,2.4349799156189
CMR,Cameroon,1998,
COD,"Congo, Dem. Rep.",1998,
COG,"Congo, Rep.",1998,4.06827020645142
COL,Colombia,1998,3.92645001411438
COM,Comoros,1998,2.20135998725891
CPV,Cabo Verde,1998,6.39176988601685
CRI,Costa Rica,1998,
CUB,Cuba,1998,6.20873022079468
CUW,Curacao,1998,
CYM,Cayman Islands,1998,
CYP,Cyprus,1998,
CZE,Czechia,1998,3.55989003181458
DEU,Germany,1998,4.44445991516113
DJI,Djibouti,1998,
DMA,Dominica,1998,5.73984003067017
DNK,Denmark,1998,8.11200046539307
DOM,Dominican Republic,1998,
DZA,Algeria,1998,
EAR,Early-demographic dividend,1998,
ECS,Europe & Central Asia,1998,4.44445991516113
ECU,Ecuador,1998,2.19536995887756
EGY,"Egypt, Arab Rep.",1998,
ERI,Eritrea,1998,4.62058019638062
ESP,Spain,1998,4.29121017456055
EST,Estonia,1998,6.23536014556885
ETH,Ethiopia,1998,
FIN,Finland,1998,
FJI,Fiji,1998,5.52470016479492
FRA,France,1998,5.71147012710571
FRO,Faroe Islands,1998,
FSM,"Micronesia, Fed. Sts.",1998,
GAB,Gabon,1998,3.41966009140015
GBR,United Kingdom,1998,4.20707988739014
GEO,Georgia,1998,2.10888004302979
GHA,Ghana,1998,
GIB,Gibraltar,1998,
GIN,Guinea,1998,
GMB,"Gambia, The",1998,
GNB,Guinea-Bissau,1998,
GNQ,Equatorial Guinea,1998,2.18796992301941
GRC,Greece,1998,2.9923300743103
GRD,Grenada,1998,
GRL,Greenland,1998,
GTM,Guatemala,1998,
GUM,Guam,1998,
GUY,Guyana,1998,
HKG,"Hong Kong SAR, China",1998,
HND,Honduras,1998,
HRV,Croatia,1998,
HTI,Haiti,1998,
HUN,Hungary,1998,4.40161991119385
IDB,IDA blend,1998,
IDN,Indonesia,1998,
IMN,Isle of Man,1998,
IND,India,1998,3.57257008552551
IRL,Ireland,1998,4.28753995895386
IRN,"Iran, Islamic Rep.",1998,
IRQ,Iraq,1998,
ISL,Iceland,1998,6.78383016586304
ISR,Israel,1998,6.40023994445801
ITA,Italy,1998,4.44093990325928
JAM,Jamaica,1998,
JOR,Jordan,1998,
JPN,Japan,1998,3.29797005653381
KAZ,Kazakhstan,1998,
KEN,Kenya,1998,
KGZ,Kyrgyz Republic,1998,4.91963005065918
KHM,Cambodia,1998,1.25907003879547
KIR,Kiribati,1998,
KNA,St. Kitts and Nevis,1998,4.02056980133057
KOR,"Korea, Rep.",1998,3.24974989891052
KWT,Kuwait,1998,
LAO,Lao PDR,1998,
LBN,Lebanon,1998,
LBR,Liberia,1998,
LBY,Libya,1998,
LCA,St. Lucia,1998,5.52894020080566
LCN,Latin America & Caribbean,1998,3.27817988395691
LIE,Liechtenstein,1998,
LKA,Sri Lanka,1998,3.05140995979309
LSO,Lesotho,1998,
LTE,Late-demographic dividend,1998,3.92645001411438
LTU,Lithuania,1998,6.08957004547119
LUX,Luxembourg,1998,
LVA,Latvia,1998,5.96775007247925
MAC,"Macao SAR, China",1998,3.35004997253418
MAF,St. Martin (French part),1998,
MAR,Morocco,1998,4.59940004348755
MCO,Monaco,1998,1.20881998538971
MDA,Moldova,1998,
MDG,Madagascar,1998,1.58879005908966
MDV,Maldives,1998,
MEX,Mexico,1998,3.17838001251221
MHL,Marshall Islands,1998,
MKD,North Macedonia,1998,
MLI,Mali,1998,2.64959001541138
MLT,Malta,1998,4.18536996841431
MMR,Myanmar,1998,
MNE,Montenegro,1998,
MNG,Mongolia,1998,5.49302005767822
MNP,Northern Mariana Islands,1998,
MOZ,Mozambique,1998,1.80137002468109
MRT,Mauritania,1998,
MUS,Mauritius,1998,
MWI,Malawi,1998,
MYS,Malaysia,1998,
NAM,Namibia,1998,
NCL,New Caledonia,1998,
NER,Niger,1998,
NGA,Nigeria,1998,
NIC,Nicaragua,1998,2.22585010528564
NLD,Netherlands,1998,4.53430986404419
NOR,Norway,1998,7.35761022567749
NPL,Nepal,1998,2.89287996292114
NRU,Nauru,1998,
NZL,New Zealand,1998,
OMN,Oman,1998,3.61026000976562
PAK,Pakistan,1998,
PAN,Panama,1998,
PER,Peru,1998,3.27817988395691
PHL,Philippines,1998,3.69745993614197
PLW,Palau,1998,
PNG,Papua New Guinea,1998,
POL,Poland,1998,4.92518997192383
PRI,Puerto Rico (US),1998,
PRK,"Korea, Dem. People's Rep.",1998,
PRT,Portugal,1998,
PRY,Paraguay,1998,4.19833993911743
PSE,West Bank and Gaza,1998,
PYF,French Polynesia,1998,
QAT,Qatar,1998,3.57767009735107
ROU,Romania,1998,
RUS,Russia,1998,
RWA,Rwanda,1998,
SAU,Saudi Arabia,1998,8.28131008148193
SDN,Sudan,1998,
SEN,Senegal,1998,2.47458004951477
SGP,Singapore,1998,
SLB,Solomon Islands,1998,2.31550002098083
SLE,Sierra Leone,1998,
SLV,El Salvador,1998,2.54725003242493
SMR,San Marino,1998,
SOM,"Somalia, Fed. Rep.",1998,
SRB,Serbia,1998,
SSD,South Sudan,1998,
STP,Sao Tome and Principe,1998,
SUR,Suriname,1998,
SVK,Slovak Republic,1998,
SVN,Slovenia,1998,
SWE,Sweden,1998,7.05913019180298
SWZ,Eswatini,1998,
SXM,Sint Maarten (Dutch part),1998,
SYC,Seychelles,1998,5.63179016113281
SYR,Syrian Arab Republic,1998,
TCA,Turks and Caicos Islands,1998,
TCD,Chad,1998,1.64903998374939
TGO,Togo,1998,2.82129001617432
THA,Thailand,1998,4.62569999694824
TJK,Tajikistan,1998,2.52849006652832
TKM,Turkmenistan,1998,
TLS,Timor-Leste,1998,
TON,Tonga,1998,5.51712989807129
TTO,Trinidad and Tobago,1998,2.43892002105713
TUN,Tunisia,1998,
TUR,Turkiye,1998,0.0
TUV,Tuvalu,1998,
TZA,Tanzania,1998,1.49838995933533
UGA,Uganda,1998,
UKR,Ukraine,1998,4.44884014129639
URY,Uruguay,1998,2.24337005615234
USA,United States,1998,
UZB,Uzbekistan,1998,
VCT,St. Vincent and the Grenadines,1998,4.03337001800537
VEN,"Venezuela, RB",1998,
VGB,British Virgin Islands,1998,
VIR,Virgin Islands (U.S.),1998,
VNM,Viet Nam,1998,
VUT,Vanuatu,1998,7.64104986190796
WSM,Samoa,1998,
XKX,Kosovo,1998,
YEM,"Yemen, Rep.",1998,
ZAF,South Africa,1998,
ZMB,Zambia,1998,2.11823010444641
ZWE,Zimbabwe,1998,
ABW,Aruba,1999,4.39526987075806
AFE,Africa Eastern and Southern,1999,3.88743996620178
AFG,Afghanistan,1999,
AFW,Africa Western and Central,1999,2.34582495689392
AGO,Angola,1999,
ALB,Albania,1999,3.51434993743896
AND,Andorra,1999,
ARE,United Arab Emirates,1999,
ARG,Argentina,1999,4.52167987823486
ARM,Armenia,1999,2.23517990112305
ASM,American Samoa,1999,
ATG,Antigua and Barbuda,1999,2.52540993690491
AUS,Australia,1999,
AUT,Austria,1999,6.13599014282227
AZE,Azerbaijan,1999,4.21214008331299
BDI,Burundi,1999,3.41744995117188
BEL,Belgium,1999,
BEN,Benin,1999,1.9219399690628
BFA,Burkina Faso,1999,
BGD,Bangladesh,1999,2.13281989097595
BGR,Bulgaria,1999,
BHR,Bahrain,1999,
BHS,"Bahamas, The",1999,
BIH,Bosnia and Herzegovina,1999,
BLR,Belarus,1999,6.00001001358032
BLZ,Belize,1999,4.0349497795105
BMU,Bermuda,1999,
BOL,Bolivia,1999,
BRA,Brazil,1999,3.80062007904053
BRB,Barbados,1999,4.34123992919922
BRN,Brunei Darussalam,1999,3.59609007835388
BTN,Bhutan,1999,
BWA,Botswana,1999,
CAF,Central African Republic,1999,1.69001996517181
CAN,Canada,1999,5.53079986572266
CHE,Switzerland,1999,4.75953006744385
CHI,Channel Islands,1999,
CHL,Chile,1999,3.7083899974823
CHN,China,1999,1.87120997905731
CIV,Cote d'Ivoire,1999,2.68528008460998
CMR,Cameroon,1999,
COD,"Congo, Dem. Rep.",1999,
COG,"Congo, Rep.",1999,
COL,Colombia,1999,4.44080018997192
COM,Comoros,1999,
CPV,Cabo Verde,1999,6.80168008804321
CRI,Costa Rica,1999,5.39436006546021
CUB,Cuba,1999,6.75523996353149
CUW,Curacao,1999,
CYM,Cayman Islands,1999,
CYP,Cyprus,1999,4.7720799446106
CZE,Czechia,1999,3.64439988136292
DEU,Germany,1999,
DJI,Djibouti,1999,7.62947988510132
DMA,Dominica,1999,4.02858018875122
DNK,Denmark,1999,7.93461990356445
DOM,Dominican Republic,1999,
DZA,Algeria,1999,
EAR,Early-demographic dividend,1999,4.11037015914917
ECS,Europe & Central Asia,1999,4.4996600151062
ECU,Ecuador,1999,1.54734003543854
EGY,"Egypt, Arab Rep.",1999,
ERI,Eritrea,1999,5.26281023025513
ESP,Spain,1999,4.26387977600098
EST,Estonia,1999,6.65249013900757
ETH,Ethiopia,1999,
FIN,Finland,1999,5.87123012542725
FJI,Fiji,1999,5.16864013671875
FRA,France,1999,
FRO,Faroe Islands,1999,
FSM,"Micronesia, Fed. Sts.",1999,6.42491006851196
GAB,Gabon,1999,3.08122992515564
GBR,United Kingdom,1999,3.988450050354
GEO,Georgia,1999,2.15512990951538
GHA,Ghana,1999,4.11037015914917
GIB,Gibraltar,1999,
GIN,Guinea,1999,1.61954998970032
GMB,"Gambia, The",1999,1.56512999534607
GNB,Guinea-Bissau,1999,2.03237009048462
GNQ,Equatorial Guinea,1999,
GRC,Greece,1999,3.14823007583618
GRD,Grenada,1999,
GRL,Greenland,1999,
GTM,Guatemala,1999,
GUM,Guam,1999,
GUY,Guyana,1999,8.56105995178223
HKG,"Hong Kong SAR, China",1999,
HND,Honduras,1999,
HRV,Croatia,1999,
HTI,Haiti,1999,
HUN,Hungary,1999,4.55900001525879
IDB,IDA blend,1999,
IDN,Indonesia,1999,
IMN,Isle of Man,1999,
IND,India,1999,4.41538000106812
IRL,Ireland,1999,4.13379001617432
IRN,"Iran, Islamic Rep.",1999,4.22040987014771
IRQ,Iraq,1999,
ISL,Iceland,1999,6.43401002883911
ISR,Israel,1999,6.1956000328064
ITA,Italy,1999,4.50165987014771
JAM,Jamaica,1999,
JOR,Jordan,1999,4.94366979598999
JPN,Japan,1999,3.37812995910644
KAZ,Kazakhstan,1999,3.89256000518799
KEN,Kenya,1999,5.32324981689453
KGZ,Kyrgyz Republic,1999,4.0852198600769
KHM,Cambodia,1999,
KIR,Kiribati,1999,9.70559024810791
KNA,St. Kitts and Nevis,1999,3.32266998291016
KOR,"Korea, Rep.",1999,3.25048995018005
KWT,Kuwait,1999,
LAO,Lao PDR,1999,
LBN,Lebanon,1999,
LBR,Liberia,1999,
LBY,Libya,1999,2.26416993141174
LCA,St. Lucia,1999,5.44994020462036
LCN,Latin America & Caribbean,1999,3.75450503826141
LIE,Liechtenstein,1999,
LKA,Sri Lanka,1999,
LSO,Lesotho,1999,12.4993495941162
LTE,Late-demographic dividend,1999,4.13379001617432
LTU,Lithuania,1999,
LUX,Luxembourg,1999,
LVA,Latvia,1999,5.69789981842041
MAC,"Macao SAR, China",1999,3.33664989471436
MAF,St. Martin (French part),1999,
MAR,Morocco,1999,4.62527990341187
MCO,Monaco,1999,1.19526994228363
MDA,Moldova,1999,4.6625599861145
MDG,Madagascar,1999,2.40500998497009
MDV,Maldives,1999,
MEX,Mexico,1999,3.36164999008179
MHL,Marshall Islands,1999,13.8498497009277
MKD,North Macedonia,1999,
MLI,Mali,1999,2.23183989524841
MLT,Malta,1999,
MMR,Myanmar,1999,
MNE,Montenegro,1999,
MNG,Mongolia,1999,5.14566993713379
MNP,Northern Mariana Islands,1999,
MOZ,Mozambique,1999,2.64153003692627
MRT,Mauritania,1999,1.72203004360199
MUS,Mauritius,1999,3.88743996620178
MWI,Malawi,1999,3.43224000930786
MYS,Malaysia,1999,5.68678998947144
NAM,Namibia,1999,7.13076019287109
NCL,New Caledonia,1999,
NER,Niger,1999,2.56854009628296
NGA,Nigeria,1999,
NIC,Nicaragua,1999,2.92365002632141
NLD,Netherlands,1999,4.4996600151062
NOR,Norway,1999,6.96224021911621
NPL,Nepal,1999,2.89331007003784
NRU,Nauru,1999,
NZL,New Zealand,1999,6.6362099647522
OMN,Oman,1999,3.52912998199463
PAK,Pakistan,1999,2.61147999763489
PAN,Panama,1999,4.75114011764526
PER,Peru,1999,3.44133996963501
PHL,Philippines,1999,
PLW,Palau,1999,
PNG,Papua New Guinea,1999,
POL,Poland,1999,4.57368993759155
PRI,Puerto Rico (US),1999,
PRK,"Korea, Dem. People's Rep.",1999,
PRT,Portugal,1999,5.04687023162842
PRY,Paraguay,1999,4.23087978363037
PSE,West Bank and Gaza,1999,
PYF,French Polynesia,1999,
QAT,Qatar,1999,4.34530019760132
ROU,Romania,1999,
RUS,Russia,1999,
RWA,Rwanda,1999,3.857990026474
SAU,Saudi Arabia,1999,7.07226991653442
SDN,Sudan,1999,
SEN,Senegal,1999,2.45981001853943
SGP,Singapore,1999,
SLB,Solomon Islands,1999,
SLE,Sierra Leone,1999,
SLV,El Salvador,1999,2.56260991096497
SMR,San Marino,1999,
SOM,"Somalia, Fed. Rep.",1999,
SRB,Serbia,1999,
SSD,South Sudan,1999,
STP,Sao Tome and Principe,1999,
SUR,Suriname,1999,
SVK,Slovak Republic,1999,4.10291004180908
SVN,Slovenia,1999,
SWE,Sweden,1999,6.84251022338867
SWZ,Eswatini,1999,5.09095001220703
SXM,Sint Maarten (Dutch part),1999,
SYC,Seychelles,1999,4.94468021392822
SYR,Syrian Arab Republic,1999,
TCA,Turks and Caicos Islands,1999,
TCD,Chad,1999,3.22786998748779
TGO,Togo,1999,2.96396994590759
THA,Thailand,1999,4.83267021179199
TJK,Tajikistan,1999,2.07651996612549
TKM,Turkmenistan,1999,
TLS,Timor-Leste,1999,
TON,Tonga,1999,5.38055992126465
TTO,Trinidad and Tobago,1999,2.75611996650696
TUN,Tunisia,1999,6.27098989486694
TUR,Turkiye,1999,
TUV,Tuvalu,1999,
TZA,Tanzania,1999,
UGA,Uganda,1999,
UKR,Ukraine,1999,3.61807990074158
URY,Uruguay,1999,
USA,United States,1999,
UZB,Uzbekistan,1999,
VCT,St. Vincent and the Grenadines,1999,5.75268983840942
VEN,"Venezuela, RB",1999,
VGB,British Virgin Islands,1999,
VIR,Virgin Islands (U.S.),1999,
VNM,Viet Nam,1999,
VUT,Vanuatu,1999,6.1626501083374
WSM,Samoa,1999,4.0162501335144
XKX,Kosovo,1999,
YEM,"Yemen, Rep.",1999,
ZAF,South Africa,1999,5.29117012023926
ZMB,Zambia,1999,1.77495002746582
ZWE,Zimbabwe,1999,
ABW,Aruba,2000,4.71468019485474
AFE,Africa Eastern and Southern,2000,3.60612988471985
AFG,Afghanistan,2000,
AFW,Africa Western and Central,2000,2.46335005760193
AGO,Angola,2000,2.60753011703491
ALB,Albania,2000,3.3304500579834
AND,Andorra,2000,
ARE,United Arab Emirates,2000,
ARG,Argentina,2000,4.58030986785889
ARM,Armenia,2000,2.77272009849548
ASM,American Samoa,2000,
ATG,Antigua and Barbuda,2000,
AUS,Australia,2000,
AUT,Austria,2000,5.62036991119385
AZE,Azerbaijan,2000,3.85399007797241
BDI,Burundi,2000,2.64547991752625
BEL,Belgium,2000,
BEN,Benin,2000,2.11366009712219
BFA,Burkina Faso,2000,
BGD,Bangladesh,2000,2.12507009506226
BGR,Bulgaria,2000,
BHR,Bahrain,2000,
BHS,"Bahamas, The",2000,2.23284006118774
BIH,Bosnia and Herzegovina,2000,
BLR,Belarus,2000,6.19661998748779
BLZ,Belize,2000,3.68356990814209
BMU,Bermuda,2000,
BOL,Bolivia,2000,
BRA,Brazil,2000,3.94893002510071
BRB,Barbados,2000,4.71585988998413
BRN,Brunei Darussalam,2000,3.38460993766785
BTN,Bhutan,2000,5.78675985336304
BWA,Botswana,2000,
CAF,Central African Republic,2000,1.61265003681183
CAN,Canada,2000,5.42330980300903
CHE,Switzerland,2000,4.65878009796143
CHI,Channel Islands,2000,
CHL,Chile,2000,3.75707006454468
CHN,China,2000,
CIV,Cote d'Ivoire,2000,2.40031003952026
CMR,Cameroon,2000,1.70284998416901
COD,"Congo, Dem. Rep.",2000,
COG,"Congo, Rep.",2000,
COL,Colombia,2000,3.5112099647522
COM,Comoros,2000,
CPV,Cabo Verde,2000,
CRI,Costa Rica,2000,4.66695022583008
CUB,Cuba,2000,7.70481014251709
CUW,Curacao,2000,
CYM,Cayman Islands,2000,
CYP,Cyprus,2000,4.98954010009766
CZE,Czechia,2000,3.61999011039734
DEU,Germany,2000,
DJI,Djibouti,2000,9.65999984741211
DMA,Dominica,2000,
DNK,Denmark,2000,8.09002017974854
DOM,Dominican Republic,2000,1.88829004764557
DZA,Algeria,2000,
EAR,Early-demographic dividend,2000,3.8178950548172
ECS,Europe & Central Asia,2000,4.16786003112793
ECU,Ecuador,2000,1.20265996456146
EGY,"Egypt, Arab Rep.",2000,
ERI,Eritrea,2000,
ESP,Spain,2000,4.16786003112793
EST,Estonia,2000,5.33945989608765
ETH,Ethiopia,2000,3.88614988327026
FIN,Finland,2000,5.71163988113403
FJI,Fiji,2000,5.87773990631104
FRA,France,2000,
FRO,Faroe Islands,2000,
FSM,"Micronesia, Fed. Sts.",2000,6.70687007904053
GAB,Gabon,2000,3.82709002494812
GBR,United Kingdom,2000,4.01820993423462
GEO,Georgia,2000,2.18105006217956
GHA,Ghana,2000,
GIB,Gibraltar,2000,
GIN,Guinea,2000,1.7786500453949
GMB,"Gambia, The",2000,1.46587002277374
GNB,Guinea-Bissau,2000,
GNQ,Equatorial Guinea,2000,
GRC,Greece,2000,3.35086011886597
GRD,Grenada,2000,
GRL,Greenland,2000,
GTM,Guatemala,2000,
GUM,Guam,2000,
GUY,Guyana,2000,8.48414993286133
HKG,"Hong Kong SAR, China",2000,
HND,Honduras,2000,
HRV,Croatia,2000,
HTI,Haiti,2000,
HUN,Hungary,2000,4.8624701499939
IDB,IDA blend,2000,2.40031003952026
IDN,Indonesia,2000,
IMN,Isle of Man,2000,
IND,India,2000,4.32480001449585
IRL,Ireland,2000,4.13226985931396
IRN,"Iran, Islamic Rep.",2000,4.03064012527466
IRQ,Iraq,2000,
ISL,Iceland,2000,6.4314398765564
ISR,Israel,2000,5.93116998672485
ITA,Italy,2000,4.27996015548706
JAM,Jamaica,2000,4.98346996307373
JOR,Jordan,2000,
JPN,Japan,2000,3.46011996269226
KAZ,Kazakhstan,2000,3.25662994384766
KEN,Kenya,2000,5.1867299079895
KGZ,Kyrgyz Republic,2000,3.50838994979858
KHM,Cambodia,2000,1.64869999885559
KIR,Kiribati,2000,10.0424404144287
KNA,St. Kitts and Nevis,2000,4.74038982391357
KOR,"Korea, Rep.",2000,
KWT,Kuwait,2000,
LAO,Lao PDR,2000,1.50369000434876
LBN,Lebanon,2000,
LBR,Liberia,2000,
LBY,Libya,2000,
LCA,St. Lucia,2000,
LCN,Latin America & Caribbean,2000,3.75707006454468
LIE,Liechtenstein,2000,
LKA,Sri Lanka,2000,
LSO,Lesotho,2000,10.0915498733521
LTE,Late-demographic dividend,2000,3.85399007797241
LTU,Lithuania,2000,
LUX,Luxembourg,2000,
LVA,Latvia,2000,5.40854978561401
MAC,"Macao SAR, China",2000,3.31438994407654
MAF,St. Martin (French part),2000,
MAR,Morocco,2000,
MCO,Monaco,2000,1.25537002086639
MDA,Moldova,2000,4.48639011383057
MDG,Madagascar,2000,2.4386899471283
MDV,Maldives,2000,
MEX,Mexico,2000,3.80870008468628
MHL,Marshall Islands,2000,
MKD,North Macedonia,2000,
MLI,Mali,2000,2.97156000137329
MLT,Malta,2000,
MMR,Myanmar,2000,
MNE,Montenegro,2000,
MNG,Mongolia,2000,5.55038022994995
MNP,Northern Mariana Islands,2000,
MOZ,Mozambique,2000,
MRT,Mauritania,2000,
MUS,Mauritius,2000,3.71902990341186
MWI,Malawi,2000,3.60612988471985
MYS,Malaysia,2000,5.9716100692749
NAM,Namibia,2000,6.901780128479
NCL,New Caledonia,2000,
NER,Niger,2000,2.5650200843811
NGA,Nigeria,2000,
NIC,Nicaragua,2000,3.00160002708435
NLD,Netherlands,2000,4.58325004577637
NOR,Norway,2000,6.45935010910034
NPL,Nepal,2000,2.9751501083374
NRU,Nauru,2000,
NZL,New Zealand,2000,5.60442018508911
OMN,Oman,2000,2.8045699596405
PAK,Pakistan,2000,1.83782005310059
PAN,Panama,2000,4.89397001266479
PER,Peru,2000,3.22802996635437
PHL,Philippines,2000,3.16440010070801
PLW,Palau,2000,7.84434986114502
PNG,Papua New Guinea,2000,
POL,Poland,2000,4.96281003952026
PRI,Puerto Rico (US),2000,
PRK,"Korea, Dem. People's Rep.",2000,
PRT,Portugal,2000,5.16386985778809
PRY,Paraguay,2000,4.2302098274231
PSE,West Bank and Gaza,2000,
PYF,French Polynesia,2000,
QAT,Qatar,2000,3.72598004341125
ROU,Romania,2000,2.86862993240356
RUS,Russia,2000,2.93979001045227
RWA,Rwanda,2000,3.43418002128601
SAU,Saudi Arabia,2000,5.90982007980347
SDN,Sudan,2000,1.01217997074127
SEN,Senegal,2000,2.46335005760193
SGP,Singapore,2000,3.32129001617432
SLB,Solomon Islands,2000,
SLE,Sierra Leone,2000,4.94936990737915
SLV,El Salvador,2000,2.8386800289154
SMR,San Marino,2000,
SOM,"Somalia, Fed. Rep.",2000,
SRB,Serbia,2000,
SSD,South Sudan,2000,
STP,Sao Tome and Principe,2000,
SUR,Suriname,2000,
SVK,Slovak Republic,2000,3.86823010444641
SVN,Slovenia,2000,
SWE,Sweden,2000,6.7383599281311
SWZ,Eswatini,2000,5.50848007202148
SXM,Sint Maarten (Dutch part),2000,
SYC,Seychelles,2000,
SYR,Syrian Arab Republic,2000,
TCA,Turks and Caicos Islands,2000,4.71883010864258
TCD,Chad,2000,2.64670991897583
TGO,Togo,2000,2.77644991874695
THA,Thailand,2000,5.25345993041992
TJK,Tajikistan,2000,2.32871007919311
TKM,Turkmenistan,2000,
TLS,Timor-Leste,2000,
TON,Tonga,2000,4.87807989120483
TTO,Trinidad and Tobago,2000,2.75565004348755
TUN,Tunisia,2000,6.20196008682251
TUR,Turkiye,2000,
TUV,Tuvalu,2000,
TZA,Tanzania,2000,
UGA,Uganda,2000,2.461669921875
UKR,Ukraine,2000,4.02293014526367
URY,Uruguay,2000,2.42254996299744
USA,United States,2000,
UZB,Uzbekistan,2000,
VCT,St. Vincent and the Grenadines,2000,7.32787990570068
VEN,"Venezuela, RB",2000,
VGB,British Virgin Islands,2000,
VIR,Virgin Islands (U.S.),2000,
VNM,Viet Nam,2000,
VUT,Vanuatu,2000,7.0036301612854
WSM,Samoa,2000,3.63095998764038
XKX,Kosovo,2000,
YEM,"Yemen, Rep.",2000,9.66162967681885
ZAF,South Africa,2000,4.90882015228271
ZMB,Zambia,2000,1.78819000720978
ZWE,Zimbabwe,2000,
ABW,Aruba,2001,4.79898023605347
AFE,Africa Eastern and Southern,2001,4.34167003631591
AFG,Afghanistan,2001,
AFW,Africa Western and Central,2001,2.36509990692139
AGO,Angola,2001,
ALB,Albania,2001,3.34198999404907
AND,Andorra,2001,
ARE,United Arab Emirates,2001,
ARG,Argentina,2001,4.833740234375
ARM,Armenia,2001,2.46943998336792
ASM,American Samoa,2001,
ATG,Antigua and Barbuda,2001,
AUS,Australia,2001,
AUT,Austria,2001,5.60476016998291
AZE,Azerbaijan,2001,3.50342011451721
BDI,Burundi,2001,2.90390992164612
BEL,Belgium,2001,
BEN,Benin,2001,2.36509990692139
BFA,Burkina Faso,2001,
BGD,Bangladesh,2001,2.17193007469177
BGR,Bulgaria,2001,3.38423991203308
BHR,Bahrain,2001,
BHS,"Bahamas, The",2001,
BIH,Bosnia and Herzegovina,2001,
BLR,Belarus,2001,
BLZ,Belize,2001,4.23519992828369
BMU,Bermuda,2001,
BOL,Bolivia,2001,
BRA,Brazil,2001,3.84467005729675
BRB,Barbados,2001,6.05536985397339
BRN,Brunei Darussalam,2001,
BTN,Bhutan,2001,5.44985008239746
BWA,Botswana,2001,
CAF,Central African Republic,2001,
CAN,Canada,2001,4.95304012298584
CHE,Switzerland,2001,4.82218980789185
CHI,Channel Islands,2001,
CHL,Chile,2001,
CHN,China,2001,
CIV,Cote d'Ivoire,2001,2.44477009773254
CMR,Cameroon,2001,2.29733991622925
COD,"Congo, Dem. Rep.",2001,
COG,"Congo, Rep.",2001,
COL,Colombia,2001,3.70867991447449
COM,Comoros,2001,
CPV,Cabo Verde,2001,
CRI,Costa Rica,2001,4.83203983306885
CUB,Cuba,2001,8.3580904006958
CUW,Curacao,2001,
CYM,Cayman Islands,2001,
CYP,Cyprus,2001,5.11552000045776
CZE,Czechia,2001,3.71491003036499
DEU,Germany,2001,
DJI,Djibouti,2001,7.80539989471435
DMA,Dominica,2001,
DNK,Denmark,2001,8.21092987060547
DOM,Dominican Republic,2001,1.96782994270325
DZA,Algeria,2001,
EAR,Early-demographic dividend,2001,4.07168006896973
ECS,Europe & Central Asia,2001,4.57992005348206
ECU,Ecuador,2001,
EGY,"Egypt, Arab Rep.",2001,
ERI,Eritrea,2001,4.0471601486206
ESP,Spain,2001,4.11147022247315
EST,Estonia,2001,5.23217010498047
ETH,Ethiopia,2001,3.7002899646759
FIN,Finland,2001,5.84084987640381
FJI,Fiji,2001,5.6431097984314
FRA,France,2001,
FRO,Faroe Islands,2001,
FSM,"Micronesia, Fed. Sts.",2001,
GAB,Gabon,2001,
GBR,United Kingdom,2001,4.1001501083374
GEO,Georgia,2001,2.13750004768372
GHA,Ghana,2001,5.35444021224976
GIB,Gibraltar,2001,
GIN,Guinea,2001,1.42785000801086
GMB,"Gambia, The",2001,1.15810000896454
GNB,Guinea-Bissau,2001,
GNQ,Equatorial Guinea,2001,
GRC,Greece,2001,3.47308993339539
GRD,Grenada,2001,
GRL,Greenland,2001,
GTM,Guatemala,2001,
GUM,Guam,2001,
GUY,Guyana,2001,8.39729022979736
HKG,"Hong Kong SAR, China",2001,3.90370011329651
HND,Honduras,2001,
HRV,Croatia,2001,
HTI,Haiti,2001,
HUN,Hungary,2001,4.92643976211548
IDB,IDA blend,2001,
IDN,Indonesia,2001,2.46003007888794
IMN,Isle of Man,2001,
IND,India,2001,
IRL,Ireland,2001,4.08750009536743
IRN,"Iran, Islamic Rep.",2001,4.07168006896973
IRQ,Iraq,2001,
ISL,Iceland,2001,6.70591020584106
ISR,Israel,2001,6.17636013031006
ITA,Italy,2001,4.63416004180908
JAM,Jamaica,2001,5.38103008270264
JOR,Jordan,2001,
JPN,Japan,2001,3.40082001686096
KAZ,Kazakhstan,2001,
KEN,Kenya,2001,5.20621013641357
KGZ,Kyrgyz Republic,2001,3.85418009757996
KHM,Cambodia,2001,1.6550600528717
KIR,Kiribati,2001,11.649169921875
KNA,St. Kitts and Nevis,2001,4.4215497970581
KOR,"Korea, Rep.",2001,
KWT,Kuwait,2001,6.5858302116394
LAO,Lao PDR,2001,1.9902800321579
LBN,Lebanon,2001,2.84148001670837
LBR,Liberia,2001,
LBY,Libya,2001,
LCA,St. Lucia,2001,5.70733022689819
LCN,Latin America & Caribbean,2001,3.84467005729675
LIE,Liechtenstein,2001,
LKA,Sri Lanka,2001,
LSO,Lesotho,2001,9.36505031585693
LTE,Late-demographic dividend,2001,3.84942507743835
LTU,Lithuania,2001,5.83644008636475
LUX,Luxembourg,2001,3.53973007202148
LVA,Latvia,2001,5.56101989746094
MAC,"Macao SAR, China",2001,2.71446990966797
MAF,St. Martin (French part),2001,
MAR,Morocco,2001,
MCO,Monaco,2001,
MDA,Moldova,2001,4.84684991836548
MDG,Madagascar,2001,2.707200050354
MDV,Maldives,2001,
MEX,Mexico,2001,4.0313401222229
MHL,Marshall Islands,2001,
MKD,North Macedonia,2001,
MLI,Mali,2001,2.65844988822937
MLT,Malta,2001,
MMR,Myanmar,2001,
MNE,Montenegro,2001,
MNG,Mongolia,2001,
MNP,Northern Mariana Islands,2001,
MOZ,Mozambique,2001,
MRT,Mauritania,2001,2.10683989524841
MUS,Mauritius,2001,3.07347989082336
MWI,Malawi,2001,3.09834003448486
MYS,Malaysia,2001,7.48446989059448
NAM,Namibia,2001,6.88886976242065
NCL,New Caledonia,2001,
NER,Niger,2001,2.27981996536255
NGA,Nigeria,2001,
NIC,Nicaragua,2001,
NLD,Netherlands,2001,4.68933010101318
NOR,Norway,2001,6.82014989852905
NPL,Nepal,2001,3.70837998390198
NRU,Nauru,2001,
NZL,New Zealand,2001,
OMN,Oman,2001,3.52175998687744
PAK,Pakistan,2001,
PAN,Panama,2001,4.18935012817383
PER,Peru,2001,3.03712010383606
PHL,Philippines,2001,2.92463994026184
PLW,Palau,2001,7.58415985107422
PNG,Papua New Guinea,2001,
POL,Poland,2001,5.29358005523682
PRI,Puerto Rico (US),2001,
PRK,"Korea, Dem. People's Rep.",2001,
PRT,Portugal,2001,5.33713006973267
PRY,Paraguay,2001,3.8335599899292
PSE,West Bank and Gaza,2001,
PYF,French Polynesia,2001,
QAT,Qatar,2001,3.20019006729126
ROU,Romania,2001,3.26629996299744
RUS,Russia,2001,3.10601997375488
RWA,Rwanda,2001,4.82501983642578
SAU,Saudi Arabia,2001,7.71887016296387
SDN,Sudan,2001,
SEN,Senegal,2001,2.47150993347168
SGP,Singapore,2001,3.54250001907349
SLB,Solomon Islands,2001,
SLE,Sierra Leone,2001,2.22618007659912
SLV,El Salvador,2001,
SMR,San Marino,2001,
SOM,"Somalia, Fed. Rep.",2001,
SRB,Serbia,2001,
SSD,South Sudan,2001,
STP,Sao Tome and Principe,2001,
SUR,Suriname,2001,
SVK,Slovak Republic,2001,3.94236993789673
SVN,Slovenia,2001,5.81461000442505
SWE,Sweden,2001,6.61482000350952
SWZ,Eswatini,2001,4.83824014663696
SXM,Sint Maarten (Dutch part),2001,
SYC,Seychelles,2001,
SYR,Syrian Arab Republic,2001,4.54640007019043
TCA,Turks and Caicos Islands,2001,4.84300994873047
TCD,Chad,2001,2.42614006996155
TGO,Togo,2001,2.66750001907349
THA,Thailand,2001,4.81787014007568
TJK,Tajikistan,2001,2.37659001350403
TKM,Turkmenistan,2001,
TLS,Timor-Leste,2001,
TON,Tonga,2001,4.47756004333496
TTO,Trinidad and Tobago,2001,3.06528997421265
TUN,Tunisia,2001,6.20184993743896
TUR,Turkiye,2001,
TUV,Tuvalu,2001,
TZA,Tanzania,2001,
UGA,Uganda,2001,
UKR,Ukraine,2001,4.52568006515503
URY,Uruguay,2001,2.80096006393433
USA,United States,2001,
UZB,Uzbekistan,2001,
VCT,St. Vincent and the Grenadines,2001,
VEN,"Venezuela, RB",2001,
VGB,British Virgin Islands,2001,
VIR,Virgin Islands (U.S.),2001,
VNM,Viet Nam,2001,
VUT,Vanuatu,2001,8.95114994049072
WSM,Samoa,2001,3.97652006149292
XKX,Kosovo,2001,
YEM,"Yemen, Rep.",2001,9.24470996856689
ZAF,South Africa,2001,4.63617992401123
ZMB,Zambia,2001,
ZWE,Zimbabwe,2001,
ABW,Aruba,2002,4.87220001220703
AFE,Africa Eastern and Southern,2002,
AFG,Afghanistan,2002,
AFW,Africa Western and Central,2002,2.34950995445252
AGO,Angola,2002,
ALB,Albania,2002,3.00253009796143
AND,Andorra,2002,1.65971004962921
ARE,United Arab Emirates,2002,
ARG,Argentina,2002,4.01734018325806
ARM,Armenia,2002,2.13504004478455
ASM,American Samoa,2002,
ATG,Antigua and Barbuda,2002,3.07877993583679
AUS,Australia,2002,
AUT,Austria,2002,5.56255006790161
AZE,Azerbaijan,2002,3.15445995330811
BDI,Burundi,2002,3.00493001937866
BEL,Belgium,2002,
BEN,Benin,2002,2.15949010848999
BFA,Burkina Faso,2002,
BGD,Bangladesh,2002,2.01714992523193
BGR,Bulgaria,2002,3.38608002662659
BHR,Bahrain,2002,
BHS,"Bahamas, The",2002,
BIH,Bosnia and Herzegovina,2002,
BLR,Belarus,2002,
BLZ,Belize,2002,
BMU,Bermuda,2002,
BOL,Bolivia,2002,
BRA,Brazil,2002,3.75037002563477
BRB,Barbados,2002,5.88062000274658
BRN,Brunei Darussalam,2002,
BTN,Bhutan,2002,
BWA,Botswana,2002,
CAF,Central African Republic,2002,1.5195699930191
CAN,Canada,2002,4.99306011199951
CHE,Switzerland,2002,5.17882013320923
CHI,Channel Islands,2002,
CHL,Chile,2002,4.04881000518799
CHN,China,2002,
CIV,Cote d'Ivoire,2002,2.81047010421753
CMR,Cameroon,2002,
COD,"Congo, Dem. Rep.",2002,
COG,"Congo, Rep.",2002,3.20831990242004
COL,Colombia,2002,4.26812982559204
COM,Comoros,2002,2.25841999053955
CPV,Cabo Verde,2002,7.87682008743286
CRI,Costa Rica,2002,5.15044021606445
CUB,Cuba,2002,9.57116985321045
CUW,Curacao,2002,
CYM,Cayman Islands,2002,
CYP,Cyprus,2002,5.58166980743408
CZE,Czechia,2002,3.9390299320221
DEU,Germany,2002,
DJI,Djibouti,2002,8.44758987426758
DMA,Dominica,2002,
DNK,Denmark,2002,8.20600032806396
DOM,Dominican Republic,2002,1.9140100479126
DZA,Algeria,2002,
EAR,Early-demographic dividend,2002,3.52009010314941
ECS,Europe & Central Asia,2002,4.44545984268188
ECU,Ecuador,2002,
EGY,"Egypt, Arab Rep.",2002,
ERI,Eritrea,2002,3.52390003204346
ESP,Spain,2002,4.13351011276245
EST,Estonia,2002,5.433030128479
ETH,Ethiopia,2002,3.63245010375977
FIN,Finland,2002,6.01865005493164
FJI,Fiji,2002,6.27586984634399
FRA,France,2002,
FRO,Faroe Islands,2002,
FSM,"Micronesia, Fed. Sts.",2002,
GAB,Gabon,2002,
GBR,United Kingdom,2002,4.61190986633301
GEO,Georgia,2002,2.23501992225647
GHA,Ghana,2002,
GIB,Gibraltar,2002,
GIN,Guinea,2002,1.77897000312805
GMB,"Gambia, The",2002,1.44291996955872
GNB,Guinea-Bissau,2002,
GNQ,Equatorial Guinea,2002,
GRC,Greece,2002,3.52255010604858
GRD,Grenada,2002,
GRL,Greenland,2002,
GTM,Guatemala,2002,
GUM,Guam,2002,
GUY,Guyana,2002,8.36553955078125
HKG,"Hong Kong SAR, China",2002,4.01555013656616
HND,Honduras,2002,
HRV,Croatia,2002,3.82305002212524
HTI,Haiti,2002,
HUN,Hungary,2002,5.17711019515991
IDB,IDA blend,2002,
IDN,Indonesia,2002,2.64568996429443
IMN,Isle of Man,2002,
IND,India,2002,
IRL,Ireland,2002,4.10487985610962
IRN,"Iran, Islamic Rep.",2002,4.48487997055054
IRQ,Iraq,2002,
ISL,Iceland,2002,7.29892015457153
ISR,Israel,2002,6.24923992156982
ITA,Italy,2002,4.41520977020264
JAM,Jamaica,2002,5.37522983551025
JOR,Jordan,2002,
JPN,Japan,2002,3.40898990631104
KAZ,Kazakhstan,2002,3.02970004081726
KEN,Kenya,2002,6.17199993133545
KGZ,Kyrgyz Republic,2002,4.44545984268188
KHM,Cambodia,2002,1.62863004207611
KIR,Kiribati,2002,
KNA,St. Kitts and Nevis,2002,3.92051005363464
KOR,"Korea, Rep.",2002,
KWT,Kuwait,2002,6.551109790802
LAO,Lao PDR,2002,2.82522010803223
LBN,Lebanon,2002,2.55271005630493
LBR,Liberia,2002,
LBY,Libya,2002,
LCA,St. Lucia,2002,
LCN,Latin America & Caribbean,2002,3.88385510444642
LIE,Liechtenstein,2002,
LKA,Sri Lanka,2002,
LSO,Lesotho,2002,10.1004495620728
LTE,Late-demographic dividend,2002,3.95686495304108
LTU,Lithuania,2002,5.79093980789185
LUX,Luxembourg,2002,
LVA,Latvia,2002,5.78911018371582
MAC,"Macao SAR, China",2002,2.84295988082886
MAF,St. Martin (French part),2002,
MAR,Morocco,2002,
MCO,Monaco,2002,
MDA,Moldova,2002,5.4979100227356
MDG,Madagascar,2002,2.23179006576538
MDV,Maldives,2002,5.79186010360718
MEX,Mexico,2002,4.24307012557983
MHL,Marshall Islands,2002,8.1951904296875
MKD,North Macedonia,2002,3.30014991760254
MLI,Mali,2002,2.8962299823761
MLT,Malta,2002,4.15744018554688
MMR,Myanmar,2002,
MNE,Montenegro,2002,
MNG,Mongolia,2002,7.21078014373779
MNP,Northern Mariana Islands,2002,
MOZ,Mozambique,2002,
MRT,Mauritania,2002,2.27714991569519
MUS,Mauritius,2002,3.02024006843567
MWI,Malawi,2002,
MYS,Malaysia,2002,7.65792989730835
NAM,Namibia,2002,6.7423300743103
NCL,New Caledonia,2002,
NER,Niger,2002,2.40135002136231
NGA,Nigeria,2002,
NIC,Nicaragua,2002,2.39101004600525
NLD,Netherlands,2002,4.78904008865356
NOR,Norway,2002,7.42243003845215
NPL,Nepal,2002,3.15282988548279
NRU,Nauru,2002,15.8634700775147
NZL,New Zealand,2002,
OMN,Oman,2002,3.77700996398926
PAK,Pakistan,2002,
PAN,Panama,2002,4.2549901008606
PER,Peru,2002,2.82056999206543
PHL,Philippines,2002,2.89222002029419
PLW,Palau,2002,7.54601001739502
PNG,Papua New Guinea,2002,
POL,Poland,2002,5.37052011489868
PRI,Puerto Rico (US),2002,
PRK,"Korea, Dem. People's Rep.",2002,
PRT,Portugal,2002,5.25872993469238
PRY,Paraguay,2002,3.40773010253906
PSE,West Bank and Gaza,2002,
PYF,French Polynesia,2002,
QAT,Qatar,2002,3.84656000137329
ROU,Romania,2002,3.50411009788513
RUS,Russia,2002,3.83502006530762
RWA,Rwanda,2002,
SAU,Saudi Arabia,2002,7.63688993453979
SDN,Sudan,2002,1.16425001621246
SEN,Senegal,2002,2.59441995620727
SGP,Singapore,2002,3.87852001190186
SLB,Solomon Islands,2002,
SLE,Sierra Leone,2002,2.29766988754273
SLV,El Salvador,2002,3.242840051651
SMR,San Marino,2002,
SOM,"Somalia, Fed. Rep.",2002,
SRB,Serbia,2002,
SSD,South Sudan,2002,
STP,Sao Tome and Principe,2002,2.72058010101318
SUR,Suriname,2002,
SVK,Slovak Republic,2002,4.25193023681641
SVN,Slovenia,2002,5.74013996124268
SWE,Sweden,2002,6.91077995300293
SWZ,Eswatini,2002,4.44086980819702
SXM,Sint Maarten (Dutch part),2002,
SYC,Seychelles,2002,4.88109016418457
SYR,Syrian Arab Republic,2002,5.26983976364136
TCA,Turks and Caicos Islands,2002,5.06913995742798
TCD,Chad,2002,
TGO,Togo,2002,2.46951007843018
THA,Thailand,2002,3.86491990089417
TJK,Tajikistan,2002,2.77578997612
TKM,Turkmenistan,2002,
TLS,Timor-Leste,2002,
TON,Tonga,2002,3.79500007629394
TTO,Trinidad and Tobago,2002,3.54300999641419
TUN,Tunisia,2002,5.79006004333496
TUR,Turkiye,2002,
TUV,Tuvalu,2002,
TZA,Tanzania,2002,
UGA,Uganda,2002,
UKR,Ukraine,2002,5.24006986618042
URY,Uruguay,2002,2.32220005989075
USA,United States,2002,
UZB,Uzbekistan,2002,
VCT,St. Vincent and the Grenadines,2002,7.38802003860474
VEN,"Venezuela, RB",2002,
VGB,British Virgin Islands,2002,
VIR,Virgin Islands (U.S.),2002,
VNM,Viet Nam,2002,
VUT,Vanuatu,2002,8.13197994232178
WSM,Samoa,2002,3.93932008743286
XKX,Kosovo,2002,
YEM,"Yemen, Rep.",2002,
ZAF,South Africa,2002,4.54569005966187
ZMB,Zambia,2002,
ZWE,Zimbabwe,2002,
ABW,Aruba,2003,
AFE,Africa Eastern and Southern,2003,
AFG,Afghanistan,2003,
AFW,Africa Western and Central,2003,2.35525989532471
AGO,Angola,2003,
ALB,Albania,2003,3.03534007072449
AND,Andorra,2003,
ARE,United Arab Emirates,2003,
ARG,Argentina,2003,3.53504991531372
ARM,Armenia,2003,2.14505004882812
ASM,American Samoa,2003,
ATG,Antigua and Barbuda,2003,
AUS,Australia,2003,
AUT,Austria,2003,5.39253997802734
AZE,Azerbaijan,2003,3.28614997863769
BDI,Burundi,2003,
BEL,Belgium,2003,
BEN,Benin,2003,2.28315997123718
BFA,Burkina Faso,2003,
BGD,Bangladesh,2003,2.06940007209778
BGR,Bulgaria,2003,3.99845004081726
BHR,Bahrain,2003,
BHS,"Bahamas, The",2003,
BIH,Bosnia and Herzegovina,2003,
BLR,Belarus,2003,
BLZ,Belize,2003,3.90120005607605
BMU,Bermuda,2003,1.6662700176239
BOL,Bolivia,2003,
BRA,Brazil,2003,
BRB,Barbados,2003,6.24569988250732
BRN,Brunei Darussalam,2003,
BTN,Bhutan,2003,
BWA,Botswana,2003,
CAF,Central African Republic,2003,1.53979003429413
CAN,Canada,2003,
CHE,Switzerland,2003,5.38400983810425
CHI,Channel Islands,2003,
CHL,Chile,2003,3.91868996620178
CHN,China,2003,
CIV,Cote d'Ivoire,2003,2.8643798828125
CMR,Cameroon,2003,2.82259011268616
COD,"Congo, Dem. Rep.",2003,
COG,"Congo, Rep.",2003,2.8361599445343
COL,Colombia,2003,4.32513999938965
COM,Comoros,2003,
CPV,Cabo Verde,2003,
CRI,Costa Rica,2003,5.13373994827271
CUB,Cuba,2003,9.9408597946167
CUW,Curacao,2003,
CYM,Cayman Islands,2003,
CYP,Cyprus,2003,6.6702299118042
CZE,Czechia,2003,4.10311985015869
DEU,Germany,2003,
DJI,Djibouti,2003,8.88988971710205
DMA,Dominica,2003,
DNK,Denmark,2003,8.10986042022705
DOM,Dominican Republic,2003,1.84465003013611
DZA,Algeria,2003,
EAR,Early-demographic dividend,2003,
ECS,Europe & Central Asia,2003,4.8012900352478
ECU,Ecuador,2003,
EGY,"Egypt, Arab Rep.",2003,4.94563007354736
ERI,Eritrea,2003,
ESP,Spain,2003,4.17126989364624
EST,Estonia,2003,5.27171993255615
ETH,Ethiopia,2003,
FIN,Finland,2003,6.168869972229
FJI,Fiji,2003,
FRA,France,2003,
FRO,Faroe Islands,2003,
FSM,"Micronesia, Fed. Sts.",2003,
GAB,Gabon,2003,
GBR,United Kingdom,2003,4.8012900352478
GEO,Georgia,2003,2.06559991836548
GHA,Ghana,2003,
GIB,Gibraltar,2003,
GIN,Guinea,2003,1.62612998485565
GMB,"Gambia, The",2003,1.36337995529175
GNB,Guinea-Bissau,2003,
GNQ,Equatorial Guinea,2003,
GRC,Greece,2003,3.52407002449036
GRD,Grenada,2003,3.92673993110657
GRL,Greenland,2003,
GTM,Guatemala,2003,
GUM,Guam,2003,
GUY,Guyana,2003,6.95590019226074
HKG,"Hong Kong SAR, China",2003,4.28530979156494
HND,Honduras,2003,
HRV,Croatia,2003,3.87019991874695
HTI,Haiti,2003,
HUN,Hungary,2003,5.79872989654541
IDB,IDA blend,2003,2.8643798828125
IDN,Indonesia,2003,3.21799993515015
IMN,Isle of Man,2003,
IND,India,2003,3.61342000961304
IRL,Ireland,2003,4.20493984222412
IRN,"Iran, Islamic Rep.",2003,4.36323022842407
IRQ,Iraq,2003,
ISL,Iceland,2003,7.24507999420166
ISR,Israel,2003,6.13486003875732
ITA,Italy,2003,4.52654981613159
JAM,Jamaica,2003,4.25684976577759
JOR,Jordan,2003,
JPN,Japan,2003,3.46662998199463
KAZ,Kazakhstan,2003,
KEN,Kenya,2003,6.49428987503052
KGZ,Kyrgyz Republic,2003,4.47541999816895
KHM,Cambodia,2003,
KIR,Kiribati,2003,
KNA,St. Kitts and Nevis,2003,3.79099011421204
KOR,"Korea, Rep.",2003,
KWT,Kuwait,2003,
LAO,Lao PDR,2003,
LBN,Lebanon,2003,
LBR,Liberia,2003,
LBY,Libya,2003,
LCA,St. Lucia,2003,3.53449010848999
LCN,Latin America & Caribbean,2003,3.53504991531372
LIE,Liechtenstein,2003,2.4601399898529
LKA,Sri Lanka,2003,
LSO,Lesotho,2003,13.2195701599121
LTE,Late-demographic dividend,2003,4.22096991539001
LTU,Lithuania,2003,5.1067099571228
LUX,Luxembourg,2003,
LVA,Latvia,2003,5.2944598197937
MAC,"Macao SAR, China",2003,2.78016996383667
MAF,St. Martin (French part),2003,
MAR,Morocco,2003,
MCO,Monaco,2003,
MDA,Moldova,2003,5.42489004135132
MDG,Madagascar,2003,2.61094999313354
MDV,Maldives,2003,5.32406997680664
MEX,Mexico,2003,4.83262014389038
MHL,Marshall Islands,2003,11.8441295623779
MKD,North Macedonia,2003,
MLI,Mali,2003,3.8055899143219
MLT,Malta,2003,
MMR,Myanmar,2003,
MNE,Montenegro,2003,
MNG,Mongolia,2003,
MNP,Northern Mariana Islands,2003,
MOZ,Mozambique,2003,
MRT,Mauritania,2003,2.36501002311706
MUS,Mauritius,2003,4.35718011856079
MWI,Malawi,2003,2.20964002609253
MYS,Malaysia,2003,7.50288009643555
NAM,Namibia,2003,6.13713979721069
NCL,New Caledonia,2003,
NER,Niger,2003,1.93705999851227
NGA,Nigeria,2003,
NIC,Nicaragua,2003,2.42200994491577
NLD,Netherlands,2003,5.0199499130249
NOR,Norway,2003,7.39930009841919
NPL,Nepal,2003,3.11435008049011
NRU,Nauru,2003,
NZL,New Zealand,2003,
OMN,Oman,2003,3.40857005119324
PAK,Pakistan,2003,
PAN,Panama,2003,4.19644021987915
PER,Peru,2003,2.93779993057251
PHL,Philippines,2003,2.93517994880676
PLW,Palau,2003,
PNG,Papua New Guinea,2003,
POL,Poland,2003,5.30664014816284
PRI,Puerto Rico (US),2003,
PRK,"Korea, Dem. People's Rep.",2003,
PRT,Portugal,2003,5.28152990341187
PRY,Paraguay,2003,3.3827600479126
PSE,West Bank and Gaza,2003,
PYF,French Polynesia,2003,
QAT,Qatar,2003,3.37393999099731
ROU,Romania,2003,3.54397010803223
RUS,Russia,2003,3.67855000495911
RWA,Rwanda,2003,
SAU,Saudi Arabia,2003,7.10509014129639
SDN,Sudan,2003,
SEN,Senegal,2003,2.75125002861023
SGP,Singapore,2003,3.98194003105164
SLB,Solomon Islands,2003,
SLE,Sierra Leone,2003,2.10887002944946
SLV,El Salvador,2003,3.13467001914978
SMR,San Marino,2003,
SOM,"Somalia, Fed. Rep.",2003,
SRB,Serbia,2003,
SSD,South Sudan,2003,
STP,Sao Tome and Principe,2003,3.24692988395691
SUR,Suriname,2003,
SVK,Slovak Republic,2003,4.23699998855591
SVN,Slovenia,2003,5.75657987594604
SWE,Sweden,2003,6.79678010940552
SWZ,Eswatini,2003,5.81677007675171
SXM,Sint Maarten (Dutch part),2003,
SYC,Seychelles,2003,5.05177021026611
SYR,Syrian Arab Republic,2003,6.48086023330688
TCA,Turks and Caicos Islands,2003,4.72877979278565
TCD,Chad,2003,
TGO,Togo,2003,2.35525989532471
THA,Thailand,2003,3.72561001777649
TJK,Tajikistan,2003,2.42078995704651
TKM,Turkmenistan,2003,
TLS,Timor-Leste,2003,
TON,Tonga,2003,4.15951013565063
TTO,Trinidad and Tobago,2003,3.13660001754761
TUN,Tunisia,2003,6.81675004959106
TUR,Turkiye,2003,
TUV,Tuvalu,2003,
TZA,Tanzania,2003,
UGA,Uganda,2003,
UKR,Ukraine,2003,5.4001898765564
URY,Uruguay,2003,2.0682098865509
USA,United States,2003,
UZB,Uzbekistan,2003,
VCT,St. Vincent and the Grenadines,2003,8.17488956451416
VEN,"Venezuela, RB",2003,
VGB,British Virgin Islands,2003,
VIR,Virgin Islands (U.S.),2003,
VNM,Viet Nam,2003,
VUT,Vanuatu,2003,8.44151020050049
WSM,Samoa,2003,
XKX,Kosovo,2003,
YEM,"Yemen, Rep.",2003,
ZAF,South Africa,2003,4.35209989547729
ZMB,Zambia,2003,
ZWE,Zimbabwe,2003,
ABW,Aruba,2004,4.35698986053467
AFE,Africa Eastern and Southern,2004,3.74495005607605
AFG,Afghanistan,2004,
AFW,Africa Western and Central,2004,2.24505507946014
AGO,Angola,2004,
ALB,Albania,2004,3.1308000087738
AND,Andorra,2004,1.54411995410919
ARE,United Arab Emirates,2004,
ARG,Argentina,2004,3.48652005195618
ARM,Armenia,2004,2.48673009872436
ASM,American Samoa,2004,
ATG,Antigua and Barbuda,2004,
AUS,Australia,2004,
AUT,Austria,2004,5.34223985671997
AZE,Azerbaijan,2004,3.44770002365112
BDI,Burundi,2004,3.74495005607605
BEL,Belgium,2004,
BEN,Benin,2004,2.56690001487732
BFA,Burkina Faso,2004,
BGD,Bangladesh,2004,1.94014000892639
BGR,Bulgaria,2004,4.24988985061646
BHR,Bahrain,2004,
BHS,"Bahamas, The",2004,
BIH,Bosnia and Herzegovina,2004,
BLR,Belarus,2004,5.7122597694397
BLZ,Belize,2004,4.0096697807312
BMU,Bermuda,2004,1.77587997913361
BOL,Bolivia,2004,
BRA,Brazil,2004,3.97448992729187
BRB,Barbados,2004,6.02428007125854
BRN,Brunei Darussalam,2004,
BTN,Bhutan,2004,6.12311983108521
BWA,Botswana,2004,
CAF,Central African Republic,2004,1.6245299577713
CAN,Canada,2004,
CHE,Switzerland,2004,5.3142900466919
CHI,Channel Islands,2004,
CHL,Chile,2004,3.54307007789612
CHN,China,2004,
CIV,Cote d'Ivoire,2004,2.91176009178162
CMR,Cameroon,2004,2.79530000686646
COD,"Congo, Dem. Rep.",2004,
COG,"Congo, Rep.",2004,2.28813004493713
COL,Colombia,2004,4.07934999465942
COM,Comoros,2004,
CPV,Cabo Verde,2004,7.47664022445679
CRI,Costa Rica,2004,4.89062976837158
CUB,Cuba,2004,10.2682304382324
CUW,Curacao,2004,
CYM,Cayman Islands,2004,
CYP,Cyprus,2004,6.11772012710571
CZE,Czechia,2004,3.98130011558533
DEU,Germany,2004,
DJI,Djibouti,2004,9.26467037200928
DMA,Dominica,2004,
DNK,Denmark,2004,8.1876802444458
DOM,Dominican Republic,2004,
DZA,Algeria,2004,
EAR,Early-demographic dividend,2004,
ECS,Europe & Central Asia,2004,4.80561494827271
ECU,Ecuador,2004,
EGY,"Egypt, Arab Rep.",2004,4.67072010040283
ERI,Eritrea,2004,3.14896988868713
ESP,Spain,2004,4.15485000610352
EST,Estonia,2004,4.87566995620728
ETH,Ethiopia,2004,
FIN,Finland,2004,6.15823984146118
FJI,Fiji,2004,6.20915985107422
FRA,France,2004,
FRO,Faroe Islands,2004,
FSM,"Micronesia, Fed. Sts.",2004,
GAB,Gabon,2004,
GBR,United Kingdom,2004,4.73555994033813
GEO,Georgia,2004,2.91420006752014
GHA,Ghana,2004,7.53558015823364
GIB,Gibraltar,2004,
GIN,Guinea,2004,1.5156899690628
GMB,"Gambia, The",2004,0.622470021247864
GNB,Guinea-Bissau,2004,
GNQ,Equatorial Guinea,2004,
GRC,Greece,2004,3.76059007644653
GRD,Grenada,2004,
GRL,Greenland,2004,
GTM,Guatemala,2004,
GUM,Guam,2004,
GUY,Guyana,2004,5.51291990280151
HKG,"Hong Kong SAR, China",2004,4.55894994735718
HND,Honduras,2004,
HRV,Croatia,2004,3.82386994361877
HTI,Haiti,2004,
HUN,Hungary,2004,5.33301019668579
IDB,IDA blend,2004,2.85353004932404
IDN,Indonesia,2004,2.74846005439758
IMN,Isle of Man,2004,
IND,India,2004,3.35254001617432
IRL,Ireland,2004,4.48295021057129
IRN,"Iran, Islamic Rep.",2004,4.29662990570068
IRQ,Iraq,2004,
ISL,Iceland,2004,7.16119003295898
ISR,Israel,2004,5.75040006637573
ITA,Italy,2004,4.37002992630005
JAM,Jamaica,2004,3.91254997253418
JOR,Jordan,2004,
JPN,Japan,2004,3.42611002922058
KAZ,Kazakhstan,2004,2.25590991973877
KEN,Kenya,2004,6.79693984985352
KGZ,Kyrgyz Republic,2004,4.62243986129761
KHM,Cambodia,2004,1.56035995483398
KIR,Kiribati,2004,
KNA,St. Kitts and Nevis,2004,3.9713499546051
KOR,"Korea, Rep.",2004,
KWT,Kuwait,2004,5.53506994247437
LAO,Lao PDR,2004,2.41300010681152
LBN,Lebanon,2004,2.64094996452331
LBR,Liberia,2004,
LBY,Libya,2004,
LCA,St. Lucia,2004,3.43646001815796
LCN,Latin America & Caribbean,2004,3.73531496524811
LIE,Liechtenstein,2004,2.43333005905151
LKA,Sri Lanka,2004,
LSO,Lesotho,2004,11.1090097427368
LTE,Late-demographic dividend,2004,4.07934999465942
LTU,Lithuania,2004,5.14797019958496
LUX,Luxembourg,2004,
LVA,Latvia,2004,5.04684019088745
MAC,"Macao SAR, China",2004,2.23348999023438
MAF,St. Martin (French part),2004,
MAR,Morocco,2004,
MCO,Monaco,2004,1.26668000221252
MDA,Moldova,2004,6.77103996276855
MDG,Madagascar,2004,2.81261992454529
MDV,Maldives,2004,4.66160011291504
MEX,Mexico,2004,4.51204013824463
MHL,Marshall Islands,2004,
MKD,North Macedonia,2004,
MLI,Mali,2004,2.95918989181519
MLT,Malta,2004,4.430260181427
MMR,Myanmar,2004,
MNE,Montenegro,2004,
MNG,Mongolia,2004,4.32572984695435
MNP,Northern Mariana Islands,2004,
MOZ,Mozambique,2004,3.19837999343872
MRT,Mauritania,2004,1.9507999420166
MUS,Mauritius,2004,4.25576019287109
MWI,Malawi,2004,
MYS,Malaysia,2004,5.92389011383057
NAM,Namibia,2004,
NCL,New Caledonia,2004,
NER,Niger,2004,
NGA,Nigeria,2004,
NIC,Nicaragua,2004,
NLD,Netherlands,2004,5.0411901473999
NOR,Norway,2004,7.27745008468628
NPL,Nepal,2004,3.1719400882721
NRU,Nauru,2004,
NZL,New Zealand,2004,
OMN,Oman,2004,3.5151801109314
PAK,Pakistan,2004,1.44337999820709
PAN,Panama,2004,3.55807995796204
PER,Peru,2004,2.95787000656128
PHL,Philippines,2004,2.46983003616333
PLW,Palau,2004,
PNG,Papua New Guinea,2004,
POL,Poland,2004,5.33129978179932
PRI,Puerto Rico (US),2004,
PRK,"Korea, Dem. People's Rep.",2004,
PRT,Portugal,2004,5.04640007019043
PRY,Paraguay,2004,2.86989998817444
PSE,West Bank and Gaza,2004,
PYF,French Polynesia,2004,
QAT,Qatar,2004,3.46258997917175
ROU,Romania,2004,3.31273007392883
RUS,Russia,2004,3.54785990715027
RWA,Rwanda,2004,
SAU,Saudi Arabia,2004,6.27747011184692
SDN,Sudan,2004,1.31254994869232
SEN,Senegal,2004,3.07778000831604
SGP,Singapore,2004,3.65276002883911
SLB,Solomon Islands,2004,
SLE,Sierra Leone,2004,2.01167011260986
SLV,El Salvador,2004,
SMR,San Marino,2004,
SOM,"Somalia, Fed. Rep.",2004,
SRB,Serbia,2004,
SSD,South Sudan,2004,
STP,Sao Tome and Principe,2004,3.23470997810364
SUR,Suriname,2004,
SVK,Slovak Republic,2004,4.11747980117798
SVN,Slovenia,2004,5.68693017959595
SWE,Sweden,2004,6.6729998588562
SWZ,Eswatini,2004,5.40160989761353
SXM,Sint Maarten (Dutch part),2004,
SYC,Seychelles,2004,
SYR,Syrian Arab Republic,2004,5.37147998809815
TCA,Turks and Caicos Islands,2004,
TCD,Chad,2004,1.59294998645782
TGO,Togo,2004,2.20198011398315
THA,Thailand,2004,4.03088998794556
TJK,Tajikistan,2004,2.77203011512756
TKM,Turkmenistan,2004,
TLS,Timor-Leste,2004,
TON,Tonga,2004,3.91376996040344
TTO,Trinidad and Tobago,2004,
TUN,Tunisia,2004,6.72078990936279
TUR,Turkiye,2004,
TUV,Tuvalu,2004,
TZA,Tanzania,2004,3.56245994567871
UGA,Uganda,2004,4.95237016677856
UKR,Ukraine,2004,5.12376022338867
URY,Uruguay,2004,2.49954009056091
USA,United States,2004,
UZB,Uzbekistan,2004,
VCT,St. Vincent and the Grenadines,2004,
VEN,"Venezuela, RB",2004,
VGB,British Virgin Islands,2004,
VIR,Virgin Islands (U.S.),2004,
VNM,Viet Nam,2004,
VUT,Vanuatu,2004,
WSM,Samoa,2004,
XKX,Kosovo,2004,
YEM,"Yemen, Rep.",2004,
ZAF,South Africa,2004,4.50897979736328
ZMB,Zambia,2004,2.46342992782593
ZWE,Zimbabwe,2004,
ABW,Aruba,2005,4.62321996688843
AFE,Africa Eastern and Southern,2005,3.85834002494812
AFG,Afghanistan,2005,
AFW,Africa Western and Central,2005,2.44700992107391
AGO,Angola,2005,2.12011003494263
ALB,Albania,2005,3.20023989677429
AND,Andorra,2005,1.64497005939484
ARE,United Arab Emirates,2005,
ARG,Argentina,2005,3.86000990867615
ARM,Armenia,2005,2.71202993392944
ASM,American Samoa,2005,
ATG,Antigua and Barbuda,2005,
AUS,Australia,2005,
AUT,Austria,2005,5.28515005111694
AZE,Azerbaijan,2005,2.97462010383606
BDI,Burundi,2005,3.63216996192932
BEL,Belgium,2005,5.79584980010986
BEN,Benin,2005,2.6566801071167
BFA,Burkina Faso,2005,3.94112992286682
BGD,Bangladesh,2005,
BGR,Bulgaria,2005,4.10879993438721
BHR,Bahrain,2005,
BHS,"Bahamas, The",2005,
BIH,Bosnia and Herzegovina,2005,
BLR,Belarus,2005,5.8710298538208
BLZ,Belize,2005,
BMU,Bermuda,2005,1.98877000808716
BOL,Bolivia,2005,
BRA,Brazil,2005,4.47909021377563
BRB,Barbados,2005,5.66965007781982
BRN,Brunei Darussalam,2005,
BTN,Bhutan,2005,6.76420021057129
BWA,Botswana,2005,10.6785898208618
CAF,Central African Republic,2005,1.65222001075745
CAN,Canada,2005,4.76589012145996
CHE,Switzerland,2005,5.08472013473511
CHI,Channel Islands,2005,
CHL,Chile,2005,3.28016996383667
CHN,China,2005,
CIV,Cote d'Ivoire,2005,2.91943001747131
CMR,Cameroon,2005,2.65652990341186
COD,"Congo, Dem. Rep.",2005,
COG,"Congo, Rep.",2005,1.6810200214386
COL,Colombia,2005,4.02098989486694
COM,Comoros,2005,
CPV,Cabo Verde,2005,
CRI,Costa Rica,2005,
CUB,Cuba,2005,10.5577802658081
CUW,Curacao,2005,
CYM,Cayman Islands,2005,
CYP,Cyprus,2005,6.28667020797729
CZE,Czechia,2005,3.86250996589661
DEU,Germany,2005,
DJI,Djibouti,2005,8.36588954925537
DMA,Dominica,2005,
DNK,Denmark,2005,8.06474018096924
DOM,Dominican Republic,2005,
DZA,Algeria,2005,
EAR,Early-demographic dividend,2005,
ECS,Europe & Central Asia,2005,4.87698984146118
ECU,Ecuador,2005,
EGY,"Egypt, Arab Rep.",2005,4.79442977905273
ERI,Eritrea,2005,
ESP,Spain,2005,4.14090013504028
EST,Estonia,2005,4.80935001373291
ETH,Ethiopia,2005,
FIN,Finland,2005,6.02582979202271
FJI,Fiji,2005,5.16705989837646
FRA,France,2005,
FRO,Faroe Islands,2005,
FSM,"Micronesia, Fed. Sts.",2005,
GAB,Gabon,2005,
GBR,United Kingdom,2005,4.92975997924805
GEO,Georgia,2005,2.48431992530823
GHA,Ghana,2005,7.42208003997803
GIB,Gibraltar,2005,
GIN,Guinea,2005,1.26814997196198
GMB,"Gambia, The",2005,0.691879987716675
GNB,Guinea-Bissau,2005,
GNQ,Equatorial Guinea,2005,
GRC,Greece,2005,4.0549201965332
GRD,Grenada,2005,
GRL,Greenland,2005,
GTM,Guatemala,2005,
GUM,Guam,2005,
GUY,Guyana,2005,8.13973045349121
HKG,"Hong Kong SAR, China",2005,4.13463020324707
HND,Honduras,2005,
HRV,Croatia,2005,
HTI,Haiti,2005,
HUN,Hungary,2005,5.32539987564087
IDB,IDA blend,2005,2.78797996044158
IDN,Indonesia,2005,2.87281990051269
IMN,Isle of Man,2005,
IND,India,2005,3.18876004219055
IRL,Ireland,2005,4.51897001266479
IRN,"Iran, Islamic Rep.",2005,4.05651998519897
IRQ,Iraq,2005,
ISL,Iceland,2005,7.33842992782593
ISR,Israel,2005,5.56489992141724
ITA,Italy,2005,4.22292995452881
JAM,Jamaica,2005,4.61641979217529
JOR,Jordan,2005,
JPN,Japan,2005,3.31493997573852
KAZ,Kazakhstan,2005,2.26353001594544
KEN,Kenya,2005,7.3356499671936
KGZ,Kyrgyz Republic,2005,4.87384986877441
KHM,Cambodia,2005,
KIR,Kiribati,2005,
KNA,St. Kitts and Nevis,2005,3.83144998550415
KOR,"Korea, Rep.",2005,
KWT,Kuwait,2005,4.73833990097046
LAO,Lao PDR,2005,2.4140899181366
LBN,Lebanon,2005,2.64619994163513
LBR,Liberia,2005,
LBY,Libya,2005,
LCA,St. Lucia,2005,4.23895978927612
LCN,Latin America & Caribbean,2005,
LIE,Liechtenstein,2005,
LKA,Sri Lanka,2005,
LSO,Lesotho,2005,12.0796604156494
LTE,Late-demographic dividend,2005,3.93859004974365
LTU,Lithuania,2005,4.87698984146118
LUX,Luxembourg,2005,
LVA,Latvia,2005,
MAC,"Macao SAR, China",2005,2.2778799533844
MAF,St. Martin (French part),2005,
MAR,Morocco,2005,
MCO,Monaco,2005,
MDA,Moldova,2005,7.16270017623901
MDG,Madagascar,2005,3.30962991714477
MDV,Maldives,2005,5.0168399810791
MEX,Mexico,2005,4.63395023345947
MHL,Marshall Islands,2005,
MKD,North Macedonia,2005,
MLI,Mali,2005,2.74722003936768
MLT,Malta,2005,
MMR,Myanmar,2005,
MNE,Montenegro,2005,
MNG,Mongolia,2005,
MNP,Northern Mariana Islands,2005,
MOZ,Mozambique,2005,3.85834002494812
MRT,Mauritania,2005,
MUS,Mauritius,2005,4.02402019500732
MWI,Malawi,2005,
MYS,Malaysia,2005,
NAM,Namibia,2005,
NCL,New Caledonia,2005,
NER,Niger,2005,
NGA,Nigeria,2005,
NIC,Nicaragua,2005,
NLD,Netherlands,2005,5.08871984481812
NOR,Norway,2005,6.84081983566284
NPL,Nepal,2005,3.3646399974823
NRU,Nauru,2005,
NZL,New Zealand,2005,
OMN,Oman,2005,3.07889008522034
PAK,Pakistan,2005,1.67058002948761
PAN,Panama,2005,
PER,Peru,2005,2.83903002738953
PHL,Philippines,2005,2.32806992530823
PLW,Palau,2005,
PNG,Papua New Guinea,2005,
POL,Poland,2005,5.41065979003906
PRI,Puerto Rico (US),2005,
PRK,"Korea, Dem. People's Rep.",2005,
PRT,Portugal,2005,5.07393980026245
PRY,Paraguay,2005,
PSE,West Bank and Gaza,2005,
PYF,French Polynesia,2005,
QAT,Qatar,2005,3.97187995910644
ROU,Romania,2005,3.50038003921509
RUS,Russia,2005,3.77192997932434
RWA,Rwanda,2005,
SAU,Saudi Arabia,2005,5.43093013763428
SDN,Sudan,2005,1.17842996120453
SEN,Senegal,2005,4.06443023681641
SGP,Singapore,2005,3.19596004486084
SLB,Solomon Islands,2005,
SLE,Sierra Leone,2005,1.81370997428894
SLV,El Salvador,2005,3.17785000801086
SMR,San Marino,2005,
SOM,"Somalia, Fed. Rep.",2005,
SRB,Serbia,2005,
SSD,South Sudan,2005,
STP,Sao Tome and Principe,2005,4.85645008087158
SUR,Suriname,2005,
SVK,Slovak Republic,2005,3.77565002441406
SVN,Slovenia,2005,5.64437007904053
SWE,Sweden,2005,6.51516008377075
SWZ,Eswatini,2005,6.48462009429932
SXM,Sint Maarten (Dutch part),2005,
SYC,Seychelles,2005,
SYR,Syrian Arab Republic,2005,
TCA,Turks and Caicos Islands,2005,2.54099988937378
TCD,Chad,2005,1.30189001560211
TGO,Togo,2005,2.23748993873596
THA,Thailand,2005,3.93859004974365
TJK,Tajikistan,2005,3.51213002204895
TKM,Turkmenistan,2005,
TLS,Timor-Leste,2005,
TON,Tonga,2005,
TTO,Trinidad and Tobago,2005,
TUN,Tunisia,2005,6.4515700340271
TUR,Turkiye,2005,
TUV,Tuvalu,2005,
TZA,Tanzania,2005,3.54747009277344
UGA,Uganda,2005,
UKR,Ukraine,2005,5.84819984436035
URY,Uruguay,2005,2.71476006507873
USA,United States,2005,
UZB,Uzbekistan,2005,
VCT,St. Vincent and the Grenadines,2005,6.03082990646362
VEN,"Venezuela, RB",2005,
VGB,British Virgin Islands,2005,
VIR,Virgin Islands (U.S.),2005,
VNM,Viet Nam,2005,
VUT,Vanuatu,2005,
WSM,Samoa,2005,
XKX,Kosovo,2005,
YEM,"Yemen, Rep.",2005,
ZAF,South Africa,2005,4.5245099067688
ZMB,Zambia,2005,1.73553001880646
ZWE,Zimbabwe,2005,
ABW,Aruba,2006,
AFE,Africa Eastern and Southern,2006,3.7359299659729
AFG,Afghanistan,2006,
AFW,Africa Western and Central,2006,2.55851006507873
AGO,Angola,2006,2.28146004676819
ALB,Albania,2006,3.10271000862122
AND,Andorra,2006,2.24489998817444
ARE,United Arab Emirates,2006,
ARG,Argentina,2006,4.12821006774902
ARM,Armenia,2006,2.71577000617981
ASM,American Samoa,2006,14.7170495986938
ATG,Antigua and Barbuda,2006,
AUS,Australia,2006,
AUT,Austria,2006,5.26367998123169
AZE,Azerbaijan,2006,2.55552005767822
BDI,Burundi,2006,
BEL,Belgium,2006,
BEN,Benin,2006,2.56340003013611
BFA,Burkina Faso,2006,3.98218989372253
BGD,Bangladesh,2006,2.13128995895386
BGR,Bulgaria,2006,3.90346002578735
BHR,Bahrain,2006,2.87440991401672
BHS,"Bahamas, The",2006,
BIH,Bosnia and Herzegovina,2006,
BLR,Belarus,2006,6.07696008682251
BLZ,Belize,2006,
BMU,Bermuda,2006,
BOL,Bolivia,2006,6.43421983718872
BRA,Brazil,2006,4.87060022354126
BRB,Barbados,2006,
BRN,Brunei Darussalam,2006,
BTN,Bhutan,2006,
BWA,Botswana,2006,
CAF,Central African Republic,2006,1.41506004333496
CAN,Canada,2006,
CHE,Switzerland,2006,4.84120988845825
CHI,Channel Islands,2006,
CHL,Chile,2006,3.04014992713928
CHN,China,2006,
CIV,Cote d'Ivoire,2006,2.81998991966248
CMR,Cameroon,2006,2.53990006446838
COD,"Congo, Dem. Rep.",2006,
COG,"Congo, Rep.",2006,
COL,Colombia,2006,3.91671991348267
COM,Comoros,2006,
CPV,Cabo Verde,2006,6.52960014343262
CRI,Costa Rica,2006,4.61614990234375
CUB,Cuba,2006,9.05716991424561
CUW,Curacao,2006,
CYM,Cayman Islands,2006,
CYP,Cyprus,2006,6.33027982711792
CZE,Czechia,2006,4.19625997543335
DEU,Germany,2006,
DJI,Djibouti,2006,8.27877998352051
DMA,Dominica,2006,
DNK,Denmark,2006,7.71623992919922
DOM,Dominican Republic,2006,
DZA,Algeria,2006,
EAR,Early-demographic dividend,2006,4.12821006774902
ECS,Europe & Central Asia,2006,4.90769004821777
ECU,Ecuador,2006,
EGY,"Egypt, Arab Rep.",2006,4.00178003311157
ERI,Eritrea,2006,2.12700009346008
ESP,Spain,2006,4.17999982833862
EST,Estonia,2006,
ETH,Ethiopia,2006,5.49094009399414
FIN,Finland,2006,5.92960977554321
FJI,Fiji,2006,5.6553201675415
FRA,France,2006,
FRO,Faroe Islands,2006,
FSM,"Micronesia, Fed. Sts.",2006,
GAB,Gabon,2006,
GBR,United Kingdom,2006,4.97648000717163
GEO,Georgia,2006,3.00364995002747
GHA,Ghana,2006,5.14794015884399
GIB,Gibraltar,2006,
GIN,Guinea,2006,
GMB,"Gambia, The",2006,0.751630008220673
GNB,Guinea-Bissau,2006,
GNQ,Equatorial Guinea,2006,
GRC,Greece,2006,
GRD,Grenada,2006,
GRL,Greenland,2006,
GTM,Guatemala,2006,3.03285002708435
GUM,Guam,2006,
GUY,Guyana,2006,3.11891007423401
HKG,"Hong Kong SAR, China",2006,3.84278011322021
HND,Honduras,2006,
HRV,Croatia,2006,
HTI,Haiti,2006,
HUN,Hungary,2006,5.29485988616943
IDB,IDA blend,2006,2.81998991966248
IDN,Indonesia,2006,
IMN,Isle of Man,2006,
IND,India,2006,3.14284992218018
IRL,Ireland,2006,4.54742002487183
IRN,"Iran, Islamic Rep.",2006,4.28998994827271
IRQ,Iraq,2006,
ISL,Iceland,2006,7.19518995285034
ISR,Israel,2006,5.58409023284912
ITA,Italy,2006,4.50464010238647
JAM,Jamaica,2006,
JOR,Jordan,2006,
JPN,Japan,2006,3.27667999267578
KAZ,Kazakhstan,2006,2.62679004669189
KEN,Kenya,2006,7.04981994628906
KGZ,Kyrgyz Republic,2006,5.54987001419067
KHM,Cambodia,2006,
KIR,Kiribati,2006,
KNA,St. Kitts and Nevis,2006,4.05925989151001
KOR,"Korea, Rep.",2006,
KWT,Kuwait,2006,3.75997996330261
LAO,Lao PDR,2006,2.95879006385803
LBN,Lebanon,2006,2.77976989746094
LBR,Liberia,2006,
LBY,Libya,2006,
LCA,St. Lucia,2006,4.69669008255005
LCN,Latin America & Caribbean,2006,3.91671991348267
LIE,Liechtenstein,2006,2.05380988121033
LKA,Sri Lanka,2006,
LSO,Lesotho,2006,11.2712802886963
LTE,Late-demographic dividend,2006,3.89148998260498
LTU,Lithuania,2006,4.83653020858765
LUX,Luxembourg,2006,
LVA,Latvia,2006,4.94490003585815
MAC,"Macao SAR, China",2006,2.19386005401611
MAF,St. Martin (French part),2006,
MAR,Morocco,2006,
MCO,Monaco,2006,
MDA,Moldova,2006,7.49899005889893
MDG,Madagascar,2006,2.83097004890442
MDV,Maldives,2006,4.64523983001709
MEX,Mexico,2006,4.49317979812622
MHL,Marshall Islands,2006,
MKD,North Macedonia,2006,
MLI,Mali,2006,
MLT,Malta,2006,
MMR,Myanmar,2006,
MNE,Montenegro,2006,
MNG,Mongolia,2006,
MNP,Northern Mariana Islands,2006,
MOZ,Mozambique,2006,3.7359299659729
MRT,Mauritania,2006,1.95850002765655
MUS,Mauritius,2006,3.64840006828308
MWI,Malawi,2006,
MYS,Malaysia,2006,4.48576021194458
NAM,Namibia,2006,6.03171014785767
NCL,New Caledonia,2006,
NER,Niger,2006,2.55851006507873
NGA,Nigeria,2006,
NIC,Nicaragua,2006,
NLD,Netherlands,2006,5.01913976669312
NOR,Norway,2006,6.35823011398315
NPL,Nepal,2006,3.60536003112793
NRU,Nauru,2006,
NZL,New Zealand,2006,
OMN,Oman,2006,3.37333011627197
PAK,Pakistan,2006,1.98055994510651
PAN,Panama,2006,
PER,Peru,2006,2.65281009674072
PHL,Philippines,2006,2.42579007148743
PLW,Palau,2006,
PNG,Papua New Guinea,2006,
POL,Poland,2006,5.18848991394043
PRI,Puerto Rico (US),2006,
PRK,"Korea, Dem. People's Rep.",2006,
PRT,Portugal,2006,4.90769004821777
PRY,Paraguay,2006,
PSE,West Bank and Gaza,2006,
PYF,French Polynesia,2006,
QAT,Qatar,2006,
ROU,Romania,2006,4.30650997161865
RUS,Russia,2006,3.86626005172729
RWA,Rwanda,2006,
SAU,Saudi Arabia,2006,5.89117002487183
SDN,Sudan,2006,1.55353999137878
SEN,Senegal,2006,3.82138991355896
SGP,Singapore,2006,2.85911989212036
SLB,Solomon Islands,2006,
SLE,Sierra Leone,2006,
SLV,El Salvador,2006,3.49298000335693
SMR,San Marino,2006,
SOM,"Somalia, Fed. Rep.",2006,
SRB,Serbia,2006,
SSD,South Sudan,2006,
STP,Sao Tome and Principe,2006,4.27118015289307
SUR,Suriname,2006,
SVK,Slovak Republic,2006,3.70850992202759
SVN,Slovenia,2006,5.62207984924316
SWE,Sweden,2006,6.37277984619141
SWZ,Eswatini,2006,6.55475997924805
SXM,Sint Maarten (Dutch part),2006,
SYC,Seychelles,2006,4.48331022262573
SYR,Syrian Arab Republic,2006,5.27966022491455
TCA,Turks and Caicos Islands,2006,
TCD,Chad,2006,
TGO,Togo,2006,2.43236994743347
THA,Thailand,2006,4.05038022994995
TJK,Tajikistan,2006,3.40350008010864
TKM,Turkmenistan,2006,
TLS,Timor-Leste,2006,
TON,Tonga,2006,
TTO,Trinidad and Tobago,2006,
TUN,Tunisia,2006,6.43879985809326
TUR,Turkiye,2006,
TUV,Tuvalu,2006,
TZA,Tanzania,2006,3.00991988182068
UGA,Uganda,2006,
UKR,Ukraine,2006,5.97945976257324
URY,Uruguay,2006,2.85664010047913
USA,United States,2006,
UZB,Uzbekistan,2006,
VCT,St. Vincent and the Grenadines,2006,
VEN,"Venezuela, RB",2006,3.66905999183655
VGB,British Virgin Islands,2006,
VIR,Virgin Islands (U.S.),2006,
VNM,Viet Nam,2006,
VUT,Vanuatu,2006,
WSM,Samoa,2006,
XKX,Kosovo,2006,
YEM,"Yemen, Rep.",2006,
ZAF,South Africa,2006,4.52652978897095
ZMB,Zambia,2006,
ZWE,Zimbabwe,2006,
ABW,Aruba,2007,4.70254993438721
AFE,Africa Eastern and Southern,2007,
AFG,Afghanistan,2007,
AFW,Africa Western and Central,2007,
AGO,Angola,2007,
ALB,Albania,2007,3.14638996124268
AND,Andorra,2007,2.10469007492065
ARE,United Arab Emirates,2007,
ARG,Argentina,2007,4.46260976791382
ARM,Armenia,2007,3.01893997192383
ASM,American Samoa,2007,
ATG,Antigua and Barbuda,2007,
AUS,Australia,2007,
AUT,Austria,2007,5.17918014526367
AZE,Azerbaijan,2007,2.5492799282074
BDI,Burundi,2007,
BEL,Belgium,2007,
BEN,Benin,2007,2.36331009864807
BFA,Burkina Faso,2007,4.07982015609741
BGD,Bangladesh,2007,2.20221996307373
BGR,Bulgaria,2007,3.680340051651
BHR,Bahrain,2007,2.57500004768372
BHS,"Bahamas, The",2007,
BIH,Bosnia and Herzegovina,2007,
BLR,Belarus,2007,5.15210008621216
BLZ,Belize,2007,
BMU,Bermuda,2007,
BOL,Bolivia,2007,6.7204999923706
BRA,Brazil,2007,4.97426986694336
BRB,Barbados,2007,5.22061014175415
BRN,Brunei Darussalam,2007,
BTN,Bhutan,2007,
BWA,Botswana,2007,9.04666996002197
CAF,Central African Republic,2007,1.31332004070282
CAN,Canada,2007,4.76642990112305
CHE,Switzerland,2007,4.58396005630493
CHI,Channel Islands,2007,
CHL,Chile,2007,3.2331600189209
CHN,China,2007,
CIV,Cote d'Ivoire,2007,3.01614999771118
CMR,Cameroon,2007,2.87814998626709
COD,"Congo, Dem. Rep.",2007,
COG,"Congo, Rep.",2007,
COL,Colombia,2007,4.08301019668579
COM,Comoros,2007,
CPV,Cabo Verde,2007,4.95982980728149
CRI,Costa Rica,2007,4.63449001312256
CUB,Cuba,2007,11.8682098388672
CUW,Curacao,2007,
CYM,Cayman Islands,2007,
CYP,Cyprus,2007,6.28083992004395
CZE,Czechia,2007,3.85006999969482
DEU,Germany,2007,
DJI,Djibouti,2007,8.40625
DMA,Dominica,2007,
DNK,Denmark,2007,7.59683990478516
DOM,Dominican Republic,2007,2.04678010940552
DZA,Algeria,2007,
EAR,Early-demographic dividend,2007,3.60984992980957
ECS,Europe & Central Asia,2007,4.71541976928711
ECU,Ecuador,2007,
EGY,"Egypt, Arab Rep.",2007,3.68460988998413
ERI,Eritrea,2007,
ESP,Spain,2007,4.24615001678467
EST,Estonia,2007,4.6196699142456
ETH,Ethiopia,2007,5.45110988616943
FIN,Finland,2007,5.67164993286133
FJI,Fiji,2007,5.89472007751465
FRA,France,2007,
FRO,Faroe Islands,2007,
FSM,"Micronesia, Fed. Sts.",2007,
GAB,Gabon,2007,
GBR,United Kingdom,2007,4.9244499206543
GEO,Georgia,2007,2.69687008857727
GHA,Ghana,2007,5.51986980438232
GIB,Gibraltar,2007,
GIN,Guinea,2007,
GMB,"Gambia, The",2007,0.816860020160675
GNB,Guinea-Bissau,2007,
GNQ,Equatorial Guinea,2007,
GRC,Greece,2007,
GRD,Grenada,2007,
GRL,Greenland,2007,
GTM,Guatemala,2007,3.08809995651245
GUM,Guam,2007,
GUY,Guyana,2007,2.39117002487183
HKG,"Hong Kong SAR, China",2007,3.45455002784729
HND,Honduras,2007,
HRV,Croatia,2007,3.96898007392883
HTI,Haiti,2007,
HUN,Hungary,2007,5.13725996017456
IDB,IDA blend,2007,
IDN,Indonesia,2007,3.04426002502441
IMN,Isle of Man,2007,
IND,India,2007,
IRL,Ireland,2007,4.71541976928711
IRN,"Iran, Islamic Rep.",2007,4.59681987762451
IRQ,Iraq,2007,
ISL,Iceland,2007,6.94434022903442
ISR,Israel,2007,5.33169984817505
ITA,Italy,2007,4.08763980865479
JAM,Jamaica,2007,5.49022006988525
JOR,Jordan,2007,
JPN,Japan,2007,3.27934002876282
KAZ,Kazakhstan,2007,2.83138990402222
KEN,Kenya,2007,
KGZ,Kyrgyz Republic,2007,6.46697998046875
KHM,Cambodia,2007,1.36423003673553
KIR,Kiribati,2007,
KNA,St. Kitts and Nevis,2007,4.1938099861145
KOR,"Korea, Rep.",2007,
KWT,Kuwait,2007,
LAO,Lao PDR,2007,3.07841992378235
LBN,Lebanon,2007,2.58357000350952
LBR,Liberia,2007,
LBY,Libya,2007,
LCA,St. Lucia,2007,
LCN,Latin America & Caribbean,2007,4.08301019668579
LIE,Liechtenstein,2007,1.92119002342224
LKA,Sri Lanka,2007,
LSO,Lesotho,2007,
LTE,Late-demographic dividend,2007,4.2610399723053
LTU,Lithuania,2007,4.59159994125366
LUX,Luxembourg,2007,
LVA,Latvia,2007,4.89059019088745
MAC,"Macao SAR, China",2007,2.04345011711121
MAF,St. Martin (French part),2007,
MAR,Morocco,2007,
MCO,Monaco,2007,
MDA,Moldova,2007,8.29337024688721
MDG,Madagascar,2007,2.90274000167847
MDV,Maldives,2007,4.41788005828857
MEX,Mexico,2007,4.47919988632202
MHL,Marshall Islands,2007,
MKD,North Macedonia,2007,
MLI,Mali,2007,
MLT,Malta,2007,5.95993995666504
MMR,Myanmar,2007,
MNE,Montenegro,2007,
MNG,Mongolia,2007,4.69013023376465
MNP,Northern Mariana Islands,2007,
MOZ,Mozambique,2007,
MRT,Mauritania,2007,
MUS,Mauritius,2007,3.18540000915527
MWI,Malawi,2007,
MYS,Malaysia,2007,4.37253999710083
NAM,Namibia,2007,
NCL,New Caledonia,2007,
NER,Niger,2007,3.01462006568909
NGA,Nigeria,2007,
NIC,Nicaragua,2007,
NLD,Netherlands,2007,4.85854005813599
NOR,Norway,2007,6.50672006607056
NPL,Nepal,2007,3.51721000671387
NRU,Nauru,2007,4.24858999252319
NZL,New Zealand,2007,
OMN,Oman,2007,
PAK,Pakistan,2007,2.23465991020203
PAN,Panama,2007,
PER,Peru,2007,2.62940001487732
PHL,Philippines,2007,2.48518991470337
PLW,Palau,2007,
PNG,Papua New Guinea,2007,
POL,Poland,2007,4.86086988449097
PRI,Puerto Rico (US),2007,
PRK,"Korea, Dem. People's Rep.",2007,
PRT,Portugal,2007,4.92149019241333
PRY,Paraguay,2007,2.73951005935669
PSE,West Bank and Gaza,2007,
PYF,French Polynesia,2007,
QAT,Qatar,2007,
ROU,Romania,2007,4.14953994750977
RUS,Russia,2007,
RWA,Rwanda,2007,3.98502993583679
SAU,Saudi Arabia,2007,
SDN,Sudan,2007,
SEN,Senegal,2007,
SGP,Singapore,2007,2.94673991203308
SLB,Solomon Islands,2007,7.33327007293701
SLE,Sierra Leone,2007,1.52012002468109
SLV,El Salvador,2007,3.60984992980957
SMR,San Marino,2007,
SOM,"Somalia, Fed. Rep.",2007,
SRB,Serbia,2007,4.04881000518799
SSD,South Sudan,2007,
STP,Sao Tome and Principe,2007,6.28682994842529
SUR,Suriname,2007,
SVK,Slovak Republic,2007,3.52223992347717
SVN,Slovenia,2007,5.13660001754761
SWE,Sweden,2007,6.18673992156982
SWZ,Eswatini,2007,
SXM,Sint Maarten (Dutch part),2007,
SYC,Seychelles,2007,
SYR,Syrian Arab Republic,2007,4.86469984054565
TCA,Turks and Caicos Islands,2007,
TCD,Chad,2007,
TGO,Togo,2007,2.48604011535644
THA,Thailand,2007,3.60314989089966
TJK,Tajikistan,2007,3.41326999664307
TKM,Turkmenistan,2007,
TLS,Timor-Leste,2007,
TON,Tonga,2007,
TTO,Trinidad and Tobago,2007,
TUN,Tunisia,2007,6.46451997756958
TUR,Turkiye,2007,
TUV,Tuvalu,2007,
TZA,Tanzania,2007,4.0334300994873
UGA,Uganda,2007,
UKR,Ukraine,2007,5.90244007110596
URY,Uruguay,2007,
USA,United States,2007,
UZB,Uzbekistan,2007,
VCT,St. Vincent and the Grenadines,2007,5.43937015533447
VEN,"Venezuela, RB",2007,3.62732005119324
VGB,British Virgin Islands,2007,
VIR,Virgin Islands (U.S.),2007,
VNM,Viet Nam,2007,
VUT,Vanuatu,2007,
WSM,Samoa,2007,
XKX,Kosovo,2007,
YEM,"Yemen, Rep.",2007,
ZAF,South Africa,2007,4.44668006896973
ZMB,Zambia,2007,1.24075996875763
ZWE,Zimbabwe,2007,
ABW,Aruba,2008,4.82730007171631
AFE,Africa Eastern and Southern,2008,4.28008008003235
AFG,Afghanistan,2008,
AFW,Africa Western and Central,2008,2.49826002120972
AGO,Angola,2008,
ALB,Albania,2008,
AND,Andorra,2008,2.87392997741699
ARE,United Arab Emirates,2008,
ARG,Argentina,2008,4.84438991546631
ARM,Armenia,2008,3.17272996902466
ASM,American Samoa,2008,
ATG,Antigua and Barbuda,2008,
AUS,Australia,2008,
AUT,Austria,2008,5.2985200881958
AZE,Azerbaijan,2008,2.44092988967896
BDI,Burundi,2008,5.19289016723633
BEL,Belgium,2008,6.33294010162354
BEN,Benin,2008,2.77728009223938
BFA,Burkina Faso,2008,
BGD,Bangladesh,2008,2.0545699596405
BGR,Bulgaria,2008,4.2190899848938
BHR,Bahrain,2008,2.49677991867065
BHS,"Bahamas, The",2008,
BIH,Bosnia and Herzegovina,2008,
BLR,Belarus,2008,
BLZ,Belize,2008,4.29996013641357
BMU,Bermuda,2008,
BOL,Bolivia,2008,6.72301006317139
BRA,Brazil,2008,5.26884984970093
BRB,Barbados,2008,4.92074012756348
BRN,Brunei Darussalam,2008,
BTN,Bhutan,2008,4.56950998306274
BWA,Botswana,2008,
CAF,Central African Republic,2008,1.29000997543335
CAN,Canada,2008,4.62612009048462
CHE,Switzerland,2008,4.75724983215332
CHI,Channel Islands,2008,
CHL,Chile,2008,3.79189991950989
CHN,China,2008,
CIV,Cote d'Ivoire,2008,3.09853005409241
CMR,Cameroon,2008,2.49826002120972
COD,"Congo, Dem. Rep.",2008,
COG,"Congo, Rep.",2008,
COL,Colombia,2008,3.9387800693512
COM,Comoros,2008,4.42264986038208
CPV,Cabo Verde,2008,5.03464984893799
CRI,Costa Rica,2008,4.88697004318237
CUB,Cuba,2008,14.0590801239014
CUW,Curacao,2008,
CYM,Cayman Islands,2008,
CYP,Cyprus,2008,6.72277021408081
CZE,Czechia,2008,3.73207998275757
DEU,Germany,2008,4.47337007522583
DJI,Djibouti,2008,
DMA,Dominica,2008,
DNK,Denmark,2008,7.441969871521
DOM,Dominican Republic,2008,
DZA,Algeria,2008,4.11142015457153
EAR,Early-demographic dividend,2008,4.11142015457153
ECS,Europe & Central Asia,2008,4.90972995758057
ECU,Ecuador,2008,
EGY,"Egypt, Arab Rep.",2008,3.76082992553711
ERI,Eritrea,2008,
ESP,Spain,2008,4.51630020141602
EST,Estonia,2008,5.48375988006592
ETH,Ethiopia,2008,5.40819978713989
FIN,Finland,2008,5.83046007156372
FJI,Fiji,2008,4.25357007980347
FRA,France,2008,
FRO,Faroe Islands,2008,
FSM,"Micronesia, Fed. Sts.",2008,
GAB,Gabon,2008,
GBR,United Kingdom,2008,4.90972995758057
GEO,Georgia,2008,2.9195499420166
GHA,Ghana,2008,5.75795984268188
GIB,Gibraltar,2008,
GIN,Guinea,2008,1.58112001419067
GMB,"Gambia, The",2008,2.18129992485046
GNB,Guinea-Bissau,2008,
GNQ,Equatorial Guinea,2008,
GRC,Greece,2008,
GRD,Grenada,2008,
GRL,Greenland,2008,
GTM,Guatemala,2008,3.23686003684998
GUM,Guam,2008,
GUY,Guyana,2008,
HKG,"Hong Kong SAR, China",2008,3.2606201171875
HND,Honduras,2008,
HRV,Croatia,2008,4.2783899307251
HTI,Haiti,2008,
HUN,Hungary,2008,4.97069978713989
IDB,IDA blend,2008,
IDN,Indonesia,2008,2.90190005302429
IMN,Isle of Man,2008,
IND,India,2008,
IRL,Ireland,2008,5.45828008651733
IRN,"Iran, Islamic Rep.",2008,3.91376996040344
IRQ,Iraq,2008,
ISL,Iceland,2008,7.03599977493286
ISR,Israel,2008,5.40716981887817
ITA,Italy,2008,4.37188005447388
JAM,Jamaica,2008,6.19131994247437
JOR,Jordan,2008,
JPN,Japan,2008,3.27241992950439
KAZ,Kazakhstan,2008,2.58946990966797
KEN,Kenya,2008,
KGZ,Kyrgyz Republic,2008,5.91317987442017
KHM,Cambodia,2008,
KIR,Kiribati,2008,
KNA,St. Kitts and Nevis,2008,
KOR,"Korea, Rep.",2008,
KWT,Kuwait,2008,
LAO,Lao PDR,2008,2.27854990959167
LBN,Lebanon,2008,2.01479005813599
LBR,Liberia,2008,1.70166003704071
LBY,Libya,2008,
LCA,St. Lucia,2008,4.48353004455566
LCN,Latin America & Caribbean,2008,4.60607004165649
LIE,Liechtenstein,2008,2.04836988449097
LKA,Sri Lanka,2008,
LSO,Lesotho,2008,12.3287401199341
LTE,Late-demographic dividend,2008,4.22755002975464
LTU,Lithuania,2008,4.83649015426636
LUX,Luxembourg,2008,
LVA,Latvia,2008,5.63671016693115
MAC,"Macao SAR, China",2008,2.1964099407196
MAF,St. Martin (French part),2008,
MAR,Morocco,2008,4.85339021682739
MCO,Monaco,2008,
MDA,Moldova,2008,8.23727035522461
MDG,Madagascar,2008,2.55433988571167
MDV,Maldives,2008,4.470290184021
MEX,Mexico,2008,4.60607004165649
MHL,Marshall Islands,2008,
MKD,North Macedonia,2008,
MLI,Mali,2008,2.73080992698669
MLT,Malta,2008,5.47429990768433
MMR,Myanmar,2008,
MNE,Montenegro,2008,
MNG,Mongolia,2008,
MNP,Northern Mariana Islands,2008,
MOZ,Mozambique,2008,
MRT,Mauritania,2008,
MUS,Mauritius,2008,3.06307005882263
MWI,Malawi,2008,
MYS,Malaysia,2008,3.95851993560791
NAM,Namibia,2008,6.40342998504639
NCL,New Caledonia,2008,
NER,Niger,2008,2.72311997413635
NGA,Nigeria,2008,
NIC,Nicaragua,2008,
NLD,Netherlands,2008,4.99737977981567
NOR,Norway,2008,6.2491397857666
NPL,Nepal,2008,3.8051700592041
NRU,Nauru,2008,
NZL,New Zealand,2008,
OMN,Oman,2008,
PAK,Pakistan,2008,2.27265000343323
PAN,Panama,2008,3.42529010772705
PER,Peru,2008,2.8677499294281
PHL,Philippines,2008,2.58282995223999
PLW,Palau,2008,
PNG,Papua New Guinea,2008,
POL,Poland,2008,5.02344989776611
PRI,Puerto Rico (US),2008,
PRK,"Korea, Dem. People's Rep.",2008,
PRT,Portugal,2008,4.69608020782471
PRY,Paraguay,2008,
PSE,West Bank and Gaza,2008,
PYF,French Polynesia,2008,
QAT,Qatar,2008,4.22755002975464
ROU,Romania,2008,4.09722995758057
RUS,Russia,2008,4.10174989700317
RWA,Rwanda,2008,3.50215005874634
SAU,Saudi Arabia,2008,5.13781023025513
SDN,Sudan,2008,1.85150003433227
SEN,Senegal,2008,4.02568006515503
SGP,Singapore,2008,2.76460003852844
SLB,Solomon Islands,2008,6.89515018463135
SLE,Sierra Leone,2008,1.4541300535202
SLV,El Salvador,2008,4.45810985565185
SMR,San Marino,2008,
SOM,"Somalia, Fed. Rep.",2008,
SRB,Serbia,2008,
SSD,South Sudan,2008,
STP,Sao Tome and Principe,2008,5.5544900894165
SUR,Suriname,2008,
SVK,Slovak Republic,2008,3.52339005470276
SVN,Slovenia,2008,5.13438987731934
SWE,Sweden,2008,6.38263988494873
SWZ,Eswatini,2008,6.61812019348145
SXM,Sint Maarten (Dutch part),2008,
SYC,Seychelles,2008,
SYR,Syrian Arab Republic,2008,4.59525012969971
TCA,Turks and Caicos Islands,2008,
TCD,Chad,2008,
TGO,Togo,2008,2.38472008705139
THA,Thailand,2008,3.50850009918213
TJK,Tajikistan,2008,3.45983004570007
TKM,Turkmenistan,2008,
TLS,Timor-Leste,2008,8.67014980316162
TON,Tonga,2008,
TTO,Trinidad and Tobago,2008,
TUN,Tunisia,2008,6.27157020568848
TUR,Turkiye,2008,
TUV,Tuvalu,2008,
TZA,Tanzania,2008,4.18591022491455
UGA,Uganda,2008,
UKR,Ukraine,2008,6.15242004394531
URY,Uruguay,2008,
USA,United States,2008,
UZB,Uzbekistan,2008,
VCT,St. Vincent and the Grenadines,2008,
VEN,"Venezuela, RB",2008,
VGB,British Virgin Islands,2008,
VIR,Virgin Islands (U.S.),2008,
VNM,Viet Nam,2008,4.8867301940918
VUT,Vanuatu,2008,5.95150995254517
WSM,Samoa,2008,5.11659002304077
XKX,Kosovo,2008,
YEM,"Yemen, Rep.",2008,5.15144014358521
ZAF,South Africa,2008,4.37424993515015
ZMB,Zambia,2008,1.0997200012207
ZWE,Zimbabwe,2008,
ABW,Aruba,2009,5.79739999771118
AFE,Africa Eastern and Southern,2009,
AFG,Afghanistan,2009,
AFW,Africa Western and Central,2009,2.90790009498596
AGO,Angola,2009,
ALB,Albania,2009,
AND,Andorra,2009,3.14292001724243
ARE,United Arab Emirates,2009,
ARG,Argentina,2009,5.53105020523071
ARM,Armenia,2009,3.84079003334045
ASM,American Samoa,2009,
ATG,Antigua and Barbuda,2009,2.22264003753662
AUS,Australia,2009,
AUT,Austria,2009,5.76567983627319
AZE,Azerbaijan,2009,3.22430992126465
BDI,Burundi,2009,6.17194986343384
BEL,Belgium,2009,6.43465995788574
BEN,Benin,2009,3.08927011489868
BFA,Burkina Faso,2009,
BGD,Bangladesh,2009,1.93941998481751
BGR,Bulgaria,2009,4.27429008483887
BHR,Bahrain,2009,
BHS,"Bahamas, The",2009,
BIH,Bosnia and Herzegovina,2009,
BLR,Belarus,2009,4.3689398765564
BLZ,Belize,2009,4.8011999130249
BMU,Bermuda,2009,2.28920006752014
BOL,Bolivia,2009,7.57484006881714
BRA,Brazil,2009,5.46355009078979
BRB,Barbados,2009,5.11040019989014
BRN,Brunei Darussalam,2009,
BTN,Bhutan,2009,4.41887998580933
BWA,Botswana,2009,9.8253002166748
CAF,Central African Republic,2009,1.25458002090454
CAN,Canada,2009,4.84057998657227
CHE,Switzerland,2009,4.92561006546021
CHI,Channel Islands,2009,
CHL,Chile,2009,4.25475978851318
CHN,China,2009,
CIV,Cote d'Ivoire,2009,3.1739399433136
CMR,Cameroon,2009,2.90790009498596
COD,"Congo, Dem. Rep.",2009,
COG,"Congo, Rep.",2009,
COL,Colombia,2009,4.77651977539062
COM,Comoros,2009,
CPV,Cabo Verde,2009,4.86588001251221
CRI,Costa Rica,2009,6.01031017303467
CUB,Cuba,2009,13.1248598098755
CUW,Curacao,2009,
CYM,Cayman Islands,2009,
CYP,Cyprus,2009,7.20547008514404
CZE,Czechia,2009,4.1553201675415
DEU,Germany,2009,
DJI,Djibouti,2009,
DMA,Dominica,2009,
DNK,Denmark,2009,8.41279029846191
DOM,Dominican Republic,2009,
DZA,Algeria,2009,
EAR,Early-demographic dividend,2009,
ECS,Europe & Central Asia,2009,5.06263017654419
ECU,Ecuador,2009,4.51763010025024
EGY,"Egypt, Arab Rep.",2009,
ERI,Eritrea,2009,
ESP,Spain,2009,4.89520978927612
EST,Estonia,2009,5.9597601890564
ETH,Ethiopia,2009,4.42207002639771
FIN,Finland,2009,6.45998001098633
FJI,Fiji,2009,4.49847984313965
FRA,France,2009,
FRO,Faroe Islands,2009,
FSM,"Micronesia, Fed. Sts.",2009,
GAB,Gabon,2009,
GBR,United Kingdom,2009,5.06263017654419
GEO,Georgia,2009,3.22237992286682
GHA,Ghana,2009,5.31744003295898
GIB,Gibraltar,2009,
GIN,Guinea,2009,2.20725011825561
GMB,"Gambia, The",2009,1.90813994407654
GNB,Guinea-Bissau,2009,
GNQ,Equatorial Guinea,2009,
GRC,Greece,2009,
GRD,Grenada,2009,
GRL,Greenland,2009,
GTM,Guatemala,2009,
GUM,Guam,2009,
GUY,Guyana,2009,2.15057992935181
HKG,"Hong Kong SAR, China",2009,4.39211988449097
HND,Honduras,2009,
HRV,Croatia,2009,4.36217021942139
HTI,Haiti,2009,
HUN,Hungary,2009,4.95626020431519
IDB,IDA blend,2009,
IDN,Indonesia,2009,3.52513003349304
IMN,Isle of Man,2009,
IND,India,2009,3.27824997901917
IRL,Ireland,2009,6.15609979629517
IRN,"Iran, Islamic Rep.",2009,3.84244990348816
IRQ,Iraq,2009,
ISL,Iceland,2009,7.18984985351562
ISR,Israel,2009,5.34174013137817
ITA,Italy,2009,4.50414991378784
JAM,Jamaica,2009,6.19848012924194
JOR,Jordan,2009,
JPN,Japan,2009,
KAZ,Kazakhstan,2009,3.06072998046875
KEN,Kenya,2009,
KGZ,Kyrgyz Republic,2009,6.23267984390259
KHM,Cambodia,2009,1.38576996326447
KIR,Kiribati,2009,
KNA,St. Kitts and Nevis,2009,
KOR,"Korea, Rep.",2009,
KWT,Kuwait,2009,
LAO,Lao PDR,2009,1.65485000610352
LBN,Lebanon,2009,1.76570999622345
LBR,Liberia,2009,
LBY,Libya,2009,
LCA,St. Lucia,2009,3.0676600933075
LCN,Latin America & Caribbean,2009,5.46355009078979
LIE,Liechtenstein,2009,
LKA,Sri Lanka,2009,2.05590009689331
LSO,Lesotho,2009,
LTE,Late-demographic dividend,2009,4.79650998115539
LTU,Lithuania,2009,5.56941986083984
LUX,Luxembourg,2009,
LVA,Latvia,2009,5.67728996276855
MAC,"Macao SAR, China",2009,2.53323006629944
MAF,St. Martin (French part),2009,
MAR,Morocco,2009,4.83119010925293
MCO,Monaco,2009,1.35431003570557
MDA,Moldova,2009,9.5097599029541
MDG,Madagascar,2009,2.82512998580933
MDV,Maldives,2009,5.08168983459473
MEX,Mexico,2009,4.94934988021851
MHL,Marshall Islands,2009,
MKD,North Macedonia,2009,
MLI,Mali,2009,3.14385008811951
MLT,Malta,2009,5.04781007766724
MMR,Myanmar,2009,
MNE,Montenegro,2009,
MNG,Mongolia,2009,5.14483976364136
MNP,Northern Mariana Islands,2009,
MOZ,Mozambique,2009,
MRT,Mauritania,2009,
MUS,Mauritius,2009,3.04731011390686
MWI,Malawi,2009,
MYS,Malaysia,2009,5.97418022155762
NAM,Namibia,2009,
NCL,New Caledonia,2009,
NER,Niger,2009,3.33588004112244
NGA,Nigeria,2009,
NIC,Nicaragua,2009,
NLD,Netherlands,2009,5.38561010360718
NOR,Norway,2009,7.07068014144897
NPL,Nepal,2009,4.6637601852417
NRU,Nauru,2009,
NZL,New Zealand,2009,
OMN,Oman,2009,3.6541600227356
PAK,Pakistan,2009,2.17916989326477
PAN,Panama,2009,
PER,Peru,2009,3.13994002342224
PHL,Philippines,2009,2.53777003288269
PLW,Palau,2009,
PNG,Papua New Guinea,2009,
POL,Poland,2009,4.97665977478027
PRI,Puerto Rico (US),2009,
PRK,"Korea, Dem. People's Rep.",2009,
PRT,Portugal,2009,5.56315994262695
PRY,Paraguay,2009,
PSE,West Bank and Gaza,2009,
PYF,French Polynesia,2009,
QAT,Qatar,2009,3.41315007209778
ROU,Romania,2009,4.00193023681641
RUS,Russia,2009,
RWA,Rwanda,2009,
SAU,Saudi Arabia,2009,
SDN,Sudan,2009,2.02213001251221
SEN,Senegal,2009,4.92072010040283
SGP,Singapore,2009,3.01012992858887
SLB,Solomon Islands,2009,6.6585898399353
SLE,Sierra Leone,2009,1.72441005706787
SLV,El Salvador,2009,4.65950012207031
SMR,San Marino,2009,
SOM,"Somalia, Fed. Rep.",2009,
SRB,Serbia,2009,4.3127498626709
SSD,South Sudan,2009,
STP,Sao Tome and Principe,2009,9.99429035186768
SUR,Suriname,2009,
SVK,Slovak Republic,2009,4.00893020629883
SVN,Slovenia,2009,5.62079000473022
SWE,Sweden,2009,6.78425979614258
SWZ,Eswatini,2009,6.47135019302368
SXM,Sint Maarten (Dutch part),2009,
SYC,Seychelles,2009,
SYR,Syrian Arab Republic,2009,5.13012981414795
TCA,Turks and Caicos Islands,2009,
TCD,Chad,2009,1.74366998672485
TGO,Togo,2009,2.76807999610901
THA,Thailand,2009,3.86193990707398
TJK,Tajikistan,2009,4.0983099937439
TKM,Turkmenistan,2009,
TLS,Timor-Leste,2009,12.9024801254272
TON,Tonga,2009,
TTO,Trinidad and Tobago,2009,
TUN,Tunisia,2009,6.528480052948
TUR,Turkiye,2009,
TUV,Tuvalu,2009,
TZA,Tanzania,2009,3.96075010299683
UGA,Uganda,2009,
UKR,Ukraine,2009,7.05074977874756
URY,Uruguay,2009,
USA,United States,2009,
UZB,Uzbekistan,2009,
VCT,St. Vincent and the Grenadines,2009,5.3761100769043
VEN,"Venezuela, RB",2009,6.87467002868652
VGB,British Virgin Islands,2009,
VIR,Virgin Islands (U.S.),2009,
VNM,Viet Nam,2009,4.81650018692017
VUT,Vanuatu,2009,5.16051006317139
WSM,Samoa,2009,
XKX,Kosovo,2009,
YEM,"Yemen, Rep.",2009,
ZAF,South Africa,2009,4.76118993759155
ZMB,Zambia,2009,
ZWE,Zimbabwe,2009,
ABW,Aruba,2010,6.75109004974365
AFE,Africa Eastern and Southern,2010,4.02403008937836
AFG,Afghanistan,2010,3.4794499874115
AFW,Africa Western and Central,2010,2.7219500541687
AGO,Angola,2010,3.42131996154785
ALB,Albania,2010,
AND,Andorra,2010,2.97662997245789
ARE,United Arab Emirates,2010,
ARG,Argentina,2010,5.01972007751465
ARM,Armenia,2010,3.24900007247925
ASM,American Samoa,2010,
ATG,Antigua and Barbuda,2010,
AUS,Australia,2010,
AUT,Austria,2010,5.73625993728638
AZE,Azerbaijan,2010,2.78062009811401
BDI,Burundi,2010,6.77523994445801
BEL,Belgium,2010,6.44078016281128
BEN,Benin,2010,3.67997002601623
BFA,Burkina Faso,2010,3.50222992897034
BGD,Bangladesh,2010,
BGR,Bulgaria,2010,3.85746002197266
BHR,Bahrain,2010,2.35114974984976
BHS,"Bahamas, The",2010,2.45165990475209
BIH,Bosnia and Herzegovina,2010,
BLR,Belarus,2010,5.22003984451294
BLZ,Belize,2010,5.24251985549927
BMU,Bermuda,2010,2.30668997764587
BOL,Bolivia,2010,6.97377014160156
BRA,Brazil,2010,5.64879989624023
BRB,Barbados,2010,6.05261993408203
BRN,Brunei Darussalam,2010,1.84384000301361
BTN,Bhutan,2010,3.82318997383118
BWA,Botswana,2010,
CAF,Central African Republic,2010,1.11760997772217
CAN,Canada,2010,5.35637998580933
CHE,Switzerland,2010,4.80210018157959
CHI,Channel Islands,2010,
CHL,Chile,2010,4.18953990936279
CHN,China,2010,
CIV,Cote d'Ivoire,2010,3.24651002883911
CMR,Cameroon,2010,2.84802007675171
COD,"Congo, Dem. Rep.",2010,1.5249799489975
COG,"Congo, Rep.",2010,5.6867299079895
COL,Colombia,2010,4.83382987976074
COM,Comoros,2010,
CPV,Cabo Verde,2010,5.0765700340271
CRI,Costa Rica,2010,6.56575012207031
CUB,Cuba,2010,12.8373098373413
CUW,Curacao,2010,
CYM,Cayman Islands,2010,
CYP,Cyprus,2010,6.52559995651245
CZE,Czechia,2010,3.99341988563538
DEU,Germany,2010,4.99525022506714
DJI,Djibouti,2010,4.49022006988525
DMA,Dominica,2010,
DNK,Denmark,2010,8.55023002624512
DOM,Dominican Republic,2010,1.88728788680129
DZA,Algeria,2010,8.6917709007891
EAR,Early-demographic dividend,2010,4.00675010681152
ECS,Europe & Central Asia,2010,5.14355993270874
ECU,Ecuador,2010,4.60028982162476
EGY,"Egypt, Arab Rep.",2010,
ERI,Eritrea,2010,
ESP,Spain,2010,4.83606004714966
EST,Estonia,2010,5.51753997802734
ETH,Ethiopia,2010,4.49659013748169
FIN,Finland,2010,6.504310131073
FJI,Fiji,2010,
FRA,France,2010,
FRO,Faroe Islands,2010,
FSM,"Micronesia, Fed. Sts.",2010,
GAB,Gabon,2010,3.07808995246887
GBR,United Kingdom,2010,5.69868993759155
GEO,Georgia,2010,2.76179333360622
GHA,Ghana,2010,5.54059982299805
GIB,Gibraltar,2010,
GIN,Guinea,2010,2.55118989944458
GMB,"Gambia, The",2010,2.56322002410889
GNB,Guinea-Bissau,2010,1.68221998214722
GNQ,Equatorial Guinea,2010,
GRC,Greece,2010,
GRD,Grenada,2010,5.07508233496978
GRL,Greenland,2010,
GTM,Guatemala,2010,2.84864997863769
GUM,Guam,2010,
GUY,Guyana,2010,2.40938997268677
HKG,"Hong Kong SAR, China",2010,3.5100200176239
HND,Honduras,2010,
HRV,Croatia,2010,4.20651006698608
HTI,Haiti,2010,
HUN,Hungary,2010,4.73365020751953
IDB,IDA blend,2010,4.03099989891052
IDN,Indonesia,2010,2.81227993965149
IMN,Isle of Man,2010,
IND,India,2010,3.377690076828
IRL,Ireland,2010,6.04835987091065
IRN,"Iran, Islamic Rep.",2010,3.70917010307312
IRQ,Iraq,2010,
ISL,Iceland,2010,6.94422006607056
ISR,Israel,2010,5.40408992767334
ITA,Italy,2010,4.31626987457275
JAM,Jamaica,2010,6.37058019638062
JOR,Jordan,2010,3.16850989003323
JPN,Japan,2010,3.59951996803284
KAZ,Kazakhstan,2010,3.58735481721566
KEN,Kenya,2010,4.81548976898193
KGZ,Kyrgyz Republic,2010,5.81884002685547
KHM,Cambodia,2010,1.24872994422913
KIR,Kiribati,2010,
KNA,St. Kitts and Nevis,2010,2.54554015619203
KOR,"Korea, Rep.",2010,
KWT,Kuwait,2010,
LAO,Lao PDR,2010,1.70978999137878
LBN,Lebanon,2010,1.61330997943878
LBR,Liberia,2010,
LBY,Libya,2010,
LCA,St. Lucia,2010,3.4828999042511
LCN,Latin America & Caribbean,2010,4.60028982162476
LIE,Liechtenstein,2010,
LKA,Sri Lanka,2010,1.66176998615265
LSO,Lesotho,2010,
LTE,Late-demographic dividend,2010,4.53965997695923
LTU,Lithuania,2010,5.36880016326904
LUX,Luxembourg,2010,
LVA,Latvia,2010,5.14355993270874
MAC,"Macao SAR, China",2010,2.61848998069763
MAF,St. Martin (French part),2010,
MAR,Morocco,2010,
MCO,Monaco,2010,1.31735002994537
MDA,Moldova,2010,7.5922999382019
MDG,Madagascar,2010,2.28856151148168
MDV,Maldives,2010,3.63328003883362
MEX,Mexico,2010,4.93697023391724
MHL,Marshall Islands,2010,
MKD,North Macedonia,2010,
MLI,Mali,2010,2.70853996276856
MLT,Malta,2010,6.20798015594482
MMR,Myanmar,2010,
MNE,Montenegro,2010,
MNG,Mongolia,2010,4.64510011672974
MNP,Northern Mariana Islands,2010,
MOZ,Mozambique,2010,5.24539789470058
MRT,Mauritania,2010,
MUS,Mauritius,2010,3.55147004127502
MWI,Malawi,2010,2.43236994743347
MYS,Malaysia,2010,4.96645021438599
NAM,Namibia,2010,8.24330043792725
NCL,New Caledonia,2010,
NER,Niger,2010,2.7219500541687
NGA,Nigeria,2010,
NIC,Nicaragua,2010,4.48422002792358
NLD,Netherlands,2010,5.45634984970093
NOR,Norway,2010,6.71042013168335
NPL,Nepal,2010,3.63172006607056
NRU,Nauru,2010,
NZL,New Zealand,2010,
OMN,Oman,2010,
PAK,Pakistan,2010,2.05268001556396
PAN,Panama,2010,
PER,Peru,2010,2.86730003356934
PHL,Philippines,2010,
PLW,Palau,2010,
PNG,Papua New Guinea,2010,
POL,Poland,2010,5.08126020431519
PRI,Puerto Rico (US),2010,
PRK,"Korea, Dem. People's Rep.",2010,
PRT,Portugal,2010,5.40499019622803
PRY,Paraguay,2010,2.7707200050354
PSE,West Bank and Gaza,2010,6.19167995452881
PYF,French Polynesia,2010,
QAT,Qatar,2010,4.53965997695923
ROU,Romania,2010,3.41647005081177
RUS,Russia,2010,4.08974230526824
RWA,Rwanda,2010,4.63126993179321
SAU,Saudi Arabia,2010,
SDN,Sudan,2010,
SEN,Senegal,2010,0.544770002365112
SGP,Singapore,2010,3.08044004440308
SLB,Solomon Islands,2010,7.47837018966675
SLE,Sierra Leone,2010,1.56553995609283
SLV,El Salvador,2010,4.04807996749878
SMR,San Marino,2010,2.62883996963501
SOM,"Somalia, Fed. Rep.",2010,
SRB,Serbia,2010,
SSD,South Sudan,2010,1.04533007934585
STP,Sao Tome and Principe,2010,9.9882698059082
SUR,Suriname,2010,
SVK,Slovak Republic,2010,4.04704999923706
SVN,Slovenia,2010,5.59362983703613
SWE,Sweden,2010,6.56318998336792
SWZ,Eswatini,2010,6.11837005615234
SXM,Sint Maarten (Dutch part),2010,
SYC,Seychelles,2010,
SYR,Syrian Arab Republic,2010,
TCA,Turks and Caicos Islands,2010,
TCD,Chad,2010,1.50397002696991
TGO,Togo,2010,2.95976996421814
THA,Thailand,2010,3.50846004486084
TJK,Tajikistan,2010,4.00675010681152
TKM,Turkmenistan,2010,
TLS,Timor-Leste,2010,11.1065797805786
TON,Tonga,2010,
TTO,Trinidad and Tobago,2010,4.21155458844183
TUN,Tunisia,2010,5.96306991577148
TUR,Turkiye,2010,
TUV,Tuvalu,2010,
TZA,Tanzania,2010,4.54169988632202
UGA,Uganda,2010,1.72739994525909
UKR,Ukraine,2010,
URY,Uruguay,2010,
USA,United States,2010,
UZB,Uzbekistan,2010,
VCT,St. Vincent and the Grenadines,2010,4.80839014053345
VEN,"Venezuela, RB",2010,
VGB,British Virgin Islands,2010,3.48700818755313
VIR,Virgin Islands (U.S.),2010,
VNM,Viet Nam,2010,4.04594993591309
VUT,Vanuatu,2010,
WSM,Samoa,2010,
XKX,Kosovo,2010,
YEM,"Yemen, Rep.",2010,
ZAF,South Africa,2010,5.13496017456055
ZMB,Zambia,2010,3.41600445393739
ZWE,Zimbabwe,2010,1.54405574575827
ABW,Aruba,2011,5.91466999053955
AFE,Africa Eastern and Southern,2011,4.63901452250474
AFG,Afghanistan,2011,3.4620099067688
AFW,Africa Western and Central,2011,2.65335988998413
AGO,Angola,2011,
ALB,Albania,2011,3.17881310743026
AND,Andorra,2011,2.98706007003784
ARE,United Arab Emirates,2011,
ARG,Argentina,2011,5.29063987731934
ARM,Armenia,2011,3.14384007453919
ASM,American Samoa,2011,
ATG,Antigua and Barbuda,2011,
AUS,Australia,2011,
AUT,Austria,2011,5.62787008285522
AZE,Azerbaijan,2011,2.43564009666443
BDI,Burundi,2011,6.31926012039185
BEL,Belgium,2011,6.38481998443604
BEN,Benin,2011,
BFA,Burkina Faso,2011,3.98515009880066
BGD,Bangladesh,2011,2.13269996643066
BGR,Bulgaria,2011,3.54690003395081
BHR,Bahrain,2011,2.31235396487985
BHS,"Bahamas, The",2011,2.35576638581195
BIH,Bosnia and Herzegovina,2011,
BLR,Belarus,2011,4.68479013442993
BLZ,Belize,2011,5.51786910233588
BMU,Bermuda,2011,2.19656988306324
BOL,Bolivia,2011,6.45054006576538
BRA,Brazil,2011,5.73741006851196
BRB,Barbados,2011,
BRN,Brunei Darussalam,2011,3.32213997840881
BTN,Bhutan,2011,4.31658983230591
BWA,Botswana,2011,10.8265537416631
CAF,Central African Republic,2011,1.10792005062103
CAN,Canada,2011,5.26204013824463
CHE,Switzerland,2011,4.85663986206055
CHI,Channel Islands,2011,
CHL,Chile,2011,4.06173992156982
CHN,China,2011,
CIV,Cote d'Ivoire,2011,2.8657500743866
CMR,Cameroon,2011,2.65335988998413
COD,"Congo, Dem. Rep.",2011,
COG,"Congo, Rep.",2011,2.64652978173867
COL,Colombia,2011,4.46608018875122
COM,Comoros,2011,2.8304500579834
CPV,Cabo Verde,2011,4.59785985946655
CRI,Costa Rica,2011,6.37988996505737
CUB,Cuba,2011,
CUW,Curacao,2011,5.64725392834695
CYM,Cayman Islands,2011,
CYP,Cyprus,2011,6.52042007446289
CZE,Czechia,2011,4.20787000656128
DEU,Germany,2011,4.88583993911743
DJI,Djibouti,2011,
DMA,Dominica,2011,
DNK,Denmark,2011,8.47716045379639
DOM,Dominican Republic,2011,1.87925755786153
DZA,Algeria,2011,9.12453448642892
EAR,Early-demographic dividend,2011,3.87058997154235
ECS,Europe & Central Asia,2011,4.85663986206055
ECU,Ecuador,2011,4.74424982070923
EGY,"Egypt, Arab Rep.",2011,
ERI,Eritrea,2011,
ESP,Spain,2011,4.71897983551025
EST,Estonia,2011,4.99514007568359
ETH,Ethiopia,2011,5.4857702255249
FIN,Finland,2011,6.45624017715454
FJI,Fiji,2011,4.17305994033813
FRA,France,2011,
FRO,Faroe Islands,2011,
FSM,"Micronesia, Fed. Sts.",2011,
GAB,Gabon,2011,2.987459897995
GBR,United Kingdom,2011,5.57219982147217
GEO,Georgia,2011,2.5149199962616
GHA,Ghana,2011,8.14097023010254
GIB,Gibraltar,2011,
GIN,Guinea,2011,2.28742003440857
GMB,"Gambia, The",2011,2.50116991996765
GNB,Guinea-Bissau,2011,1.76593005657196
GNQ,Equatorial Guinea,2011,
GRC,Greece,2011,
GRD,Grenada,2011,5.48532342071091
GRL,Greenland,2011,
GTM,Guatemala,2011,2.96865010261536
GUM,Guam,2011,
GUY,Guyana,2011,2.50669002532959
HKG,"Hong Kong SAR, China",2011,3.41823005676269
HND,Honduras,2011,
HRV,Croatia,2011,4.10584020614624
HTI,Haiti,2011,
HUN,Hungary,2011,4.57056999206543
IDB,IDA blend,2011,2.8657500743866
IDN,Indonesia,2011,3.18944001197815
IMN,Isle of Man,2011,
IND,India,2011,3.79618000984192
IRL,Ireland,2011,5.77199983596802
IRN,"Iran, Islamic Rep.",2011,3.48497009277344
IRQ,Iraq,2011,
ISL,Iceland,2011,6.78996992111206
ISR,Israel,2011,5.42928981781006
ITA,Italy,2011,4.09431982040405
JAM,Jamaica,2011,6.26664018630981
JOR,Jordan,2011,3.59900580598478
JPN,Japan,2011,3.60526990890503
KAZ,Kazakhstan,2011,3.6143401736456
KEN,Kenya,2011,4.70012998580933
KGZ,Kyrgyz Republic,2011,6.79061985015869
KHM,Cambodia,2011,1.20887994766235
KIR,Kiribati,2011,
KNA,St. Kitts and Nevis,2011,2.49706527276352
KOR,"Korea, Rep.",2011,
KWT,Kuwait,2011,
LAO,Lao PDR,2011,1.70801997184753
LBN,Lebanon,2011,1.65251994132996
LBR,Liberia,2011,
LBY,Libya,2011,
LCA,St. Lucia,2011,3.5988199710846
LCN,Latin America & Caribbean,2011,4.14937019348145
LIE,Liechtenstein,2011,2.55604004859924
LKA,Sri Lanka,2011,1.74292004108429
LSO,Lesotho,2011,
LTE,Late-demographic dividend,2011,4.0735502243042
LTU,Lithuania,2011,5.15469980239868
LUX,Luxembourg,2011,
LVA,Latvia,2011,5.24315977096558
MAC,"Macao SAR, China",2011,2.67528009414673
MAF,St. Martin (French part),2011,
MAR,Morocco,2011,
MCO,Monaco,2011,1.58989000320435
MDA,Moldova,2011,7.13638019561768
MDG,Madagascar,2011,2.38168001174927
MDV,Maldives,2011,3.08072996139526
MEX,Mexico,2011,4.9040699005127
MHL,Marshall Islands,2011,
MKD,North Macedonia,2011,
MLI,Mali,2011,3.14614009857178
MLT,Malta,2011,7.57771015167236
MMR,Myanmar,2011,0.787440001964569
MNE,Montenegro,2011,
MNG,Mongolia,2011,4.6090202331543
MNP,Northern Mariana Islands,2011,
MOZ,Mozambique,2011,5.53052494030773
MRT,Mauritania,2011,2.33102011680603
MUS,Mauritius,2011,3.33207011222839
MWI,Malawi,2011,2.85346007347107
MYS,Malaysia,2011,5.76293992996216
NAM,Namibia,2011,8.02137930818109
NCL,New Caledonia,2011,
NER,Niger,2011,3.07762002944946
NGA,Nigeria,2011,
NIC,Nicaragua,2011,
NLD,Netherlands,2011,5.41595983505249
NOR,Norway,2011,6.4148998260498
NPL,Nepal,2011,3.8426399230957
NRU,Nauru,2011,
NZL,New Zealand,2011,
OMN,Oman,2011,
PAK,Pakistan,2011,2.00100994110107
PAN,Panama,2011,3.07034993171692
PER,Peru,2011,2.6635000705719
PHL,Philippines,2011,
PLW,Palau,2011,
PNG,Papua New Guinea,2011,
POL,Poland,2011,4.82901000976562
PRI,Puerto Rico (US),2011,
PRK,"Korea, Dem. People's Rep.",2011,
PRT,Portugal,2011,5.11688995361328
PRY,Paraguay,2011,3.69283008575439
PSE,West Bank and Gaza,2011,5.33527994155884
PYF,French Polynesia,2011,
QAT,Qatar,2011,4.01223993301392
ROU,Romania,2011,2.91359996795654
RUS,Russia,2011,3.71261270253186
RWA,Rwanda,2011,4.38346004486084
SAU,Saudi Arabia,2011,
SDN,Sudan,2011,
SEN,Senegal,2011,4.90302991867065
SGP,Singapore,2011,3.03077006340027
SLB,Solomon Islands,2011,
SLE,Sierra Leone,2011,1.61538004875183
SLV,El Salvador,2011,3.89854001998901
SMR,San Marino,2011,2.70296001434326
SOM,"Somalia, Fed. Rep.",2011,
SRB,Serbia,2011,4.0735502243042
SSD,South Sudan,2011,0.962890028953552
STP,Sao Tome and Principe,2011,8.79410245042467
SUR,Suriname,2011,
SVK,Slovak Republic,2011,3.90686988830566
SVN,Slovenia,2011,5.58290004730225
SWE,Sweden,2011,6.40655994415283
SWZ,Eswatini,2011,6.86432981491089
SXM,Sint Maarten (Dutch part),2011,
SYC,Seychelles,2011,3.62995004653931
SYR,Syrian Arab Republic,2011,
TCA,Turks and Caicos Islands,2011,3.16663368961357
TCD,Chad,2011,1.64717996120453
TGO,Togo,2011,3.07750010490417
THA,Thailand,2011,4.80556011199951
TJK,Tajikistan,2011,3.93511009216309
TKM,Turkmenistan,2011,
TLS,Timor-Leste,2011,10.1935195922852
TON,Tonga,2011,
TTO,Trinidad and Tobago,2011,3.85078840215008
TUN,Tunisia,2011,
TUR,Turkiye,2011,4.22150993347168
TUV,Tuvalu,2011,
TZA,Tanzania,2011,4.57789905920015
UGA,Uganda,2011,2.29890990257263
UKR,Ukraine,2011,5.93769979476929
URY,Uruguay,2011,4.14937019348145
USA,United States,2011,
UZB,Uzbekistan,2011,
VCT,St. Vincent and the Grenadines,2011,
VEN,"Venezuela, RB",2011,
VGB,British Virgin Islands,2011,
VIR,Virgin Islands (U.S.),2011,
VNM,Viet Nam,2011,3.7802300453186
VUT,Vanuatu,2011,
WSM,Samoa,2011,4.77426341839114
XKX,Kosovo,2011,
YEM,"Yemen, Rep.",2011,
ZAF,South Africa,2011,5.28899002075195
ZMB,Zambia,2011,3.35772272046971
ZWE,Zimbabwe,2011,
ABW,Aruba,2012,6.3472900390625
AFE,Africa Eastern and Southern,2012,4.67612504959106
AFG,Afghanistan,2012,2.60420989990234
AFW,Africa Western and Central,2012,2.68840026027393
AGO,Angola,2012,3.08191085718142
ALB,Albania,2012,3.29533986928598
AND,Andorra,2012,2.56577895521486
ARE,United Arab Emirates,2012,
ARG,Argentina,2012,5.3458399772644
ARM,Armenia,2012,2.77248001098633
ASM,American Samoa,2012,
ATG,Antigua and Barbuda,2012,2.13043025907083
AUS,Australia,2012,
AUT,Austria,2012,5.51612997055054
AZE,Azerbaijan,2012,2.06763005256653
BDI,Burundi,2012,6.16776990890503
BEL,Belgium,2012,6.56625986099243
BEN,Benin,2012,3.56202006340027
BFA,Burkina Faso,2012,3.60315990447998
BGD,Bangladesh,2012,2.17549991607666
BGR,Bulgaria,2012,3.47650003433227
BHR,Bahrain,2012,2.54483008384705
BHS,"Bahamas, The",2012,2.30391197238935
BIH,Bosnia and Herzegovina,2012,
BLR,Belarus,2012,4.95964002609253
BLZ,Belize,2012,5.47351989539787
BMU,Bermuda,2012,2.38597137100485
BOL,Bolivia,2012,6.62799978256226
BRA,Brazil,2012,5.85510015487671
BRB,Barbados,2012,4.58823013305664
BRN,Brunei Darussalam,2012,2.88964009284973
BTN,Bhutan,2012,
BWA,Botswana,2012,8.1098729741114
CAF,Central African Republic,2012,1.98034724839473
CAN,Canada,2012,
CHE,Switzerland,2012,4.89862012863159
CHI,Channel Islands,2012,
CHL,Chile,2012,
CHN,China,2012,
CIV,Cote d'Ivoire,2012,3.43445992469788
CMR,Cameroon,2012,2.60304999351502
COD,"Congo, Dem. Rep.",2012,
COG,"Congo, Rep.",2012,2.73923061622047
COL,Colombia,2012,4.37038993835449
COM,Comoros,2012,2.74783992767334
CPV,Cabo Verde,2012,5.39769575795208
CRI,Costa Rica,2012,6.58239984512329
CUB,Cuba,2012,11.5516604913797
CUW,Curacao,2012,5.38283590387706
CYM,Cayman Islands,2012,
CYP,Cyprus,2012,
CZE,Czechia,2012,4.19049978256226
DEU,Germany,2012,4.83153009414673
DJI,Djibouti,2012,6.35127551762696
DMA,Dominica,2012,4.52896287885139
DNK,Denmark,2012,7.24570989608765
DOM,Dominican Republic,2012,
DZA,Algeria,2012,7.02950889772261
EAR,Early-demographic dividend,2012,4.20262503623962
ECS,Europe & Central Asia,2012,4.80692505836487
ECU,Ecuador,2012,4.65310001373291
EGY,"Egypt, Arab Rep.",2012,
ERI,Eritrea,2012,
ESP,Spain,2012,4.46012020111084
EST,Estonia,2012,4.67340993881226
ETH,Ethiopia,2012,5.56677007675171
FIN,Finland,2012,7.1715497970581
FJI,Fiji,2012,4.46150592221937
FRA,France,2012,
FRO,Faroe Islands,2012,
FSM,"Micronesia, Fed. Sts.",2012,11.7192291367391
GAB,Gabon,2012,3.01340007781982
GBR,United Kingdom,2012,
GEO,Georgia,2012,1.86033999919891
GHA,Ghana,2012,7.91913986206055
GIB,Gibraltar,2012,
GIN,Guinea,2012,1.83369994163513
GMB,"Gambia, The",2012,2.63756990432739
GNB,Guinea-Bissau,2012,1.8863799571991
GNQ,Equatorial Guinea,2012,
GRC,Greece,2012,
GRD,Grenada,2012,5.07225880686028
GRL,Greenland,2012,
GTM,Guatemala,2012,3.00524997711182
GUM,Guam,2012,
GUY,Guyana,2012,2.24131989479065
HKG,"Hong Kong SAR, China",2012,3.50960993766785
HND,Honduras,2012,6.29972793577391
HRV,Croatia,2012,
HTI,Haiti,2012,
HUN,Hungary,2012,4.15359020233154
IDB,IDA blend,2012,3.43445992469788
IDN,Indonesia,2012,3.40748000144958
IMN,Isle of Man,2012,
IND,India,2012,3.8675000667572
IRL,Ireland,2012,5.70776987075806
IRN,"Iran, Islamic Rep.",2012,2.93899989128113
IRQ,Iraq,2012,
ISL,Iceland,2012,7.58223009109497
ISR,Israel,2012,5.56122016906738
ITA,Italy,2012,4.03481006622315
JAM,Jamaica,2012,6.1124701499939
JOR,Jordan,2012,3.63716008451231
JPN,Japan,2012,3.41945004463196
KAZ,Kazakhstan,2012,3.90163701288194
KEN,Kenya,2012,4.93122005462646
KGZ,Kyrgyz Republic,2012,7.38423013687134
KHM,Cambodia,2012,1.23062002658844
KIR,Kiribati,2012,12.499488
KNA,St. Kitts and Nevis,2012,2.49200145387318
KOR,"Korea, Rep.",2012,
KWT,Kuwait,2012,
LAO,Lao PDR,2012,1.82147002220154
LBN,Lebanon,2012,2.14902997016907
LBR,Liberia,2012,1.77711999416351
LBY,Libya,2012,
LCA,St. Lucia,2012,3.29098010063171
LCN,Latin America & Caribbean,2012,4.76829504966736
LIE,Liechtenstein,2012,
LKA,Sri Lanka,2012,1.45343005657196
LSO,Lesotho,2012,
LTE,Late-demographic dividend,2012,4.38928008079529
LTU,Lithuania,2012,4.78232002258301
LUX,Luxembourg,2012,3.87815999984741
LVA,Latvia,2012,6.83852005004883
MAC,"Macao SAR, China",2012,3.32516002655029
MAF,St. Martin (French part),2012,
MAR,Morocco,2012,5.55294838577208
MCO,Monaco,2012,1.78004002571106
MDA,Moldova,2012,6.9834098815918
MDG,Madagascar,2012,2.34067010879517
MDV,Maldives,2012,3.34085988998413
MEX,Mexico,2012,4.88349008560181
MHL,Marshall Islands,2012,
MKD,North Macedonia,2012,
MLI,Mali,2012,2.90706992149353
MLT,Malta,2012,6.24788999557495
MMR,Myanmar,2012,
MNE,Montenegro,2012,
MNG,Mongolia,2012,5.19521999359131
MNP,Northern Mariana Islands,2012,
MOZ,Mozambique,2012,5.5575098991394
MRT,Mauritania,2012,2.15821003913879
MUS,Mauritius,2012,3.41820001602173
MWI,Malawi,2012,2.52861185625253
MYS,Malaysia,2012,5.73902988433838
NAM,Namibia,2012,9.24281237985165
NCL,New Caledonia,2012,
NER,Niger,2012,3.1868200302124
NGA,Nigeria,2012,0.549233086121929
NIC,Nicaragua,2012,
NLD,Netherlands,2012,5.36694002151489
NOR,Norway,2012,7.32766008377075
NPL,Nepal,2012,3.29737997055054
NRU,Nauru,2012,
NZL,New Zealand,2012,
OMN,Oman,2012,
PAK,Pakistan,2012,1.97880005836487
PAN,Panama,2012,
PER,Peru,2012,2.92276000976562
PHL,Philippines,2012,
PLW,Palau,2012,
PNG,Papua New Guinea,2012,
POL,Poland,2012,4.83311986923218
PRI,Puerto Rico (US),2012,
PRK,"Korea, Dem. People's Rep.",2012,
PRT,Portugal,2012,4.94226980209351
PRY,Paraguay,2012,3.66877007484436
PSE,West Bank and Gaza,2012,4.74210977554321
PYF,French Polynesia,2012,
QAT,Qatar,2012,3.50744009017944
ROU,Romania,2012,2.8234601020813
RUS,Russia,2012,3.79310011863708
RWA,Rwanda,2012,4.42103004455566
SAU,Saudi Arabia,2012,
SDN,Sudan,2012,
SEN,Senegal,2012,4.77698993682861
SGP,Singapore,2012,3.07084989547729
SLB,Solomon Islands,2012,
SLE,Sierra Leone,2012,1.77787005901337
SLV,El Salvador,2012,3.7124400138855
SMR,San Marino,2012,
SOM,"Somalia, Fed. Rep.",2012,
SRB,Serbia,2012,
SSD,South Sudan,2012,1.57674938085481
STP,Sao Tome and Principe,2012,6.92846012115479
SUR,Suriname,2012,
SVK,Slovak Republic,2012,3.85490989685059
SVN,Slovenia,2012,5.6702299118042
SWE,Sweden,2012,7.57456016540527
SWZ,Eswatini,2012,5.59328219778155
SXM,Sint Maarten (Dutch part),2012,4.61834872782909
SYC,Seychelles,2012,2.54216003417969
SYR,Syrian Arab Republic,2012,
TCA,Turks and Caicos Islands,2012,2.69749326490282
TCD,Chad,2012,1.52493000030518
TGO,Togo,2012,3.37651991844177
THA,Thailand,2012,4.53672981262207
TJK,Tajikistan,2012,4.01803016662598
TKM,Turkmenistan,2012,3.04924988746643
TLS,Timor-Leste,2012,7.16214990615845
TON,Tonga,2012,
TTO,Trinidad and Tobago,2012,3.57398000577018
TUN,Tunisia,2012,5.95086002349854
TUR,Turkiye,2012,4.38721990585327
TUV,Tuvalu,2012,
TZA,Tanzania,2012,4.22964300342458
UGA,Uganda,2012,1.79746997356415
UKR,Ukraine,2012,6.44267988204956
URY,Uruguay,2012,4.09353338283242
USA,United States,2012,
UZB,Uzbekistan,2012,
VCT,St. Vincent and the Grenadines,2012,
VEN,"Venezuela, RB",2012,
VGB,British Virgin Islands,2012,3.55560728835564
VIR,Virgin Islands (U.S.),2012,
VNM,Viet Nam,2012,4.40817022323608
VUT,Vanuatu,2012,
WSM,Samoa,2012,4.89170722777607
XKX,Kosovo,2012,
YEM,"Yemen, Rep.",2012,
ZAF,South Africa,2012,5.52322006225586
ZMB,Zambia,2012,3.69500242842903
ZWE,Zimbabwe,2012,6.07021391405834
ABW,Aruba,2013,6.44295978546143
AFE,Africa Eastern and Southern,2013,4.63769446369719
AFG,Afghanistan,2013,3.45445990562439
AFW,Africa Western and Central,2013,2.70691990852356
AGO,Angola,2013,4.43894951297476
ALB,Albania,2013,3.53355002403259
AND,Andorra,2013,2.50616002082825
ARE,United Arab Emirates,2013,
ARG,Argentina,2013,5.43660020828247
ARM,Armenia,2013,2.65018010139465
ASM,American Samoa,2013,
ATG,Antigua and Barbuda,2013,2.35972143126598
AUS,Australia,2013,
AUT,Austria,2013,5.59404993057251
AZE,Azerbaijan,2013,2.44213008880615
BDI,Burundi,2013,5.99539995193481
BEL,Belgium,2013,6.60135984420776
BEN,Benin,2013,3.3275101184845
BFA,Burkina Faso,2013,4.08343982696533
BGD,Bangladesh,2013,1.96616995334625
BGR,Bulgaria,2013,4.05766010284424
BHR,Bahrain,2013,2.38286995887756
BHS,"Bahamas, The",2013,2.4242884241713
BIH,Bosnia and Herzegovina,2013,
BLR,Belarus,2013,5.0094199180603
BLZ,Belize,2013,5.12474012374878
BMU,Bermuda,2013,2.2795032068669
BOL,Bolivia,2013,6.80321979522705
BRA,Brazil,2013,5.8388500213623
BRB,Barbados,2013,4.50306987762451
BRN,Brunei Darussalam,2013,
BTN,Bhutan,2013,5.16565990447998
BWA,Botswana,2013,8.0172064061589
CAF,Central African Republic,2013,2.63821423826355
CAN,Canada,2013,4.58899021148682
CHE,Switzerland,2013,4.91392993927002
CHI,Channel Islands,2013,
CHL,Chile,2013,4.54814004898071
CHN,China,2013,
CIV,Cote d'Ivoire,2013,3.45859003067017
CMR,Cameroon,2013,2.65546989440918
COD,"Congo, Dem. Rep.",2013,2.06220006942749
COG,"Congo, Rep.",2013,5.0138814089415
COL,Colombia,2013,4.87855005264282
COM,Comoros,2013,2.3827600479126
CPV,Cabo Verde,2013,4.56156015396118
CRI,Costa Rica,2013,6.68738985061646
CUB,Cuba,2013,10.67169596101
CUW,Curacao,2013,5.11633014678955
CYM,Cayman Islands,2013,
CYP,Cyprus,2013,6.46747016906738
CZE,Czechia,2013,4.02132987976074
DEU,Germany,2013,4.83911991119385
DJI,Djibouti,2013,4.64782533103312
DMA,Dominica,2013,4.35428103166344
DNK,Denmark,2013,8.46860980987549
DOM,Dominican Republic,2013,3.62818152019188
DZA,Algeria,2013,6.65906035504841
EAR,Early-demographic dividend,2013,4.4985499382019
ECS,Europe & Central Asia,2013,4.99779987335205
ECU,Ecuador,2013,4.92997980117798
EGY,"Egypt, Arab Rep.",2013,
ERI,Eritrea,2013,
ESP,Spain,2013,4.32852983474731
EST,Estonia,2013,4.78006982803345
ETH,Ethiopia,2013,4.4985499382019
FIN,Finland,2013,7.15288019180298
FJI,Fiji,2013,3.88288998603821
FRA,France,2013,
FRO,Faroe Islands,2013,
FSM,"Micronesia, Fed. Sts.",2013,12.3438831906748
GAB,Gabon,2013,3.02971005439758
GBR,United Kingdom,2013,5.52529001235962
GEO,Georgia,2013,2.8330966857175
GHA,Ghana,2013,4.57644987106323
GIB,Gibraltar,2013,
GIN,Guinea,2013,2.63421988487244
GMB,"Gambia, The",2013,1.81839001178741
GNB,Guinea-Bissau,2013,2.01027011871338
GNQ,Equatorial Guinea,2013,
GRC,Greece,2013,
GRD,Grenada,2013,
GRL,Greenland,2013,
GTM,Guatemala,2013,2.88808989524841
GUM,Guam,2013,
GUY,Guyana,2013,
HKG,"Hong Kong SAR, China",2013,3.76031994819641
HND,Honduras,2013,5.87493991851807
HRV,Croatia,2013,4.50127983093262
HTI,Haiti,2013,
HUN,Hungary,2013,4.19040012359619
IDB,IDA blend,2013,4.92554579365837
IDN,Indonesia,2013,3.35904002189636
IMN,Isle of Man,2013,
IND,India,2013,3.84467005729675
IRL,Ireland,2013,5.23177003860474
IRN,"Iran, Islamic Rep.",2013,2.85279011726379
IRQ,Iraq,2013,
ISL,Iceland,2013,7.44866991043091
ISR,Israel,2013,5.76972007751465
ITA,Italy,2013,4.12192010879517
JAM,Jamaica,2013,6.25106000900269
JOR,Jordan,2013,3.78372228032099
JPN,Japan,2013,3.40874004364014
KAZ,Kazakhstan,2013,3.44564886564109
KEN,Kenya,2013,4.83721017837524
KGZ,Kyrgyz Republic,2013,6.78020000457764
KHM,Cambodia,2013,1.57648003101349
KIR,Kiribati,2013,12.0902942583732
KNA,St. Kitts and Nevis,2013,3.26205857202123
KOR,"Korea, Rep.",2013,
KWT,Kuwait,2013,
LAO,Lao PDR,2013,3.23380994796753
LBN,Lebanon,2013,2.4339599609375
LBR,Liberia,2013,1.69078004360199
LBY,Libya,2013,
LCA,St. Lucia,2013,3.87661004066467
LCN,Latin America & Caribbean,2013,4.87855005264282
LIE,Liechtenstein,2013,
LKA,Sri Lanka,2013,1.5645899772644
LSO,Lesotho,2013,
LTE,Late-demographic dividend,2013,4.44108986854553
LTU,Lithuania,2013,4.62416982650757
LUX,Luxembourg,2013,
LVA,Latvia,2013,7.24962997436523
MAC,"Macao SAR, China",2013,2.05048990249634
MAF,St. Martin (French part),2013,
MAR,Morocco,2013,
MCO,Monaco,2013,1.33440005779266
MDA,Moldova,2013,5.90975516494477
MDG,Madagascar,2013,1.77695000171661
MDV,Maldives,2013,3.3882999420166
MEX,Mexico,2013,4.50858020782471
MHL,Marshall Islands,2013,
MKD,North Macedonia,2013,
MLI,Mali,2013,2.75836992263794
MLT,Malta,2013,7.40672016143799
MMR,Myanmar,2013,
MNE,Montenegro,2013,
MNG,Mongolia,2013,4.94078016281128
MNP,Northern Mariana Islands,2013,
MOZ,Mozambique,2013,6.03575992584229
MRT,Mauritania,2013,2.29352998733521
MUS,Mauritius,2013,3.56775999069214
MWI,Malawi,2013,3.72169995307922
MYS,Malaysia,2013,5.48122978210449
NAM,Namibia,2013,8.59541659523254
NCL,New Caledonia,2013,
NER,Niger,2013,3.68953990936279
NGA,Nigeria,2013,0.534206768008091
NIC,Nicaragua,2013,
NLD,Netherlands,2013,5.48417997360229
NOR,Norway,2013,7.43905019760132
NPL,Nepal,2013,3.01811003684998
NRU,Nauru,2013,
NZL,New Zealand,2013,5.88539981842041
OMN,Oman,2013,4.35383987426758
PAK,Pakistan,2013,2.23698997497559
PAN,Panama,2013,
PER,Peru,2013,3.29729008674622
PHL,Philippines,2013,
PLW,Palau,2013,
PNG,Papua New Guinea,2013,
POL,Poland,2013,4.99779987335205
PRI,Puerto Rico (US),2013,6.48106002807617
PRK,"Korea, Dem. People's Rep.",2013,
PRT,Portugal,2013,5.26528978347778
PRY,Paraguay,2013,2.67871193892232
PSE,West Bank and Gaza,2013,4.89467000961304
PYF,French Polynesia,2013,
QAT,Qatar,2013,4.07384014129639
ROU,Romania,2013,3.06785011291504
RUS,Russia,2013,3.76382994651794
RWA,Rwanda,2013,4.7421498298645
SAU,Saudi Arabia,2013,
SDN,Sudan,2013,
SEN,Senegal,2013,5.68656015396118
SGP,Singapore,2013,2.85435009002686
SLB,Solomon Islands,2013,
SLE,Sierra Leone,2013,1.56069004535675
SLV,El Salvador,2013,3.80149006843567
SMR,San Marino,2013,3.26723534651899
SOM,"Somalia, Fed. Rep.",2013,
SRB,Serbia,2013,
SSD,South Sudan,2013,1.02450001239777
STP,Sao Tome and Principe,2013,6.68509006500244
SUR,Suriname,2013,
SVK,Slovak Republic,2013,4.06078004837036
SVN,Slovenia,2013,5.46767997741699
SWE,Sweden,2013,7.6465802192688
SWZ,Eswatini,2013,5.08461029694871
SXM,Sint Maarten (Dutch part),2013,
SYC,Seychelles,2013,3.61840009689331
SYR,Syrian Arab Republic,2013,
TCA,Turks and Caicos Islands,2013,2.80478695053816
TCD,Chad,2013,2.06696009635925
TGO,Togo,2013,3.17475008964539
THA,Thailand,2013,4.12401008605957
TJK,Tajikistan,2013,5.29397617900035
TKM,Turkmenistan,2013,
TLS,Timor-Leste,2013,5.66632986068726
TON,Tonga,2013,
TTO,Trinidad and Tobago,2013,3.75275872925405
TUN,Tunisia,2013,
TUR,Turkiye,2013,4.34479999542236
TUV,Tuvalu,2013,
TZA,Tanzania,2013,4.63769446369719
UGA,Uganda,2013,1.87114000320435
UKR,Ukraine,2013,6.41987991333008
URY,Uruguay,2013,4.23893022537231
USA,United States,2013,
UZB,Uzbekistan,2013,5.74191999435425
VCT,St. Vincent and the Grenadines,2013,
VEN,"Venezuela, RB",2013,
VGB,British Virgin Islands,2013,4.45811210742524
VIR,Virgin Islands (U.S.),2013,
VNM,Viet Nam,2013,4.52833986282349
VUT,Vanuatu,2013,
WSM,Samoa,2013,4.61486064947671
XKX,Kosovo,2013,
YEM,"Yemen, Rep.",2013,
ZAF,South Africa,2013,5.35070991516113
ZMB,Zambia,2013,3.71820710892018
ZWE,Zimbabwe,2013,5.99598135667974
ABW,Aruba,2014,5.85128021240234
AFE,Africa Eastern and Southern,2014,4.65965986251831
AFG,Afghanistan,2014,3.69521999359131
AFW,Africa Western and Central,2014,2.66667008399963
AGO,Angola,2014,
ALB,Albania,2014,3.18177734553254
AND,Andorra,2014,3.07420992851257
ARE,United Arab Emirates,2014,
ARG,Argentina,2014,5.36144018173218
ARM,Armenia,2014,2.24724006652832
ASM,American Samoa,2014,
ATG,Antigua and Barbuda,2014,2.3044409375638
AUS,Australia,2014,
AUT,Austria,2014,5.49767017364502
AZE,Azerbaijan,2014,2.63303995132446
BDI,Burundi,2014,6.78452014923096
BEL,Belgium,2014,6.55866003036499
BEN,Benin,2014,3.161789894104
BFA,Burkina Faso,2014,4.05329990386963
BGD,Bangladesh,2014,2.09871663086838
BGR,Bulgaria,2014,4.19388008117676
BHR,Bahrain,2014,2.36918997764587
BHS,"Bahamas, The",2014,2.24714705533939
BIH,Bosnia and Herzegovina,2014,3.31473965674631
BLR,Belarus,2014,4.81830978393555
BLZ,Belize,2014,5.1395001411438
BMU,Bermuda,2014,1.5368800163269
BOL,Bolivia,2014,7.47811985015869
BRA,Brazil,2014,5.94848012924194
BRB,Barbados,2014,5.35950994491577
BRN,Brunei Darussalam,2014,3.35321998596191
BTN,Bhutan,2014,5.4618501663208
BWA,Botswana,2014,7.88874188960311
CAF,Central African Republic,2014,2.22015331698693
CAN,Canada,2014,4.84358978271484
CHE,Switzerland,2014,4.93057012557983
CHI,Channel Islands,2014,
CHL,Chile,2014,4.75168991088867
CHN,China,2014,
CIV,Cote d'Ivoire,2014,3.31416988372803
CMR,Cameroon,2014,2.58396005630493
COD,"Congo, Dem. Rep.",2014,1.95142996311188
COG,"Congo, Rep.",2014,3.18255996704102
COL,Colombia,2014,4.62945985794067
COM,Comoros,2014,2.74472999572754
CPV,Cabo Verde,2014,4.52133989334106
CRI,Costa Rica,2014,6.67953014373779
CUB,Cuba,2014,9.6074568445536
CUW,Curacao,2014,5.95464718602819
CYM,Cayman Islands,2014,
CYP,Cyprus,2014,6.42111015319824
CZE,Czechia,2014,3.93603992462158
DEU,Germany,2014,4.82582998275757
DJI,Djibouti,2014,4.38407521258509
DMA,Dominica,2014,4.33216630134647
DNK,Denmark,2014,7.63833999633789
DOM,Dominican Republic,2014,3.62243443144513
DZA,Algeria,2014,6.54889841545277
EAR,Early-demographic dividend,2014,3.89878023242693
ECS,Europe & Central Asia,2014,4.82582998275757
ECU,Ecuador,2014,5.21019983291626
EGY,"Egypt, Arab Rep.",2014,
ERI,Eritrea,2014,
ESP,Spain,2014,4.27524995803833
EST,Estonia,2014,4.32586002349854
ETH,Ethiopia,2014,4.60201978683472
FIN,Finland,2014,7.13832998275757
FJI,Fiji,2014,3.76960923580896
FRA,France,2014,
FRO,Faroe Islands,2014,
FSM,"Micronesia, Fed. Sts.",2014,12.2281680903257
GAB,Gabon,2014,2.66667008399963
GBR,United Kingdom,2014,5.60134983062744
GEO,Georgia,2014,2.94113947736272
GHA,Ghana,2014,4.39978981018066
GIB,Gibraltar,2014,
GIN,Guinea,2014,2.42281007766724
GMB,"Gambia, The",2014,2.23094010353088
GNB,Guinea-Bissau,2014,
GNQ,Equatorial Guinea,2014,
GRC,Greece,2014,
GRD,Grenada,2014,4.47756594772942
GRL,Greenland,2014,
GTM,Guatemala,2014,2.98563003540039
GUM,Guam,2014,
GUY,Guyana,2014,4.36033010482788
HKG,"Hong Kong SAR, China",2014,3.57254004478455
HND,Honduras,2014,7.09010982513428
HRV,Croatia,2014,
HTI,Haiti,2014,1.75226998329163
HUN,Hungary,2014,4.59878015518188
IDB,IDA blend,2014,4.01573491096496
IDN,Indonesia,2014,3.28800988197327
IMN,Isle of Man,2014,
IND,India,2014,3.89878023242693
IRL,Ireland,2014,4.73554992675781
IRN,"Iran, Islamic Rep.",2014,2.61668992042542
IRQ,Iraq,2014,
ISL,Iceland,2014,7.6414098739624
ISR,Israel,2014,5.69225978851318
ITA,Italy,2014,4.04026985168457
JAM,Jamaica,2014,6.01584005355835
JOR,Jordan,2014,3.76692408663556
JPN,Japan,2014,3.41529989242554
KAZ,Kazakhstan,2014,3.42903954512824
KEN,Kenya,2014,4.7172999382019
KGZ,Kyrgyz Republic,2014,5.53159999847412
KHM,Cambodia,2014,1.44690001010895
KIR,Kiribati,2014,11.513136036036
KNA,St. Kitts and Nevis,2014,2.85307503792741
KOR,"Korea, Rep.",2014,
KWT,Kuwait,2014,
LAO,Lao PDR,2014,2.93781995773315
LBN,Lebanon,2014,
LBR,Liberia,2014,2.20005011558533
LBY,Libya,2014,
LCA,St. Lucia,2014,3.89103007316589
LCN,Latin America & Caribbean,2014,4.69057488441467
LIE,Liechtenstein,2014,
LKA,Sri Lanka,2014,1.85859000682831
LSO,Lesotho,2014,
LTE,Late-demographic dividend,2014,4.62945985794067
LTU,Lithuania,2014,4.5076699256897
LUX,Luxembourg,2014,3.85569000244141
LVA,Latvia,2014,5.47479009628296
MAC,"Macao SAR, China",2014,2.04853010177612
MAF,St. Martin (French part),2014,
MAR,Morocco,2014,5.48276036642721
MCO,Monaco,2014,1.02186000347137
MDA,Moldova,2014,6.33807992935181
MDG,Madagascar,2014,2.3812301158905
MDV,Maldives,2014,3.0885899066925
MEX,Mexico,2014,5.06807994842529
MHL,Marshall Islands,2014,
MKD,North Macedonia,2014,
MLI,Mali,2014,3.09299993515015
MLT,Malta,2014,6.84973001480103
MMR,Myanmar,2014,
MNE,Montenegro,2014,
MNG,Mongolia,2014,4.71483993530273
MNP,Northern Mariana Islands,2014,
MOZ,Mozambique,2014,6.39920843528224
MRT,Mauritania,2014,2.55796423507035
MUS,Mauritius,2014,4.81514978408813
MWI,Malawi,2014,3.32569003105164
MYS,Malaysia,2014,5.21264982223511
NAM,Namibia,2014,3.66711166353218
NCL,New Caledonia,2014,
NER,Niger,2014,5.10368013381958
NGA,Nigeria,2014,0.470742539133469
NIC,Nicaragua,2014,4.08329010009766
NLD,Netherlands,2014,5.40205001831055
NOR,Norway,2014,7.64402008056641
NPL,Nepal,2014,3.47214007377625
NRU,Nauru,2014,4.47278425925926
NZL,New Zealand,2014,5.8033299446106
OMN,Oman,2014,
PAK,Pakistan,2014,2.2043399810791
PAN,Panama,2014,3.08107995986939
PER,Peru,2014,3.69599008560181
PHL,Philippines,2014,2.66454238129968
PLW,Palau,2014,
PNG,Papua New Guinea,2014,
POL,Poland,2014,4.93858003616333
PRI,Puerto Rico (US),2014,6.07265996932983
PRK,"Korea, Dem. People's Rep.",2014,
PRT,Portugal,2014,5.12005996704102
PRY,Paraguay,2014,2.59655894629063
PSE,West Bank and Gaza,2014,
PYF,French Polynesia,2014,
QAT,Qatar,2014,3.60535001754761
ROU,Romania,2014,3.12494993209839
RUS,Russia,2014,4.01387977600098
RWA,Rwanda,2014,4.19644021987915
SAU,Saudi Arabia,2014,
SDN,Sudan,2014,
SEN,Senegal,2014,5.72907018661499
SGP,Singapore,2014,3.01358665503678
SLB,Solomon Islands,2014,
SLE,Sierra Leone,2014,1.73754000663757
SLV,El Salvador,2014,3.82416009902954
SMR,San Marino,2014,3.19357628015873
SOM,"Somalia, Fed. Rep.",2014,
SRB,Serbia,2014,
SSD,South Sudan,2014,1.23246002197266
STP,Sao Tome and Principe,2014,4.4321699142456
SUR,Suriname,2014,
SVK,Slovak Republic,2014,4.20446014404297
SVN,Slovenia,2014,5.34328985214233
SWE,Sweden,2014,7.62924003601074
SWZ,Eswatini,2014,7.28094005584717
SXM,Sint Maarten (Dutch part),2014,3.06759489680727
SYC,Seychelles,2014,3.95247006416321
SYR,Syrian Arab Republic,2014,
TCA,Turks and Caicos Islands,2014,2.74654631561921
TCD,Chad,2014,2.32031229563021
TGO,Togo,2014,3.4237699508667
THA,Thailand,2014,3.91917751852112
TJK,Tajikistan,2014,5.59398898966753
TKM,Turkmenistan,2014,
TLS,Timor-Leste,2014,7.51430988311768
TON,Tonga,2014,
TTO,Trinidad and Tobago,2014,3.59013796983043
TUN,Tunisia,2014,
TUR,Turkiye,2014,4.41256999969482
TUV,Tuvalu,2014,
TZA,Tanzania,2014,3.38488006591797
UGA,Uganda,2014,1.91472005844116
UKR,Ukraine,2014,5.87491989135742
URY,Uruguay,2014,4.26735019683838
USA,United States,2014,
UZB,Uzbekistan,2014,5.71325016021729
VCT,St. Vincent and the Grenadines,2014,
VEN,"Venezuela, RB",2014,
VGB,British Virgin Islands,2014,4.00919804063438
VIR,Virgin Islands (U.S.),2014,
VNM,Viet Nam,2014,3.54012312110584
VUT,Vanuatu,2014,5.17257022857666
WSM,Samoa,2014,5.41392159958726
XKX,Kosovo,2014,
YEM,"Yemen, Rep.",2014,
ZAF,South Africa,2014,5.48977994918823
ZMB,Zambia,2014,5.15225706811611
ZWE,Zimbabwe,2014,6.13835396313315
ABW,Aruba,2015,5.88826990127563
AFE,Africa Eastern and Southern,2015,4.73791868878759
AFG,Afghanistan,2015,3.25578999519348
AFW,Africa Western and Central,2015,3.13882994651794
AGO,Angola,2015,3.48689580393413
ALB,Albania,2015,3.41300010681152
AND,Andorra,2015,3.28034996986389
ARE,United Arab Emirates,2015,
ARG,Argentina,2015,5.77611017227173
ARM,Armenia,2015,2.80591011047363
ASM,American Samoa,2015,
ATG,Antigua and Barbuda,2015,1.9934755302761
AUS,Australia,2015,
AUT,Austria,2015,5.49143981933594
AZE,Azerbaijan,2015,2.95167994499206
BDI,Burundi,2015,6.37133979797363
BEL,Belgium,2015,6.46963977813721
BEN,Benin,2015,3.17298007011414
BFA,Burkina Faso,2015,3.67008996009827
BGD,Bangladesh,2015,1.87225417109978
BGR,Bulgaria,2015,3.88469004631042
BHR,Bahrain,2015,2.55344009399414
BHS,"Bahamas, The",2015,2.2723175918231
BIH,Bosnia and Herzegovina,2015,3.0181128667772
BLR,Belarus,2015,4.78751993179321
BLZ,Belize,2015,5.35711002349854
BMU,Bermuda,2015,1.50163996219635
BOL,Bolivia,2015,8.1434497833252
BRA,Brazil,2015,6.24105978012085
BRB,Barbados,2015,5.15997517232471
BRN,Brunei Darussalam,2015,
BTN,Bhutan,2015,6.92886018753052
BWA,Botswana,2015,8.39457941644674
CAF,Central African Republic,2015,1.9102285875012
CAN,Canada,2015,4.73936986923218
CHE,Switzerland,2015,4.99560022354126
CHI,Channel Islands,2015,
CHL,Chile,2015,4.90390014648438
CHN,China,2015,
CIV,Cote d'Ivoire,2015,3.49412989616394
CMR,Cameroon,2015,2.65791010856628
COD,"Congo, Dem. Rep.",2015,2.17043995857239
COG,"Congo, Rep.",2015,3.13882994651794
COL,Colombia,2015,4.47038984298706
COM,Comoros,2015,2.5450599193573
CPV,Cabo Verde,2015,4.80622005462646
CRI,Costa Rica,2015,6.87349987030029
CUB,Cuba,2015,8.9633578559392
CUW,Curacao,2015,5.95011209033324
CYM,Cayman Islands,2015,
CYP,Cyprus,2015,6.30491018295288
CZE,Czechia,2015,5.71913003921509
DEU,Germany,2015,4.76157999038696
DJI,Djibouti,2015,3.59895992279053
DMA,Dominica,2015,3.09856009483337
DNK,Denmark,2015,
DOM,Dominican Republic,2015,3.60400277306673
DZA,Algeria,2015,6.17633014564047
EAR,Early-demographic dividend,2015,4.0238801240921
ECS,Europe & Central Asia,2015,4.78751993179321
ECU,Ecuador,2015,5.10570001602173
EGY,"Egypt, Arab Rep.",2015,
ERI,Eritrea,2015,
ESP,Spain,2015,4.24903011322021
EST,Estonia,2015,5.05127000808716
ETH,Ethiopia,2015,4.73791868878759
FIN,Finland,2015,7.07199001312256
FJI,Fiji,2015,4.80931781024695
FRA,France,2015,
FRO,Faroe Islands,2015,
FSM,"Micronesia, Fed. Sts.",2015,12.407919883728
GAB,Gabon,2015,2.82435985823512
GBR,United Kingdom,2015,5.55453014373779
GEO,Georgia,2015,3.10870368877345
GHA,Ghana,2015,4.43404006958008
GIB,Gibraltar,2015,
GIN,Guinea,2015,2.51713991165161
GMB,"Gambia, The",2015,2.16002988815308
GNB,Guinea-Bissau,2015,
GNQ,Equatorial Guinea,2015,
GRC,Greece,2015,3.68238997459412
GRD,Grenada,2015,4.23861035989182
GRL,Greenland,2015,
GTM,Guatemala,2015,3.03032994270325
GUM,Guam,2015,
GUY,Guyana,2015,3.89569997787476
HKG,"Hong Kong SAR, China",2015,3.26210999488831
HND,Honduras,2015,6.41298007965088
HRV,Croatia,2015,
HTI,Haiti,2015,1.85497999191284
HUN,Hungary,2015,4.49287986755371
IDB,IDA blend,2015,3.31647992134094
IDN,Indonesia,2015,3.58361005783081
IMN,Isle of Man,2015,
IND,India,2015,4.1145601272583
IRL,Ireland,2015,3.62438988685608
IRN,"Iran, Islamic Rep.",2015,2.62911009788513
IRQ,Iraq,2015,
ISL,Iceland,2015,7.45796012878418
ISR,Israel,2015,5.79657983779907
ITA,Italy,2015,4.05422019958496
JAM,Jamaica,2015,5.45523023605347
JOR,Jordan,2015,3.71272133351629
JPN,Japan,2015,3.31221008300781
KAZ,Kazakhstan,2015,2.78858995437622
KEN,Kenya,2015,4.74349021911621
KGZ,Kyrgyz Republic,2015,5.98551988601685
KHM,Cambodia,2015,
KIR,Kiribati,2015,10.7683901960784
KNA,St. Kitts and Nevis,2015,2.54938006401062
KOR,"Korea, Rep.",2015,4.24247980117798
KWT,Kuwait,2015,
LAO,Lao PDR,2015,2.73689787884215
LBN,Lebanon,2015,
LBR,Liberia,2015,2.11587468207978
LBY,Libya,2015,
LCA,St. Lucia,2015,3.88088011741638
LCN,Latin America & Caribbean,2015,4.44749157539063
LIE,Liechtenstein,2015,
LKA,Sri Lanka,2015,2.10998010635376
LSO,Lesotho,2015,7.64272055728181
LTE,Late-demographic dividend,2015,4.47038984298706
LTU,Lithuania,2015,4.21646022796631
LUX,Luxembourg,2015,3.76792001724243
LVA,Latvia,2015,5.46670007705688
MAC,"Macao SAR, China",2015,3.00247001647949
MAF,St. Martin (French part),2015,
MAR,Morocco,2015,5.133369043677
MCO,Monaco,2015,
MDA,Moldova,2015,5.76665405944246
MDG,Madagascar,2015,2.21011996269226
MDV,Maldives,2015,3.8685998916626
MEX,Mexico,2015,5.05087995529175
MHL,Marshall Islands,2015,
MKD,North Macedonia,2015,
MLI,Mali,2015,3.19690990447998
MLT,Malta,2015,4.91352987289429
MMR,Myanmar,2015,
MNE,Montenegro,2015,
MNG,Mongolia,2015,4.22361993789673
MNP,Northern Mariana Islands,2015,
MOZ,Mozambique,2015,5.91515660575298
MRT,Mauritania,2015,2.82956598871445
MUS,Mauritius,2015,4.75847005844116
MWI,Malawi,2015,3.85398006439209
MYS,Malaysia,2015,4.89487981796265
NAM,Namibia,2015,9.8507685020388
NCL,New Caledonia,2015,
NER,Niger,2015,4.48669004440308
NGA,Nigeria,2015,0.436954905120644
NIC,Nicaragua,2015,4.07843017578125
NLD,Netherlands,2015,5.27802991867065
NOR,Norway,2015,7.52335977554321
NPL,Nepal,2015,3.25901007652283
NRU,Nauru,2015,6.25260294117647
NZL,New Zealand,2015,5.70350980758667
OMN,Oman,2015,
PAK,Pakistan,2015,2.38609004020691
PAN,Panama,2015,3.26552009582519
PER,Peru,2015,3.96933007240295
PHL,Philippines,2015,2.83052303785203
PLW,Palau,2015,
PNG,Papua New Guinea,2015,1.62515691017505
POL,Poland,2015,4.78748989105225
PRI,Puerto Rico (US),2015,3.34032241682023
PRK,"Korea, Dem. People's Rep.",2015,
PRT,Portugal,2015,4.89425992965698
PRY,Paraguay,2015,3.33377822870463
PSE,West Bank and Gaza,2015,4.66321992874146
PYF,French Polynesia,2015,
QAT,Qatar,2015,
ROU,Romania,2015,3.10693001747131
RUS,Russia,2015,3.83402991294861
RWA,Rwanda,2015,3.64713001251221
SAU,Saudi Arabia,2015,
SDN,Sudan,2015,
SEN,Senegal,2015,5.45634984970093
SGP,Singapore,2015,2.99161870509909
SLB,Solomon Islands,2015,
SLE,Sierra Leone,2015,3.21786273563993
SLV,El Salvador,2015,3.90987992286682
SMR,San Marino,2015,3.11914279579368
SOM,"Somalia, Fed. Rep.",2015,
SRB,Serbia,2015,
SSD,South Sudan,2015,1.46555995941162
STP,Sao Tome and Principe,2015,4.69794988632202
SUR,Suriname,2015,5.53479610522553
SVK,Slovak Republic,2015,4.56416988372803
SVN,Slovenia,2015,4.95528984069824
SWE,Sweden,2015,7.49442005157471
SWZ,Eswatini,2015,5.35494723006471
SXM,Sint Maarten (Dutch part),2015,
SYC,Seychelles,2015,4.91460990905762
SYR,Syrian Arab Republic,2015,
TCA,Turks and Caicos Islands,2015,3.09093999862671
TCD,Chad,2015,2.34283149521162
TGO,Togo,2015,3.71096992492676
THA,Thailand,2015,3.86397622727286
TJK,Tajikistan,2015,4.96774005889893
TKM,Turkmenistan,2015,
TLS,Timor-Leste,2015,8.46706962585449
TON,Tonga,2015,
TTO,Trinidad and Tobago,2015,4.42459330779419
TUN,Tunisia,2015,6.22044992446899
TUR,Turkiye,2015,4.30550003051758
TUV,Tuvalu,2015,
TZA,Tanzania,2015,4.19486548285076
UGA,Uganda,2015,2.32152009010315
UKR,Ukraine,2015,5.33951727495092
URY,Uruguay,2015,4.20636987686157
USA,United States,2015,4.93064022064209
UZB,Uzbekistan,2015,5.49444007873535
VCT,St. Vincent and the Grenadines,2015,4.95614634835429
VEN,"Venezuela, RB",2015,
VGB,British Virgin Islands,2015,4.70449999843962
VIR,Virgin Islands (U.S.),2015,
VNM,Viet Nam,2015,3.41660449674943
VUT,Vanuatu,2015,5.39081001281738
WSM,Samoa,2015,4.42452121728174
XKX,Kosovo,2015,
YEM,"Yemen, Rep.",2015,
ZAF,South Africa,2015,5.48285007476807
ZMB,Zambia,2015,4.62433004379272
ZWE,Zimbabwe,2015,
ABW,Aruba,2016,5.49136018753052
AFE,Africa Eastern and Southern,2016,4.69199991226196
AFG,Afghanistan,2016,4.5439600944519
AFW,Africa Western and Central,2016,2.57739496231079
AGO,Angola,2016,2.75493664582725
ALB,Albania,2016,3.91997003555298
AND,Andorra,2016,3.23707008361816
ARE,United Arab Emirates,2016,
ARG,Argentina,2016,5.54548978805542
ARM,Armenia,2016,2.75812005996704
ASM,American Samoa,2016,
ATG,Antigua and Barbuda,2016,2.17149931504636
AUS,Australia,2016,
AUT,Austria,2016,5.50954008102417
AZE,Azerbaijan,2016,2.90340995788574
BDI,Burundi,2016,4.69199991226196
BEL,Belgium,2016,6.48613023757935
BEN,Benin,2016,2.89910006523132
BFA,Burkina Faso,2016,
BGD,Bangladesh,2016,1.28183996677399
BGR,Bulgaria,2016,3.81435990333557
BHR,Bahrain,2016,2.80248290251154
BHS,"Bahamas, The",2016,2.58786212973921
BIH,Bosnia and Herzegovina,2016,4.26451015472412
BLR,Belarus,2016,4.94654989242554
BLZ,Belize,2016,5.72603988647461
BMU,Bermuda,2016,2.03905874199287
BOL,Bolivia,2016,8.15062046051025
BRA,Brazil,2016,6.31403017044067
BRB,Barbados,2016,4.19719982147217
BRN,Brunei Darussalam,2016,4.42539978027344
BTN,Bhutan,2016,6.4044599533081
BWA,Botswana,2016,8.73589296358928
CAF,Central African Republic,2016,1.75408898250234
CAN,Canada,2016,4.81642007827759
CHE,Switzerland,2016,4.98164987564087
CHI,Channel Islands,2016,
CHL,Chile,2016,5.36645984649658
CHN,China,2016,
CIV,Cote d'Ivoire,2016,3.93593001365662
CMR,Cameroon,2016,2.56234002113342
COD,"Congo, Dem. Rep.",2016,2.1186900138855
COG,"Congo, Rep.",2016,4.87114096878621
COL,Colombia,2016,4.47721004486084
COM,Comoros,2016,
CPV,Cabo Verde,2016,4.75475978851318
CRI,Costa Rica,2016,6.89395999908447
CUB,Cuba,2016,9.01309318032688
CUW,Curacao,2016,6.23495389518939
CYM,Cayman Islands,2016,
CYP,Cyprus,2016,6.11811017990112
CZE,Czechia,2016,5.50080013275146
DEU,Germany,2016,4.76321983337402
DJI,Djibouti,2016,3.92226004600525
DMA,Dominica,2016,5.12971951862684
DNK,Denmark,2016,7.71534013748169
DOM,Dominican Republic,2016,3.85049560792469
DZA,Algeria,2016,6.50210843472458
EAR,Early-demographic dividend,2016,4.00170004367829
ECS,Europe & Central Asia,2016,4.82350015640259
ECU,Ecuador,2016,4.46397668804552
EGY,"Egypt, Arab Rep.",2016,
ERI,Eritrea,2016,
ESP,Spain,2016,4.19327020645142
EST,Estonia,2016,5.05511999130249
ETH,Ethiopia,2016,5.06151399998447
FIN,Finland,2016,6.90873003005981
FJI,Fiji,2016,4.83590249175322
FRA,France,2016,
FRO,Faroe Islands,2016,
FSM,"Micronesia, Fed. Sts.",2016,13.814728
GAB,Gabon,2016,2.66773089670199
GBR,United Kingdom,2016,5.42795991897583
GEO,Georgia,2016,3.52338004112244
GHA,Ghana,2016,4.3945198059082
GIB,Gibraltar,2016,
GIN,Guinea,2016,2.54450011253357
GMB,"Gambia, The",2016,2.0244300365448
GNB,Guinea-Bissau,2016,
GNQ,Equatorial Guinea,2016,
GRC,Greece,2016,
GRD,Grenada,2016,
GRL,Greenland,2016,
GTM,Guatemala,2016,2.94474005699158
GUM,Guam,2016,
GUY,Guyana,2016,4.73775005340576
HKG,"Hong Kong SAR, China",2016,3.29269003868103
HND,Honduras,2016,6.09509492079297
HRV,Croatia,2016,
HTI,Haiti,2016,1.38776004314423
HUN,Hungary,2016,4.60210990905762
IDB,IDA blend,2016,4.40353549122142
IDN,Indonesia,2016,1.21023452496964
IMN,Isle of Man,2016,
IND,India,2016,4.25406980514526
IRL,Ireland,2016,3.65881991386414
IRN,"Iran, Islamic Rep.",2016,3.17396998405456
IRQ,Iraq,2016,
ISL,Iceland,2016,7.43221998214722
ISR,Israel,2016,5.80271005630493
ITA,Italy,2016,3.795490026474
JAM,Jamaica,2016,5.31459999084473
JOR,Jordan,2016,3.45282006263733
JPN,Japan,2016,3.14643001556396
KAZ,Kazakhstan,2016,2.9780900478363
KEN,Kenya,2016,4.89518022537231
KGZ,Kyrgyz Republic,2016,6.58616018295288
KHM,Cambodia,2016,
KIR,Kiribati,2016,11.646473381295
KNA,St. Kitts and Nevis,2016,3.00076147453842
KOR,"Korea, Rep.",2016,4.11502981185913
KWT,Kuwait,2016,5.95593958839578
LAO,Lao PDR,2016,2.77442976110388
LBN,Lebanon,2016,2.17820270841405
LBR,Liberia,2016,2.11479684223088
LBY,Libya,2016,
LCA,St. Lucia,2016,5.20954990386963
LCN,Latin America & Caribbean,2016,4.41408840162469
LIE,Liechtenstein,2016,
LKA,Sri Lanka,2016,3.22929000854492
LSO,Lesotho,2016,7.55247411216023
LTE,Late-demographic dividend,2016,4.36420011520386
LTU,Lithuania,2016,4.01143980026245
LUX,Luxembourg,2016,
LVA,Latvia,2016,4.82350015640259
MAC,"Macao SAR, China",2016,3.09952998161316
MAF,St. Martin (French part),2016,
MAR,Morocco,2016,5.08530197423073
MCO,Monaco,2016,1.37126004695892
MDA,Moldova,2016,5.67210006713867
MDG,Madagascar,2016,2.68719005584717
MDV,Maldives,2016,3.66123008728027
MEX,Mexico,2016,4.75795984268188
MHL,Marshall Islands,2016,
MKD,North Macedonia,2016,
MLI,Mali,2016,2.59244990348816
MLT,Malta,2016,4.95570993423462
MMR,Myanmar,2016,
MNE,Montenegro,2016,
MNG,Mongolia,2016,5.18311023712158
MNP,Northern Mariana Islands,2016,
MOZ,Mozambique,2016,5.80086994171143
MRT,Mauritania,2016,1.94405996799469
MUS,Mauritius,2016,4.88207006454468
MWI,Malawi,2016,3.28257989883423
MYS,Malaysia,2016,4.75191020965576
NAM,Namibia,2016,10.5927948535144
NCL,New Caledonia,2016,
NER,Niger,2016,2.95843005180359
NGA,Nigeria,2016,0.393045646249364
NIC,Nicaragua,2016,4.08114004135132
NLD,Netherlands,2016,5.38952016830444
NOR,Norway,2016,7.98443984985352
NPL,Nepal,2016,3.90320992469788
NRU,Nauru,2016,4.82214626865672
NZL,New Zealand,2016,5.49972009658813
OMN,Oman,2016,
PAK,Pakistan,2016,2.66805005073547
PAN,Panama,2016,3.32278990745544
PER,Peru,2016,3.81316995620727
PHL,Philippines,2016,3.30128109042443
PLW,Palau,2016,
PNG,Papua New Guinea,2016,0.853806396301458
POL,Poland,2016,4.62726020812988
PRI,Puerto Rico (US),2016,2.78358429967595
PRK,"Korea, Dem. People's Rep.",2016,
PRT,Portugal,2016,
PRY,Paraguay,2016,3.43498992919922
PSE,West Bank and Gaza,2016,4.98296022415161
PYF,French Polynesia,2016,
QAT,Qatar,2016,
ROU,Romania,2016,3.0255401134491
RUS,Russia,2016,3.76044011116028
RWA,Rwanda,2016,3.43482995033264
SAU,Saudi Arabia,2016,
SDN,Sudan,2016,
SEN,Senegal,2016,5.11309003829956
SGP,Singapore,2016,2.94466258946576
SLB,Solomon Islands,2016,
SLE,Sierra Leone,2016,1.84832000732422
SLV,El Salvador,2016,3.82523989677429
SMR,San Marino,2016,3.02697977142855
SOM,"Somalia, Fed. Rep.",2016,
SRB,Serbia,2016,3.50275993347168
SSD,South Sudan,2016,1.56539228959694
STP,Sao Tome and Principe,2016,6.11515998840332
SUR,Suriname,2016,5.64051904970974
SVK,Slovak Republic,2016,3.88375997543335
SVN,Slovenia,2016,4.84419012069702
SWE,Sweden,2016,7.63991022109985
SWZ,Eswatini,2016,5.43355309210979
SXM,Sint Maarten (Dutch part),2016,
SYC,Seychelles,2016,4.0213098526001
SYR,Syrian Arab Republic,2016,
TCA,Turks and Caicos Islands,2016,2.90744573120893
TCD,Chad,2016,2.38847586229946
TGO,Togo,2016,3.6624801158905
THA,Thailand,2016,3.76761756770937
TJK,Tajikistan,2016,5.73094142576332
TKM,Turkmenistan,2016,
TLS,Timor-Leste,2016,8.12837982177734
TON,Tonga,2016,
TTO,Trinidad and Tobago,2016,4.21428227509361
TUN,Tunisia,2016,
TUR,Turkiye,2016,4.62773990631104
TUV,Tuvalu,2016,
TZA,Tanzania,2016,4.10196721791864
UGA,Uganda,2016,2.13789010047913
UKR,Ukraine,2016,5.00976991653442
URY,Uruguay,2016,4.36420011520386
USA,United States,2016,4.78327989578247
UZB,Uzbekistan,2016,5.38089990615845
VCT,St. Vincent and the Grenadines,2016,5.45265007019043
VEN,"Venezuela, RB",2016,
VGB,British Virgin Islands,2016,3.25467711875258
VIR,Virgin Islands (U.S.),2016,
VNM,Viet Nam,2016,3.46906995773315
VUT,Vanuatu,2016,7.67742589514444
WSM,Samoa,2016,3.98114991188049
XKX,Kosovo,2016,
YEM,"Yemen, Rep.",2016,
ZAF,South Africa,2016,5.4442400932312
ZMB,Zambia,2016,3.74792003631592
ZWE,Zimbabwe,2016,
ABW,Aruba,2017,4.45581996127504
AFE,Africa Eastern and Southern,2017,4.5962700843811
AFG,Afghanistan,2017,4.34319019317627
AFW,Africa Western and Central,2017,3.12012994289398
AGO,Angola,2017,2.46687881104886
ALB,Albania,2017,3.54673004150391
AND,Andorra,2017,3.21708989143372
ARE,United Arab Emirates,2017,
ARG,Argentina,2017,5.45432996749878
ARM,Armenia,2017,2.70759010314941
ASM,American Samoa,2017,
ATG,Antigua and Barbuda,2017,2.28158315038897
AUS,Australia,2017,
AUT,Austria,2017,5.40181016921997
AZE,Azerbaijan,2017,2.4738199710846
BDI,Burundi,2017,4.76202011108398
BEL,Belgium,2017,6.44915008544922
BEN,Benin,2017,3.53558993339539
BFA,Burkina Faso,2017,5.62846994400024
BGD,Bangladesh,2017,2.11342875356648
BGR,Bulgaria,2017,4.07754993438721
BHR,Bahrain,2017,2.21637010574341
BHS,"Bahamas, The",2017,2.69510162053495
BIH,Bosnia and Herzegovina,2017,2.83868424239217
BLR,Belarus,2017,4.79500007629395
BLZ,Belize,2017,5.95071983337402
BMU,Bermuda,2017,1.32495999336243
BOL,Bolivia,2017,8.09722995758057
BRA,Brazil,2017,6.32047986984253
BRB,Barbados,2017,3.956209897995
BRN,Brunei Darussalam,2017,
BTN,Bhutan,2017,6.61724996566772
BWA,Botswana,2017,7.80924443947392
CAF,Central African Republic,2017,1.75365013911465
CAN,Canada,2017,4.95998001098633
CHE,Switzerland,2017,5.01765012741089
CHI,Channel Islands,2017,
CHL,Chile,2017,5.43278980255127
CHN,China,2017,
CIV,Cote d'Ivoire,2017,3.73654007911682
CMR,Cameroon,2017,3.05961990356445
COD,"Congo, Dem. Rep.",2017,1.45494997501373
COG,"Congo, Rep.",2017,4.17235994338989
COL,Colombia,2017,4.53551006317139
COM,Comoros,2017,
CPV,Cabo Verde,2017,4.59278011322021
CRI,Costa Rica,2017,7.06981992721558
CUB,Cuba,2017,8.44413540438793
CUW,Curacao,2017,5.91444785594951
CYM,Cayman Islands,2017,
CYP,Cyprus,2017,5.69961977005005
CZE,Czechia,2017,3.75574994087219
DEU,Germany,2017,4.77830982208252
DJI,Djibouti,2017,3.73344993591309
DMA,Dominica,2017,4.71605005720456
DNK,Denmark,2017,7.3700098991394
DOM,Dominican Republic,2017,3.92026752279272
DZA,Algeria,2017,5.73482350888796
EAR,Early-demographic dividend,2017,3.93130993843079
ECS,Europe & Central Asia,2017,4.64034986495972
ECU,Ecuador,2017,4.60667733499397
EGY,"Egypt, Arab Rep.",2017,
ERI,Eritrea,2017,
ESP,Spain,2017,4.17846012115479
EST,Estonia,2017,4.86288022994995
ETH,Ethiopia,2017,5.49905076025271
FIN,Finland,2017,6.40826988220215
FJI,Fiji,2017,4.65119160575452
FRA,France,2017,5.46482992172241
FRO,Faroe Islands,2017,
FSM,"Micronesia, Fed. Sts.",2017,12.6815821727019
GAB,Gabon,2017,3.55570801059931
GBR,United Kingdom,2017,5.45254993438721
GEO,Georgia,2017,3.52442002296448
GHA,Ghana,2017,3.53362989425659
GIB,Gibraltar,2017,
GIN,Guinea,2017,2.3203399181366
GMB,"Gambia, The",2017,2.45919445096525
GNB,Guinea-Bissau,2017,
GNQ,Equatorial Guinea,2017,
GRC,Greece,2017,3.46778011322021
GRD,Grenada,2017,3.17379999160767
GRL,Greenland,2017,
GTM,Guatemala,2017,2.95009994506836
GUM,Guam,2017,
GUY,Guyana,2017,4.6647801399231
HKG,"Hong Kong SAR, China",2017,3.30989003181458
HND,Honduras,2017,5.74434396129576
HRV,Croatia,2017,3.87207007408142
HTI,Haiti,2017,1.49846994876862
HUN,Hungary,2017,4.64034986495972
IDB,IDA blend,2017,3.95445001125336
IDN,Indonesia,2017,1.05324382490056
IMN,Isle of Man,2017,
IND,India,2017,4.30543994903565
IRL,Ireland,2017,3.37737011909485
IRN,"Iran, Islamic Rep.",2017,3.45956993103027
IRQ,Iraq,2017,
ISL,Iceland,2017,7.58384990692139
ISR,Israel,2017,6.00425004959106
ITA,Italy,2017,4.02662992477417
JAM,Jamaica,2017,5.26015996932983
JOR,Jordan,2017,3.21305990219116
JPN,Japan,2017,3.13057994842529
KAZ,Kazakhstan,2017,2.75081992149353
KEN,Kenya,2017,4.96308994293213
KGZ,Kyrgyz Republic,2017,6.02618980407715
KHM,Cambodia,2017,
KIR,Kiribati,2017,11.4761649484536
KNA,St. Kitts and Nevis,2017,2.77100327979144
KOR,"Korea, Rep.",2017,4.10775995254517
KWT,Kuwait,2017,6.35444222156987
LAO,Lao PDR,2017,2.49797261414021
LBN,Lebanon,2017,2.21606844423238
LBR,Liberia,2017,2.66330003738403
LBY,Libya,2017,
LCA,St. Lucia,2017,3.6273152206015
LCN,Latin America & Caribbean,2017,4.40769505500793
LIE,Liechtenstein,2017,
LKA,Sri Lanka,2017,2.59316992759705
LSO,Lesotho,2017,8.1553201675415
LTE,Late-demographic dividend,2017,4.41787004470825
LTU,Lithuania,2017,3.81236004829407
LUX,Luxembourg,2017,3.48645997047424
LVA,Latvia,2017,4.52905988693237
MAC,"Macao SAR, China",2017,2.70949006080627
MAF,St. Martin (French part),2017,
MAR,Morocco,2017,4.73564982004448
MCO,Monaco,2017,1.45816004276276
MDA,Moldova,2017,5.71017980575562
MDG,Madagascar,2017,2.70137416707567
MDV,Maldives,2017,3.82268559882407
MEX,Mexico,2017,4.39752006530762
MHL,Marshall Islands,2017,
MKD,North Macedonia,2017,
MLI,Mali,2017,3.18063998222351
MLT,Malta,2017,4.34281015396118
MMR,Myanmar,2017,2.16652989387512
MNE,Montenegro,2017,
MNG,Mongolia,2017,4.06898021697998
MNP,Northern Mariana Islands,2017,
MOZ,Mozambique,2017,5.48664999008179
MRT,Mauritania,2017,
MUS,Mauritius,2017,4.87887001037598
MWI,Malawi,2017,2.76899003982544
MYS,Malaysia,2017,4.6753101348877
NAM,Namibia,2017,1.39524534605831
NCL,New Caledonia,2017,
NER,Niger,2017,2.57818007469177
NGA,Nigeria,2017,0.396354013591345
NIC,Nicaragua,2017,4.35768985748291
NLD,Netherlands,2017,5.08747005462646
NOR,Norway,2017,7.84599018096924
NPL,Nepal,2017,4.76723003387451
NRU,Nauru,2017,6.27397517241379
NZL,New Zealand,2017,5.27543020248413
OMN,Oman,2017,5.99594020843506
PAK,Pakistan,2017,2.57617998123169
PAN,Panama,2017,3.37834000587463
PER,Peru,2017,3.93130993843079
PHL,Philippines,2017,3.96384087403915
PLW,Palau,2017,
PNG,Papua New Guinea,2017,1.96493005752563
POL,Poland,2017,4.54246997833252
PRI,Puerto Rico (US),2017,2.72538873126429
PRK,"Korea, Dem. People's Rep.",2017,
PRT,Portugal,2017,5.02685022354126
PRY,Paraguay,2017,3.09062070242279
PSE,West Bank and Gaza,2017,4.72153997421265
PYF,French Polynesia,2017,
QAT,Qatar,2017,2.96745991706848
ROU,Romania,2017,3.11819005012512
RUS,Russia,2017,4.68990993499756
RWA,Rwanda,2017,3.1247398853302
SAU,Saudi Arabia,2017,
SDN,Sudan,2017,
SEN,Senegal,2017,4.74007987976074
SGP,Singapore,2017,2.87916382421742
SLB,Solomon Islands,2017,
SLE,Sierra Leone,2017,3.0150101184845
SLV,El Salvador,2017,3.7252299785614
SMR,San Marino,2017,3.36997008323669
SOM,"Somalia, Fed. Rep.",2017,
SRB,Serbia,2017,3.56539011001587
SSD,South Sudan,2017,
STP,Sao Tome and Principe,2017,5.87489986419678
SUR,Suriname,2017,5.45861311514349
SVK,Slovak Republic,2017,3.91876006126404
SVN,Slovenia,2017,4.82381010055542
SWE,Sweden,2017,7.63849020004272
SWZ,Eswatini,2017,6.177914116856
SXM,Sint Maarten (Dutch part),2017,
SYC,Seychelles,2017,3.34617325657655
SYR,Syrian Arab Republic,2017,
TCA,Turks and Caicos Islands,2017,2.47278207606746
TCD,Chad,2017,1.8390200138092
TGO,Togo,2017,3.76526999473572
THA,Thailand,2017,3.46532147640365
TJK,Tajikistan,2017,5.54471764262202
TKM,Turkmenistan,2017,
TLS,Timor-Leste,2017,7.17093992233276
TON,Tonga,2017,4.63626808288478
TTO,Trinidad and Tobago,2017,3.3293687903123
TUN,Tunisia,2017,
TUR,Turkiye,2017,4.32369995117188
TUV,Tuvalu,2017,
TZA,Tanzania,2017,4.43052005767822
UGA,Uganda,2017,2.25362992286682
UKR,Ukraine,2017,5.41706991195679
URY,Uruguay,2017,4.41787004470825
USA,United States,2017,5.09296989440918
UZB,Uzbekistan,2017,4.48249006271362
VCT,St. Vincent and the Grenadines,2017,5.37974977493286
VEN,"Venezuela, RB",2017,
VGB,British Virgin Islands,2017,2.4570894097885
VIR,Virgin Islands (U.S.),2017,
VNM,Viet Nam,2017,3.41865686539527
VUT,Vanuatu,2017,4.53353023529053
WSM,Samoa,2017,4.18871569584785
XKX,Kosovo,2017,
YEM,"Yemen, Rep.",2017,
ZAF,South Africa,2017,5.59868001937866
ZMB,Zambia,2017,3.72964000701904
ZWE,Zimbabwe,2017,
ABW,Aruba,2018,4.54876355243615
AFE,Africa Eastern and Southern,2018,4.9091899394989
AFG,Afghanistan,2018,
AFW,Africa Western and Central,2018,3.00657498836517
AGO,Angola,2018,2.18351298946275
ALB,Albania,2018,3.08201370407389
AND,Andorra,2018,3.2467200756073
ARE,United Arab Emirates,2018,
ARG,Argentina,2018,4.87773990631104
ARM,Armenia,2018,2.11331180512289
ASM,American Samoa,2018,
ATG,Antigua and Barbuda,2018,2.26922708436893
AUS,Australia,2018,
AUT,Austria,2018,5.25437021255493
AZE,Azerbaijan,2018,2.45543003082275
BDI,Burundi,2018,5.07863998413086
BEL,Belgium,2018,6.38883018493652
BEN,Benin,2018,2.93161988258362
BFA,Burkina Faso,2018,5.488609790802
BGD,Bangladesh,2018,2.09477473545666
BGR,Bulgaria,2018,4.05201005935669
BHR,Bahrain,2018,2.38893976833662
BHS,"Bahamas, The",2018,2.49264112462151
BIH,Bosnia and Herzegovina,2018,3.89297008514404
BLR,Belarus,2018,4.83656978607178
BLZ,Belize,2018,6.12779998779297
BMU,Bermuda,2018,1.93595466792564
BOL,Bolivia,2018,8.01585960388184
BRA,Brazil,2018,6.08851003646851
BRB,Barbados,2018,5.40447825597088
BRN,Brunei Darussalam,2018,
BTN,Bhutan,2018,6.47810983657837
BWA,Botswana,2018,7.9053860532971
CAF,Central African Republic,2018,1.56587596817535
CAN,Canada,2018,4.88898992538452
CHE,Switzerland,2018,4.9300799369812
CHI,Channel Islands,2018,
CHL,Chile,2018,5.473060131073
CHN,China,2018,
CIV,Cote d'Ivoire,2018,3.21164989471436
CMR,Cameroon,2018,3.03096008300781
COD,"Congo, Dem. Rep.",2018,
COG,"Congo, Rep.",2018,2.77167010307312
COL,Colombia,2018,4.44910001754761
COM,Comoros,2018,
CPV,Cabo Verde,2018,4.78792270184537
CRI,Costa Rica,2018,6.76992988586426
CUB,Cuba,2018,8.02498461098619
CUW,Curacao,2018,5.93873270793721
CYM,Cayman Islands,2018,2.16376945997106
CYP,Cyprus,2018,
CZE,Czechia,2018,4.21541023254395
DEU,Germany,2018,4.88401985168457
DJI,Djibouti,2018,3.75143003463745
DMA,Dominica,2018,5.1536046272165
DNK,Denmark,2018,7.32747983932495
DOM,Dominican Republic,2018,3.92849467476802
DZA,Algeria,2018,5.8127512720176
EAR,Early-demographic dividend,2018,3.8861300945282
ECS,Europe & Central Asia,2018,4.64193511009216
ECU,Ecuador,2018,4.6250260585881
EGY,"Egypt, Arab Rep.",2018,
ERI,Eritrea,2018,
ESP,Spain,2018,4.15045022964478
EST,Estonia,2018,5.13962984085083
ETH,Ethiopia,2018,5.22011189522399
FIN,Finland,2018,6.31771993637085
FJI,Fiji,2018,4.79706049383602
FRA,France,2018,5.42540979385376
FRO,Faroe Islands,2018,
FSM,"Micronesia, Fed. Sts.",2018,9.94274464285714
GAB,Gabon,2018,3.071542956299
GBR,United Kingdom,2018,5.20438003540039
GEO,Georgia,2018,3.46094989776611
GHA,Ghana,2018,3.8861300945282
GIB,Gibraltar,2018,
GIN,Guinea,2018,2.38432002067566
GMB,"Gambia, The",2018,2.36543989181519
GNB,Guinea-Bissau,2018,
GNQ,Equatorial Guinea,2018,
GRC,Greece,2018,3.57626008987427
GRD,Grenada,2018,3.55919341882594
GRL,Greenland,2018,
GTM,Guatemala,2018,3.13193988800049
GUM,Guam,2018,
GUY,Guyana,2018,4.45058012008667
HKG,"Hong Kong SAR, China",2018,3.32624006271362
HND,Honduras,2018,6.05646991729736
HRV,Croatia,2018,3.92432999610901
HTI,Haiti,2018,1.63715994358063
HUN,Hungary,2018,4.60567998886108
IDB,IDA blend,2018,3.12130498886108
IDN,Indonesia,2018,0.994436460846179
IMN,Isle of Man,2018,
IND,India,2018,4.36374998092651
IRL,Ireland,2018,3.30347990989685
IRN,"Iran, Islamic Rep.",2018,3.61980009078979
IRQ,Iraq,2018,
ISL,Iceland,2018,7.56350994110107
ISR,Israel,2018,6.06919002532959
ITA,Italy,2018,4.24094009399414
JAM,Jamaica,2018,5.41379022598267
JOR,Jordan,2018,2.95461988449097
JPN,Japan,2018,3.07782006263733
KAZ,Kazakhstan,2018,2.61595010757446
KEN,Kenya,2018,5.10761976242065
KGZ,Kyrgyz Republic,2018,5.55267000198364
KHM,Cambodia,2018,1.60336995124817
KIR,Kiribati,2018,12.9204194888179
KNA,St. Kitts and Nevis,2018,3.03524983830349
KOR,"Korea, Rep.",2018,4.21645021438599
KWT,Kuwait,2018,6.39165256830382
LAO,Lao PDR,2018,2.33501229018316
LBN,Lebanon,2018,2.6165251225734
LBR,Liberia,2018,2.50391006469727
LBY,Libya,2018,
LCA,St. Lucia,2018,3.33277988433838
LCN,Latin America & Caribbean,2018,4.46145347505506
LIE,Liechtenstein,2018,
LKA,Sri Lanka,2018,1.98781001567841
LSO,Lesotho,2018,7.28360986709595
LTE,Late-demographic dividend,2018,4.4217050075531
LTU,Lithuania,2018,3.85628008842468
LUX,Luxembourg,2018,3.65772008895874
LVA,Latvia,2018,4.39430999755859
MAC,"Macao SAR, China",2018,2.7334098815918
MAF,St. Martin (French part),2018,
MAR,Morocco,2018,4.96022713486949
MCO,Monaco,2018,
MDA,Moldova,2018,5.53886985778809
MDG,Madagascar,2018,2.84409999847412
MDV,Maldives,2018,3.85681779847259
MEX,Mexico,2018,4.13944005966187
MHL,Marshall Islands,2018,
MKD,North Macedonia,2018,
MLI,Mali,2018,2.98218989372253
MLT,Malta,2018,
MMR,Myanmar,2018,1.99249005317688
MNE,Montenegro,2018,
MNG,Mongolia,2018,
MNP,Northern Mariana Islands,2018,
MOZ,Mozambique,2018,5.38976001739502
MRT,Mauritania,2018,
MUS,Mauritius,2018,4.67447996139526
MWI,Malawi,2018,3.32295989990234
MYS,Malaysia,2018,4.47865009307861
NAM,Namibia,2018,8.88112249415185
NCL,New Caledonia,2018,
NER,Niger,2018,3.44956994056702
NGA,Nigeria,2018,0.419998493796127
NIC,Nicaragua,2018,4.47380693256251
NLD,Netherlands,2018,5.26723003387451
NOR,Norway,2018,7.59564018249512
NPL,Nepal,2018,4.43446016311646
NRU,Nauru,2018,5.05296627218935
NZL,New Zealand,2018,5.1896800994873
OMN,Oman,2018,4.58565998077393
PAK,Pakistan,2018,2.33216949688293
PAN,Panama,2018,3.4524199962616
PER,Peru,2018,3.71392011642456
PHL,Philippines,2018,3.85502760745456
PLW,Palau,2018,
PNG,Papua New Guinea,2018,1.8748300075531
POL,Poland,2018,4.55985021591187
PRI,Puerto Rico (US),2018,2.60388715714737
PRK,"Korea, Dem. People's Rep.",2018,
PRT,Portugal,2018,4.6793999671936
PRY,Paraguay,2018,3.2961960606943
PSE,West Bank and Gaza,2018,
PYF,French Polynesia,2018,
QAT,Qatar,2018,
ROU,Romania,2018,3.31710004806519
RUS,Russia,2018,4.67819023132324
RWA,Rwanda,2018,3.07376003265381
SAU,Saudi Arabia,2018,
SDN,Sudan,2018,
SEN,Senegal,2018,5.11019992828369
SGP,Singapore,2018,2.85314011573792
SLB,Solomon Islands,2018,
SLE,Sierra Leone,2018,4.46809005737305
SLV,El Salvador,2018,3.60575008392334
SMR,San Marino,2018,3.55516004562378
SOM,"Somalia, Fed. Rep.",2018,4.00990834307e-06
SRB,Serbia,2018,3.43663001060486
SSD,South Sudan,2018,
STP,Sao Tome and Principe,2018,5.62454986572266
SUR,Suriname,2018,4.92259355761269
SVK,Slovak Republic,2018,3.93534994125366
SVN,Slovenia,2018,4.97948980331421
SWE,Sweden,2018,7.69825983047485
SWZ,Eswatini,2018,5.73687354676617
SXM,Sint Maarten (Dutch part),2018,
SYC,Seychelles,2018,3.59446940668662
SYR,Syrian Arab Republic,2018,
TCA,Turks and Caicos Islands,2018,2.7437698841095
TCD,Chad,2018,2.25947501392013
TGO,Togo,2018,4.09162998199463
THA,Thailand,2018,3.19769395901619
TJK,Tajikistan,2018,5.38508736377556
TKM,Turkmenistan,2018,
TLS,Timor-Leste,2018,6.848060131073
TON,Tonga,2018,4.71514397196975
TTO,Trinidad and Tobago,2018,3.47141762674052
TUN,Tunisia,2018,
TUR,Turkiye,2018,4.29729986190796
TUV,Tuvalu,2018,
TZA,Tanzania,2018,3.69962000846863
UGA,Uganda,2018,2.13052010536194
UKR,Ukraine,2018,5.3199200630188
URY,Uruguay,2018,4.60361003875732
USA,United States,2018,4.89502000808716
UZB,Uzbekistan,2018,4.83589298172277
VCT,St. Vincent and the Grenadines,2018,5.22357988357544
VEN,"Venezuela, RB",2018,
VGB,British Virgin Islands,2018,2.42556060278319
VIR,Virgin Islands (U.S.),2018,
VNM,Viet Nam,2018,3.29537010192871
VUT,Vanuatu,2018,8.60634669948001
WSM,Samoa,2018,4.47214854040471
XKX,Kosovo,2018,
YEM,"Yemen, Rep.",2018,
ZAF,South Africa,2018,5.64401006698608
ZMB,Zambia,2018,4.73973989486694
ZWE,Zimbabwe,2018,
ABW,Aruba,2019,4.43503686776957
AFE,Africa Eastern and Southern,2019,4.51140984355031
AFG,Afghanistan,2019,
AFW,Africa Western and Central,2019,3.00001001358032
AGO,Angola,2019,2.07306438181603
ALB,Albania,2019,3.8701798915863
AND,Andorra,2019,3.15060997009277
ARE,United Arab Emirates,2019,3.86019992828369
ARG,Argentina,2019,4.77165985107422
ARM,Armenia,2019,2.15984239839771
ASM,American Samoa,2019,
ATG,Antigua and Barbuda,2019,3.35725653382563
AUS,Australia,2019,
AUT,Austria,2019,5.23678016662598
AZE,Azerbaijan,2019,3.1764600276947
BDI,Burundi,2019,5.34668445378401
BEL,Belgium,2019,6.32381010055542
BEN,Benin,2019,2.73204741460628
BFA,Burkina Faso,2019,5.45615632520251
BGD,Bangladesh,2019,1.13094997406006
BGR,Bulgaria,2019,4.21430015563965
BHR,Bahrain,2019,2.11146982812491
BHS,"Bahamas, The",2019,2.62573176503127
BIH,Bosnia and Herzegovina,2019,4.04449987411499
BLR,Belarus,2019,4.97948980331421
BLZ,Belize,2019,5.96377992630005
BMU,Bermuda,2019,1.92679827239971
BOL,Bolivia,2019,8.09103012084961
BRA,Brazil,2019,5.96346998214722
BRB,Barbados,2019,3.72228002548218
BRN,Brunei Darussalam,2019,
BTN,Bhutan,2019,4.50982783818663
BWA,Botswana,2019,8.3989966033446
CAF,Central African Republic,2019,1.76792074637361
CAN,Canada,2019,4.77293014526367
CHE,Switzerland,2019,5.01438999176025
CHI,Channel Islands,2019,
CHL,Chile,2019,5.62629985809326
CHN,China,2019,
CIV,Cote d'Ivoire,2019,3.4130699634552
CMR,Cameroon,2019,3.0473994932468
COD,"Congo, Dem. Rep.",2019,
COG,"Congo, Rep.",2019,3.24716413970868
COL,Colombia,2019,4.51068019866943
COM,Comoros,2019,
CPV,Cabo Verde,2019,4.16528987884521
CRI,Costa Rica,2019,6.73809003829956
CUB,Cuba,2019,9.04700486137163
CUW,Curacao,2019,5.81155632881729
CYM,Cayman Islands,2019,1.13670003414154
CYP,Cyprus,2019,5.16293001174927
CZE,Czechia,2019,4.46737003326416
DEU,Germany,2019,5.02757978439331
DJI,Djibouti,2019,
DMA,Dominica,2019,4.88721990585327
DNK,Denmark,2019,7.27585983276367
DOM,Dominican Republic,2019,4.04276873126053
DZA,Algeria,2019,5.57536563446523
EAR,Early-demographic dividend,2019,3.48983027194334
ECS,Europe & Central Asia,2019,4.60705995559693
ECU,Ecuador,2019,4.24576997756958
EGY,"Egypt, Arab Rep.",2019,
ERI,Eritrea,2019,
ESP,Spain,2019,4.20255994796753
EST,Estonia,2019,5.16415023803711
ETH,Ethiopia,2019,4.48086946127054
FIN,Finland,2019,6.45300006866455
FJI,Fiji,2019,5.15273175975853
FRA,France,2019,5.36638021469116
FRO,Faroe Islands,2019,
FSM,"Micronesia, Fed. Sts.",2019,10.6931682741117
GAB,Gabon,2019,2.87430983233369
GBR,United Kingdom,2019,5.26116991043091
GEO,Georgia,2019,3.82985997200012
GHA,Ghana,2019,3.15307114842573
GIB,Gibraltar,2019,
GIN,Guinea,2019,1.85811996459961
GMB,"Gambia, The",2019,2.80809703332656
GNB,Guinea-Bissau,2019,
GNQ,Equatorial Guinea,2019,
GRC,Greece,2019,3.55062007904053
GRD,Grenada,2019,
GRL,Greenland,2019,
GTM,Guatemala,2019,3.19297003746033
GUM,Guam,2019,
GUY,Guyana,2019,
HKG,"Hong Kong SAR, China",2019,3.81017994880676
HND,Honduras,2019,5.98198266311593
HRV,Croatia,2019,3.94555997848511
HTI,Haiti,2019,1.08414978067408
HUN,Hungary,2019,4.20140981674194
IDB,IDA blend,2019,3.33011705158194
IDN,Indonesia,2019,0.964399077622927
IMN,Isle of Man,2019,
IND,India,2019,3.89732003211975
IRL,Ireland,2019,3.22984004020691
IRN,"Iran, Islamic Rep.",2019,3.24005007743835
IRQ,Iraq,2019,
ISL,Iceland,2019,7.60129976272583
ISR,Israel,2019,6.06899976730347
ITA,Italy,2019,4.07843017578125
JAM,Jamaica,2019,5.16364002227783
JOR,Jordan,2019,2.98846006393433
JPN,Japan,2019,3.15533995628357
KAZ,Kazakhstan,2019,2.8569700717926
KEN,Kenya,2019,5.37359210998097
KGZ,Kyrgyz Republic,2019,5.0802698135376
KHM,Cambodia,2019,2.13345387893978
KIR,Kiribati,2019,14.5197413461539
KNA,St. Kitts and Nevis,2019,2.72889566429639
KOR,"Korea, Rep.",2019,4.41813993453979
KWT,Kuwait,2019,6.72789551402991
LAO,Lao PDR,2019,2.12201393748998
LBN,Lebanon,2019,2.51957250612723
LBR,Liberia,2019,2.16508193926132
LBY,Libya,2019,
LCA,St. Lucia,2019,3.27267003059387
LCN,Latin America & Caribbean,2019,4.51068019866943
LIE,Liechtenstein,2019,
LKA,Sri Lanka,2019,
LSO,Lesotho,2019,
LTE,Late-demographic dividend,2019,4.26779985427856
LTU,Lithuania,2019,3.9415500164032
LUX,Luxembourg,2019,3.73705005645752
LVA,Latvia,2019,4.58675003051758
MAC,"Macao SAR, China",2019,3.0654399394989
MAF,St. Martin (French part),2019,
MAR,Morocco,2019,5.0032567210502
MCO,Monaco,2019,1.15896999835968
MDA,Moldova,2019,6.22578001022339
MDG,Madagascar,2019,3.01338389897728
MDV,Maldives,2019,4.12356944795488
MEX,Mexico,2019,
MHL,Marshall Islands,2019,9.88208961486816
MKD,North Macedonia,2019,
MLI,Mali,2019,3.00001001358032
MLT,Malta,2019,4.79941987991333
MMR,Myanmar,2019,1.99976003170013
MNE,Montenegro,2019,
MNG,Mongolia,2019,
MNP,Northern Mariana Islands,2019,
MOZ,Mozambique,2019,5.99969523584354
MRT,Mauritania,2019,1.82317996025085
MUS,Mauritius,2019,4.54195022583008
MWI,Malawi,2019,
MYS,Malaysia,2019,4.15775012969971
NAM,Namibia,2019,9.32253195522987
NCL,New Caledonia,2019,
NER,Niger,2019,3.53358621816013
NGA,Nigeria,2019,0.358479005206684
NIC,Nicaragua,2019,4.59991969121332
NLD,Netherlands,2019,5.0559401512146
NOR,Norway,2019,7.86455011367798
NPL,Nepal,2019,3.89212886881753
NRU,Nauru,2019,5.71828171428571
NZL,New Zealand,2019,5.1741099357605
OMN,Oman,2019,5.06363010406494
PAK,Pakistan,2019,2.21492004394531
PAN,Panama,2019,3.28122011579173
PER,Peru,2019,3.822429895401
PHL,Philippines,2019,3.40748649142134
PLW,Palau,2019,
PNG,Papua New Guinea,2019,0.761761143914634
POL,Poland,2019,4.62736988067627
PRI,Puerto Rico (US),2019,3.32791002069889
PRK,"Korea, Dem. People's Rep.",2019,
PRT,Portugal,2019,4.6275200843811
PRY,Paraguay,2019,3.48983027194334
PSE,West Bank and Gaza,2019,
PYF,French Polynesia,2019,
QAT,Qatar,2019,2.80378007888794
ROU,Romania,2019,3.55761003494263
RUS,Russia,2019,3.69561429198336
RWA,Rwanda,2019,3.23821222605582
SAU,Saudi Arabia,2019,
SDN,Sudan,2019,
SEN,Senegal,2019,5.03525018692017
SGP,Singapore,2019,2.72783994674683
SLB,Solomon Islands,2019,
SLE,Sierra Leone,2019,4.65177011489868
SLV,El Salvador,2019,3.38710999488831
SMR,San Marino,2019,3.37969994544983
SOM,"Somalia, Fed. Rep.",2019,5.73281247182e-06
SRB,Serbia,2019,3.45865988731384
SSD,South Sudan,2019,
STP,Sao Tome and Principe,2019,6.10573891896978
SUR,Suriname,2019,6.77857289012664
SVK,Slovak Republic,2019,4.26779985427856
SVN,Slovenia,2019,4.93479013442993
SWE,Sweden,2019,7.66307020187378
SWZ,Eswatini,2019,5.69914824136892
SXM,Sint Maarten (Dutch part),2019,
SYC,Seychelles,2019,3.5588555711461
SYR,Syrian Arab Republic,2019,
TCA,Turks and Caicos Islands,2019,2.12170004844665
TCD,Chad,2019,2.37245795383591
TGO,Togo,2019,4.20164196626882
THA,Thailand,2019,3.02221411183282
TJK,Tajikistan,2019,5.48427628435415
TKM,Turkmenistan,2019,3.12054991722107
TLS,Timor-Leste,2019,4.17968913742937
TON,Tonga,2019,4.86170396202671
TTO,Trinidad and Tobago,2019,3.55386116245268
TUN,Tunisia,2019,6.17373240410185
TUR,Turkiye,2019,4.44776010513306
TUV,Tuvalu,2019,
TZA,Tanzania,2019,3.59683638888648
UGA,Uganda,2019,2.30828081242322
UKR,Ukraine,2019,5.44129991531372
URY,Uruguay,2019,4.62834978103638
USA,United States,2019,4.95746994018555
UZB,Uzbekistan,2019,6.29534678547216
VCT,St. Vincent and the Grenadines,2019,
VEN,"Venezuela, RB",2019,
VGB,British Virgin Islands,2019,2.500967871937
VIR,Virgin Islands (U.S.),2019,
VNM,Viet Nam,2019,3.08499832693462
VUT,Vanuatu,2019,1.77407002449036
WSM,Samoa,2019,4.58404753905646
XKX,Kosovo,2019,
YEM,"Yemen, Rep.",2019,
ZAF,South Africa,2019,5.91159009933472
ZMB,Zambia,2019,4.4182401844799
ZWE,Zimbabwe,2019,
ABW,Aruba,2020,
AFE,Africa Eastern and Southern,2020,4.0905654220699
AFG,Afghanistan,2020,
AFW,Africa Western and Central,2020,3.3367600440979
AGO,Angola,2020,2.66744733689285
ALB,Albania,2020,3.32505011558533
AND,Andorra,2020,2.63213046553066
ARE,United Arab Emirates,2020,3.98417997360229
ARG,Argentina,2020,5.27689981460571
ARM,Armenia,2020,2.70555996894836
ASM,American Samoa,2020,
ATG,Antigua and Barbuda,2020,3.0051830460864
AUS,Australia,2020,5.38625001907349
AUT,Austria,2020,5.57961988449097
AZE,Azerbaijan,2020,4.33204984664917
BDI,Burundi,2020,5.32158506838731
BEL,Belgium,2020,6.75470018386841
BEN,Benin,2020,2.89898431911618
BFA,Burkina Faso,2020,5.21148277030166
BGD,Bangladesh,2020,2.13974351741877
BGR,Bulgaria,2020,4.48298978805542
BHR,Bahrain,2020,2.05801907522052
BHS,"Bahamas, The",2020,3.7125229961238
BIH,Bosnia and Herzegovina,2020,3.01954088371123
BLR,Belarus,2020,4.86263990402222
BLZ,Belize,2020,5.21301984786987
BMU,Bermuda,2020,1.74834797496856
BOL,Bolivia,2020,8.43710994720459
BRA,Brazil,2020,5.7714900970459
BRB,Barbados,2020,3.86529994010925
BRN,Brunei Darussalam,2020,
BTN,Bhutan,2020,5.46991778261464
BWA,Botswana,2020,8.05833660991541
CAF,Central African Republic,2020,2.14468061163977
CAN,Canada,2020,4.88794994354248
CHE,Switzerland,2020,5.27676010131836
CHI,Channel Islands,2020,
CHL,Chile,2020,5.62992000579834
CHN,China,2020,
CIV,Cote d'Ivoire,2020,3.78674006462097
CMR,Cameroon,2020,3.10390139858492
COD,"Congo, Dem. Rep.",2020,2.62263835311571
COG,"Congo, Rep.",2020,4.22208879466149
COL,Colombia,2020,5.26166009902954
COM,Comoros,2020,2.37805076679617
CPV,Cabo Verde,2020,7.09400702406662
CRI,Costa Rica,2020,6.62899017333984
CUB,Cuba,2020,11.5248184008093
CUW,Curacao,2020,7.11645238834347
CYM,Cayman Islands,2020,1.45542001724243
CYP,Cyprus,2020,5.56462001800537
CZE,Czechia,2020,4.62503004074097
DEU,Germany,2020,5.51600980758667
DJI,Djibouti,2020,
DMA,Dominica,2020,4.45777988433838
DNK,Denmark,2020,7.38574981689453
DOM,Dominican Republic,2020,4.51769850778985
DZA,Algeria,2020,6.19391724496515
EAR,Early-demographic dividend,2020,4.0905654220699
ECS,Europe & Central Asia,2020,4.85690999031067
ECU,Ecuador,2020,4.26103019714355
EGY,"Egypt, Arab Rep.",2020,
ERI,Eritrea,2020,
ESP,Spain,2020,4.85118007659912
EST,Estonia,2020,5.44180011749268
ETH,Ethiopia,2020,4.0905654220699
FIN,Finland,2020,6.6812801361084
FJI,Fiji,2020,5.80519512902055
FRA,France,2020,5.65871000289917
FRO,Faroe Islands,2020,
FSM,"Micronesia, Fed. Sts.",2020,11.5591397849462
GAB,Gabon,2020,3.39874087928788
GBR,United Kingdom,2020,5.43936014175415
GEO,Georgia,2020,3.80951130708125
GHA,Ghana,2020,3.40915991351725
GIB,Gibraltar,2020,
GIN,Guinea,2020,2.44806003570557
GMB,"Gambia, The",2020,2.88734569797808
GNB,Guinea-Bissau,2020,
GNQ,Equatorial Guinea,2020,
GRC,Greece,2020,
GRD,Grenada,2020,
GRL,Greenland,2020,
GTM,Guatemala,2020,3.29485011100769
GUM,Guam,2020,
GUY,Guyana,2020,
HKG,"Hong Kong SAR, China",2020,4.40563011169434
HND,Honduras,2020,6.09801328648889
HRV,Croatia,2020,4.40854978561401
HTI,Haiti,2020,1.11353641558643
HUN,Hungary,2020,4.12265014648438
IDB,IDA blend,2020,3.71980683449924
IDN,Indonesia,2020,1.01593221347809
IMN,Isle of Man,2020,
IND,India,2020,4.29335021972656
IRL,Ireland,2020,3.19163990020752
IRN,"Iran, Islamic Rep.",2020,3.20495009422302
IRQ,Iraq,2020,
ISL,Iceland,2020,8.5838098526001
ISR,Israel,2020,6.51824998855591
ITA,Italy,2020,4.41803979873657
JAM,Jamaica,2020,5.38065828197341
JOR,Jordan,2020,3.55303483980158
JPN,Japan,2020,3.30628991127014
KAZ,Kazakhstan,2020,4.44620380169618
KEN,Kenya,2020,5.04574892454155
KGZ,Kyrgyz Republic,2020,5.7331600189209
KHM,Cambodia,2020,2.2476462495972
KIR,Kiribati,2020,16.2303756141975
KNA,St. Kitts and Nevis,2020,3.10568635584663
KOR,"Korea, Rep.",2020,4.52706003189087
KWT,Kuwait,2020,6.24513034913966
LAO,Lao PDR,2020,1.91597273223857
LBN,Lebanon,2020,2.4354185601396
LBR,Liberia,2020,2.13601415111746
LBY,Libya,2020,
LCA,St. Lucia,2020,3.61522006988525
LCN,Latin America & Caribbean,2020,4.53493916058743
LIE,Liechtenstein,2020,
LKA,Sri Lanka,2020,1.55792392223723
LSO,Lesotho,2020,
LTE,Late-demographic dividend,2020,4.44620380169618
LTU,Lithuania,2020,4.47348022460938
LUX,Luxembourg,2020,3.85499000549316
LVA,Latvia,2020,4.99749994277954
MAC,"Macao SAR, China",2020,6.38948011398315
MAF,St. Martin (French part),2020,
MAR,Morocco,2020,6.28428263644307
MCO,Monaco,2020,
MDA,Moldova,2020,6.60125017166138
MDG,Madagascar,2020,3.25443385103636
MDV,Maldives,2020,5.84760793108804
MEX,Mexico,2020,4.4996600151062
MHL,Marshall Islands,2020,13.8350374540234
MKD,North Macedonia,2020,
MLI,Mali,2020,3.3367600440979
MLT,Malta,2020,
MMR,Myanmar,2020,
MNE,Montenegro,2020,
MNG,Mongolia,2020,
MNP,Northern Mariana Islands,2020,
MOZ,Mozambique,2020,6.17059556957808
MRT,Mauritania,2020,1.80263996124268
MUS,Mauritius,2020,4.35243988037109
MWI,Malawi,2020,
MYS,Malaysia,2020,3.91176009178162
NAM,Namibia,2020,9.27799879073429
NCL,New Caledonia,2020,
NER,Niger,2020,3.81906792754322
NGA,Nigeria,2020,0.35963763718498
NIC,Nicaragua,2020,4.58034059162685
NLD,Netherlands,2020,5.29139995574951
NOR,Norway,2020,8.37281036376953
NPL,Nepal,2020,4.24355670934502
NRU,Nauru,2020,5.90502903225807
NZL,New Zealand,2020,5.64268016815185
OMN,Oman,2020,6.87768983840942
PAK,Pakistan,2020,2.05718240718423
PAN,Panama,2020,4.30487012863159
PER,Peru,2020,4.25937986373901
PHL,Philippines,2020,3.85829051308063
PLW,Palau,2020,3.47118076238812
PNG,Papua New Guinea,2020,0.898018542083257
POL,Poland,2020,4.80081987380981
PRI,Puerto Rico (US),2020,4.28663184360846
PRK,"Korea, Dem. People's Rep.",2020,
PRT,Portugal,2020,4.86407995223999
PRY,Paraguay,2020,3.93615007400513
PSE,West Bank and Gaza,2020,
PYF,French Polynesia,2020,
QAT,Qatar,2020,3.23368000984192
ROU,Romania,2020,3.57968997955322
RUS,Russia,2020,4.01641864383637
RWA,Rwanda,2020,3.33309745728459
SAU,Saudi Arabia,2020,
SDN,Sudan,2020,
SEN,Senegal,2020,5.6869797706604
SGP,Singapore,2020,2.69227004051208
SLB,Solomon Islands,2020,9.64354620369343
SLE,Sierra Leone,2020,5.34702014923096
SLV,El Salvador,2020,3.66088008880615
SMR,San Marino,2020,3.4246199131012
SOM,"Somalia, Fed. Rep.",2020,6.12054361034e-06
SRB,Serbia,2020,
SSD,South Sudan,2020,
STP,Sao Tome and Principe,2020,5.02931173372591
SUR,Suriname,2020,4.58425708265782
SVK,Slovak Republic,2020,4.720290184021
SVN,Slovenia,2020,5.41901016235352
SWE,Sweden,2020,7.95333003997803
SWZ,Eswatini,2020,5.32546270122803
SXM,Sint Maarten (Dutch part),2020,
SYC,Seychelles,2020,4.18704837049316
SYR,Syrian Arab Republic,2020,
TCA,Turks and Caicos Islands,2020,2.46213795190062
TCD,Chad,2020,2.73960390423748
TGO,Togo,2020,4.08528017372931
THA,Thailand,2020,3.15314171737183
TJK,Tajikistan,2020,5.13516829187823
TKM,Turkmenistan,2020,3.76267004013061
TLS,Timor-Leste,2020,3.65287360437751
TON,Tonga,2020,5.04883511346915
TTO,Trinidad and Tobago,2020,4.22041988372803
TUN,Tunisia,2020,7.26507545467782
TUR,Turkiye,2020,4.03382015228271
TUV,Tuvalu,2020,14.5482776139014
TZA,Tanzania,2020,3.23097255920833
UGA,Uganda,2020,2.57222181308255
UKR,Ukraine,2020,5.38230991363525
URY,Uruguay,2020,4.55217981338501
USA,United States,2020,5.39530992507935
UZB,Uzbekistan,2020,4.44021987915039
VCT,St. Vincent and the Grenadines,2020,5.46376310406546
VEN,"Venezuela, RB",2020,
VGB,British Virgin Islands,2020,2.70539282589676
VIR,Virgin Islands (U.S.),2020,
VNM,Viet Nam,2020,3.21652900152514
VUT,Vanuatu,2020,2.17358994483948
WSM,Samoa,2020,4.50316850152178
XKX,Kosovo,2020,
YEM,"Yemen, Rep.",2020,
ZAF,South Africa,2020,6.17067003250122
ZMB,Zambia,2020,3.94374100561712
ZWE,Zimbabwe,2020,
ABW,Aruba,2021,3.61855755636695
AFE,Africa Eastern and Southern,2021,4.36837948133246
AFG,Afghanistan,2021,
AFW,Africa Western and Central,2021,3.09692638090381
AGO,Angola,2021,2.29719689513241
ALB,Albania,2021,3.00555992126465
AND,Andorra,2021,2.381921736037
ARE,United Arab Emirates,2021,3.89404010772705
ARG,Argentina,2021,4.65393018722534
ARM,Armenia,2021,2.76784992218018
ASM,American Samoa,2021,
ATG,Antigua and Barbuda,2021,2.50897393198865
AUS,Australia,2021,5.34109020233154
AUT,Austria,2021,5.48071002960205
AZE,Azerbaijan,2021,3.7020800113678
BDI,Burundi,2021,4.87114173892375
BEL,Belgium,2021,6.38081979751587
BEN,Benin,2021,3.09692638090381
BFA,Burkina Faso,2021,5.24913346712028
BGD,Bangladesh,2021,2.17090882504654
BGR,Bulgaria,2021,4.7092399597168
BHR,Bahrain,2021,1.85115940115918
BHS,"Bahamas, The",2021,3.04890655208507
BIH,Bosnia and Herzegovina,2021,4.13622999191284
BLR,Belarus,2021,4.60641002655029
BLZ,Belize,2021,5.96298980712891
BMU,Bermuda,2021,1.94565325816336
BOL,Bolivia,2021,7.96216011047363
BRA,Brazil,2021,5.4969801902771
BRB,Barbados,2021,4.49793004989624
BRN,Brunei Darussalam,2021,
BTN,Bhutan,2021,6.5983860642268
BWA,Botswana,2021,
CAF,Central African Republic,2021,1.8725169173301
CAN,Canada,2021,4.74858999252319
CHE,Switzerland,2021,5.02535009384155
CHI,Channel Islands,2021,
CHL,Chile,2021,5.00225019454956
CHN,China,2021,
CIV,Cote d'Ivoire,2021,3.32717990875244
CMR,Cameroon,2021,2.8493076272306
COD,"Congo, Dem. Rep.",2021,2.66048474102788
COG,"Congo, Rep.",2021,3.31281536274069
COL,Colombia,2021,
COM,Comoros,2021,2.27485390045927
CPV,Cabo Verde,2021,6.15490303089284
CRI,Costa Rica,2021,6.24842977523804
CUB,Cuba,2021,9.3858620562531
CUW,Curacao,2021,6.18160236726664
CYM,Cayman Islands,2021,1.31253004074097
CYP,Cyprus,2021,5.08247995376587
CZE,Czechia,2021,4.65163993835449
DEU,Germany,2021,5.36734008789062
DJI,Djibouti,2021,
DMA,Dominica,2021,5.71689183034862
DNK,Denmark,2021,6.95915985107422
DOM,Dominican Republic,2021,3.58043271614957
DZA,Algeria,2021,5.51403281769924
EAR,Early-demographic dividend,2021,3.86070382057691
ECS,Europe & Central Asia,2021,4.7092399597168
ECU,Ecuador,2021,3.65649008750915
EGY,"Egypt, Arab Rep.",2021,
ERI,Eritrea,2021,
ESP,Spain,2021,4.81316995620728
EST,Estonia,2021,5.21514987945557
ETH,Ethiopia,2021,4.06524874309096
FIN,Finland,2021,6.58820009231567
FJI,Fiji,2021,4.8526862712935
FRA,France,2021,5.41743993759155
FRO,Faroe Islands,2021,
FSM,"Micronesia, Fed. Sts.",2021,
GAB,Gabon,2021,2.7007928993976
GBR,United Kingdom,2021,5.90681982040405
GEO,Georgia,2021,3.59441995620727
GHA,Ghana,2021,3.4005042684722
GIB,Gibraltar,2021,
GIN,Guinea,2021,2.04074820610586
GMB,"Gambia, The",2021,3.04477694635226
GNB,Guinea-Bissau,2021,
GNQ,Equatorial Guinea,2021,
GRC,Greece,2021,
GRD,Grenada,2021,4.09030334217367
GRL,Greenland,2021,
GTM,Guatemala,2021,3.09189009666443
GUM,Guam,2021,
GUY,Guyana,2021,
HKG,"Hong Kong SAR, China",2021,4.00030994415283
HND,Honduras,2021,5.88160201792279
HRV,Croatia,2021,4.0916600227356
HTI,Haiti,2021,1.24275181117048
HUN,Hungary,2021,4.65407991409302
IDB,IDA blend,2021,3.14335470187693
IDN,Indonesia,2021,1.03221750658374
IMN,Isle of Man,2021,
IND,India,2021,4.62949991226196
IRL,Ireland,2021,2.90461993217468
IRN,"Iran, Islamic Rep.",2021,
IRQ,Iraq,2021,
ISL,Iceland,2021,8.2265796661377
ISR,Israel,2021,6.16727018356323
ITA,Italy,2021,4.17118978500366
JAM,Jamaica,2021,5.63122987747192
JOR,Jordan,2021,3.13837003707886
JPN,Japan,2021,3.33663988113403
KAZ,Kazakhstan,2021,4.38569397571466
KEN,Kenya,2021,4.89040202257195
KGZ,Kyrgyz Republic,2021,5.16667985916138
KHM,Cambodia,2021,1.96232691812756
KIR,Kiribati,2021,13.9871516883117
KNA,St. Kitts and Nevis,2021,2.78379011154175
KOR,"Korea, Rep.",2021,4.55590009689331
KWT,Kuwait,2021,7.76246706467929
LAO,Lao PDR,2021,1.85949176876536
LBN,Lebanon,2021,
LBR,Liberia,2021,2.4235999584198
LBY,Libya,2021,
LCA,St. Lucia,2021,5.86197746335882
LCN,Latin America & Caribbean,2021,4.08717467298944
LIE,Liechtenstein,2021,
LKA,Sri Lanka,2021,1.50650579603928
LSO,Lesotho,2021,
LTE,Late-demographic dividend,2021,4.42390200914334
LTU,Lithuania,2021,4.23977994918823
LUX,Luxembourg,2021,3.68531990051269
LVA,Latvia,2021,4.76774978637695
MAC,"Macao SAR, China",2021,5.10697984695435
MAF,St. Martin (French part),2021,
MAR,Morocco,2021,5.64273401285138
MCO,Monaco,2021,1.41926002502441
MDA,Moldova,2021,5.82405996322632
MDG,Madagascar,2021,3.19807542117225
MDV,Maldives,2021,4.61379747500137
MEX,Mexico,2021,4.23823976516724
MHL,Marshall Islands,2021,15.1824411727819
MKD,North Macedonia,2021,
MLI,Mali,2021,3.66363000869751
MLT,Malta,2021,4.92963981628418
MMR,Myanmar,2021,
MNE,Montenegro,2021,
MNG,Mongolia,2021,
MNP,Northern Mariana Islands,2021,
MOZ,Mozambique,2021,6.34063583505687
MRT,Mauritania,2021,1.891970038414
MUS,Mauritius,2021,4.67151021957397
MWI,Malawi,2021,
MYS,Malaysia,2021,4.26109393398867
NAM,Namibia,2021,10.3914477380895
NCL,New Caledonia,2021,
NER,Niger,2021,3.82175828133515
NGA,Nigeria,2021,0.381919104397325
NIC,Nicaragua,2021,4.08717467298944
NLD,Netherlands,2021,5.37661981582642
NOR,Norway,2021,6.9602198600769
NPL,Nepal,2021,4.42801034633091
NRU,Nauru,2021,5.16034
NZL,New Zealand,2021,5.5409197807312
OMN,Oman,2021,
PAK,Pakistan,2021,1.68746129213991
PAN,Panama,2021,3.71198010444641
PER,Peru,2021,3.92765998840332
PHL,Philippines,2021,3.87249754784633
PLW,Palau,2021,3.94417105804533
PNG,Papua New Guinea,2021,0.713984905932403
POL,Poland,2021,4.61998987197876
PRI,Puerto Rico (US),2021,3.7296700261025
PRK,"Korea, Dem. People's Rep.",2021,
PRT,Portugal,2021,4.77341985702515
PRY,Paraguay,2021,3.41070008277893
PSE,West Bank and Gaza,2021,5.43442010879517
PYF,French Polynesia,2021,
QAT,Qatar,2021,
ROU,Romania,2021,3.31562995910644
RUS,Russia,2021,3.99480697864774
RWA,Rwanda,2021,5.58984994888306
SAU,Saudi Arabia,2021,
SDN,Sudan,2021,
SEN,Senegal,2021,5.61201000213623
SGP,Singapore,2021,2.82732009887695
SLB,Solomon Islands,2021,8.33232704380039
SLE,Sierra Leone,2021,5.59322023391724
SLV,El Salvador,2021,3.57766008377075
SMR,San Marino,2021,3.10892009735107
SOM,"Somalia, Fed. Rep.",2021,6.75308344309e-06
SRB,Serbia,2021,3.14615988731384
SSD,South Sudan,2021,
STP,Sao Tome and Principe,2021,5.53985041124283
SUR,Suriname,2021,4.13154972947739
SVK,Slovak Republic,2021,4.71766996383667
SVN,Slovenia,2021,5.39167022705078
SWE,Sweden,2021,7.60224008560181
SWZ,Eswatini,2021,5.28714899285221
SXM,Sint Maarten (Dutch part),2021,
SYC,Seychelles,2021,4.86547351368626
SYR,Syrian Arab Republic,2021,
TCA,Turks and Caicos Islands,2021,3.27759003639221
TCD,Chad,2021,2.01648998260498
TGO,Togo,2021,4.22702442483079
THA,Thailand,2021,2.98212428478268
TJK,Tajikistan,2021,4.38253082077599
TKM,Turkmenistan,2021,3.8489100933075
TLS,Timor-Leste,2021,2.97389404101318
TON,Tonga,2021,5.162544372426
TTO,Trinidad and Tobago,2021,3.04397988319397
TUN,Tunisia,2021,6.67984656240779
TUR,Turkiye,2021,3.53787994384766
TUV,Tuvalu,2021,15.5155119679441
TZA,Tanzania,2021,3.11515335288784
UGA,Uganda,2021,2.63593612308533
UKR,Ukraine,2021,5.14010000228882
URY,Uruguay,2021,4.46211004257202
USA,United States,2021,5.42038011550903
UZB,Uzbekistan,2021,4.13580989837646
VCT,St. Vincent and the Grenadines,2021,
VEN,"Venezuela, RB",2021,
VGB,British Virgin Islands,2021,3.0245532067775
VIR,Virgin Islands (U.S.),2021,
VNM,Viet Nam,2021,2.94517488804327
VUT,Vanuatu,2021,10.1102406419734
WSM,Samoa,2021,5.2162847162306
XKX,Kosovo,2021,
YEM,"Yemen, Rep.",2021,
ZAF,South Africa,2021,6.5551700592041
ZMB,Zambia,2021,3.11363465307753
ZWE,Zimbabwe,2021,
ABW,Aruba,2022,
AFE,Africa Eastern and Southern,2022,3.69766802106406
AFG,Afghanistan,2022,
AFW,Africa Western and Central,2022,2.89168744551701
AGO,Angola,2022,2.38535898416633
ALB,Albania,2022,2.72977995872498
AND,Andorra,2022,2.64727997779846
ARE,United Arab Emirates,2022,
ARG,Argentina,2022,4.79263019561768
ARM,Armenia,2022,2.4918999671936
ASM,American Samoa,2022,
ATG,Antigua and Barbuda,2022,2.50368755552383
AUS,Australia,2022,5.05915021896362
AUT,Austria,2022,5.27749013900757
AZE,Azerbaijan,2022,3.04689002037048
BDI,Burundi,2022,
BEL,Belgium,2022,6.27611017227173
BEN,Benin,2022,3.0972642678305
BFA,Burkina Faso,2022,5.29456753304241
BGD,Bangladesh,2022,2.08538657806243
BGR,Bulgaria,2022,4.50109004974365
BHR,Bahrain,2022,1.71192127094005
BHS,"Bahamas, The",2022,2.62367021406169
BIH,Bosnia and Herzegovina,2022,2.97012986426524
BLR,Belarus,2022,4.62823009490967
BLZ,Belize,2022,4.60415983200073
BMU,Bermuda,2022,1.77583338857166
BOL,Bolivia,2022,7.57551002502441
BRA,Brazil,2022,5.61920976638794
BRB,Barbados,2022,4.14000988006592
BRN,Brunei Darussalam,2022,
BTN,Bhutan,2022,7.46981980280053
BWA,Botswana,2022,
CAF,Central African Republic,2022,2.11509129476365
CAN,Canada,2022,4.84426021575928
CHE,Switzerland,2022,4.86427021026611
CHI,Channel Islands,2022,
CHL,Chile,2022,4.91201019287109
CHN,China,2022,
CIV,Cote d'Ivoire,2022,3.47484993934631
CMR,Cameroon,2022,2.65952378267367
COD,"Congo, Dem. Rep.",2022,2.84466514463005
COG,"Congo, Rep.",2022,2.72738253259215
COL,Colombia,2022,
COM,Comoros,2022,2.43164424110924
CPV,Cabo Verde,2022,4.7252554800722
CRI,Costa Rica,2022,5.5472297668457
CUB,Cuba,2022,8.44086351669284
CUW,Curacao,2022,6.08167033605813
CYM,Cayman Islands,2022,1.48894000053406
CYP,Cyprus,2022,4.74210977554321
CZE,Czechia,2022,4.30291986465454
DEU,Germany,2022,5.23916006088257
DJI,Djibouti,2022,
DMA,Dominica,2022,6.04314243406571
DNK,Denmark,2022,6.35586023330688
DOM,Dominican Republic,2022,3.61088872070271
DZA,Algeria,2022,4.74924673000603
EAR,Early-demographic dividend,2022,3.59546935615519
ECS,Europe & Central Asia,2022,4.56857490539551
ECU,Ecuador,2022,3.61301994323731
EGY,"Egypt, Arab Rep.",2022,
ERI,Eritrea,2022,
ESP,Spain,2022,4.58553981781006
EST,Estonia,2022,5.20733976364136
ETH,Ethiopia,2022,3.73649512188829
FIN,Finland,2022,6.37578010559082
FJI,Fiji,2022,3.93839539074194
FRA,France,2022,5.32434988021851
FRO,Faroe Islands,2022,
FSM,"Micronesia, Fed. Sts.",2022,
GAB,Gabon,2022,2.20773650357931
GBR,United Kingdom,2022,
GEO,Georgia,2022,3.75498008728027
GHA,Ghana,2022,2.90963831638452
GIB,Gibraltar,2022,
GIN,Guinea,2022,2.00722302981184
GMB,"Gambia, The",2022,2.89168744551701
GNB,Guinea-Bissau,2022,
GNQ,Equatorial Guinea,2022,
GRC,Greece,2022,3.37547993659973
GRD,Grenada,2022,4.03767284869161
GRL,Greenland,2022,
GTM,Guatemala,2022,3.20787000656128
GUM,Guam,2022,
GUY,Guyana,2022,
HKG,"Hong Kong SAR, China",2022,3.72866988182068
HND,Honduras,2022,4.48280030802056
HRV,Croatia,2022,
HTI,Haiti,2022,1.02689812206798
HUN,Hungary,2022,3.8011999130249
IDB,IDA blend,2022,2.72738253259215
IDN,Indonesia,2022,0.863943349575907
IMN,Isle of Man,2022,
IND,India,2022,4.09865814174589
IRL,Ireland,2022,
IRN,"Iran, Islamic Rep.",2022,2.6699800491333
IRQ,Iraq,2022,
ISL,Iceland,2022,7.30798006057739
ISR,Israel,2022,5.93291997909546
ITA,Italy,2022,4.06775999069214
JAM,Jamaica,2022,5.35435009002685
JOR,Jordan,2022,3.15300011634827
JPN,Japan,2022,
KAZ,Kazakhstan,2022,4.36185360851405
KEN,Kenya,2022,4.51101801829815
KGZ,Kyrgyz Republic,2022,7.16884382244099
KHM,Cambodia,2022,1.95793279576416
KIR,Kiribati,2022,14.7860312820513
KNA,St. Kitts and Nevis,2022,3.5579615526858
KOR,"Korea, Rep.",2022,5.40910005569458
KWT,Kuwait,2022,6.58236499988891
LAO,Lao PDR,2022,1.46083440434069
LBN,Lebanon,2022,1.33151427628711
LBR,Liberia,2022,2.2760960068702
LBY,Libya,2022,
LCA,St. Lucia,2022,4.64235019683838
LCN,Latin America & Caribbean,2022,3.86129930773508
LIE,Liechtenstein,2022,
LKA,Sri Lanka,2022,1.20397218661186
LSO,Lesotho,2022,
LTE,Late-demographic dividend,2022,4.34076190443098
LTU,Lithuania,2022,4.25285005569458
LUX,Luxembourg,2022,3.74451994895935
LVA,Latvia,2022,4.3196702003479
MAC,"Macao SAR, China",2022,6.05706977844238
MAF,St. Martin (French part),2022,
MAR,Morocco,2022,5.91224674061277
MCO,Monaco,2022,1.17105996608734
MDA,Moldova,2022,6.10430002212524
MDG,Madagascar,2022,3.06772823003204
MDV,Maldives,2022,4.67344315449896
MEX,Mexico,2022,4.05987977981567
MHL,Marshall Islands,2022,7.70088005065918
MKD,North Macedonia,2022,
MLI,Mali,2022,4.04512227529275
MLT,Malta,2022,4.71258020401001
MMR,Myanmar,2022,
MNE,Montenegro,2022,
MNG,Mongolia,2022,
MNP,Northern Mariana Islands,2022,
MOZ,Mozambique,2022,5.97607342054314
MRT,Mauritania,2022,1.38966000080109
MUS,Mauritius,2022,4.84085988998413
MWI,Malawi,2022,2.74888371105811
MYS,Malaysia,2022,3.49933781956284
NAM,Namibia,2022,9.3919470845238
NCL,New Caledonia,2022,
NER,Niger,2022,3.71231832079626
NGA,Nigeria,2022,0.348516707890877
NIC,Nicaragua,2022,3.80001496174069
NLD,Netherlands,2022,5.17918014526367
NOR,Norway,2022,5.43234014511108
NPL,Nepal,2022,4.13645081690396
NRU,Nauru,2022,5.91827971698113
NZL,New Zealand,2022,5.16741991043091
OMN,Oman,2022,4.38311004638672
PAK,Pakistan,2022,1.97300945756988
PAN,Panama,2022,3.37781000137329
PER,Peru,2022,3.83975005149841
PHL,Philippines,2022,3.57960089528426
PLW,Palau,2022,3.57620133415525
PNG,Papua New Guinea,2022,0.643376920751815
POL,Poland,2022,4.31372976303101
PRI,Puerto Rico (US),2022,3.86129930773508
PRK,"Korea, Dem. People's Rep.",2022,
PRT,Portugal,2022,4.55160999298096
PRY,Paraguay,2022,3.39619994163513
PSE,West Bank and Gaza,2022,
PYF,French Polynesia,2022,
QAT,Qatar,2022,
ROU,Romania,2022,3.2788200378418
RUS,Russia,2022,4.05402755323777
RWA,Rwanda,2022,4.74213981628418
SAU,Saudi Arabia,2022,
SDN,Sudan,2022,
SEN,Senegal,2022,5.95222997665405
SGP,Singapore,2022,2.47478008270264
SLB,Solomon Islands,2022,8.48737829731105
SLE,Sierra Leone,2022,4.90762996673584
SLV,El Salvador,2022,3.26848006248474
SMR,San Marino,2022,2.89753007888794
SOM,"Somalia, Fed. Rep.",2022,7.21674775437e-06
SRB,Serbia,2022,3.08255004882812
SSD,South Sudan,2022,
STP,Sao Tome and Principe,2022,5.19392101712613
SUR,Suriname,2022,3.43460841988051
SVK,Slovak Republic,2022,4.65688991546631
SVN,Slovenia,2022,5.28065013885498
SWE,Sweden,2022,7.31909990310669
SWZ,Eswatini,2022,5.57274175738511
SXM,Sint Maarten (Dutch part),2022,4.27420508508285
SYC,Seychelles,2022,3.65858904774836
SYR,Syrian Arab Republic,2022,
TCA,Turks and Caicos Islands,2022,2.77640008926392
TCD,Chad,2022,2.6016118897064
TGO,Togo,2022,3.77811083266775
THA,Thailand,2022,2.61187022798634
TJK,Tajikistan,2022,5.39829770599001
TKM,Turkmenistan,2022,3.58004999160767
TLS,Timor-Leste,2022,
TON,Tonga,2022,5.31016278046634
TTO,Trinidad and Tobago,2022,2.81801009178162
TUN,Tunisia,2022,6.8049896073928
TUR,Turkiye,2022,3.09571003913879
TUV,Tuvalu,2022,13.7621912480198
TZA,Tanzania,2022,3.2382450375764
UGA,Uganda,2022,2.56105027176925
UKR,Ukraine,2022,
URY,Uruguay,2022,4.4795298576355
USA,United States,2022,
UZB,Uzbekistan,2022,5.23477171022152
VCT,St. Vincent and the Grenadines,2022,7.07575034584772
VEN,"Venezuela, RB",2022,
VGB,British Virgin Islands,2022,2.48401807300907
VIR,Virgin Islands (U.S.),2022,
VNM,Viet Nam,2022,2.88738689372749
VUT,Vanuatu,2022,10.7033456499063
WSM,Samoa,2022,6.15978780645853
XKX,Kosovo,2022,
YEM,"Yemen, Rep.",2022,
ZAF,South Africa,2022,6.15599012374878
ZMB,Zambia,2022,3.65884092023983
ZWE,Zimbabwe,2022,
ABW,Aruba,2023,
AFE,Africa Eastern and Southern,2023,3.96229304413263
AFG,Afghanistan,2023,
AFW,Africa Western and Central,2023,3.21562023947166
AGO,Angola,2023,2.51273663315785
ALB,Albania,2023,3.09153008460998
AND,Andorra,2023,1.89867997169495
ARE,United Arab Emirates,2023,
ARG,Argentina,2023,5.00324010848999
ARM,Armenia,2023,2.43869996070862
ASM,American Samoa,2023,
ATG,Antigua and Barbuda,2023,3.10505161832136
AUS,Australia,2023,
AUT,Austria,2023,
AZE,Azerbaijan,2023,3.66036009788513
BDI,Burundi,2023,
BEL,Belgium,2023,
BEN,Benin,2023,3.22974322056608
BFA,Burkina Faso,2023,5.32757840997187
BGD,Bangladesh,2023,2.16213826344701
BGR,Bulgaria,2023,
BHR,Bahrain,2023,1.88778167912993
BHS,"Bahamas, The",2023,2.74191570247934
BIH,Bosnia and Herzegovina,2023,3.24564826597779
BLR,Belarus,2023,4.90902996063232
BLZ,Belize,2023,4.23143005371094
BMU,Bermuda,2023,1.86510440752276
BOL,Bolivia,2023,7.89381980895996
BRA,Brazil,2023,
BRB,Barbados,2023,3.7754499912262
BRN,Brunei Darussalam,2023,
BTN,Bhutan,2023,5.84518003463745
BWA,Botswana,2023,
CAF,Central African Republic,2023,1.82995911310419
CAN,Canada,2023,
CHE,Switzerland,2023,
CHI,Channel Islands,2023,
CHL,Chile,2023,
CHN,China,2023,3.89714002609253
CIV,Cote d'Ivoire,2023,3.39421010017395
CMR,Cameroon,2023,2.83907623667935
COD,"Congo, Dem. Rep.",2023,
COG,"Congo, Rep.",2023,3.34005209256916
COL,Colombia,2023,
COM,Comoros,2023,2.34146896682989
CPV,Cabo Verde,2023,4.3482854136693
CRI,Costa Rica,2023,5.31208992004395
CUB,Cuba,2023,
CUW,Curacao,2023,5.30074159005788
CYM,Cayman Islands,2023,1.57024002075195
CYP,Cyprus,2023,
CZE,Czechia,2023,
DEU,Germany,2023,
DJI,Djibouti,2023,
DMA,Dominica,2023,4.69423746286593
DNK,Denmark,2023,
DOM,Dominican Republic,2023,3.7606477375256
DZA,Algeria,2023,5.61015717726636
EAR,Early-demographic dividend,2023,3.393709897995
ECS,Europe & Central Asia,2023,
ECU,Ecuador,2023,3.81964993476868
EGY,"Egypt, Arab Rep.",2023,
ERI,Eritrea,2023,
ESP,Spain,2023,
EST,Estonia,2023,
ETH,Ethiopia,2023,2.9272447768927
FIN,Finland,2023,
FJI,Fiji,2023,4.24679790890603
FRA,France,2023,
FRO,Faroe Islands,2023,
FSM,"Micronesia, Fed. Sts.",2023,
GAB,Gabon,2023,2.31594287726056
GBR,United Kingdom,2023,
GEO,Georgia,2023,3.70918011665344
GHA,Ghana,2023,
GIB,Gibraltar,2023,
GIN,Guinea,2023,1.72470879088585
GMB,"Gambia, The",2023,2.80838156544977
GNB,Guinea-Bissau,2023,
GNQ,Equatorial Guinea,2023,
GRC,Greece,2023,
GRD,Grenada,2023,5.12544845968893
GRL,Greenland,2023,
GTM,Guatemala,2023,3.10877990722656
GUM,Guam,2023,
GUY,Guyana,2023,
HKG,"Hong Kong SAR, China",2023,3.80328011512756
HND,Honduras,2023,4.54962037172702
HRV,Croatia,2023,
HTI,Haiti,2023,0.964648012977964
HUN,Hungary,2023,
IDB,IDA blend,2023,3.34005209256916
IDN,Indonesia,2023,1.27517088245674
IMN,Isle of Man,2023,
IND,India,2023,
IRL,Ireland,2023,
IRN,"Iran, Islamic Rep.",2023,2.82443290958712
IRQ,Iraq,2023,
ISL,Iceland,2023,
ISR,Israel,2023,
ITA,Italy,2023,
JAM,Jamaica,2023,5.65453693979426
JOR,Jordan,2023,3.51486315596325
JPN,Japan,2023,
KAZ,Kazakhstan,2023,4.86469984054565
KEN,Kenya,2023,3.96229304413263
KGZ,Kyrgyz Republic,2023,6.82694680798777
KHM,Cambodia,2023,2.1809128340295
KIR,Kiribati,2023,16.39053
KNA,St. Kitts and Nevis,2023,3.49726171629099
KOR,"Korea, Rep.",2023,
KWT,Kuwait,2023,5.0262608311279
LAO,Lao PDR,2023,1.23375160355741
LBN,Lebanon,2023,1.50416361108086
LBR,Liberia,2023,2.2665256232687
LBY,Libya,2023,
LCA,St. Lucia,2023,2.74211001396179
LCN,Latin America & Caribbean,2023,3.81964993476868
LIE,Liechtenstein,2023,
LKA,Sri Lanka,2023,1.82774571561927
LSO,Lesotho,2023,7.29011355590957
LTE,Late-demographic dividend,2023,4.03084428001739
LTU,Lithuania,2023,
LUX,Luxembourg,2023,
LVA,Latvia,2023,
MAC,"Macao SAR, China",2023,3.50183010101318
MAF,St. Martin (French part),2023,
MAR,Morocco,2023,6.02096928801329
MCO,Monaco,2023,1.73223996162415
MDA,Moldova,2023,6.55709981918335
MDG,Madagascar,2023,3.04770386693564
MDV,Maldives,2023,5.16706374664829
MEX,Mexico,2023,
MHL,Marshall Islands,2023,
MKD,North Macedonia,2023,
MLI,Mali,2023,4.18465094218116
MLT,Malta,2023,
MMR,Myanmar,2023,
MNE,Montenegro,2023,
MNG,Mongolia,2023,3.65764999389648
MNP,Northern Mariana Islands,2023,
MOZ,Mozambique,2023,
MRT,Mauritania,2023,4.71521997451782
MUS,Mauritius,2023,4.57479000091553
MWI,Malawi,2023,
MYS,Malaysia,2023,3.51481008529663
NAM,Namibia,2023,
NCL,New Caledonia,2023,
NER,Niger,2023,4.07412707618114
NGA,Nigeria,2023,0.319069049792343
NIC,Nicaragua,2023,2.86954998970032
NLD,Netherlands,2023,
NOR,Norway,2023,
NPL,Nepal,2023,3.95641148036706
NRU,Nauru,2023,5.77715015411377
NZL,New Zealand,2023,5.21326017379761
OMN,Oman,2023,
PAK,Pakistan,2023,1.94658005237579
PAN,Panama,2023,2.47225999832153
PER,Peru,2023,4.24538993835449
PHL,Philippines,2023,3.6236863467978
PLW,Palau,2023,3.43726476321334
PNG,Papua New Guinea,2023,0.782122804685732
POL,Poland,2023,
PRI,Puerto Rico (US),2023,4.26898753959873
PRK,"Korea, Dem. People's Rep.",2023,
PRT,Portugal,2023,
PRY,Paraguay,2023,3.393709897995
PSE,West Bank and Gaza,2023,
PYF,French Polynesia,2023,
QAT,Qatar,2023,
ROU,Romania,2023,
RUS,Russia,2023,4.16454853394225
RWA,Rwanda,2023,4.92002010345459
SAU,Saudi Arabia,2023,4.48087978363037
SDN,Sudan,2023,
SEN,Senegal,2023,6.16277045366329
SGP,Singapore,2023,2.1037700176239
SLB,Solomon Islands,2023,8.29349080062944
SLE,Sierra Leone,2023,2.62455277942046
SLV,El Salvador,2023,3.18734002113342
SMR,San Marino,2023,
SOM,"Somalia, Fed. Rep.",2023,8.14262404011e-06
SRB,Serbia,2023,3.40377998352051
SSD,South Sudan,2023,
STP,Sao Tome and Principe,2023,5.0288576428727
SUR,Suriname,2023,2.86623341491363
SVK,Slovak Republic,2023,
SVN,Slovenia,2023,
SWE,Sweden,2023,
SWZ,Eswatini,2023,5.00431592836751
SXM,Sint Maarten (Dutch part),2023,3.92363832601723
SYC,Seychelles,2023,4.45409960547034
SYR,Syrian Arab Republic,2023,
TCA,Turks and Caicos Islands,2023,2.68765461969981
TCD,Chad,2023,3.20149725837724
TGO,Togo,2023,4.14281885166484
THA,Thailand,2023,2.52122219628772
TJK,Tajikistan,2023,5.43682120015444
TKM,Turkmenistan,2023,2.71291995048523
TLS,Timor-Leste,2023,5.24052834781801
TON,Tonga,2023,
TTO,Trinidad and Tobago,2023,3.23358011245727
TUN,Tunisia,2023,6.73398856321206
TUR,Turkiye,2023,
TUV,Tuvalu,2023,12.8456897735596
TZA,Tanzania,2023,3.25853222146531
UGA,Uganda,2023,
UKR,Ukraine,2023,
URY,Uruguay,2023,4.76461982727051
USA,United States,2023,
UZB,Uzbekistan,2023,5.47287597270024
VCT,St. Vincent and the Grenadines,2023,6.4582691706334
VEN,"Venezuela, RB",2023,
VGB,British Virgin Islands,2023,3.17283855528435
VIR,Virgin Islands (U.S.),2023,
VNM,Viet Nam,2023,
VUT,Vanuatu,2023,7.58135986328125
WSM,Samoa,2023,6.1096302676416
XKX,Kosovo,2023,
YEM,"Yemen, Rep.",2023,
ZAF,South Africa,2023,6.12347984313965
ZMB,Zambia,2023,4.07374933049157
ZWE,Zimbabwe,2023,0.384771297211919
ABW,Aruba,2024,
AFE,Africa Eastern and Southern,2024,
AFG,Afghanistan,2024,
AFW,Africa Western and Central,2024,
AGO,Angola,2024,
ALB,Albania,2024,
AND,Andorra,2024,
ARE,United Arab Emirates,2024,
ARG,Argentina,2024,
ARM,Armenia,2024,
ASM,American Samoa,2024,
ATG,Antigua and Barbuda,2024,
AUS,Australia,2024,
AUT,Austria,2024,
AZE,Azerbaijan,2024,
BDI,Burundi,2024,
BEL,Belgium,2024,
BEN,Benin,2024,
BFA,Burkina Faso,2024,
BGD,Bangladesh,2024,2.0343847791384
BGR,Bulgaria,2024,
BHR,Bahrain,2024,
BHS,"Bahamas, The",2024,
BIH,Bosnia and Herzegovina,2024,
BLR,Belarus,2024,5.04593992233276
BLZ,Belize,2024,4.62276317232973
BMU,Bermuda,2024,
BOL,Bolivia,2024,7.53980016708374
BRA,Brazil,2024,
BRB,Barbados,2024,3.55593188106322
BRN,Brunei Darussalam,2024,
BTN,Bhutan,2024,
BWA,Botswana,2024,
CAF,Central African Republic,2024,
CAN,Canada,2024,
CHE,Switzerland,2024,
CHI,Channel Islands,2024,
CHL,Chile,2024,
CHN,China,2024,
CIV,Cote d'Ivoire,2024,3.61279988288879
CMR,Cameroon,2024,
COD,"Congo, Dem. Rep.",2024,
COG,"Congo, Rep.",2024,
COL,Colombia,2024,
COM,Comoros,2024,
CPV,Cabo Verde,2024,
CRI,Costa Rica,2024,
CUB,Cuba,2024,
CUW,Curacao,2024,5.44313725490196
CYM,Cayman Islands,2024,
CYP,Cyprus,2024,
CZE,Czechia,2024,
DEU,Germany,2024,
DJI,Djibouti,2024,
DMA,Dominica,2024,5.38572189060925
DNK,Denmark,2024,
DOM,Dominican Republic,2024,
DZA,Algeria,2024,8.97772026062012
EAR,Early-demographic dividend,2024,
ECS,Europe & Central Asia,2024,
ECU,Ecuador,2024,3.69074988365173
EGY,"Egypt, Arab Rep.",2024,
ERI,Eritrea,2024,
ESP,Spain,2024,
EST,Estonia,2024,
ETH,Ethiopia,2024,2.2978069565991
FIN,Finland,2024,
FJI,Fiji,2024,
FRA,France,2024,
FRO,Faroe Islands,2024,
FSM,"Micronesia, Fed. Sts.",2024,
GAB,Gabon,2024,
GBR,United Kingdom,2024,
GEO,Georgia,2024,3.98011682083814
GHA,Ghana,2024,
GIB,Gibraltar,2024,
GIN,Guinea,2024,
GMB,"Gambia, The",2024,
GNB,Guinea-Bissau,2024,
GNQ,Equatorial Guinea,2024,
GRC,Greece,2024,
GRD,Grenada,2024,
GRL,Greenland,2024,
GTM,Guatemala,2024,3.07588005065918
GUM,Guam,2024,
GUY,Guyana,2024,
HKG,"Hong Kong SAR, China",2024,3.80552005767822
HND,Honduras,2024,
HRV,Croatia,2024,
HTI,Haiti,2024,
HUN,Hungary,2024,
IDB,IDA blend,2024,
IDN,Indonesia,2024,
IMN,Isle of Man,2024,
IND,India,2024,
IRL,Ireland,2024,
IRN,"Iran, Islamic Rep.",2024,
IRQ,Iraq,2024,
ISL,Iceland,2024,
ISR,Israel,2024,
ITA,Italy,2024,
JAM,Jamaica,2024,5.51383018493652
JOR,Jordan,2024,3.23356008529663
JPN,Japan,2024,
KAZ,Kazakhstan,2024,
KEN,Kenya,2024,4.02242346098974
KGZ,Kyrgyz Republic,2024,
KHM,Cambodia,2024,
KIR,Kiribati,2024,
KNA,St. Kitts and Nevis,2024,
KOR,"Korea, Rep.",2024,
KWT,Kuwait,2024,6.43592667889685
LAO,Lao PDR,2024,
LBN,Lebanon,2024,1.22490869993085
LBR,Liberia,2024,
LBY,Libya,2024,
LCA,St. Lucia,2024,3.84700018653403
LCN,Latin America & Caribbean,2024,
LIE,Liechtenstein,2024,
LKA,Sri Lanka,2024,
LSO,Lesotho,2024,6.62253066096596
LTE,Late-demographic dividend,2024,
LTU,Lithuania,2024,
LUX,Luxembourg,2024,
LVA,Latvia,2024,
MAC,"Macao SAR, China",2024,
MAF,St. Martin (French part),2024,
MAR,Morocco,2024,
MCO,Monaco,2024,
MDA,Moldova,2024,
MDG,Madagascar,2024,
MDV,Maldives,2024,
MEX,Mexico,2024,
MHL,Marshall Islands,2024,
MKD,North Macedonia,2024,
MLI,Mali,2024,
MLT,Malta,2024,
MMR,Myanmar,2024,
MNE,Montenegro,2024,
MNG,Mongolia,2024,5.21229982376099
MNP,Northern Mariana Islands,2024,
MOZ,Mozambique,2024,
MRT,Mauritania,2024,7.61007976531982
MUS,Mauritius,2024,4.247389793396
MWI,Malawi,2024,
MYS,Malaysia,2024,
NAM,Namibia,2024,9.08440819434816
NCL,New Caledonia,2024,
NER,Niger,2024,
NGA,Nigeria,2024,
NIC,Nicaragua,2024,
NLD,Netherlands,2024,
NOR,Norway,2024,
NPL,Nepal,2024,3.68849173764595
NRU,Nauru,2024,
NZL,New Zealand,2024,
OMN,Oman,2024,
PAK,Pakistan,2024,
PAN,Panama,2024,
PER,Peru,2024,4.35778999328613
PHL,Philippines,2024,3.92501087473821
PLW,Palau,2024,
PNG,Papua New Guinea,2024,
POL,Poland,2024,
PRI,Puerto Rico (US),2024,4.27101949674789
PRK,"Korea, Dem. People's Rep.",2024,
PRT,Portugal,2024,
PRY,Paraguay,2024,3.53410005569458
PSE,West Bank and Gaza,2024,
PYF,French Polynesia,2024,
QAT,Qatar,2024,
ROU,Romania,2024,
RUS,Russia,2024,
RWA,Rwanda,2024,4.61476993560791
SAU,Saudi Arabia,2024,
SDN,Sudan,2024,
SEN,Senegal,2024,
SGP,Singapore,2024,2.19099857819757
SLB,Solomon Islands,2024,
SLE,Sierra Leone,2024,
SLV,El Salvador,2024,3.31666994094849
SMR,San Marino,2024,
SOM,"Somalia, Fed. Rep.",2024,
SRB,Serbia,2024,
SSD,South Sudan,2024,
STP,Sao Tome and Principe,2024,
SUR,Suriname,2024,
SVK,Slovak Republic,2024,
SVN,Slovenia,2024,
SWE,Sweden,2024,
SWZ,Eswatini,2024,6.03082905337534
SXM,Sint Maarten (Dutch part),2024,
SYC,Seychelles,2024,
SYR,Syrian Arab Republic,2024,
TCA,Turks and Caicos Islands,2024,2.94998113247616
TCD,Chad,2024,
TGO,Togo,2024,
THA,Thailand,2024,
TJK,Tajikistan,2024,
TKM,Turkmenistan,2024,4.28878021240234
TLS,Timor-Leste,2024,
TON,Tonga,2024,
TTO,Trinidad and Tobago,2024,
TUN,Tunisia,2024,
TUR,Turkiye,2024,
TUV,Tuvalu,2024,
TZA,Tanzania,2024,3.15504437906936
UGA,Uganda,2024,
UKR,Ukraine,2024,
URY,Uruguay,2024,
USA,United States,2024,
UZB,Uzbekistan,2024,
VCT,St. Vincent and the Grenadines,2024,
VEN,"Venezuela, RB",2024,
VGB,British Virgin Islands,2024,
VIR,Virgin Islands (U.S.),2024,
VNM,Viet Nam,2024,
VUT,Vanuatu,2024,7.63695001602173
WSM,Samoa,2024,5.45616637544294
XKX,Kosovo,2024,
YEM,"Yemen, Rep.",2024,
ZAF,South Africa,2024,6.02110004425049
ZMB,Zambia,2024,
ZWE,Zimbabwe,2024,
ABW,Aruba,2025,
AFE,Africa Eastern and Southern,2025,
AFG,Afghanistan,2025,
AFW,Africa Western and Central,2025,
AGO,Angola,2025,
ALB,Albania,2025,
AND,Andorra,2025,
ARE,United Arab Emirates,2025,
ARG,Argentina,2025,
ARM,Armenia,2025,
ASM,American Samoa,2025,
ATG,Antigua and Barbuda,2025,
AUS,Australia,2025,
AUT,Austria,2025,
AZE,Azerbaijan,2025,
BDI,Burundi,2025,4.5040397644043
BEL,Belgium,2025,
BEN,Benin,2025,
BFA,Burkina Faso,2025,
BGD,Bangladesh,2025,
BGR,Bulgaria,2025,
BHR,Bahrain,2025,
BHS,"Bahamas, The",2025,
BIH,Bosnia and Herzegovina,2025,
BLR,Belarus,2025,
BLZ,Belize,2025,
BMU,Bermuda,2025,
BOL,Bolivia,2025,
BRA,Brazil,2025,
BRB,Barbados,2025,
BRN,Brunei Darussalam,2025,
BTN,Bhutan,2025,
BWA,Botswana,2025,
CAF,Central African Republic,2025,
CAN,Canada,2025,
CHE,Switzerland,2025,
CHI,Channel Islands,2025,
CHL,Chile,2025,
CHN,China,2025,
CIV,Cote d'Ivoire,2025,
CMR,Cameroon,2025,
COD,"Congo, Dem. Rep.",2025,
COG,"Congo, Rep.",2025,
COL,Colombia,2025,
COM,Comoros,2025,
CPV,Cabo Verde,2025,
CRI,Costa Rica,2025,
CUB,Cuba,2025,
CUW,Curacao,2025,
CYM,Cayman Islands,2025,
CYP,Cyprus,2025,
CZE,Czechia,2025,
DEU,Germany,2025,
DJI,Djibouti,2025,
DMA,Dominica,2025,
DNK,Denmark,2025,
DOM,Dominican Republic,2025,
DZA,Algeria,2025,
EAR,Early-demographic dividend,2025,
ECS,Europe & Central Asia,2025,
ECU,Ecuador,2025,
EGY,"Egypt, Arab Rep.",2025,
ERI,Eritrea,2025,
ESP,Spain,2025,
EST,Estonia,2025,
ETH,Ethiopia,2025,
FIN,Finland,2025,
FJI,Fiji,2025,
FRA,France,2025,
FRO,Faroe Islands,2025,
FSM,"Micronesia, Fed. Sts.",2025,
GAB,Gabon,2025,
GBR,United Kingdom,2025,
GEO,Georgia,2025,
GHA,Ghana,2025,
GIB,Gibraltar,2025,
GIN,Guinea,2025,
GMB,"Gambia, The",2025,
GNB,Guinea-Bissau,2025,
GNQ,Equatorial Guinea,2025,
GRC,Greece,2025,
GRD,Grenada,2025,
GRL,Greenland,2025,
GTM,Guatemala,2025,
GUM,Guam,2025,
GUY,Guyana,2025,
HKG,"Hong Kong SAR, China",2025,
HND,Honduras,2025,
HRV,Croatia,2025,
HTI,Haiti,2025,
HUN,Hungary,2025,
IDB,IDA blend,2025,
IDN,Indonesia,2025,
IMN,Isle of Man,2025,
IND,India,2025,
IRL,Ireland,2025,
IRN,"Iran, Islamic Rep.",2025,
IRQ,Iraq,2025,
ISL,Iceland,2025,
ISR,Israel,2025,
ITA,Italy,2025,
JAM,Jamaica,2025,
JOR,Jordan,2025,
JPN,Japan,2025,
KAZ,Kazakhstan,2025,
KEN,Kenya,2025,
KGZ,Kyrgyz Republic,2025,
KHM,Cambodia,2025,
KIR,Kiribati,2025,
KNA,St. Kitts and Nevis,2025,
KOR,"Korea, Rep.",2025,
KWT,Kuwait,2025,
LAO,Lao PDR,2025,
LBN,Lebanon,2025,
LBR,Liberia,2025,
LBY,Libya,2025,
LCA,St. Lucia,2025,
LCN,Latin America & Caribbean,2025,
LIE,Liechtenstein,2025,
LKA,Sri Lanka,2025,
LSO,Lesotho,2025,
LTE,Late-demographic dividend,2025,
LTU,Lithuania,2025,
LUX,Luxembourg,2025,
LVA,Latvia,2025,
MAC,"Macao SAR, China",2025,
MAF,St. Martin (French part),2025,
MAR,Morocco,2025,
MCO,Monaco,2025,
MDA,Moldova,2025,
MDG,Madagascar,2025,
MDV,Maldives,2025,
MEX,Mexico,2025,
MHL,Marshall Islands,2025,
MKD,North Macedonia,2025,
MLI,Mali,2025,
MLT,Malta,2025,
MMR,Myanmar,2025,
MNE,Montenegro,2025,
MNG,Mongolia,2025,
MNP,Northern Mariana Islands,2025,
MOZ,Mozambique,2025,
MRT,Mauritania,2025,
MUS,Mauritius,2025,
MWI,Malawi,2025,
MYS,Malaysia,2025,
NAM,Namibia,2025,
NCL,New Caledonia,2025,
NER,Niger,2025,
NGA,Nigeria,2025,
NIC,Nicaragua,2025,
NLD,Netherlands,2025,
NOR,Norway,2025,
NPL,Nepal,2025,
NRU,Nauru,2025,
NZL,New Zealand,2025,
OMN,Oman,2025,
PAK,Pakistan,2025,
PAN,Panama,2025,
PER,Peru,2025,
PHL,Philippines,2025,3.96922646675346
PLW,Palau,2025,
PNG,Papua New Guinea,2025,
POL,Poland,2025,
PRI,Puerto Rico (US),2025,
PRK,"Korea, Dem. People's Rep.",2025,
PRT,Portugal,2025,
PRY,Paraguay,2025,
PSE,West Bank and Gaza,2025,
PYF,French Polynesia,2025,
QAT,Qatar,2025,
ROU,Romania,2025,
RUS,Russia,2025,
RWA,Rwanda,2025,
SAU,Saudi Arabia,2025,
SDN,Sudan,2025,
SEN,Senegal,2025,
SGP,Singapore,2025,
SLB,Solomon Islands,2025,
SLE,Sierra Leone,2025,
SLV,El Salvador,2025,
SMR,San Marino,2025,
SOM,"Somalia, Fed. Rep.",2025,
SRB,Serbia,2025,
SSD,South Sudan,2025,
STP,Sao Tome and Principe,2025,
SUR,Suriname,2025,
SVK,Slovak Republic,2025,
SVN,Slovenia,2025,
SWE,Sweden,2025,
SWZ,Eswatini,2025,
SXM,Sint Maarten (Dutch part),2025,
SYC,Seychelles,2025,
SYR,Syrian Arab Republic,2025,
TCA,Turks and Caicos Islands,2025,
TCD,Chad,2025,
TGO,Togo,2025,
THA,Thailand,2025,
TJK,Tajikistan,2025,
TKM,Turkmenistan,2025,
TLS,Timor-Leste,2025,
TON,Tonga,2025,
TTO,Trinidad and Tobago,2025,
TUN,Tunisia,2025,
TUR,Turkiye,2025,
TUV,Tuvalu,2025,
TZA,Tanzania,2025,
UGA,Uganda,2025,
UKR,Ukraine,2025,
URY,Uruguay,2025,
USA,United States,2025,
UZB,Uzbekistan,2025,
VCT,St. Vincent and the Grenadines,2025,
VEN,"Venezuela, RB",2025,
VGB,British Virgin Islands,2025,
VIR,Virgin Islands (U.S.),2025,
VNM,Viet Nam,2025,
VUT,Vanuatu,2025,
WSM,Samoa,2025,
XKX,Kosovo,2025,
YEM,"Yemen, Rep.",2025,
ZAF,South Africa,2025,
ZMB,Zambia,2025,
ZWE,Zimbabwe,2025,
