Country_Code,Standard_Country,Year,GDP_Per_Capita_Growth_Pct
ABW,Aruba,1960,
AFE,Africa Eastern and Southern,1960,
AFG,Afghanistan,1960,
AFW,Africa Western and Central,1960,
AGO,Angola,1960,
ALB,Albania,1960,
AND,Andorra,1960,
ARE,United Arab Emirates,1960,
ARG,Argentina,1960,
ARM,Armenia,1960,
ASM,American Samoa,1960,
ATG,Antigua and Barbuda,1960,
AUS,Australia,1960,
AUT,Austria,1960,
AZE,Azerbaijan,1960,
BDI,Burundi,1960,
BEL,Belgium,1960,
BEN,Benin,1960,
BFA,Burkina Faso,1960,
BGD,Bangladesh,1960,
BGR,Bulgaria,1960,
BHR,Bahrain,1960,
BHS,"Bahamas, The",1960,
BIH,Bosnia and Herzegovina,1960,
BLR,Belarus,1960,
BLZ,Belize,1960,
BMU,Bermuda,1960,
BOL,Bolivia,1960,
BRA,Brazil,1960,
BRB,Barbados,1960,
BRN,Brunei Darussalam,1960,
BTN,Bhutan,1960,
BWA,Botswana,1960,
CAF,Central African Republic,1960,
CAN,Canada,1960,
CHE,Switzerland,1960,
CHI,Channel Islands,1960,
CHL,Chile,1960,
CHN,China,1960,
CIV,Cote d'Ivoire,1960,
CMR,Cameroon,1960,
COD,"Congo, Dem. Rep.",1960,
COG,"Congo, Rep.",1960,
COL,Colombia,1960,
COM,Comoros,1960,
CPV,Cabo Verde,1960,
CRI,Costa Rica,1960,
CUB,Cuba,1960,
CUW,Curacao,1960,
CYM,Cayman Islands,1960,
CYP,Cyprus,1960,
CZE,Czechia,1960,
DEU,Germany,1960,
DJI,Djibouti,1960,
DMA,Dominica,1960,
DNK,Denmark,1960,
DOM,Dominican Republic,1960,
DZA,Algeria,1960,
EAR,Early-demographic dividend,1960,
ECS,Europe & Central Asia,1960,
ECU,Ecuador,1960,
EGY,"Egypt, Arab Rep.",1960,
ERI,Eritrea,1960,
ESP,Spain,1960,
EST,Estonia,1960,
ETH,Ethiopia,1960,
FIN,Finland,1960,
FJI,Fiji,1960,
FRA,France,1960,
FRO,Faroe Islands,1960,
FSM,"Micronesia, Fed. Sts.",1960,
GAB,Gabon,1960,
GBR,United Kingdom,1960,
GEO,Georgia,1960,
GHA,Ghana,1960,
GIB,Gibraltar,1960,
GIN,Guinea,1960,
GMB,"Gambia, The",1960,
GNB,Guinea-Bissau,1960,
GNQ,Equatorial Guinea,1960,
GRC,Greece,1960,
GRD,Grenada,1960,
GRL,Greenland,1960,
GTM,Guatemala,1960,
GUM,Guam,1960,
GUY,Guyana,1960,
HKG,"Hong Kong SAR, China",1960,
HND,Honduras,1960,
HRV,Croatia,1960,
HTI,Haiti,1960,
HUN,Hungary,1960,
IDB,IDA blend,1960,
IDN,Indonesia,1960,
IMN,Isle of Man,1960,
IND,India,1960,
IRL,Ireland,1960,
IRN,"Iran, Islamic Rep.",1960,
IRQ,Iraq,1960,
ISL,Iceland,1960,
ISR,Israel,1960,
ITA,Italy,1960,
JAM,Jamaica,1960,
JOR,Jordan,1960,
JPN,Japan,1960,
KAZ,Kazakhstan,1960,
KEN,Kenya,1960,
KGZ,Kyrgyz Republic,1960,
KHM,Cambodia,1960,
KIR,Kiribati,1960,
KNA,St. Kitts and Nevis,1960,
KOR,"Korea, Rep.",1960,
KWT,Kuwait,1960,
LAO,Lao PDR,1960,
LBN,Lebanon,1960,
LBR,Liberia,1960,
LBY,Libya,1960,
LCA,St. Lucia,1960,
LCN,Latin America & Caribbean,1960,
LIE,Liechtenstein,1960,
LKA,Sri Lanka,1960,
LSO,Lesotho,1960,
LTE,Late-demographic dividend,1960,
LTU,Lithuania,1960,
LUX,Luxembourg,1960,
LVA,Latvia,1960,
MAC,"Macao SAR, China",1960,
MAF,St. Martin (French part),1960,
MAR,Morocco,1960,
MCO,Monaco,1960,
MDA,Moldova,1960,
MDG,Madagascar,1960,
MDV,Maldives,1960,
MEX,Mexico,1960,
MHL,Marshall Islands,1960,
MKD,North Macedonia,1960,
MLI,Mali,1960,
MLT,Malta,1960,
MMR,Myanmar,1960,
MNE,Montenegro,1960,
MNG,Mongolia,1960,
MNP,Northern Mariana Islands,1960,
MOZ,Mozambique,1960,
MRT,Mauritania,1960,
MUS,Mauritius,1960,
MWI,Malawi,1960,
MYS,Malaysia,1960,
NAM,Namibia,1960,
NCL,New Caledonia,1960,
NER,Niger,1960,
NGA,Nigeria,1960,
NIC,Nicaragua,1960,
NLD,Netherlands,1960,
NOR,Norway,1960,
NPL,Nepal,1960,
NRU,Nauru,1960,
NZL,New Zealand,1960,
OMN,Oman,1960,
PAK,Pakistan,1960,
PAN,Panama,1960,
PER,Peru,1960,
PHL,Philippines,1960,
PLW,Palau,1960,
PNG,Papua New Guinea,1960,
POL,Poland,1960,
PRI,Puerto Rico (US),1960,
PRK,"Korea, Dem. People's Rep.",1960,
PRT,Portugal,1960,
PRY,Paraguay,1960,
PSE,West Bank and Gaza,1960,
PYF,French Polynesia,1960,
QAT,Qatar,1960,
ROU,Romania,1960,
RUS,Russia,1960,
RWA,Rwanda,1960,
SAU,Saudi Arabia,1960,
SDN,Sudan,1960,
SEN,Senegal,1960,
SGP,Singapore,1960,
SLB,Solomon Islands,1960,
SLE,Sierra Leone,1960,
SLV,El Salvador,1960,
SMR,San Marino,1960,
SOM,"Somalia, Fed. Rep.",1960,
SRB,Serbia,1960,
SSD,South Sudan,1960,
STP,Sao Tome and Principe,1960,
SUR,Suriname,1960,
SVK,Slovak Republic,1960,
SVN,Slovenia,1960,
SWE,Sweden,1960,
SWZ,Eswatini,1960,
SXM,Sint Maarten (Dutch part),1960,
SYC,Seychelles,1960,
SYR,Syrian Arab Republic,1960,
TCA,Turks and Caicos Islands,1960,
TCD,Chad,1960,
TGO,Togo,1960,
THA,Thailand,1960,
TJK,Tajikistan,1960,
TKM,Turkmenistan,1960,
TLS,Timor-Leste,1960,
TON,Tonga,1960,
TTO,Trinidad and Tobago,1960,
TUN,Tunisia,1960,
TUR,Turkiye,1960,
TUV,Tuvalu,1960,
TZA,Tanzania,1960,
UGA,Uganda,1960,
UKR,Ukraine,1960,
URY,Uruguay,1960,
USA,United States,1960,
UZB,Uzbekistan,1960,
VCT,St. Vincent and the Grenadines,1960,
VEN,"Venezuela, RB",1960,
VGB,British Virgin Islands,1960,
VIR,Virgin Islands (U.S.),1960,
VNM,Viet Nam,1960,
VUT,Vanuatu,1960,
WSM,Samoa,1960,
XKX,Kosovo,1960,
YEM,"Yemen, Rep.",1960,
ZAF,South Africa,1960,
ZMB,Zambia,1960,
ZWE,Zimbabwe,1960,
ABW,Aruba,1961,
AFE,Africa Eastern and Southern,1961,-2.1823946741728
AFG,Afghanistan,1961,
AFW,Africa Western and Central,1961,-0.251184694000941
AGO,Angola,1961,
ALB,Albania,1961,
AND,Andorra,1961,
ARE,United Arab Emirates,1961,
ARG,Argentina,1961,3.69719814247078
ARM,Armenia,1961,
ASM,American Samoa,1961,
ATG,Antigua and Barbuda,1961,
AUS,Australia,1961,0.461907273703787
AUT,Austria,1961,4.96071718349167
AZE,Azerbaijan,1961,
BDI,Burundi,1961,-15.9019652409847
BEL,Belgium,1961,4.6302571341075
BEN,Benin,1961,1.45114408357531
BFA,Burkina Faso,1961,2.55023265344265
BGD,Bangladesh,1961,3.11041971905573
BGR,Bulgaria,1961,
BHR,Bahrain,1961,
BHS,"Bahamas, The",1961,5.34190503045808
BIH,Bosnia and Herzegovina,1961,
BLR,Belarus,1961,
BLZ,Belize,1961,2.29999307935888
BMU,Bermuda,1961,2.45886043672175
BOL,Bolivia,1961,0.0249947459172404
BRA,Brazil,1961,5.37233941645053
BRB,Barbados,1961,6.65489240850489
BRN,Brunei Darussalam,1961,
BTN,Bhutan,1961,
BWA,Botswana,1961,3.97104422565002
CAF,Central African Republic,1961,3.0031837642328
CAN,Canada,1961,1.12134622601145
CHE,Switzerland,1961,5.99064068661288
CHI,Channel Islands,1961,
CHL,Chile,1961,3.34640006200324
CHN,China,1961,-26.5276436063691
CIV,Cote d'Ivoire,1961,5.99461548115963
CMR,Cameroon,1961,-0.365494072590366
COD,"Congo, Dem. Rep.",1961,-13.1140646242232
COG,"Congo, Rep.",1961,5.5872755559119
COL,Colombia,1961,1.89646467365196
COM,Comoros,1961,
CPV,Cabo Verde,1961,
CRI,Costa Rica,1961,-1.84892293350329
CUB,Cuba,1961,
CUW,Curacao,1961,
CYM,Cayman Islands,1961,
CYP,Cyprus,1961,
CZE,Czechia,1961,
DEU,Germany,1961,3.49857633754948
DJI,Djibouti,1961,
DMA,Dominica,1961,
DNK,Denmark,1961,5.63874355341876
DOM,Dominican Republic,1961,-5.35100129947251
DZA,Algeria,1961,-15.1207305043075
EAR,Early-demographic dividend,1961,2.08175265229211
ECS,Europe & Central Asia,1961,3.99700849114294
ECU,Ecuador,1961,2.19841221373321
EGY,"Egypt, Arab Rep.",1961,2.47723455139828
ERI,Eritrea,1961,
ESP,Spain,1961,10.8044868564989
EST,Estonia,1961,
ETH,Ethiopia,1961,
FIN,Finland,1961,6.84796518131141
FJI,Fiji,1961,0.412843178740047
FRA,France,1961,3.86638337263079
FRO,Faroe Islands,1961,
FSM,"Micronesia, Fed. Sts.",1961,
GAB,Gabon,1961,13.4492519943536
GBR,United Kingdom,1961,1.92327393392759
GEO,Georgia,1961,3.2236940862677
GHA,Ghana,1961,0.520685688130399
GIB,Gibraltar,1961,
GIN,Guinea,1961,
GMB,"Gambia, The",1961,
GNB,Guinea-Bissau,1961,
GNQ,Equatorial Guinea,1961,
GRC,Greece,1961,12.3097924164889
GRD,Grenada,1961,
GRL,Greenland,1961,
GTM,Guatemala,1961,1.24530465223171
GUM,Guam,1961,
GUY,Guyana,1961,2.27700446180523
HKG,"Hong Kong SAR, China",1961,
HND,Honduras,1961,-1.17281759792066
HRV,Croatia,1961,
HTI,Haiti,1961,-4.67585608432115
HUN,Hungary,1961,4.23594777720469
IDB,IDA blend,1961,-0.744783606679562
IDN,Indonesia,1961,2.83461862501213
IMN,Isle of Man,1961,
IND,India,1961,1.26664879370229
IRL,Ireland,1961,5.17233251643493
IRN,"Iran, Islamic Rep.",1961,7.12149860032987
IRQ,Iraq,1961,4.7524598534924
ISL,Iceland,1961,-2.00260727283343
ISR,Israel,1961,7.5914182360993
ITA,Italy,1961,7.4864188391403
JAM,Jamaica,1961,
JOR,Jordan,1961,
JPN,Japan,1961,11.0440730403404
KAZ,Kazakhstan,1961,
KEN,Kenya,1961,-11.1513604419023
KGZ,Kyrgyz Republic,1961,
KHM,Cambodia,1961,
KIR,Kiribati,1961,
KNA,St. Kitts and Nevis,1961,
KOR,"Korea, Rep.",1961,3.79440570333784
KWT,Kuwait,1961,
LAO,Lao PDR,1961,
LBN,Lebanon,1961,
LBR,Liberia,1961,-0.0334695228826689
LBY,Libya,1961,5.45892663854784
LCA,St. Lucia,1961,
LCN,Latin America & Caribbean,1961,3.13297386690152
LIE,Liechtenstein,1961,
LKA,Sri Lanka,1961,
LSO,Lesotho,1961,-1.13198629168232
LTE,Late-demographic dividend,1961,-3.89297460162751
LTU,Lithuania,1961,
LUX,Luxembourg,1961,2.88784674125483
LVA,Latvia,1961,
MAC,"Macao SAR, China",1961,
MAF,St. Martin (French part),1961,
MAR,Morocco,1961,
MCO,Monaco,1961,
MDA,Moldova,1961,
MDG,Madagascar,1961,-0.579906019084788
MDV,Maldives,1961,
MEX,Mexico,1961,1.7701917694359
MHL,Marshall Islands,1961,
MKD,North Macedonia,1961,
MLI,Mali,1961,
MLT,Malta,1961,
MMR,Myanmar,1961,-1.70125940573504
MNE,Montenegro,1961,
MNG,Mongolia,1961,
MNP,Northern Mariana Islands,1961,
MOZ,Mozambique,1961,
MRT,Mauritania,1961,
MUS,Mauritius,1961,22.7722192316735
MWI,Malawi,1961,5.10760626252649
MYS,Malaysia,1961,4.8535505815973
NAM,Namibia,1961,
NCL,New Caledonia,1961,
NER,Niger,1961,1.55872572044737
NGA,Nigeria,1961,-1.84633532932391
NIC,Nicaragua,1961,4.33208013781379
NLD,Netherlands,1961,-1.01499757251717
NOR,Norway,1961,5.43249315473295
NPL,Nepal,1961,-0.015037989225533
NRU,Nauru,1961,
NZL,New Zealand,1961,1.27042933060444
OMN,Oman,1961,-0.615640333858281
PAK,Pakistan,1961,3.24971491199571
PAN,Panama,1961,7.68784469349302
PER,Peru,1961,4.26254576270506
PHL,Philippines,1961,2.38898324373426
PLW,Palau,1961,
PNG,Papua New Guinea,1961,3.53365055713559
POL,Poland,1961,
PRI,Puerto Rico (US),1961,5.18069147742668
PRK,"Korea, Dem. People's Rep.",1961,
PRT,Portugal,1961,4.6886685469465
PRY,Paraguay,1961,4.46654102381162
PSE,West Bank and Gaza,1961,
PYF,French Polynesia,1961,
QAT,Qatar,1961,
ROU,Romania,1961,
RUS,Russia,1961,
RWA,Rwanda,1961,-6.90003607832011
SAU,Saudi Arabia,1961,7.84948336340932
SDN,Sudan,1961,-2.69632481229755
SEN,Senegal,1961,0.132125345315728
SGP,Singapore,1961,4.58037393224981
SLB,Solomon Islands,1961,
SLE,Sierra Leone,1961,0.224133638565021
SLV,El Salvador,1961,
SMR,San Marino,1961,
SOM,"Somalia, Fed. Rep.",1961,-5.74340362801904
SRB,Serbia,1961,
SSD,South Sudan,1961,
STP,Sao Tome and Principe,1961,
SUR,Suriname,1961,1.39119837734107
SVK,Slovak Republic,1961,
SVN,Slovenia,1961,
SWE,Sweden,1961,5.18461872602253
SWZ,Eswatini,1961,
SXM,Sint Maarten (Dutch part),1961,
SYC,Seychelles,1961,-7.51919895418983
SYR,Syrian Arab Republic,1961,7.56556564549535
TCA,Turks and Caicos Islands,1961,
TCD,Chad,1961,-0.625977318575295
TGO,Togo,1961,10.2189069515129
THA,Thailand,1961,2.31911469387343
TJK,Tajikistan,1961,
TKM,Turkmenistan,1961,
TLS,Timor-Leste,1961,
TON,Tonga,1961,
TTO,Trinidad and Tobago,1961,11.6323866787764
TUN,Tunisia,1961,
TUR,Turkiye,1961,-1.58598491590956
TUV,Tuvalu,1961,
TZA,Tanzania,1961,-1.70554379832981
UGA,Uganda,1961,
UKR,Ukraine,1961,
URY,Uruguay,1961,1.20941667358304
USA,United States,1961,0.618121192654826
UZB,Uzbekistan,1961,
VCT,St. Vincent and the Grenadines,1961,2.72328397163879
VEN,"Venezuela, RB",1961,-0.417607562502624
VGB,British Virgin Islands,1961,
VIR,Virgin Islands (U.S.),1961,
VNM,Viet Nam,1961,
VUT,Vanuatu,1961,
WSM,Samoa,1961,
XKX,Kosovo,1961,
YEM,"Yemen, Rep.",1961,
ZAF,South Africa,1961,0.971241813995107
ZMB,Zambia,1961,-1.76463379683507
ZWE,Zimbabwe,1961,3.04281929850355
ABW,Aruba,1962,
AFE,Africa Eastern and Southern,1962,5.07537915253357
AFG,Afghanistan,1962,
AFW,Africa Western and Central,1962,1.53854225608676
AGO,Angola,1962,
ALB,Albania,1962,
AND,Andorra,1962,
ARE,United Arab Emirates,1962,
ARG,Argentina,1962,-2.48121195562244
ARM,Armenia,1962,
ASM,American Samoa,1962,
ATG,Antigua and Barbuda,1962,
AUS,Australia,1962,-1.14543513600115
AUT,Austria,1962,2.02146966677638
AZE,Azerbaijan,1962,
BDI,Burundi,1962,6.3318748882984
BEL,Belgium,1962,4.79403451766467
BEN,Benin,1962,-5.11105170438546
BFA,Burkina Faso,1962,4.58749878804011
BGD,Bangladesh,1962,2.43477384125657
BGR,Bulgaria,1962,
BHR,Bahrain,1962,
BHS,"Bahamas, The",1962,5.03996022525013
BIH,Bosnia and Herzegovina,1962,
BLR,Belarus,1962,
BLZ,Belize,1962,2.26056117997575
BMU,Bermuda,1962,1.83457609967974
BOL,Bolivia,1962,3.42321551120968
BRA,Brazil,1962,3.46591076186584
BRB,Barbados,1962,8.09822870233732
BRN,Brunei Darussalam,1962,
BTN,Bhutan,1962,
BWA,Botswana,1962,4.24893268151148
CAF,Central African Republic,1962,-5.54001494435076
CAN,Canada,1962,5.4482656324288
CHE,Switzerland,1962,2.16689096351588
CHI,Channel Islands,1962,
CHL,Chile,1962,1.82384341341766
CHN,China,1962,-6.35150486433241
CIV,Cote d'Ivoire,1962,-2.52815767861404
CMR,Cameroon,1962,1.12404670359109
COD,"Congo, Dem. Rep.",1962,18.0843023641037
COG,"Congo, Rep.",1962,2.48184375707561
COL,Colombia,1962,2.21235000803928
COM,Comoros,1962,
CPV,Cabo Verde,1962,
CRI,Costa Rica,1962,1.64167206421308
CUB,Cuba,1962,
CUW,Curacao,1962,
CYM,Cayman Islands,1962,
CYP,Cyprus,1962,
CZE,Czechia,1962,
DEU,Germany,1962,3.70741295299133
DJI,Djibouti,1962,
DMA,Dominica,1962,
DNK,Denmark,1962,4.84744696606217
DOM,Dominican Republic,1962,13.4582979902958
DZA,Algeria,1962,-20.8548956878044
EAR,Early-demographic dividend,1962,1.52306911733535
ECS,Europe & Central Asia,1962,3.5020179787042
ECU,Ecuador,1962,1.96244334429009
EGY,"Egypt, Arab Rep.",1962,1.17722365013691
ERI,Eritrea,1962,
ESP,Spain,1962,8.94647028978754
EST,Estonia,1962,
ETH,Ethiopia,1962,1.73003249839019
FIN,Finland,1962,2.28404856663769
FJI,Fiji,1962,0.446440451487049
FRA,France,1962,5.78849953083436
FRO,Faroe Islands,1962,
FSM,"Micronesia, Fed. Sts.",1962,
GAB,Gabon,1962,6.14195985787087
GBR,United Kingdom,1962,0.244341081997931
GEO,Georgia,1962,3.52806103163068
GHA,Ghana,1962,1.63024715880111
GIB,Gibraltar,1962,
GIN,Guinea,1962,
GMB,"Gambia, The",1962,
GNB,Guinea-Bissau,1962,
GNQ,Equatorial Guinea,1962,
GRC,Greece,1962,-0.231360587355027
GRD,Grenada,1962,
GRL,Greenland,1962,
GTM,Guatemala,1962,0.514884616909825
GUM,Guam,1962,
GUY,Guyana,1962,-1.08421136057522
HKG,"Hong Kong SAR, China",1962,9.55066114016627
HND,Honduras,1962,-0.663034857377269
HRV,Croatia,1962,
HTI,Haiti,1962,5.93166998350294
HUN,Hungary,1962,5.75338938904099
IDB,IDA blend,1962,1.51985047845756
IDN,Indonesia,1962,-0.976961856538082
IMN,Isle of Man,1962,
IND,India,1962,0.518501925930877
IRL,Ireland,1962,2.79244923072319
IRN,"Iran, Islamic Rep.",1962,4.6817182774419
IRQ,Iraq,1962,1.50890256413578
ISL,Iceland,1962,6.32579366822954
ISR,Israel,1962,4.96777850931873
ITA,Italy,1962,5.48747776983909
JAM,Jamaica,1962,
JOR,Jordan,1962,
JPN,Japan,1962,7.90171442068977
KAZ,Kazakhstan,1962,
KEN,Kenya,1962,5.34856718516423
KGZ,Kyrgyz Republic,1962,
KHM,Cambodia,1962,
KIR,Kiribati,1962,
KNA,St. Kitts and Nevis,1962,
KOR,"Korea, Rep.",1962,0.992381009299592
KWT,Kuwait,1962,
LAO,Lao PDR,1962,
LBN,Lebanon,1962,
LBR,Liberia,1962,-1.137874897858
LBY,Libya,1962,27.110687982789
LCA,St. Lucia,1962,
LCN,Latin America & Caribbean,1962,1.64840084612285
LIE,Liechtenstein,1962,
LKA,Sri Lanka,1962,1.31684935466225
LSO,Lesotho,1962,11.9403703211041
LTE,Late-demographic dividend,1962,1.65232688157921
LTU,Lithuania,1962,
LUX,Luxembourg,1962,0.124677245991506
LVA,Latvia,1962,
MAC,"Macao SAR, China",1962,
MAF,St. Martin (French part),1962,
MAR,Morocco,1962,
MCO,Monaco,1962,
MDA,Moldova,1962,
MDG,Madagascar,1962,-0.350066309250664
MDV,Maldives,1962,
MEX,Mexico,1962,1.35006650642337
MHL,Marshall Islands,1962,
MKD,North Macedonia,1962,
MLI,Mali,1962,
MLT,Malta,1962,
MMR,Myanmar,1962,1.82156023927051
MNE,Montenegro,1962,
MNG,Mongolia,1962,
MNP,Northern Mariana Islands,1962,
MOZ,Mozambique,1962,
MRT,Mauritania,1962,-1.94074898763785
MUS,Mauritius,1962,-2.01353667323183
MWI,Malawi,1962,-1.73237946148038
MYS,Malaysia,1962,3.6814554933174
NAM,Namibia,1962,
NCL,New Caledonia,1962,
NER,Niger,1962,7.12109867644189
NGA,Nigeria,1962,1.9396365743561
NIC,Nicaragua,1962,7.61684994201283
NLD,Netherlands,1962,5.33233687414109
NOR,Norway,1962,1.99124551879453
NPL,Nepal,1962,-0.0532796554804804
NRU,Nauru,1962,
NZL,New Zealand,1962,0.493468772713896
OMN,Oman,1962,17.9833112928673
PAK,Pakistan,1962,1.80364067918669
PAN,Panama,1962,5.03615649563078
PER,Peru,1962,6.87758002022207
PHL,Philippines,1962,1.56260048747083
PLW,Palau,1962,
PNG,Papua New Guinea,1962,3.94619691734745
POL,Poland,1962,
PRI,Puerto Rico (US),1962,6.08639852079264
PRK,"Korea, Dem. People's Rep.",1962,
PRT,Portugal,1962,5.84786324336453
PRY,Paraguay,1962,0.905818908144738
PSE,West Bank and Gaza,1962,
PYF,French Polynesia,1962,
QAT,Qatar,1962,
ROU,Romania,1962,
RUS,Russia,1962,
RWA,Rwanda,1962,8.56459279549708
SAU,Saudi Arabia,1962,7.88446578769546
SDN,Sudan,1962,3.94674534576613
SEN,Senegal,1962,-2.91376823490218
SGP,Singapore,1962,4.61603438059741
SLB,Solomon Islands,1962,
SLE,Sierra Leone,1962,2.84424873737809
SLV,El Salvador,1962,
SMR,San Marino,1962,
SOM,"Somalia, Fed. Rep.",1962,4.31900196431485
SRB,Serbia,1962,
SSD,South Sudan,1962,
STP,Sao Tome and Principe,1962,
SUR,Suriname,1962,-0.16982409436126
SVK,Slovak Republic,1962,
SVN,Slovenia,1962,
SWE,Sweden,1962,3.68560497853166
SWZ,Eswatini,1962,
SXM,Sint Maarten (Dutch part),1962,
SYC,Seychelles,1962,5.57049276462367
SYR,Syrian Arab Republic,1962,20.9088452912335
TCA,Turks and Caicos Islands,1962,
TCD,Chad,1962,3.24830071213836
TGO,Togo,1962,1.96269088245819
THA,Thailand,1962,4.41722137266704
TJK,Tajikistan,1962,
TKM,Turkmenistan,1962,
TLS,Timor-Leste,1962,
TON,Tonga,1962,
TTO,Trinidad and Tobago,1962,0.752266670830878
TUN,Tunisia,1962,-5.7443578705971
TUR,Turkiye,1962,2.75920742312093
TUV,Tuvalu,1962,
TZA,Tanzania,1962,5.97740269532787
UGA,Uganda,1962,
UKR,Ukraine,1962,
URY,Uruguay,1962,-2.76075616219634
USA,United States,1962,4.48066935423357
UZB,Uzbekistan,1962,
VCT,St. Vincent and the Grenadines,1962,2.07054721676397
VEN,"Venezuela, RB",1962,4.80288762991523
VGB,British Virgin Islands,1962,
VIR,Virgin Islands (U.S.),1962,
VNM,Viet Nam,1962,
VUT,Vanuatu,1962,
WSM,Samoa,1962,
XKX,Kosovo,1962,
YEM,"Yemen, Rep.",1962,
ZAF,South Africa,1962,3.06615974918007
ZMB,Zambia,1962,-5.51106619023926
ZWE,Zimbabwe,1962,-1.70557793649529
ABW,Aruba,1963,
AFE,Africa Eastern and Southern,1963,2.79564218983614
AFG,Afghanistan,1963,
AFW,Africa Western and Central,1963,4.74066029956172
AGO,Angola,1963,
ALB,Albania,1963,
AND,Andorra,1963,
ARE,United Arab Emirates,1963,
ARG,Argentina,1963,-6.85164319621322
ARM,Armenia,1963,
ASM,American Samoa,1963,
ATG,Antigua and Barbuda,1963,
AUS,Australia,1963,4.19678819635753
AUT,Austria,1963,3.47146615932409
AZE,Azerbaijan,1963,
BDI,Burundi,1963,1.96499713773683
BEL,Belgium,1963,3.57435354079981
BEN,Benin,1963,2.82528075783458
BFA,Burkina Faso,1963,-2.73014695828537
BGD,Bangladesh,1963,-3.31559302385679
BGR,Bulgaria,1963,
BHR,Bahrain,1963,
BHS,"Bahamas, The",1963,5.12904592754285
BIH,Bosnia and Herzegovina,1963,
BLR,Belarus,1963,
BLZ,Belize,1963,2.12580899656064
BMU,Bermuda,1963,-1.38430238750236
BOL,Bolivia,1963,4.5900464977892
BRA,Brazil,1963,-2.32140190832382
BRB,Barbados,1963,-6.01062700790673
BRN,Brunei Darussalam,1963,
BTN,Bhutan,1963,
BWA,Botswana,1963,3.47302666538545
CAF,Central African Republic,1963,-2.63156435254359
CAN,Canada,1963,3.35406802873419
CHE,Switzerland,1963,2.66102841483658
CHI,Channel Islands,1963,
CHL,Chile,1963,3.57681333197451
CHN,China,1963,7.62225446093558
CIV,Cote d'Ivoire,1963,10.1713603588897
CMR,Cameroon,1963,1.49905060205057
COD,"Congo, Dem. Rep.",1963,2.46136136082029
COG,"Congo, Rep.",1963,-6.55502405879515
COL,Colombia,1963,0.179781805885455
COM,Comoros,1963,
CPV,Cabo Verde,1963,
CRI,Costa Rica,1963,3.13560952829692
CUB,Cuba,1963,
CUW,Curacao,1963,
CYM,Cayman Islands,1963,
CYP,Cyprus,1963,
CZE,Czechia,1963,
DEU,Germany,1963,1.78848581862871
DJI,Djibouti,1963,
DMA,Dominica,1963,
DNK,Denmark,1963,-0.152610055415678
DOM,Dominican Republic,1963,3.28696812168607
DZA,Algeria,1963,32.28091690407
EAR,Early-demographic dividend,1963,2.60274983951322
ECS,Europe & Central Asia,1963,3.66786867917929
ECU,Ecuador,1963,-0.801582911510138
EGY,"Egypt, Arab Rep.",1963,7.65044443289365
ERI,Eritrea,1963,
ESP,Spain,1963,8.63949298897285
EST,Estonia,1963,
ETH,Ethiopia,1963,1.85932914425273
FIN,Finland,1963,2.55747236438685
FJI,Fiji,1963,3.06944385100989
FRA,France,1963,5.04387858193047
FRO,Faroe Islands,1963,
FSM,"Micronesia, Fed. Sts.",1963,
GAB,Gabon,1963,4.73436938676342
GBR,United Kingdom,1963,4.0777405470716
GEO,Georgia,1963,2.67821230245555
GHA,Ghana,1963,1.9421078355863
GIB,Gibraltar,1963,
GIN,Guinea,1963,
GMB,"Gambia, The",1963,
GNB,Guinea-Bissau,1963,
GNQ,Equatorial Guinea,1963,
GRC,Greece,1963,11.4308113206522
GRD,Grenada,1963,
GRL,Greenland,1963,
GTM,Guatemala,1963,6.37786429691099
GUM,Guam,1963,
GUY,Guyana,1963,-14.1635784367185
HKG,"Hong Kong SAR, China",1963,11.8484609672538
HND,Honduras,1963,-1.56531172281366
HRV,Croatia,1963,
HTI,Haiti,1963,-3.6148307247875
HUN,Hungary,1963,5.41581974013145
IDB,IDA blend,1963,5.44931675393072
IDN,Indonesia,1963,-4.96028019732194
IMN,Isle of Man,1963,
IND,India,1963,3.53649105320284
IRL,Ireland,1963,4.13510941702187
IRN,"Iran, Islamic Rep.",1963,3.80565406202224
IRQ,Iraq,1963,-0.946584362345931
ISL,Iceland,1963,8.33560913663223
ISR,Israel,1963,6.69411230866331
ITA,Italy,1963,4.84205248927549
JAM,Jamaica,1963,
JOR,Jordan,1963,
JPN,Japan,1963,7.37985706283402
KAZ,Kazakhstan,1963,
KEN,Kenya,1963,4.63467589113695
KGZ,Kyrgyz Republic,1963,
KHM,Cambodia,1963,
KIR,Kiribati,1963,
KNA,St. Kitts and Nevis,1963,
KOR,"Korea, Rep.",1963,6.01596162533625
KWT,Kuwait,1963,
LAO,Lao PDR,1963,
LBN,Lebanon,1963,
LBR,Liberia,1963,-0.256540918399494
LBY,Libya,1963,29.5493764317775
LCA,St. Lucia,1963,
LCN,Latin America & Caribbean,1963,-0.62752262449257
LIE,Liechtenstein,1963,
LKA,Sri Lanka,1963,0.0385451735382105
LSO,Lesotho,1963,7.37932648009554
LTE,Late-demographic dividend,1963,1.78032547470769
LTU,Lithuania,1963,
LUX,Luxembourg,1963,2.36992923273212
LVA,Latvia,1963,
MAC,"Macao SAR, China",1963,
MAF,St. Martin (French part),1963,
MAR,Morocco,1963,
MCO,Monaco,1963,
MDA,Moldova,1963,
MDG,Madagascar,1963,-3.45826207581229
MDV,Maldives,1963,
MEX,Mexico,1963,4.6440035154278
MHL,Marshall Islands,1963,
MKD,North Macedonia,1963,
MLI,Mali,1963,
MLT,Malta,1963,
MMR,Myanmar,1963,10.8654054640746
MNE,Montenegro,1963,
MNG,Mongolia,1963,
MNP,Northern Mariana Islands,1963,
MOZ,Mozambique,1963,
MRT,Mauritania,1963,-4.64299557553767
MUS,Mauritius,1963,10.9615309767461
MWI,Malawi,1963,-3.772528974533
MYS,Malaysia,1963,4.56881013942851
NAM,Namibia,1963,
NCL,New Caledonia,1963,
NER,Niger,1963,6.29886148775269
NGA,Nigeria,1963,6.29657144195835
NIC,Nicaragua,1963,7.57736353106515
NLD,Netherlands,1963,2.23663133686642
NOR,Norway,1963,3.00325931741799
NPL,Nepal,1963,-0.0868151307077909
NRU,Nauru,1963,
NZL,New Zealand,1963,4.01510991557809
OMN,Oman,1963,2.50222727157039
PAK,Pakistan,1963,5.84972077942716
PAN,Panama,1963,5.29502127278528
PER,Peru,1963,1.3447722751355
PHL,Philippines,1963,3.69778991010874
PLW,Palau,1963,
PNG,Papua New Guinea,1963,1.76607504650225
POL,Poland,1963,
PRI,Puerto Rico (US),1963,6.29940580004344
PRK,"Korea, Dem. People's Rep.",1963,
PRT,Portugal,1963,5.44729290567632
PRY,Paraguay,1963,2.18413249626946
PSE,West Bank and Gaza,1963,
PYF,French Polynesia,1963,
QAT,Qatar,1963,
ROU,Romania,1963,
RUS,Russia,1963,
RWA,Rwanda,1963,-11.8367546654522
SAU,Saudi Arabia,1963,4.7616755888949
SDN,Sudan,1963,-5.59309242466959
SEN,Senegal,1963,-0.970509913931352
SGP,Singapore,1963,7.29376675914222
SLB,Solomon Islands,1963,
SLE,Sierra Leone,1963,-0.0085866625913411
SLV,El Salvador,1963,
SMR,San Marino,1963,
SOM,"Somalia, Fed. Rep.",1963,0.155585601934334
SRB,Serbia,1963,
SSD,South Sudan,1963,
STP,Sao Tome and Principe,1963,
SUR,Suriname,1963,0.934934048349433
SVK,Slovak Republic,1963,
SVN,Slovenia,1963,
SWE,Sweden,1963,4.73593992428525
SWZ,Eswatini,1963,
SXM,Sint Maarten (Dutch part),1963,
SYC,Seychelles,1963,7.37099843045395
SYR,Syrian Arab Republic,1963,-11.3540724715268
TCA,Turks and Caicos Islands,1963,
TCD,Chad,1963,-3.58230894512012
TGO,Togo,1963,3.08937266234462
THA,Thailand,1963,4.8297234498835
TJK,Tajikistan,1963,
TKM,Turkmenistan,1963,
TLS,Timor-Leste,1963,
TON,Tonga,1963,
TTO,Trinidad and Tobago,1963,3.64865998448745
TUN,Tunisia,1963,-11.9033709934457
TUR,Turkiye,1963,6.18871069931318
TUV,Tuvalu,1963,
TZA,Tanzania,1963,3.19237972681053
UGA,Uganda,1963,
UKR,Ukraine,1963,
URY,Uruguay,1963,-0.992752170102321
USA,United States,1963,2.90827194808745
UZB,Uzbekistan,1963,
VCT,St. Vincent and the Grenadines,1963,-7.62810886582699
VEN,"Venezuela, RB",1963,0.380076592706445
VGB,British Virgin Islands,1963,
VIR,Virgin Islands (U.S.),1963,
VNM,Viet Nam,1963,
VUT,Vanuatu,1963,
WSM,Samoa,1963,
XKX,Kosovo,1963,
YEM,"Yemen, Rep.",1963,
ZAF,South Africa,1963,4.16801637574393
ZMB,Zambia,1963,0.0600764246322001
ZWE,Zimbabwe,1963,2.94681504005302
ABW,Aruba,1964,
AFE,Africa Eastern and Southern,1964,1.79038395523119
AFG,Afghanistan,1964,
AFW,Africa Western and Central,1964,3.08696209943508
AGO,Angola,1964,
ALB,Albania,1964,
AND,Andorra,1964,
ARE,United Arab Emirates,1964,
ARG,Argentina,1964,8.3710623352716
ARM,Armenia,1964,
ASM,American Samoa,1964,
ATG,Antigua and Barbuda,1964,
AUS,Australia,1964,4.89875635634509
AUT,Austria,1964,5.41933601415174
AZE,Azerbaijan,1964,
BDI,Burundi,1964,3.28867021830364
BEL,Belgium,1964,5.94913935630518
BEN,Benin,1964,4.63548010020787
BFA,Burkina Faso,1964,0.72143838526857
BGD,Bangladesh,1964,7.76033319575897
BGR,Bulgaria,1964,
BHR,Bahrain,1964,
BHS,"Bahamas, The",1964,5.47259346808362
BIH,Bosnia and Herzegovina,1964,
BLR,Belarus,1964,
BLZ,Belize,1964,2.003957924091
BMU,Bermuda,1964,8.54831716087978
BOL,Bolivia,1964,1.783842069717
BRA,Brazil,1964,0.450644645425385
BRB,Barbados,1964,3.95420560983612
BRN,Brunei Darussalam,1964,
BTN,Bhutan,1964,
BWA,Botswana,1964,4.32310983029652
CAF,Central African Republic,1964,0.0537927960757401
CAN,Canada,1964,4.66361623178221
CHE,Switzerland,1964,3.52946190670995
CHI,Channel Islands,1964,
CHL,Chile,1964,0.463701102108359
CHN,China,1964,15.468995418925
CIV,Cote d'Ivoire,1964,13.1580774784306
CMR,Cameroon,1964,1.28931190798191
COD,"Congo, Dem. Rep.",1964,-5.01641944581635
COG,"Congo, Rep.",1964,1.02850314621725
COL,Colombia,1964,3.01524652693574
COM,Comoros,1964,
CPV,Cabo Verde,1964,
CRI,Costa Rica,1964,0.12103354613113
CUB,Cuba,1964,
CUW,Curacao,1964,
CYM,Cayman Islands,1964,
CYP,Cyprus,1964,
CZE,Czechia,1964,
DEU,Germany,1964,5.78431914347539
DJI,Djibouti,1964,
DMA,Dominica,1964,
DNK,Denmark,1964,8.40011926479715
DOM,Dominican Republic,1964,3.58168615235215
DZA,Algeria,1964,4.12149478069479
EAR,Early-demographic dividend,1964,5.69277526856604
ECS,Europe & Central Asia,1964,4.66169443154062
ECU,Ecuador,1964,4.31632845999789
EGY,"Egypt, Arab Rep.",1964,8.64303260452279
ERI,Eritrea,1964,
ESP,Spain,1964,4.26724541658068
EST,Estonia,1964,
ETH,Ethiopia,1964,1.38597692696713
FIN,Finland,1964,4.65485282571372
FJI,Fiji,1964,1.66270755995397
FRA,France,1964,5.4524483404827
FRO,Faroe Islands,1964,
FSM,"Micronesia, Fed. Sts.",1964,
GAB,Gabon,1964,3.15594802056076
GBR,United Kingdom,1964,4.91040021256917
GEO,Georgia,1964,3.95314302001827
GHA,Ghana,1964,-0.194917692932407
GIB,Gibraltar,1964,
GIN,Guinea,1964,
GMB,"Gambia, The",1964,
GNB,Guinea-Bissau,1964,
GNQ,Equatorial Guinea,1964,
GRC,Greece,1964,9.01366253990649
GRD,Grenada,1964,
GRL,Greenland,1964,
GTM,Guatemala,1964,1.63794158215431
GUM,Guam,1964,
GUY,Guyana,1964,8.99127668800487
HKG,"Hong Kong SAR, China",1964,6.03332355968347
HND,Honduras,1964,-1.30939968375499
HRV,Croatia,1964,
HTI,Haiti,1964,-3.38315800607256
HUN,Hungary,1964,4.37008616247223
IDB,IDA blend,1964,3.11139577768611
IDN,Indonesia,1964,0.615174818388283
IMN,Isle of Man,1964,
IND,India,1964,4.96611887042545
IRL,Ireland,1964,3.28269983740003
IRN,"Iran, Islamic Rep.",1964,5.14958008696871
IRQ,Iraq,1964,11.0377849092356
ISL,Iceland,1964,7.94572539855783
ISR,Israel,1964,3.75053191908125
ITA,Italy,1964,1.95553270968054
JAM,Jamaica,1964,
JOR,Jordan,1964,
JPN,Japan,1964,10.5207920914169
KAZ,Kazakhstan,1964,
KEN,Kenya,1964,0.922365577792576
KGZ,Kyrgyz Republic,1964,
KHM,Cambodia,1964,
KIR,Kiribati,1964,
KNA,St. Kitts and Nevis,1964,
KOR,"Korea, Rep.",1964,6.60187460075853
KWT,Kuwait,1964,
LAO,Lao PDR,1964,
LBN,Lebanon,1964,
LBR,Liberia,1964,2.53465906881772
LBY,Libya,1964,39.8407474907534
LCA,St. Lucia,1964,
LCN,Latin America & Caribbean,1964,4.56224320693738
LIE,Liechtenstein,1964,
LKA,Sri Lanka,1964,1.38658457867882
LSO,Lesotho,1964,5.11048794058154
LTE,Late-demographic dividend,1964,4.8529220461316
LTU,Lithuania,1964,
LUX,Luxembourg,1964,6.66457702591315
LVA,Latvia,1964,
MAC,"Macao SAR, China",1964,
MAF,St. Martin (French part),1964,
MAR,Morocco,1964,
MCO,Monaco,1964,
MDA,Moldova,1964,
MDG,Madagascar,1964,1.30970531262919
MDV,Maldives,1964,
MEX,Mexico,1964,8.29429095834888
MHL,Marshall Islands,1964,
MKD,North Macedonia,1964,
MLI,Mali,1964,
MLT,Malta,1964,
MMR,Myanmar,1964,-7.97103480675398
MNE,Montenegro,1964,
MNG,Mongolia,1964,
MNP,Northern Mariana Islands,1964,
MOZ,Mozambique,1964,
MRT,Mauritania,1964,24.1431569088829
MUS,Mauritius,1964,-9.10478111581794
MWI,Malawi,1964,0.175055259341718
MYS,Malaysia,1964,2.6589235229322
NAM,Namibia,1964,
NCL,New Caledonia,1964,
NER,Niger,1964,-2.71685097378995
NGA,Nigeria,1964,2.72685251932903
NIC,Nicaragua,1964,8.36354337479248
NLD,Netherlands,1964,6.83606817503899
NOR,Norway,1964,4.21939369926338
NPL,Nepal,1964,5.40492265049775
NRU,Nauru,1964,
NZL,New Zealand,1964,3.90357237045234
OMN,Oman,1964,-1.9789200405959
PAK,Pakistan,1964,4.70640502795456
PAN,Panama,1964,1.31240070224766
PER,Peru,1964,3.50956003716728
PHL,Philippines,1964,0.23829895771317
PLW,Palau,1964,
PNG,Papua New Guinea,1964,6.24098119984828
POL,Poland,1964,
PRI,Puerto Rico (US),1964,4.98448171961014
PRK,"Korea, Dem. People's Rep.",1964,
PRT,Portugal,1964,6.25179936615422
PRY,Paraguay,1964,1.63823007043106
PSE,West Bank and Gaza,1964,
PYF,French Polynesia,1964,
QAT,Qatar,1964,
ROU,Romania,1964,
RUS,Russia,1964,
RWA,Rwanda,1964,-14.4584228191122
SAU,Saudi Arabia,1964,4.82088016863349
SDN,Sudan,1964,-4.01225792797402
SEN,Senegal,1964,0.977287295701117
SGP,Singapore,1964,-5.55505367070347
SLB,Solomon Islands,1964,
SLE,Sierra Leone,1964,4.83122088172789
SLV,El Salvador,1964,
SMR,San Marino,1964,
SOM,"Somalia, Fed. Rep.",1964,-8.53475903013596
SRB,Serbia,1964,
SSD,South Sudan,1964,
STP,Sao Tome and Principe,1964,
SUR,Suriname,1964,2.36221408150745
SVK,Slovak Republic,1964,
SVN,Slovenia,1964,
SWE,Sweden,1964,6.0260590887647
SWZ,Eswatini,1964,
SXM,Sint Maarten (Dutch part),1964,
SYC,Seychelles,1964,3.29881863793018
SYR,Syrian Arab Republic,1964,5.98187100656062
TCA,Turks and Caicos Islands,1964,
TCD,Chad,1964,-4.47323073421776
TGO,Togo,1964,11.8545881605089
THA,Thailand,1964,3.68665217687901
TJK,Tajikistan,1964,
TKM,Turkmenistan,1964,
TLS,Timor-Leste,1964,
TON,Tonga,1964,
TTO,Trinidad and Tobago,1964,5.72549239960505
TUN,Tunisia,1964,-6.0079353248876
TUR,Turkiye,1964,2.73012312351202
TUV,Tuvalu,1964,
TZA,Tanzania,1964,2.39831571340237
UGA,Uganda,1964,
UKR,Ukraine,1964,
URY,Uruguay,1964,1.30483248104743
USA,United States,1964,4.34054896320298
UZB,Uzbekistan,1964,
VCT,St. Vincent and the Grenadines,1964,2.25356406476899
VEN,"Venezuela, RB",1964,7.41199126763415
VGB,British Virgin Islands,1964,
VIR,Virgin Islands (U.S.),1964,
VNM,Viet Nam,1964,
VUT,Vanuatu,1964,
WSM,Samoa,1964,
XKX,Kosovo,1964,
YEM,"Yemen, Rep.",1964,
ZAF,South Africa,1964,4.69292946899671
ZMB,Zambia,1964,8.72843336324306
ZWE,Zimbabwe,1964,-4.17666071409528
ABW,Aruba,1965,
AFE,Africa Eastern and Southern,1965,2.22502891125596
AFG,Afghanistan,1965,
AFW,Africa Western and Central,1965,1.82344974956914
AGO,Angola,1965,
ALB,Albania,1965,
AND,Andorra,1965,
ARE,United Arab Emirates,1965,
ARG,Argentina,1965,8.85345574605236
ARM,Armenia,1965,
ASM,American Samoa,1965,
ATG,Antigua and Barbuda,1965,
AUS,Australia,1965,3.92086428494349
AUT,Austria,1965,2.81001278561541
AZE,Azerbaijan,1965,
BDI,Burundi,1965,1.13032095040056
BEL,Belgium,1965,2.62444466112024
BEN,Benin,1965,3.2347817246031
BFA,Burkina Faso,1965,2.11732800572504
BGD,Bangladesh,1965,-1.31822516540159
BGR,Bulgaria,1965,
BHR,Bahrain,1965,
BHS,"Bahamas, The",1965,5.6309736668166
BIH,Bosnia and Herzegovina,1965,
BLR,Belarus,1965,
BLZ,Belize,1965,1.85104139469397
BMU,Bermuda,1965,2.44014244791484
BOL,Bolivia,1965,2.69764176427296
BRA,Brazil,1965,-0.445326274798447
BRB,Barbados,1965,10.3044843174269
BRN,Brunei Darussalam,1965,
BTN,Bhutan,1965,
BWA,Botswana,1965,4.26761564409675
CAF,Central African Republic,1965,-1.10975097625821
CAN,Canada,1965,4.40999547697645
CHE,Switzerland,1965,0.932190616476618
CHI,Channel Islands,1965,
CHL,Chile,1965,-1.23260501621641
CHN,China,1965,14.197889011518
CIV,Cote d'Ivoire,1965,-6.78308326844027
CMR,Cameroon,1965,-0.235078965206341
COD,"Congo, Dem. Rep.",1965,-1.74073156630351
COG,"Congo, Rep.",1965,0.838471636514953
COL,Colombia,1965,0.568603228415853
COM,Comoros,1965,
CPV,Cabo Verde,1965,
CRI,Costa Rica,1965,4.62684698883929
CUB,Cuba,1965,
CUW,Curacao,1965,
CYM,Cayman Islands,1965,
CYP,Cyprus,1965,
CZE,Czechia,1965,
DEU,Germany,1965,4.35005057954751
DJI,Djibouti,1965,
DMA,Dominica,1965,
DNK,Denmark,1965,3.74368486786547
DOM,Dominican Republic,1965,-15.0185757034423
DZA,Algeria,1965,4.60801149224909
EAR,Early-demographic dividend,1965,3.46000452615773
ECS,Europe & Central Asia,1965,3.33003525079786
ECU,Ecuador,1965,0.275625276060424
EGY,"Egypt, Arab Rep.",1965,2.27569981183935
ERI,Eritrea,1965,
ESP,Spain,1965,5.10563214429321
EST,Estonia,1965,
ETH,Ethiopia,1965,2.96970335866082
FIN,Finland,1965,4.95238912726886
FJI,Fiji,1965,-5.6344435168931
FRA,France,1965,3.83774871392582
FRO,Faroe Islands,1965,
FSM,"Micronesia, Fed. Sts.",1965,
GAB,Gabon,1965,6.81613592850623
GBR,United Kingdom,1965,1.47628088945268
GEO,Georgia,1965,9.11237538043233
GHA,Ghana,1965,-1.03407959340102
GIB,Gibraltar,1965,
GIN,Guinea,1965,
GMB,"Gambia, The",1965,
GNB,Guinea-Bissau,1965,
GNQ,Equatorial Guinea,1965,
GRC,Greece,1965,10.2510619000191
GRD,Grenada,1965,
GRL,Greenland,1965,
GTM,Guatemala,1965,1.39268261709906
GUM,Guam,1965,
GUY,Guyana,1965,8.21507788896072
HKG,"Hong Kong SAR, China",1965,11.669152773389
HND,Honduras,1965,-0.321000605632065
HRV,Croatia,1965,
HTI,Haiti,1965,0.285462309531511
HUN,Hungary,1965,42.0160746659795
IDB,IDA blend,1965,2.45680751152726
IDN,Indonesia,1965,-1.44271070505764
IMN,Isle of Man,1965,
IND,India,1965,-4.80310349916745
IRL,Ireland,1965,1.55261220552592
IRN,"Iran, Islamic Rep.",1965,13.4170811901393
IRQ,Iraq,1965,7.08296836991325
ISL,Iceland,1965,5.45329248433333
ISR,Israel,1965,5.25552870349932
ITA,Italy,1965,2.40204614684994
JAM,Jamaica,1965,
JOR,Jordan,1965,
JPN,Japan,1965,4.68645001649351
KAZ,Kazakhstan,1965,
KEN,Kenya,1965,-1.97317083215169
KGZ,Kyrgyz Republic,1965,
KHM,Cambodia,1965,
KIR,Kiribati,1965,
KNA,St. Kitts and Nevis,1965,
KOR,"Korea, Rep.",1965,4.61994887637964
KWT,Kuwait,1965,
LAO,Lao PDR,1965,
LBN,Lebanon,1965,
LBR,Liberia,1965,2.16322002071381
LBY,Libya,1965,24.5740948385494
LCA,St. Lucia,1965,
LCN,Latin America & Caribbean,1965,2.77896605951851
LIE,Liechtenstein,1965,
LKA,Sri Lanka,1965,0.0614065526938816
LSO,Lesotho,1965,-0.794535884595675
LTE,Late-demographic dividend,1965,4.32834411920322
LTU,Lithuania,1965,
LUX,Luxembourg,1965,-1.85784159538061
LVA,Latvia,1965,
MAC,"Macao SAR, China",1965,
MAF,St. Martin (French part),1965,
MAR,Morocco,1965,
MCO,Monaco,1965,
MDA,Moldova,1965,
MDG,Madagascar,1965,-3.00552823602152
MDV,Maldives,1965,
MEX,Mexico,1965,3.62109187320065
MHL,Marshall Islands,1965,
MKD,North Macedonia,1965,
MLI,Mali,1965,
MLT,Malta,1965,
MMR,Myanmar,1965,8.22108185350304
MNE,Montenegro,1965,
MNG,Mongolia,1965,
MNP,Northern Mariana Islands,1965,
MOZ,Mozambique,1965,
MRT,Mauritania,1965,12.837398694609
MUS,Mauritius,1965,0.919382806421837
MWI,Malawi,1965,10.8746020310029
MYS,Malaysia,1965,4.97381465245223
NAM,Namibia,1965,
NCL,New Caledonia,1965,
NER,Niger,1965,3.91308368615822
NGA,Nigeria,1965,2.63438386145218
NIC,Nicaragua,1965,6.22225013795369
NLD,Netherlands,1965,7.16198201451144
NOR,Norway,1965,4.47036790459711
NPL,Nepal,1965,-3.21052171467907
NRU,Nauru,1965,
NZL,New Zealand,1965,4.37576912213771
OMN,Oman,1965,-1.72465323249602
PAK,Pakistan,1965,7.43938016331487
PAN,Panama,1965,5.92652355351542
PER,Peru,1965,2.63022894422507
PHL,Philippines,1965,2.17335619647653
PLW,Palau,1965,
PNG,Papua New Guinea,1965,7.92611149361882
POL,Poland,1965,
PRI,Puerto Rico (US),1965,7.52366043745889
PRK,"Korea, Dem. People's Rep.",1965,
PRT,Portugal,1965,7.90812760757169
PRY,Paraguay,1965,3.56730082203509
PSE,West Bank and Gaza,1965,
PYF,French Polynesia,1965,
QAT,Qatar,1965,
ROU,Romania,1965,
RUS,Russia,1965,
RWA,Rwanda,1965,4.24689589114762
SAU,Saudi Arabia,1965,8.04749144324057
SDN,Sudan,1965,3.6113949470524
SEN,Senegal,1965,-1.54351319619443
SGP,Singapore,1965,5.24541526942724
SLB,Solomon Islands,1965,
SLE,Sierra Leone,1965,5.25785906062177
SLV,El Salvador,1965,
SMR,San Marino,1965,
SOM,"Somalia, Fed. Rep.",1965,-8.38493563042768
SRB,Serbia,1965,
SSD,South Sudan,1965,
STP,Sao Tome and Principe,1965,
SUR,Suriname,1965,8.16435000088789
SVK,Slovak Republic,1965,
SVN,Slovenia,1965,
SWE,Sweden,1965,2.84825977842331
SWZ,Eswatini,1965,
SXM,Sint Maarten (Dutch part),1965,
SYC,Seychelles,1965,-3.51426890611373
SYR,Syrian Arab Republic,1965,-0.828367586194517
TCA,Turks and Caicos Islands,1965,
TCD,Chad,1965,-1.38373144830778
TGO,Togo,1965,12.3249119136597
THA,Thailand,1965,4.99623941342099
TJK,Tajikistan,1965,
TKM,Turkmenistan,1965,
TLS,Timor-Leste,1965,
TON,Tonga,1965,
TTO,Trinidad and Tobago,1965,-0.98310619137763
TUN,Tunisia,1965,-4.06477764973445
TUR,Turkiye,1965,0.273548786584698
TUV,Tuvalu,1965,
TZA,Tanzania,1965,1.24488509828716
UGA,Uganda,1965,
UKR,Ukraine,1965,
URY,Uruguay,1965,-0.0092214385512079
USA,United States,1965,5.07809761043299
UZB,Uzbekistan,1965,
VCT,St. Vincent and the Grenadines,1965,-0.42207444020724
VEN,"Venezuela, RB",1965,0.724945031451043
VGB,British Virgin Islands,1965,
VIR,Virgin Islands (U.S.),1965,
VNM,Viet Nam,1965,
VUT,Vanuatu,1965,
WSM,Samoa,1965,
XKX,Kosovo,1965,
YEM,"Yemen, Rep.",1965,
ZAF,South Africa,1965,2.90944105494447
ZMB,Zambia,1965,13.0119756113922
ZWE,Zimbabwe,1965,1.65260899408277
ABW,Aruba,1966,
AFE,Africa Eastern and Southern,1966,1.92244189093047
AFG,Afghanistan,1966,
AFW,Africa Western and Central,1966,-3.70352877466875
AGO,Angola,1966,
ALB,Albania,1966,
AND,Andorra,1966,
ARE,United Arab Emirates,1966,
ARG,Argentina,1966,-2.16954271817043
ARM,Armenia,1966,
ASM,American Samoa,1966,
ATG,Antigua and Barbuda,1966,
AUS,Australia,1966,0.0699690591845439
AUT,Austria,1966,4.90447900377819
AZE,Azerbaijan,1966,
BDI,Burundi,1966,2.12302317412258
BEL,Belgium,1966,2.46146245343834
BEN,Benin,1966,1.50086168721739
BFA,Burkina Faso,1966,-1.09580812913819
BGD,Bangladesh,1966,-0.372470692121908
BGR,Bulgaria,1966,
BHR,Bahrain,1966,
BHS,"Bahamas, The",1966,4.19702466554497
BIH,Bosnia and Herzegovina,1966,
BLR,Belarus,1966,
BLZ,Belize,1966,1.63372027186317
BMU,Bermuda,1966,11.8352607237812
BOL,Bolivia,1966,4.88010875329759
BRA,Brazil,1966,3.82403827848321
BRB,Barbados,1966,2.90855869677198
BRN,Brunei Darussalam,1966,
BTN,Bhutan,1966,
BWA,Botswana,1966,5.75475870754094
CAF,Central African Republic,1966,-1.46604280307963
CAN,Canada,1966,4.78936463383044
CHE,Switzerland,1966,1.39615645187195
CHI,Channel Islands,1966,
CHL,Chile,1966,9.41443342353779
CHN,China,1966,7.608403928295
CIV,Cote d'Ivoire,1966,7.34524241238725
CMR,Cameroon,1966,2.23836086930811
COD,"Congo, Dem. Rep.",1966,3.77366630730698
COG,"Congo, Rep.",1966,-1.46789726752979
COL,Colombia,1966,2.23404869496953
COM,Comoros,1966,
CPV,Cabo Verde,1966,
CRI,Costa Rica,1966,3.57971572310676
CUB,Cuba,1966,
CUW,Curacao,1966,
CYM,Cayman Islands,1966,
CYP,Cyprus,1966,
CZE,Czechia,1966,
DEU,Germany,1966,1.95772156430212
DJI,Djibouti,1966,
DMA,Dominica,1966,
DNK,Denmark,1966,1.91919801654414
DOM,Dominican Republic,1966,10.1974866239212
DZA,Algeria,1966,-6.49936512383931
EAR,Early-demographic dividend,1966,1.72844755525144
ECS,Europe & Central Asia,1966,2.81322340750394
ECU,Ecuador,1966,-3.25405407209202
EGY,"Egypt, Arab Rep.",1966,2.44632089168518
ERI,Eritrea,1966,
ESP,Spain,1966,6.15343472456927
EST,Estonia,1966,
ETH,Ethiopia,1966,4.49669529872392
FIN,Finland,1966,1.98984697557989
FJI,Fiji,1966,-2.85968587033157
FRA,France,1966,4.25656125851283
FRO,Faroe Islands,1966,
FSM,"Micronesia, Fed. Sts.",1966,
GAB,Gabon,1966,2.97090871496344
GBR,United Kingdom,1966,1.00904568891809
GEO,Georgia,1966,6.31302004310241
GHA,Ghana,1966,-6.53387677338354
GIB,Gibraltar,1966,
GIN,Guinea,1966,
GMB,"Gambia, The",1966,
GNB,Guinea-Bissau,1966,
GNQ,Equatorial Guinea,1966,
GRC,Greece,1966,5.71167202770717
GRD,Grenada,1966,
GRL,Greenland,1966,
GTM,Guatemala,1966,2.5480403569337
GUM,Guam,1966,
GUY,Guyana,1966,3.04017720261236
HKG,"Hong Kong SAR, China",1966,0.897343713965853
HND,Honduras,1966,-3.93183400465689
HRV,Croatia,1966,
HTI,Haiti,1966,-2.39711484184353
HUN,Hungary,1966,7.0758791954102
IDB,IDA blend,1966,-2.05130847224541
IDN,Indonesia,1966,0.387144884656649
IMN,Isle of Man,1966,
IND,India,1966,-2.17104368610545
IRL,Ireland,1966,0.491448024725543
IRN,"Iran, Islamic Rep.",1966,8.08216098005443
IRQ,Iraq,1966,1.46254056169887
ISL,Iceland,1966,6.92452423176522
ISR,Israel,1966,-2.58810776819911
ITA,Italy,1966,5.1641632807451
JAM,Jamaica,1966,
JOR,Jordan,1966,
JPN,Japan,1966,9.63235963058683
KAZ,Kazakhstan,1966,
KEN,Kenya,1966,10.2453783737033
KGZ,Kyrgyz Republic,1966,
KHM,Cambodia,1966,
KIR,Kiribati,1966,
KNA,St. Kitts and Nevis,1966,
KOR,"Korea, Rep.",1966,9.22678983088335
KWT,Kuwait,1966,
LAO,Lao PDR,1966,
LBN,Lebanon,1966,
LBR,Liberia,1966,5.00054026050971
LBY,Libya,1966,15.7029491475467
LCA,St. Lucia,1966,
LCN,Latin America & Caribbean,1966,2.03862093016215
LIE,Liechtenstein,1966,
LKA,Sri Lanka,1966,2.5168468060145
LSO,Lesotho,1966,-3.54287112508291
LTE,Late-demographic dividend,1966,5.15706744637441
LTU,Lithuania,1966,
LUX,Luxembourg,1966,0.380680193615007
LVA,Latvia,1966,
MAC,"Macao SAR, China",1966,
MAF,St. Martin (French part),1966,
MAR,Morocco,1966,
MCO,Monaco,1966,
MDA,Moldova,1966,
MDG,Madagascar,1966,-0.586251504216776
MDV,Maldives,1966,
MEX,Mexico,1966,2.63807045804295
MHL,Marshall Islands,1966,
MKD,North Macedonia,1966,
MLI,Mali,1966,
MLT,Malta,1966,
MMR,Myanmar,1966,-6.98588586231605
MNE,Montenegro,1966,
MNG,Mongolia,1966,
MNP,Northern Mariana Islands,1966,
MOZ,Mozambique,1966,
MRT,Mauritania,1966,-2.68277843851293
MUS,Mauritius,1966,-5.5516205166744
MWI,Malawi,1966,10.5035755453623
MYS,Malaysia,1966,5.16585202122666
NAM,Namibia,1966,
NCL,New Caledonia,1966,-6.51878157027734
NER,Niger,1966,-3.15298481907675
NGA,Nigeria,1966,-6.31085457686295
NIC,Nicaragua,1966,0.153568912145843
NLD,Netherlands,1966,1.40887038783886
NOR,Norway,1966,2.96120155816438
NPL,Nepal,1966,4.83298283175135
NRU,Nauru,1966,
NZL,New Zealand,1966,4.36244187375962
OMN,Oman,1966,2.82068840441545
PAK,Pakistan,1966,2.89355083090767
PAN,Panama,1966,4.42565799557602
PER,Peru,1966,5.19592599626422
PHL,Philippines,1966,1.35968615379231
PLW,Palau,1966,
PNG,Papua New Guinea,1966,3.50127194202913
POL,Poland,1966,
PRI,Puerto Rico (US),1966,6.22983698634505
PRK,"Korea, Dem. People's Rep.",1966,
PRT,Portugal,1966,4.86574897554198
PRY,Paraguay,1966,-0.463083360483466
PSE,West Bank and Gaza,1966,
PYF,French Polynesia,1966,5.93248401568083
QAT,Qatar,1966,
ROU,Romania,1966,
RUS,Russia,1966,
RWA,Rwanda,1966,4.01842035973536
SAU,Saudi Arabia,1966,4.22683523852257
SDN,Sudan,1966,-6.34670893070819
SEN,Senegal,1966,-0.0948919641384833
SGP,Singapore,1966,7.47457704436121
SLB,Solomon Islands,1966,
SLE,Sierra Leone,1966,-0.15925465819555
SLV,El Salvador,1966,4.18185348511599
SMR,San Marino,1966,
SOM,"Somalia, Fed. Rep.",1966,6.27054354347791
SRB,Serbia,1966,
SSD,South Sudan,1966,
STP,Sao Tome and Principe,1966,
SUR,Suriname,1966,15.1916891760893
SVK,Slovak Republic,1966,
SVN,Slovenia,1966,
SWE,Sweden,1966,1.12398954610136
SWZ,Eswatini,1966,
SXM,Sint Maarten (Dutch part),1966,
SYC,Seychelles,1966,11.0923039068889
SYR,Syrian Arab Republic,1966,-10.519980670235
TCA,Turks and Caicos Islands,1966,
TCD,Chad,1966,-3.71002242461593
TGO,Togo,1966,5.71662043262396
THA,Thailand,1966,7.87836182492524
TJK,Tajikistan,1966,
TKM,Turkmenistan,1966,
TLS,Timor-Leste,1966,
TON,Tonga,1966,
TTO,Trinidad and Tobago,1966,2.45536505352028
TUN,Tunisia,1966,1.43344178523851
TUR,Turkiye,1966,8.42240435488502
TUV,Tuvalu,1966,
TZA,Tanzania,1966,8.27635669117299
UGA,Uganda,1966,
UKR,Ukraine,1966,
URY,Uruguay,1966,2.05504500374775
USA,United States,1966,5.27711385836407
UZB,Uzbekistan,1966,
VCT,St. Vincent and the Grenadines,1966,-1.22213531482205
VEN,"Venezuela, RB",1966,-1.80155357632783
VGB,British Virgin Islands,1966,
VIR,Virgin Islands (U.S.),1966,
VNM,Viet Nam,1966,
VUT,Vanuatu,1966,
WSM,Samoa,1966,
XKX,Kosovo,1966,
YEM,"Yemen, Rep.",1966,
ZAF,South Africa,1966,1.25217012238623
ZMB,Zambia,1966,-8.54085446942511
ZWE,Zimbabwe,1966,-1.62667456250547
ABW,Aruba,1967,
AFE,Africa Eastern and Southern,1967,2.38437217443759
AFG,Afghanistan,1967,
AFW,Africa Western and Central,1967,-11.0050949465993
AGO,Angola,1967,
ALB,Albania,1967,
AND,Andorra,1967,
ARE,United Arab Emirates,1967,
ARG,Argentina,1967,1.62972299154983
ARM,Armenia,1967,
ASM,American Samoa,1967,
ATG,Antigua and Barbuda,1967,
AUS,Australia,1967,4.97344570831932
AUT,Austria,1967,2.2410097584837
AZE,Azerbaijan,1967,
BDI,Burundi,1967,10.9686441322188
BEL,Belgium,1967,3.29157574176899
BEN,Benin,1967,-0.986093720140261
BFA,Burkina Faso,1967,7.01689650698381
BGD,Bangladesh,1967,-4.72039172988215
BGR,Bulgaria,1967,
BHR,Bahrain,1967,
BHS,"Bahamas, The",1967,4.60474580689618
BIH,Bosnia and Herzegovina,1967,
BLR,Belarus,1967,
BLZ,Belize,1967,1.73948048913384
BMU,Bermuda,1967,11.0330569236983
BOL,Bolivia,1967,4.01327670777007
BRA,Brazil,1967,1.48235786793778
BRB,Barbados,1967,9.69809022366535
BRN,Brunei Darussalam,1967,
BTN,Bhutan,1967,
BWA,Botswana,1967,5.36533773983349
CAF,Central African Republic,1967,2.41472208599004
CAN,Canada,1967,1.22749149302426
CHE,Switzerland,1967,1.78688879837148
CHI,Channel Islands,1967,
CHL,Chile,1967,1.73531298518171
CHN,China,1967,-8.16149758528853
CIV,Cote d'Ivoire,1967,0.627023698007619
CMR,Cameroon,1967,-12.9990149262665
COD,"Congo, Dem. Rep.",1967,-3.83265618856133
COG,"Congo, Rep.",1967,-0.77122621202686
COL,Colombia,1967,1.24976875790061
COM,Comoros,1967,
CPV,Cabo Verde,1967,
CRI,Costa Rica,1967,2.43551681284946
CUB,Cuba,1967,
CUW,Curacao,1967,
CYM,Cayman Islands,1967,
CYP,Cyprus,1967,
CZE,Czechia,1967,
DEU,Germany,1967,-0.784914890861927
DJI,Djibouti,1967,
DMA,Dominica,1967,
DNK,Denmark,1967,5.05468553455073
DOM,Dominican Republic,1967,0.332269289415009
DZA,Algeria,1967,7.02141366831901
EAR,Early-demographic dividend,1967,2.98442419529847
ECS,Europe & Central Asia,1967,2.48648316171393
ECU,Ecuador,1967,1.54865788647022
EGY,"Egypt, Arab Rep.",1967,-1.66762140746077
ERI,Eritrea,1967,
ESP,Spain,1967,3.06412659617565
EST,Estonia,1967,
ETH,Ethiopia,1967,1.35005724435382
FIN,Finland,1967,1.61702886566464
FJI,Fiji,1967,10.5375333832798
FRA,France,1967,3.95225786940368
FRO,Faroe Islands,1967,
FSM,"Micronesia, Fed. Sts.",1967,
GAB,Gabon,1967,2.51674633823917
GBR,United Kingdom,1967,2.22373311202324
GEO,Georgia,1967,5.21596210398758
GHA,Ghana,1967,0.615684860926422
GIB,Gibraltar,1967,
GIN,Guinea,1967,
GMB,"Gambia, The",1967,-2.71435334767477
GNB,Guinea-Bissau,1967,
GNQ,Equatorial Guinea,1967,
GRC,Greece,1967,4.81239682140054
GRD,Grenada,1967,
GRL,Greenland,1967,
GTM,Guatemala,1967,1.22848744358532
GUM,Guam,1967,
GUY,Guyana,1967,2.16139177070897
HKG,"Hong Kong SAR, China",1967,-0.931972301640911
HND,Honduras,1967,0.802325752453555
HRV,Croatia,1967,
HTI,Haiti,1967,-3.9123073581486
HUN,Hungary,1967,7.10067626189677
IDB,IDA blend,1967,-9.29653455574822
IDN,Indonesia,1967,-1.22118178852287
IMN,Isle of Man,1967,
IND,India,1967,5.53582268726483
IRL,Ireland,1967,5.28820219951575
IRN,"Iran, Islamic Rep.",1967,7.91392784328215
IRQ,Iraq,1967,-11.9067160500521
ISL,Iceland,1967,-2.8406245768761
ISR,Israel,1967,-1.35740452737512
ITA,Italy,1967,6.40567760378153
JAM,Jamaica,1967,0.607398063662231
JOR,Jordan,1967,
JPN,Japan,1967,9.93883449912636
KAZ,Kazakhstan,1967,
KEN,Kenya,1967,-0.658711109434691
KGZ,Kyrgyz Republic,1967,
KHM,Cambodia,1967,
KIR,Kiribati,1967,
KNA,St. Kitts and Nevis,1967,
KOR,"Korea, Rep.",1967,6.63225068306279
KWT,Kuwait,1967,
LAO,Lao PDR,1967,
LBN,Lebanon,1967,
LBR,Liberia,1967,4.06998547802893
LBY,Libya,1967,8.23393687320969
LCA,St. Lucia,1967,
LCN,Latin America & Caribbean,1967,1.59020761724354
LIE,Liechtenstein,1967,
LKA,Sri Lanka,1967,3.89912774670147
LSO,Lesotho,1967,7.0152581777628
LTE,Late-demographic dividend,1967,-0.51623811806229
LTU,Lithuania,1967,
LUX,Luxembourg,1967,-0.112343962356505
LVA,Latvia,1967,
MAC,"Macao SAR, China",1967,
MAF,St. Martin (French part),1967,
MAR,Morocco,1967,7.0839118825957
MCO,Monaco,1967,
MDA,Moldova,1967,
MDG,Madagascar,1967,2.73910727116724
MDV,Maldives,1967,
MEX,Mexico,1967,2.41168021730715
MHL,Marshall Islands,1967,
MKD,North Macedonia,1967,
MLI,Mali,1967,
MLT,Malta,1967,
MMR,Myanmar,1967,-8.0356026632986
MNE,Montenegro,1967,
MNG,Mongolia,1967,
MNP,Northern Mariana Islands,1967,
MOZ,Mozambique,1967,
MRT,Mauritania,1967,0.504409037565679
MUS,Mauritius,1967,2.37292423698672
MWI,Malawi,1967,4.66157375997587
MYS,Malaysia,1967,1.42749136671287
NAM,Namibia,1967,
NCL,New Caledonia,1967,2.44255161452341
NER,Niger,1967,-2.6362899206805
NGA,Nigeria,1967,-17.5237696381077
NIC,Nicaragua,1967,3.68379924294555
NLD,Netherlands,1967,4.09377410092482
NOR,Norway,1967,5.37091560789847
NPL,Nepal,1967,-3.63257452082799
NRU,Nauru,1967,
NZL,New Zealand,1967,-6.27761087662165
OMN,Oman,1967,62.2855552552929
PAK,Pakistan,1967,2.46831762839412
PAN,Panama,1967,5.40725793126427
PER,Peru,1967,0.953450353645508
PHL,Philippines,1967,2.17082931973482
PLW,Palau,1967,
PNG,Papua New Guinea,1967,1.76611700145995
POL,Poland,1967,
PRI,Puerto Rico (US),1967,5.39296609738436
PRK,"Korea, Dem. People's Rep.",1967,
PRT,Portugal,1967,8.22880539130344
PRY,Paraguay,1967,6.58508194096518
PSE,West Bank and Gaza,1967,
PYF,French Polynesia,1967,-7.92274780927509
QAT,Qatar,1967,
ROU,Romania,1967,
RUS,Russia,1967,
RWA,Rwanda,1967,3.7361177568626
SAU,Saudi Arabia,1967,4.86121069155563
SDN,Sudan,1967,-1.46752671776959
SEN,Senegal,1967,-4.11196331814091
SGP,Singapore,1967,10.0509003316789
SLB,Solomon Islands,1967,
SLE,Sierra Leone,1967,-1.82773738239335
SLV,El Salvador,1967,2.50212618310157
SMR,San Marino,1967,
SOM,"Somalia, Fed. Rep.",1967,3.19834611987682
SRB,Serbia,1967,
SSD,South Sudan,1967,
STP,Sao Tome and Principe,1967,
SUR,Suriname,1967,8.3236308682562
SVK,Slovak Republic,1967,
SVN,Slovenia,1967,
SWE,Sweden,1967,2.57537481805572
SWZ,Eswatini,1967,
SXM,Sint Maarten (Dutch part),1967,
SYC,Seychelles,1967,-1.93583964967725
SYR,Syrian Arab Republic,1967,4.87075400157171
TCA,Turks and Caicos Islands,1967,
TCD,Chad,1967,-1.17458183471362
TGO,Togo,1967,1.41031536714276
THA,Thailand,1967,5.4870486349994
TJK,Tajikistan,1967,
TKM,Turkmenistan,1967,
TLS,Timor-Leste,1967,
TON,Tonga,1967,
TTO,Trinidad and Tobago,1967,0.604197669267307
TUN,Tunisia,1967,-2.12453567816645
TUR,Turkiye,1967,2.04810309423178
TUV,Tuvalu,1967,
TZA,Tanzania,1967,2.3000808793737
UGA,Uganda,1967,
UKR,Ukraine,1967,
URY,Uruguay,1967,-4.52535092826649
USA,United States,1967,1.38995128628365
UZB,Uzbekistan,1967,
VCT,St. Vincent and the Grenadines,1967,-10.5653330944492
VEN,"Venezuela, RB",1967,-0.478522033926097
VGB,British Virgin Islands,1967,
VIR,Virgin Islands (U.S.),1967,
VNM,Viet Nam,1967,
VUT,Vanuatu,1967,
WSM,Samoa,1967,
XKX,Kosovo,1967,
YEM,"Yemen, Rep.",1967,
ZAF,South Africa,1967,3.90381055423047
ZMB,Zambia,1967,4.51076211164238
ZWE,Zimbabwe,1967,5.0100854314199
ABW,Aruba,1968,
AFE,Africa Eastern and Southern,1968,1.18875958912376
AFG,Afghanistan,1968,
AFW,Africa Western and Central,1968,-0.736949561942168
AGO,Angola,1968,
ALB,Albania,1968,
AND,Andorra,1968,
ARE,United Arab Emirates,1968,
ARG,Argentina,1968,3.23085080817873
ARM,Armenia,1968,
ASM,American Samoa,1968,
ATG,Antigua and Barbuda,1968,
AUS,Australia,1968,3.25734337802564
AUT,Austria,1968,3.93124182887794
AZE,Azerbaijan,1968,
BDI,Burundi,1968,-2.64849014689527
BEL,Belgium,1968,3.78504436430798
BEN,Benin,1968,1.67436552121521
BFA,Burkina Faso,1968,1.31516494204224
BGD,Bangladesh,1968,6.313411168743
BGR,Bulgaria,1968,
BHR,Bahrain,1968,
BHS,"Bahamas, The",1968,3.43569724018798
BIH,Bosnia and Herzegovina,1968,
BLR,Belarus,1968,
BLZ,Belize,1968,4.14657371261259
BMU,Bermuda,1968,0.302356940952734
BOL,Bolivia,1968,6.14636426814231
BRA,Brazil,1968,7.02283124189177
BRB,Barbados,1968,6.29846203410811
BRN,Brunei Darussalam,1968,
BTN,Bhutan,1968,
BWA,Botswana,1968,9.9927938200797
CAF,Central African Republic,1968,-0.854278962128973
CAN,Canada,1968,3.327655695975
CHE,Switzerland,1968,2.29176595812139
CHI,Channel Islands,1968,
CHL,Chile,1968,1.76912924900685
CHN,China,1968,-6.57145161430678
CIV,Cote d'Ivoire,1968,8.256614775383
CMR,Cameroon,1968,3.76755010762579
COD,"Congo, Dem. Rep.",1968,1.31773186206605
COG,"Congo, Rep.",1968,4.53871776978127
COL,Colombia,1968,3.08645828962429
COM,Comoros,1968,
CPV,Cabo Verde,1968,
CRI,Costa Rica,1968,5.34280447968531
CUB,Cuba,1968,
CUW,Curacao,1968,
CYM,Cayman Islands,1968,
CYP,Cyprus,1968,
CZE,Czechia,1968,
DEU,Germany,1968,5.19988909436971
DJI,Djibouti,1968,
DMA,Dominica,1968,
DNK,Denmark,1968,5.21048795550377
DOM,Dominican Republic,1968,-2.61266920995595
DZA,Algeria,1968,8.30237960344564
EAR,Early-demographic dividend,1968,4.5978852003548
ECS,Europe & Central Asia,1968,4.47778938171719
ECU,Ecuador,1968,-1.08867427568094
EGY,"Egypt, Arab Rep.",1968,-3.99804501955977
ERI,Eritrea,1968,
ESP,Spain,1968,5.21217229135027
EST,Estonia,1968,
ETH,Ethiopia,1968,1.30452908796784
FIN,Finland,1968,1.84500620711532
FJI,Fiji,1968,5.5613295801646
FRA,France,1968,3.74594449516368
FRO,Faroe Islands,1968,
FSM,"Micronesia, Fed. Sts.",1968,
GAB,Gabon,1968,0.869934044084914
GBR,United Kingdom,1968,4.96053295899728
GEO,Georgia,1968,3.51240036502595
GHA,Ghana,1968,-2.04471136962684
GIB,Gibraltar,1968,
GIN,Guinea,1968,
GMB,"Gambia, The",1968,6.54928086056582
GNB,Guinea-Bissau,1968,
GNQ,Equatorial Guinea,1968,
GRC,Greece,1968,6.50858572029323
GRD,Grenada,1968,
GRL,Greenland,1968,
GTM,Guatemala,1968,5.80682576487671
GUM,Guam,1968,
GUY,Guyana,1968,-1.04434666125492
HKG,"Hong Kong SAR, China",1968,1.22486811041129
HND,Honduras,1968,-4.01389463289011
HRV,Croatia,1968,
HTI,Haiti,1968,1.27921745915867
HUN,Hungary,1968,4.49893641802275
IDB,IDA blend,1968,0.357102306982455
IDN,Indonesia,1968,7.95242809000192
IMN,Isle of Man,1968,
IND,India,1968,1.19038521156524
IRL,Ireland,1968,7.75757272407473
IRN,"Iran, Islamic Rep.",1968,11.0311107528192
IRQ,Iraq,1968,15.4847797815927
ISL,Iceland,1968,-6.78198703365179
ISR,Israel,1968,13.8366599749544
ITA,Italy,1968,5.87359459594792
JAM,Jamaica,1968,4.53893287802512
JOR,Jordan,1968,
JPN,Japan,1968,11.6174281532464
KAZ,Kazakhstan,1968,
KEN,Kenya,1968,3.79670171210267
KGZ,Kyrgyz Republic,1968,
KHM,Cambodia,1968,
KIR,Kiribati,1968,
KNA,St. Kitts and Nevis,1968,
KOR,"Korea, Rep.",1968,10.6259631681322
KWT,Kuwait,1968,
LAO,Lao PDR,1968,
LBN,Lebanon,1968,
LBR,Liberia,1968,2.13034683430966
LBY,Libya,1968,30.1222973365551
LCA,St. Lucia,1968,
LCN,Latin America & Caribbean,1968,4.41792541266408
LIE,Liechtenstein,1968,
LKA,Sri Lanka,1968,3.28806657061432
LSO,Lesotho,1968,-3.9529810564847
LTE,Late-demographic dividend,1968,2.81057010371835
LTU,Lithuania,1968,
LUX,Luxembourg,1968,3.91864327411795
LVA,Latvia,1968,
MAC,"Macao SAR, China",1968,
MAF,St. Martin (French part),1968,
MAR,Morocco,1968,6.95381786169247
MCO,Monaco,1968,
MDA,Moldova,1968,
MDG,Madagascar,1968,3.94895392566283
MDV,Maldives,1968,
MEX,Mexico,1968,5.89118219634901
MHL,Marshall Islands,1968,
MKD,North Macedonia,1968,
MLI,Mali,1968,2.13866214178948
MLT,Malta,1968,
MMR,Myanmar,1968,9.54462086358399
MNE,Montenegro,1968,
MNG,Mongolia,1968,
MNP,Northern Mariana Islands,1968,
MOZ,Mozambique,1968,
MRT,Mauritania,1968,6.90611599028814
MUS,Mauritius,1968,-8.58016872934468
MWI,Malawi,1968,-4.32532286744876
MYS,Malaysia,1968,5.55556028489821
NAM,Namibia,1968,
NCL,New Caledonia,1968,11.0478256240184
NER,Niger,1968,-2.35304728709581
NGA,Nigeria,1968,-3.35472669424078
NIC,Nicaragua,1968,-1.78611799160491
NLD,Netherlands,1968,5.31667161264677
NOR,Norway,1968,1.40387966092123
NPL,Nepal,1968,-1.46845224521357
NRU,Nauru,1968,
NZL,New Zealand,1968,-0.921752584265846
OMN,Oman,1968,77.4100103988046
PAK,Pakistan,1968,4.22116837059603
PAN,Panama,1968,3.92256390744099
PER,Peru,1968,-2.6259559071006
PHL,Philippines,1968,2.04065409923125
PLW,Palau,1968,
PNG,Papua New Guinea,1968,2.03428794356392
POL,Poland,1968,
PRI,Puerto Rico (US),1968,4.53285162353718
PRK,"Korea, Dem. People's Rep.",1968,
PRT,Portugal,1968,9.34210183782854
PRY,Paraguay,1968,2.12743894667962
PSE,West Bank and Gaza,1968,
PYF,French Polynesia,1968,11.0415281501382
QAT,Qatar,1968,
ROU,Romania,1968,
RUS,Russia,1968,
RWA,Rwanda,1968,3.74298090490693
SAU,Saudi Arabia,1968,3.54523233745294
SDN,Sudan,1968,-0.981796867696076
SEN,Senegal,1968,3.16547258589439
SGP,Singapore,1968,11.5859760311582
SLB,Solomon Islands,1968,
SLE,Sierra Leone,1968,0.0999491770538015
SLV,El Salvador,1968,0.401605988776652
SMR,San Marino,1968,
SOM,"Somalia, Fed. Rep.",1968,-0.61824688565288
SRB,Serbia,1968,
SSD,South Sudan,1968,
STP,Sao Tome and Principe,1968,
SUR,Suriname,1968,3.97799422592615
SVK,Slovak Republic,1968,
SVN,Slovenia,1968,
SWE,Sweden,1968,3.05769420592496
SWZ,Eswatini,1968,
SXM,Sint Maarten (Dutch part),1968,
SYC,Seychelles,1968,4.98082576722285
SYR,Syrian Arab Republic,1968,0.457907840444676
TCA,Turks and Caicos Islands,1968,
TCD,Chad,1968,-2.39673120038245
TGO,Togo,1968,0.765847716237133
THA,Thailand,1968,5.05450320125441
TJK,Tajikistan,1968,
TKM,Turkmenistan,1968,
TLS,Timor-Leste,1968,
TON,Tonga,1968,
TTO,Trinidad and Tobago,1968,3.84833046755104
TUN,Tunisia,1968,7.71891088679536
TUR,Turkiye,1968,4.11398596040773
TUV,Tuvalu,1968,
TZA,Tanzania,1968,2.89538549556431
UGA,Uganda,1968,
UKR,Ukraine,1968,
URY,Uruguay,1968,1.06299416872999
USA,United States,1968,3.75881936763196
UZB,Uzbekistan,1968,
VCT,St. Vincent and the Grenadines,1968,5.37923629559455
VEN,"Venezuela, RB",1968,3.93559259699741
VGB,British Virgin Islands,1968,
VIR,Virgin Islands (U.S.),1968,
VNM,Viet Nam,1968,
VUT,Vanuatu,1968,
WSM,Samoa,1968,
XKX,Kosovo,1968,
YEM,"Yemen, Rep.",1968,
ZAF,South Africa,1968,0.956697920772243
ZMB,Zambia,1968,-1.97047392908408
ZWE,Zimbabwe,1968,-1.19550373833118
ABW,Aruba,1969,
AFE,Africa Eastern and Southern,1969,2.12761378127256
AFG,Afghanistan,1969,
AFW,Africa Western and Central,1969,12.3550327593238
AGO,Angola,1969,
ALB,Albania,1969,
AND,Andorra,1969,
ARE,United Arab Emirates,1969,
ARG,Argentina,1969,8.00868538956887
ARM,Armenia,1969,
ASM,American Samoa,1969,
ATG,Antigua and Barbuda,1969,
AUS,Australia,1969,4.83035616153123
AUT,Austria,1969,5.90949592643453
AZE,Azerbaijan,1969,
BDI,Burundi,1969,-3.57614475347991
BEL,Belgium,1969,6.32828364655975
BEN,Benin,1969,0.682677457774645
BFA,Burkina Faso,1969,0.276666588750047
BGD,Bangladesh,1969,-1.61576476400852
BGR,Bulgaria,1969,
BHR,Bahrain,1969,
BHS,"Bahamas, The",1969,4.14921820208349
BIH,Bosnia and Herzegovina,1969,
BLR,Belarus,1969,
BLZ,Belize,1969,2.14391360170669
BMU,Bermuda,1969,1.61793205509613
BOL,Bolivia,1969,2.16293690409803
BRA,Brazil,1969,6.7879284838472
BRB,Barbados,1969,7.12875165425311
BRN,Brunei Darussalam,1969,
BTN,Bhutan,1969,
BWA,Botswana,1969,14.5154959849797
CAF,Central African Republic,1969,4.66862388144997
CAN,Canada,1969,3.64801784923434
CHE,Switzerland,1969,4.45076227212253
CHI,Channel Islands,1969,
CHL,Chile,1969,2.32265859451304
CHN,China,1969,13.7793403435182
CIV,Cote d'Ivoire,1969,5.27344694856279
CMR,Cameroon,1969,2.27038725833759
COD,"Congo, Dem. Rep.",1969,6.21018175785377
COG,"Congo, Rep.",1969,4.40315299919531
COL,Colombia,1969,3.35663361979847
COM,Comoros,1969,
CPV,Cabo Verde,1969,
CRI,Costa Rica,1969,2.57073509389667
CUB,Cuba,1969,
CUW,Curacao,1969,
CYM,Cayman Islands,1969,
CYP,Cyprus,1969,
CZE,Czechia,1969,
DEU,Germany,1969,6.56966310620244
DJI,Djibouti,1969,
DMA,Dominica,1969,
DNK,Denmark,1969,6.21015842819288
DOM,Dominican Republic,1969,7.78417731017196
DZA,Algeria,1969,5.99242992076996
EAR,Early-demographic dividend,1969,3.96288084086029
ECS,Europe & Central Asia,1969,5.01750123738907
ECU,Ecuador,1969,1.5939932983338
EGY,"Egypt, Arab Rep.",1969,2.74715073736938
ERI,Eritrea,1969,
ESP,Spain,1969,7.83908305108356
EST,Estonia,1969,
ETH,Ethiopia,1969,-1.36262412612159
FIN,Finland,1969,9.65690414767504
FJI,Fiji,1969,0.46980791377112
FRA,France,1969,6.21456747145352
FRO,Faroe Islands,1969,
FSM,"Micronesia, Fed. Sts.",1969,
GAB,Gabon,1969,6.04105445128017
GBR,United Kingdom,1969,1.51615148641989
GEO,Georgia,1969,3.80071619599029
GHA,Ghana,1969,3.38780366072469
GIB,Gibraltar,1969,
GIN,Guinea,1969,
GMB,"Gambia, The",1969,-0.413907463477386
GNB,Guinea-Bissau,1969,
GNQ,Equatorial Guinea,1969,
GRC,Greece,1969,11.1567355618472
GRD,Grenada,1969,
GRL,Greenland,1969,
GTM,Guatemala,1969,1.96820747863111
GUM,Guam,1969,
GUY,Guyana,1969,4.81442154544305
HKG,"Hong Kong SAR, China",1969,9.57968972085361
HND,Honduras,1969,-2.03639499670592
HRV,Croatia,1969,
HTI,Haiti,1969,1.89499761598593
HUN,Hungary,1969,6.45461806284118
IDB,IDA blend,1969,11.9952048699513
IDN,Indonesia,1969,3.90994059430751
IMN,Isle of Man,1969,
IND,India,1969,4.31191269527491
IRL,Ireland,1969,5.24657311889945
IRN,"Iran, Islamic Rep.",1969,12.1006509730522
IRQ,Iraq,1969,-0.251028898459637
ISL,Iceland,1969,1.44258868451841
ISR,Israel,1969,10.6446517703473
ITA,Italy,1969,5.49917950556609
JAM,Jamaica,1969,4.35896940237117
JOR,Jordan,1969,
JPN,Japan,1969,11.1486573220631
KAZ,Kazakhstan,1969,
KEN,Kenya,1969,3.80581664358147
KGZ,Kyrgyz Republic,1969,
KHM,Cambodia,1969,
KIR,Kiribati,1969,
KNA,St. Kitts and Nevis,1969,
KOR,"Korea, Rep.",1969,12.0261299748451
KWT,Kuwait,1969,
LAO,Lao PDR,1969,
LBN,Lebanon,1969,
LBR,Liberia,1969,4.58112959318333
LBY,Libya,1969,9.63443973890143
LCA,St. Lucia,1969,
LCN,Latin America & Caribbean,1969,3.92419681694001
LIE,Liechtenstein,1969,
LKA,Sri Lanka,1969,5.22632068999272
LSO,Lesotho,1969,-2.07736836661826
LTE,Late-demographic dividend,1969,7.42388197953412
LTU,Lithuania,1969,
LUX,Luxembourg,1969,9.43521286005232
LVA,Latvia,1969,
MAC,"Macao SAR, China",1969,
MAF,St. Martin (French part),1969,
MAR,Morocco,1969,5.49112338641224
MCO,Monaco,1969,
MDA,Moldova,1969,
MDG,Madagascar,1969,0.870595035237855
MDV,Maldives,1969,
MEX,Mexico,1969,0.131429927580754
MHL,Marshall Islands,1969,
MKD,North Macedonia,1969,
MLI,Mali,1969,-1.30587923636728
MLT,Malta,1969,
MMR,Myanmar,1969,0.978225674449007
MNE,Montenegro,1969,
MNG,Mongolia,1969,
MNP,Northern Mariana Islands,1969,
MOZ,Mozambique,1969,
MRT,Mauritania,1969,-1.79009889309599
MUS,Mauritius,1969,3.12571696072592
MWI,Malawi,1969,3.30320710985166
MYS,Malaysia,1969,2.54440981566847
NAM,Namibia,1969,
NCL,New Caledonia,1969,11.9550834645583
NER,Niger,1969,-8.03559959200234
NGA,Nigeria,1969,21.4713411933041
NIC,Nicaragua,1969,2.95511711044021
NLD,Netherlands,1969,5.2041369939143
NOR,Norway,1969,3.65664187935934
NPL,Nepal,1969,2.22450931181571
NRU,Nauru,1969,
NZL,New Zealand,1969,9.21306183107109
OMN,Oman,1969,22.4610977202659
PAK,Pakistan,1969,2.52926780271959
PAN,Panama,1969,5.38628991175156
PER,Peru,1969,0.662403102797853
PHL,Philippines,1969,1.76972024779292
PLW,Palau,1969,
PNG,Papua New Guinea,1969,5.79004117489134
POL,Poland,1969,
PRI,Puerto Rico (US),1969,8.47526145119808
PRK,"Korea, Dem. People's Rep.",1969,
PRT,Portugal,1969,3.04129305411686
PRY,Paraguay,1969,2.34252008683092
PSE,West Bank and Gaza,1969,
PYF,French Polynesia,1969,-6.00719169513117
QAT,Qatar,1969,
ROU,Romania,1969,
RUS,Russia,1969,
RWA,Rwanda,1969,7.63624306925932
SAU,Saudi Arabia,1969,1.86717111769703
SDN,Sudan,1969,-1.54867497492742
SEN,Senegal,1969,-9.30013110963455
SGP,Singapore,1969,12.1339809710738
SLB,Solomon Islands,1969,
SLE,Sierra Leone,1969,6.49335101316011
SLV,El Salvador,1969,0.715996767967326
SMR,San Marino,1969,
SOM,"Somalia, Fed. Rep.",1969,-4.24886383708844
SRB,Serbia,1969,
SSD,South Sudan,1969,
STP,Sao Tome and Principe,1969,
SUR,Suriname,1969,0.999634779012808
SVK,Slovak Republic,1969,
SVN,Slovenia,1969,
SWE,Sweden,1969,4.27371518725217
SWZ,Eswatini,1969,
SXM,Sint Maarten (Dutch part),1969,
SYC,Seychelles,1969,-2.35080683662751
SYR,Syrian Arab Republic,1969,14.9900622800132
TCA,Turks and Caicos Islands,1969,
TCD,Chad,1969,4.74778993785957
TGO,Togo,1969,6.50026003715074
THA,Thailand,1969,3.59174783582577
TJK,Tajikistan,1969,
TKM,Turkmenistan,1969,
TLS,Timor-Leste,1969,
TON,Tonga,1969,
TTO,Trinidad and Tobago,1969,1.50508895757918
TUN,Tunisia,1969,2.13580555233803
TUR,Turkiye,1969,1.56230666179115
TUV,Tuvalu,1969,
TZA,Tanzania,1969,-0.180957706840218
UGA,Uganda,1969,
UKR,Ukraine,1969,
URY,Uruguay,1969,5.12558868122441
USA,United States,1969,2.09736970647879
UZB,Uzbekistan,1969,
VCT,St. Vincent and the Grenadines,1969,1.84909534523383
VEN,"Venezuela, RB",1969,-2.42042323129607
VGB,British Virgin Islands,1969,
VIR,Virgin Islands (U.S.),1969,
VNM,Viet Nam,1969,
VUT,Vanuatu,1969,
WSM,Samoa,1969,
XKX,Kosovo,1969,
YEM,"Yemen, Rep.",1969,
ZAF,South Africa,1969,1.53107221466114
ZMB,Zambia,1969,-3.55687617686446
ZWE,Zimbabwe,1969,8.92212517147178
ABW,Aruba,1970,
AFE,Africa Eastern and Southern,1970,-1.76635295132354
AFG,Afghanistan,1970,
AFW,Africa Western and Central,1970,14.5391279259741
AGO,Angola,1970,
ALB,Albania,1970,
AND,Andorra,1970,
ARE,United Arab Emirates,1970,
ARG,Argentina,1970,1.45058523570245
ARM,Armenia,1970,
ASM,American Samoa,1970,
ATG,Antigua and Barbuda,1970,
AUS,Australia,1970,5.08382058838998
AUT,Austria,1970,6.74943456785346
AZE,Azerbaijan,1970,
BDI,Burundi,1970,18.7193093811323
BEL,Belgium,1970,6.24784551324447
BEN,Benin,1970,-0.128531727614345
BFA,Burkina Faso,1970,-1.61623152218708
BGD,Bangladesh,1970,2.92079667006378
BGR,Bulgaria,1970,
BHR,Bahrain,1970,
BHS,"Bahamas, The",1970,-9.22052020394058
BIH,Bosnia and Herzegovina,1970,
BLR,Belarus,1970,
BLZ,Belize,1970,2.46736787927455
BMU,Bermuda,1970,4.6438966830252
BOL,Bolivia,1970,2.89765667530102
BRA,Brazil,1970,7.70310527998387
BRB,Barbados,1970,9.53443250762993
BRN,Brunei Darussalam,1970,
BTN,Bhutan,1970,
BWA,Botswana,1970,16.4719075297211
CAF,Central African Republic,1970,0.0891249899070345
CAN,Canada,1970,1.49009090650726
CHE,Switzerland,1970,5.6117011322971
CHI,Channel Islands,1970,
CHL,Chile,1970,-0.0104849141995942
CHN,China,1970,16.0503992929066
CIV,Cote d'Ivoire,1970,5.90122199628114
CMR,Cameroon,1970,0.433470229032736
COD,"Congo, Dem. Rep.",1970,-3.05376345948986
COG,"Congo, Rep.",1970,3.20372143223121
COL,Colombia,1970,3.55492172107171
COM,Comoros,1970,
CPV,Cabo Verde,1970,
CRI,Costa Rica,1970,4.59930003786569
CUB,Cuba,1970,
CUW,Curacao,1970,
CYM,Cayman Islands,1970,
CYP,Cyprus,1970,
CZE,Czechia,1970,
DEU,Germany,1970,4.75408787044871
DJI,Djibouti,1970,
DMA,Dominica,1970,
DNK,Denmark,1970,1.09350098028396
DOM,Dominican Republic,1970,14.9411974682653
DZA,Algeria,1970,6.43200232891483
EAR,Early-demographic dividend,1970,5.76142625470032
ECS,Europe & Central Asia,1970,4.18889385606896
ECU,Ecuador,1970,3.74408619498435
EGY,"Egypt, Arab Rep.",1970,3.12088049511445
ERI,Eritrea,1970,
ESP,Spain,1970,3.09359892209675
EST,Estonia,1970,
ETH,Ethiopia,1970,0.669468375168321
FIN,Finland,1970,7.87821445790627
FJI,Fiji,1970,10.4980418392872
FRA,France,1970,5.23806196732815
FRO,Faroe Islands,1970,
FSM,"Micronesia, Fed. Sts.",1970,
GAB,Gabon,1970,6.38663679338678
GBR,United Kingdom,1970,2.29987470044071
GEO,Georgia,1970,10.9750442932288
GHA,Ghana,1970,6.82937239126346
GIB,Gibraltar,1970,
GIN,Guinea,1970,
GMB,"Gambia, The",1970,3.18355214691137
GNB,Guinea-Bissau,1970,
GNQ,Equatorial Guinea,1970,
GRC,Greece,1970,8.68228782483666
GRD,Grenada,1970,
GRL,Greenland,1970,
GTM,Guatemala,1970,2.96802062749457
GUM,Guam,1970,
GUY,Guyana,1970,2.40358930572417
HKG,"Hong Kong SAR, China",1970,6.5832266775719
HND,Honduras,1970,1.87357331135374
HRV,Croatia,1970,
HTI,Haiti,1970,-1.21176570396263
HUN,Hungary,1970,4.30312298133795
IDB,IDA blend,1970,14.0019140649211
IDN,Indonesia,1970,4.63475401241131
IMN,Isle of Man,1970,
IND,India,1970,2.84864261828497
IRL,Ireland,1970,1.806543662273
IRN,"Iran, Islamic Rep.",1970,7.61018311754682
IRQ,Iraq,1970,0.976487994854551
ISL,Iceland,1970,6.89624775694601
ISR,Israel,1970,3.80739889720385
ITA,Italy,1970,4.75500960101756
JAM,Jamaica,1970,10.6879744964459
JOR,Jordan,1970,
JPN,Japan,1970,-0.750553099554736
KAZ,Kazakhstan,1970,
KEN,Kenya,1970,-8.25406759214241
KGZ,Kyrgyz Republic,1970,
KHM,Cambodia,1970,
KIR,Kiribati,1970,
KNA,St. Kitts and Nevis,1970,
KOR,"Korea, Rep.",1970,7.7868897300449
KWT,Kuwait,1970,
LAO,Lao PDR,1970,
LBN,Lebanon,1970,
LBR,Liberia,1970,3.96722494259858
LBY,Libya,1970,1.50901540936657
LCA,St. Lucia,1970,
LCN,Latin America & Caribbean,1970,3.98319745527083
LIE,Liechtenstein,1970,
LKA,Sri Lanka,1970,1.53719343899532
LSO,Lesotho,1970,-1.43886797141862
LTE,Late-demographic dividend,1970,8.27182852955737
LTU,Lithuania,1970,
LUX,Luxembourg,1970,1.25859129482815
LVA,Latvia,1970,
MAC,"Macao SAR, China",1970,
MAF,St. Martin (French part),1970,
MAR,Morocco,1970,1.92169489358156
MCO,Monaco,1970,
MDA,Moldova,1970,
MDG,Madagascar,1970,2.32128431196526
MDV,Maldives,1970,
MEX,Mexico,1970,3.18729327491707
MHL,Marshall Islands,1970,
MKD,North Macedonia,1970,
MLI,Mali,1970,4.46675944738529
MLT,Malta,1970,
MMR,Myanmar,1970,2.63250172803984
MNE,Montenegro,1970,
MNG,Mongolia,1970,
MNP,Northern Mariana Islands,1970,
MOZ,Mozambique,1970,
MRT,Mauritania,1970,8.62046578971194
MUS,Mauritius,1970,-2.04160470099899
MWI,Malawi,1970,-1.96571336486629
MYS,Malaysia,1970,3.57912195554584
NAM,Namibia,1970,
NCL,New Caledonia,1970,25.6209600422981
NER,Niger,1970,0.295598660695489
NGA,Nigeria,1970,22.1849337034899
NIC,Nicaragua,1970,-1.76940211814291
NLD,Netherlands,1970,4.83328851203586
NOR,Norway,1970,1.2053500067089
NPL,Nepal,1970,0.355960221194266
NRU,Nauru,1970,
NZL,New Zealand,1970,-2.72718054310749
OMN,Oman,1970,10.9002541981002
PAK,Pakistan,1970,8.19649203318036
PAN,Panama,1970,3.97723056619755
PER,Peru,1970,0.805231902852796
PHL,Philippines,1970,1.04270981982739
PLW,Palau,1970,
PNG,Papua New Guinea,1970,8.24601824898463
POL,Poland,1970,
PRI,Puerto Rico (US),1970,7.04792915761718
PRK,"Korea, Dem. People's Rep.",1970,
PRT,Portugal,1970,10.0851834778038
PRY,Paraguay,1970,3.20917705296037
PSE,West Bank and Gaza,1970,
PYF,French Polynesia,1970,-1.84879561265051
QAT,Qatar,1970,
ROU,Romania,1970,
RUS,Russia,1970,
RWA,Rwanda,1970,2.82197019216868
SAU,Saudi Arabia,1970,46.3660273298731
SDN,Sudan,1970,2.83319514373197
SEN,Senegal,1970,5.36925292822798
SGP,Singapore,1970,12.1840230638021
SLB,Solomon Islands,1970,
SLE,Sierra Leone,1970,6.58123036581976
SLV,El Salvador,1970,0.386271474352867
SMR,San Marino,1970,
SOM,"Somalia, Fed. Rep.",1970,1.85576339783866
SRB,Serbia,1970,
SSD,South Sudan,1970,
STP,Sao Tome and Principe,1970,
SUR,Suriname,1970,-0.693001300221226
SVK,Slovak Republic,1970,
SVN,Slovenia,1970,
SWE,Sweden,1970,5.48438289686888
SWZ,Eswatini,1970,
SXM,Sint Maarten (Dutch part),1970,
SYC,Seychelles,1970,6.3633482340606
SYR,Syrian Arab Republic,1970,-4.958800136859
TCA,Turks and Caicos Islands,1970,
TCD,Chad,1970,-0.236514145934592
TGO,Togo,1970,-1.12762149816005
THA,Thailand,1970,8.36939169485768
TJK,Tajikistan,1970,
TKM,Turkmenistan,1970,
TLS,Timor-Leste,1970,
TON,Tonga,1970,
TTO,Trinidad and Tobago,1970,2.40950840841683
TUN,Tunisia,1970,2.08523998611466
TUR,Turkiye,1970,0.836579489623062
TUV,Tuvalu,1970,
TZA,Tanzania,1970,-48.2432962445813
UGA,Uganda,1970,
UKR,Ukraine,1970,
URY,Uruguay,1970,1.71598152600284
USA,United States,1970,-0.944145118142501
UZB,Uzbekistan,1970,
VCT,St. Vincent and the Grenadines,1970,9.70033320439487
VEN,"Venezuela, RB",1970,4.42497570687192
VGB,British Virgin Islands,1970,
VIR,Virgin Islands (U.S.),1970,
VNM,Viet Nam,1970,
VUT,Vanuatu,1970,
WSM,Samoa,1970,
XKX,Kosovo,1970,
YEM,"Yemen, Rep.",1970,
ZAF,South Africa,1970,2.10580565357297
ZMB,Zambia,1970,1.77564554646573
ZWE,Zimbabwe,1970,18.858601158491
ABW,Aruba,1971,
AFE,Africa Eastern and Southern,1971,2.48067137795134
AFG,Afghanistan,1971,
AFW,Africa Western and Central,1971,7.77113805429421
AGO,Angola,1971,
ALB,Albania,1971,
AND,Andorra,1971,-2.50058905847796
ARE,United Arab Emirates,1971,16.8394317490106
ARG,Argentina,1971,4.00782333157468
ARM,Armenia,1971,
ASM,American Samoa,1971,
ATG,Antigua and Barbuda,1971,
AUS,Australia,1971,0.544201826656504
AUT,Austria,1971,4.64694258702778
AZE,Azerbaijan,1971,
BDI,Burundi,1971,0.279710021469654
BEL,Belgium,1971,3.79648865623842
BEN,Benin,1971,-3.68732525193842
BFA,Burkina Faso,1971,-0.322395573174092
BGD,Bangladesh,1971,-7.11748025644755
BGR,Bulgaria,1971,
BHR,Bahrain,1971,-1.00158981075438
BHS,"Bahamas, The",1971,-1.50177965770737
BIH,Bosnia and Herzegovina,1971,
BLR,Belarus,1971,
BLZ,Belize,1971,2.20794823562061
BMU,Bermuda,1971,2.48781057867869
BOL,Bolivia,1971,2.72829821232219
BRA,Brazil,1971,8.65032390145559
BRB,Barbados,1971,4.00405393540977
BRN,Brunei Darussalam,1971,
BTN,Bhutan,1971,-0.759182925944728
BWA,Botswana,1971,23.6949670354989
CAF,Central African Republic,1971,-0.94510488147084
CAN,Canada,1971,0.996932006965068
CHE,Switzerland,1971,3.53069385324227
CHI,Channel Islands,1971,
CHL,Chile,1971,7.7719419764128
CHN,China,1971,4.15917620130968
CIV,Cote d'Ivoire,1971,4.82140589752017
CMR,Cameroon,1971,0.752051370916206
COD,"Congo, Dem. Rep.",1971,3.14619844521395
COG,"Congo, Rep.",1971,4.50774581647985
COL,Colombia,1971,3.43926264882479
COM,Comoros,1971,
CPV,Cabo Verde,1971,
CRI,Costa Rica,1971,3.97467342501965
CUB,Cuba,1971,6.71303935231944
CUW,Curacao,1971,
CYM,Cayman Islands,1971,
CYP,Cyprus,1971,
CZE,Czechia,1971,
DEU,Germany,1971,2.94365020816905
DJI,Djibouti,1971,
DMA,Dominica,1971,
DNK,Denmark,1971,2.46332872865116
DOM,Dominican Republic,1971,7.8095721748908
DZA,Algeria,1971,-13.3141204983548
EAR,Early-demographic dividend,1971,2.83640062686401
ECS,Europe & Central Asia,1971,2.67523550429854
ECU,Ecuador,1971,3.19664986715802
EGY,"Egypt, Arab Rep.",1971,1.68044196747962
ERI,Eritrea,1971,
ESP,Spain,1971,3.39592703146427
EST,Estonia,1971,
ETH,Ethiopia,1971,3.65482353629109
FIN,Finland,1971,2.22782448344215
FJI,Fiji,1971,4.92689627106711
FRA,France,1971,4.30591766355121
FRO,Faroe Islands,1971,
FSM,"Micronesia, Fed. Sts.",1971,-0.590187764001698
GAB,Gabon,1971,7.992832685908
GBR,United Kingdom,1971,1.57938717324137
GEO,Georgia,1971,1.41043474879019
GHA,Ghana,1971,2.34442387239848
GIB,Gibraltar,1971,
GIN,Guinea,1971,3.48686077388692
GMB,"Gambia, The",1971,-2.89740684949869
GNB,Guinea-Bissau,1971,-4.2089606403342
GNQ,Equatorial Guinea,1971,
GRC,Greece,1971,7.37432668812667
GRD,Grenada,1971,
GRL,Greenland,1971,11.1445657449118
GTM,Guatemala,1971,2.88830048714645
GUM,Guam,1971,
GUY,Guyana,1971,1.67220344612645
HKG,"Hong Kong SAR, China",1971,5.00416563664703
HND,Honduras,1971,1.55728519470162
HRV,Croatia,1971,
HTI,Haiti,1971,4.49381128538218
HUN,Hungary,1971,5.89651544045576
IDB,IDA blend,1971,7.48320726678327
IDN,Indonesia,1971,4.16344195638443
IMN,Isle of Man,1971,
IND,India,1971,-0.584836098079052
IRL,Ireland,1971,2.26644884206304
IRN,"Iran, Islamic Rep.",1971,10.3545296661415
IRQ,Iraq,1971,1.7964969132364
ISL,Iceland,1971,12.150198031174
ISR,Israel,1971,7.51661300277912
ITA,Italy,1971,1.3442804073937
JAM,Jamaica,1971,1.08394882292116
JOR,Jordan,1971,
JPN,Japan,1971,2.42665235649378
KAZ,Kazakhstan,1971,
KEN,Kenya,1971,17.820065627684
KGZ,Kyrgyz Republic,1971,
KHM,Cambodia,1971,
KIR,Kiribati,1971,-4.19254845372087
KNA,St. Kitts and Nevis,1971,
KOR,"Korea, Rep.",1971,8.49146319087129
KWT,Kuwait,1971,0.118996333430687
LAO,Lao PDR,1971,
LBN,Lebanon,1971,
LBR,Liberia,1971,2.29622343422935
LBY,Libya,1971,-8.39801719450381
LCA,St. Lucia,1971,
LCN,Latin America & Caribbean,1971,4.07594338266506
LIE,Liechtenstein,1971,-0.495955811105787
LKA,Sri Lanka,1971,-0.830304681389464
LSO,Lesotho,1971,1.4343007037433
LTE,Late-demographic dividend,1971,6.000280347244
LTU,Lithuania,1971,
LUX,Luxembourg,1971,1.69279494541237
LVA,Latvia,1971,
MAC,"Macao SAR, China",1971,
MAF,St. Martin (French part),1971,
MAR,Morocco,1971,2.85804891072934
MCO,Monaco,1971,3.74229599197595
MDA,Moldova,1971,
MDG,Madagascar,1971,0.950700358994155
MDV,Maldives,1971,2.04691010957066
MEX,Mexico,1971,0.599648629534883
MHL,Marshall Islands,1971,-1.35058161100996
MKD,North Macedonia,1971,
MLI,Mali,1971,0.937140810577588
MLT,Malta,1971,2.43707025687492
MMR,Myanmar,1971,1.82995051871539
MNE,Montenegro,1971,
MNG,Mongolia,1971,
MNP,Northern Mariana Islands,1971,
MOZ,Mozambique,1971,
MRT,Mauritania,1971,-1.20206406826041
MUS,Mauritius,1971,2.62974799290541
MWI,Malawi,1971,13.344795622212
MYS,Malaysia,1971,7.45201452767374
NAM,Namibia,1971,
NCL,New Caledonia,1971,2.16288177506794
NER,Niger,1971,2.89253600729144
NGA,Nigeria,1971,11.6002682515029
NIC,Nicaragua,1971,0.132665210232247
NLD,Netherlands,1971,3.08385842483258
NOR,Norway,1971,4.93512171269563
NPL,Nepal,1971,-3.32438324826668
NRU,Nauru,1971,2.1070951583996
NZL,New Zealand,1971,2.24668301641341
OMN,Oman,1971,-1.83325408718696
PAK,Pakistan,1971,-2.26260815242058
PAN,Panama,1971,6.58628264579859
PER,Peru,1971,2.04471965054623
PHL,Philippines,1971,2.93626198130279
PLW,Palau,1971,-3.20297400251293
PNG,Papua New Guinea,1971,3.77728781138964
POL,Poland,1971,
PRI,Puerto Rico (US),1971,4.66379547686155
PRK,"Korea, Dem. People's Rep.",1971,
PRT,Portugal,1971,7.08408408469133
PRY,Paraguay,1971,3.18290445868151
PSE,West Bank and Gaza,1971,
PYF,French Polynesia,1971,8.26567137170665
QAT,Qatar,1971,-2.55193503459753
ROU,Romania,1971,
RUS,Russia,1971,
RWA,Rwanda,1971,-1.74004541564871
SAU,Saudi Arabia,1971,10.2300805364713
SDN,Sudan,1971,-0.830443352011486
SEN,Senegal,1971,-3.08155418452417
SGP,Singapore,1971,10.3707995076184
SLB,Solomon Islands,1971,
SLE,Sierra Leone,1971,1.5586720129036
SLV,El Salvador,1971,1.40583563493118
SMR,San Marino,1971,
SOM,"Somalia, Fed. Rep.",1971,-0.502941603540776
SRB,Serbia,1971,
SSD,South Sudan,1971,
STP,Sao Tome and Principe,1971,3.11187906441421
SUR,Suriname,1971,0.588938387155395
SVK,Slovak Republic,1971,
SVN,Slovenia,1971,
SWE,Sweden,1971,0.252434827576778
SWZ,Eswatini,1971,10.7400566660821
SXM,Sint Maarten (Dutch part),1971,
SYC,Seychelles,1971,13.532410277442
SYR,Syrian Arab Republic,1971,5.36443569936664
TCA,Turks and Caicos Islands,1971,
TCD,Chad,1971,-4.28847107115794
TGO,Togo,1971,-3.15805685649894
THA,Thailand,1971,2.10389450364397
TJK,Tajikistan,1971,
TKM,Turkmenistan,1971,
TLS,Timor-Leste,1971,
TON,Tonga,1971,
TTO,Trinidad and Tobago,1971,-0.0797310915841081
TUN,Tunisia,1971,7.82307689165729
TUR,Turkiye,1971,3.09021412401125
TUV,Tuvalu,1971,-1.96455463500457
TZA,Tanzania,1971,0.340962028441297
UGA,Uganda,1971,
UKR,Ukraine,1971,
URY,Uruguay,1971,-0.808127208841512
USA,United States,1971,1.99497895044678
UZB,Uzbekistan,1971,
VCT,St. Vincent and the Grenadines,1971,2.00291114622803
VEN,"Venezuela, RB",1971,-1.5736248839784
VGB,British Virgin Islands,1971,
VIR,Virgin Islands (U.S.),1971,
VNM,Viet Nam,1971,
VUT,Vanuatu,1971,
WSM,Samoa,1971,11.8383284239524
XKX,Kosovo,1971,
YEM,"Yemen, Rep.",1971,
ZAF,South Africa,1971,1.26922275897319
ZMB,Zambia,1971,-2.80303176137348
ZWE,Zimbabwe,1971,5.69965436007831
ABW,Aruba,1972,
AFE,Africa Eastern and Southern,1972,-0.116272410717315
AFG,Afghanistan,1972,
AFW,Africa Western and Central,1972,0.669370673612079
AGO,Angola,1972,
ALB,Albania,1972,
AND,Andorra,1972,1.01262363185526
ARE,United Arab Emirates,1972,21.0226998042105
ARG,Argentina,1972,0.0320089147512164
ARM,Armenia,1972,
ASM,American Samoa,1972,
ATG,Antigua and Barbuda,1972,
AUS,Australia,1972,2.01446321197041
AUT,Austria,1972,5.59238102009265
AZE,Azerbaijan,1972,
BDI,Burundi,1972,-6.39979892230961
BEL,Belgium,1972,4.88408816782433
BEN,Benin,1972,4.01165780455808
BFA,Burkina Faso,1972,0.563182490208192
BGD,Bangladesh,1972,-15.6125172381123
BGR,Bulgaria,1972,
BHR,Bahrain,1972,5.85135349848397
BHS,"Bahamas, The",1972,-6.05590801214298
BIH,Bosnia and Herzegovina,1972,
BLR,Belarus,1972,
BLZ,Belize,1972,8.56426893311841
BMU,Bermuda,1972,1.43476923988881
BOL,Bolivia,1972,5.56938616555121
BRA,Brazil,1972,9.24930773621521
BRB,Barbados,1972,1.07503210758013
BRN,Brunei Darussalam,1972,
BTN,Bhutan,1972,-2.22239038601879
BWA,Botswana,1972,21.910493717295
CAF,Central African Republic,1972,-1.93873848907192
CAN,Canada,1972,4.30183088920408
CHE,Switzerland,1972,2.41661783759237
CHI,Channel Islands,1972,
CHL,Chile,1972,-2.32226217340738
CHN,China,1972,1.29010597100438
CIV,Cote d'Ivoire,1972,-0.328982186808318
CMR,Cameroon,1972,-0.0784165028948109
COD,"Congo, Dem. Rep.",1972,-2.46721894456714
COG,"Congo, Rep.",1972,5.29801304293069
COL,Colombia,1972,5.19958134529315
COM,Comoros,1972,
CPV,Cabo Verde,1972,
CRI,Costa Rica,1972,5.40367237753043
CUB,Cuba,1972,3.16297317162646
CUW,Curacao,1972,
CYM,Cayman Islands,1972,
CYP,Cyprus,1972,
CZE,Czechia,1972,
DEU,Germany,1972,3.80247597428654
DJI,Djibouti,1972,
DMA,Dominica,1972,
DNK,Denmark,1972,3.20557957964051
DOM,Dominican Republic,1972,7.36491664077927
DZA,Algeria,1972,24.525779768096
EAR,Early-demographic dividend,1972,4.13038795517804
ECS,Europe & Central Asia,1972,3.67957353442887
ECU,Ecuador,1972,1.97791939698682
EGY,"Egypt, Arab Rep.",1972,0.710927875139689
ERI,Eritrea,1972,
ESP,Spain,1972,6.96219311481951
EST,Estonia,1972,
ETH,Ethiopia,1972,1.47906696670439
FIN,Finland,1972,7.09615283779395
FJI,Fiji,1972,5.65421628597389
FRA,France,1972,3.60082793884236
FRO,Faroe Islands,1972,
FSM,"Micronesia, Fed. Sts.",1972,-1.59777953240689
GAB,Gabon,1972,9.07566258873671
GBR,United Kingdom,1972,3.27561302985168
GEO,Georgia,1972,1.80205558935668
GHA,Ghana,1972,-5.19376048717281
GIB,Gibraltar,1972,
GIN,Guinea,1972,0.558272824751313
GMB,"Gambia, The",1972,-2.64297196359607
GNB,Guinea-Bissau,1972,6.30250814489514
GNQ,Equatorial Guinea,1972,
GRC,Greece,1972,9.44639200384898
GRD,Grenada,1972,
GRL,Greenland,1972,3.75915759419843
GTM,Guatemala,1972,4.60426042931157
GUM,Guam,1972,
GUY,Guyana,1972,-4.51746286986877
HKG,"Hong Kong SAR, China",1972,8.51151913731417
HND,Honduras,1972,0.795822295796228
HRV,Croatia,1972,
HTI,Haiti,1972,-0.923847857919483
HUN,Hungary,1972,5.78418419252975
IDB,IDA blend,1972,1.22495428666301
IDN,Indonesia,1972,4.22563067535555
IMN,Isle of Man,1972,
IND,India,1972,-2.71239158163722
IRL,Ireland,1972,4.9188564732672
IRN,"Iran, Islamic Rep.",1972,11.1956007999836
IRQ,Iraq,1972,0.230885930654551
ISL,Iceland,1972,4.63445633923996
ISR,Israel,1972,9.33220307878437
ITA,Italy,1972,3.10348973748525
JAM,Jamaica,1972,16.3092446080951
JOR,Jordan,1972,
JPN,Japan,1972,6.90549972274911
KAZ,Kazakhstan,1972,
KEN,Kenya,1972,13.0810040007777
KGZ,Kyrgyz Republic,1972,
KHM,Cambodia,1972,
KIR,Kiribati,1972,9.96806226671605
KNA,St. Kitts and Nevis,1972,
KOR,"Korea, Rep.",1972,5.34195565986401
KWT,Kuwait,1972,-2.33946574912547
LAO,Lao PDR,1972,
LBN,Lebanon,1972,
LBR,Liberia,1972,1.53521119109597
LBY,Libya,1972,5.56900319073159
LCA,St. Lucia,1972,
LCN,Latin America & Caribbean,1972,4.38171872723454
LIE,Liechtenstein,1972,-0.774663752726894
LKA,Sri Lanka,1972,-2.41090738265247
LSO,Lesotho,1972,-3.65226671969542
LTE,Late-demographic dividend,1972,5.56953144392862
LTU,Lithuania,1972,
LUX,Luxembourg,1972,5.31292554853586
LVA,Latvia,1972,
MAC,"Macao SAR, China",1972,
MAF,St. Martin (French part),1972,
MAR,Morocco,1972,-0.103994570705652
MCO,Monaco,1972,3.44448786326264
MDA,Moldova,1972,
MDG,Madagascar,1972,-4.14091337668356
MDV,Maldives,1972,-0.651581794673064
MEX,Mexico,1972,4.98854344733381
MHL,Marshall Islands,1972,-1.5555883542245
MKD,North Macedonia,1972,
MLI,Mali,1972,4.11717113457735
MLT,Malta,1972,5.92581117846879
MMR,Myanmar,1972,0.197812382628882
MNE,Montenegro,1972,
MNG,Mongolia,1972,
MNP,Northern Mariana Islands,1972,
MOZ,Mozambique,1972,
MRT,Mauritania,1972,-3.67713504511045
MUS,Mauritius,1972,6.71579995324687
MWI,Malawi,1972,3.54986815088063
MYS,Malaysia,1972,6.79244505573662
NAM,Namibia,1972,
NCL,New Caledonia,1972,-1.27176645703071
NER,Niger,1972,-7.65310196943919
NGA,Nigeria,1972,0.917699404253241
NIC,Nicaragua,1972,-0.708694819810958
NLD,Netherlands,1972,2.49224335078617
NOR,Norway,1972,4.52810589388382
NPL,Nepal,1972,0.902574752258815
NRU,Nauru,1972,2.14311457049708
NZL,New Zealand,1972,3.27656507118814
OMN,Oman,1972,6.77247253363956
PAK,Pakistan,1972,-1.93796528754582
PAN,Panama,1972,1.7296916191026
PER,Peru,1972,0.768068340769219
PHL,Philippines,1972,3.0496202884932
PLW,Palau,1972,-3.23820219383435
PNG,Papua New Guinea,1972,3.1511691709496
POL,Poland,1972,
PRI,Puerto Rico (US),1972,5.07876354333322
PRK,"Korea, Dem. People's Rep.",1972,
PRT,Portugal,1972,8.18248010947717
PRY,Paraguay,1972,4.18531499798863
PSE,West Bank and Gaza,1972,
PYF,French Polynesia,1972,-7.77661963711111
QAT,Qatar,1972,-0.414771470266828
ROU,Romania,1972,
RUS,Russia,1972,
RWA,Rwanda,1972,-2.59470125744218
SAU,Saudi Arabia,1972,13.2593307424458
SDN,Sudan,1972,-8.00189707266057
SEN,Senegal,1972,3.24739721692009
SGP,Singapore,1972,11.2360398788484
SLB,Solomon Islands,1972,
SLE,Sierra Leone,1972,-0.934146897742536
SLV,El Salvador,1972,3.65393675644722
SMR,San Marino,1972,
SOM,"Somalia, Fed. Rep.",1972,11.9138874254657
SRB,Serbia,1972,
SSD,South Sudan,1972,
STP,Sao Tome and Principe,1972,0.131385641178468
SUR,Suriname,1972,-1.97089476470012
SVK,Slovak Republic,1972,
SVN,Slovenia,1972,
SWE,Sweden,1972,1.98692133219636
SWZ,Eswatini,1972,2.5713370801552
SXM,Sint Maarten (Dutch part),1972,
SYC,Seychelles,1972,3.77720293642696
SYR,Syrian Arab Republic,1972,21.4647371576731
TCA,Turks and Caicos Islands,1972,
TCD,Chad,1972,-1.08306584014767
TGO,Togo,1972,4.60090557455617
THA,Thailand,1972,1.53906301677233
TJK,Tajikistan,1972,
TKM,Turkmenistan,1972,
TLS,Timor-Leste,1972,
TON,Tonga,1972,
TTO,Trinidad and Tobago,1972,4.49462472021649
TUN,Tunisia,1972,14.7994759399209
TUR,Turkiye,1972,4.87752239463101
TUV,Tuvalu,1972,-2.07058151791972
TZA,Tanzania,1972,3.35827260093498
UGA,Uganda,1972,
UKR,Ukraine,1972,
URY,Uruguay,1972,-1.850524968081
USA,United States,1972,4.13472763683687
UZB,Uzbekistan,1972,
VCT,St. Vincent and the Grenadines,1972,24.6502503385862
VEN,"Venezuela, RB",1972,-1.71546962749622
VGB,British Virgin Islands,1972,
VIR,Virgin Islands (U.S.),1972,
VNM,Viet Nam,1972,
VUT,Vanuatu,1972,
WSM,Samoa,1972,0.15701917035318
XKX,Kosovo,1972,
YEM,"Yemen, Rep.",1972,
ZAF,South Africa,1972,-1.21840842834261
ZMB,Zambia,1972,6.17866150360003
ZWE,Zimbabwe,1972,5.05135191758872
ABW,Aruba,1973,
AFE,Africa Eastern and Southern,1973,1.60982082579841
AFG,Afghanistan,1973,
AFW,Africa Western and Central,1973,1.33417562323007
AGO,Angola,1973,
ALB,Albania,1973,
AND,Andorra,1973,0.905266180764357
ARE,United Arab Emirates,1973,55.8235293190942
ARG,Argentina,1973,1.16290357603461
ARM,Armenia,1973,
ASM,American Samoa,1973,
ATG,Antigua and Barbuda,1973,
AUS,Australia,1973,1.06162772647569
AUT,Austria,1973,4.31090644461429
AZE,Azerbaijan,1973,
BDI,Burundi,1973,7.04106910814075
BEL,Belgium,1973,6.04748854154225
BEN,Benin,1973,1.30726050101147
BFA,Burkina Faso,1973,-1.32950738728137
BGD,Bangladesh,1973,0.409364379671672
BGR,Bulgaria,1973,
BHR,Bahrain,1973,8.0310734621964
BHS,"Bahamas, The",1973,5.03040328662334
BIH,Bosnia and Herzegovina,1973,
BLR,Belarus,1973,
BLZ,Belize,1973,3.87799240415742
BMU,Bermuda,1973,1.20958580422221
BOL,Bolivia,1973,3.38711014285656
BRA,Brazil,1973,11.2426303275996
BRB,Barbados,1973,1.07188575702379
BRN,Brunei Darussalam,1973,
BTN,Bhutan,1973,-1.93024131443221
BWA,Botswana,1973,15.7250538090994
CAF,Central African Republic,1973,-0.0444254830098316
CAN,Canada,1973,5.43170372106852
CHE,Switzerland,1973,2.29196774640856
CHI,Channel Islands,1973,
CHL,Chile,1973,-6.55933963735458
CHN,China,1973,5.32729301395436
CIV,Cote d'Ivoire,1973,1.22493763996148
CMR,Cameroon,1973,2.49785376682739
COD,"Congo, Dem. Rep.",1973,5.28119026232623
COG,"Congo, Rep.",1973,4.89945684288551
COL,Colombia,1973,4.30500467747746
COM,Comoros,1973,
CPV,Cabo Verde,1973,
CRI,Costa Rica,1973,4.99526020138765
CUB,Cuba,1973,1.96559203969984
CUW,Curacao,1973,
CYM,Cayman Islands,1973,
CYP,Cyprus,1973,
CZE,Czechia,1973,
DEU,Germany,1973,4.44801721617243
DJI,Djibouti,1973,
DMA,Dominica,1973,
DNK,Denmark,1973,4.08838515008192
DOM,Dominican Republic,1973,9.81868573884464
DZA,Algeria,1973,1.39498097018304
EAR,Early-demographic dividend,1973,4.43968496874321
ECS,Europe & Central Asia,1973,5.14717198424563
ECU,Ecuador,1973,10.6789981468617
EGY,"Egypt, Arab Rep.",1973,1.15304427498042
ERI,Eritrea,1973,
ESP,Spain,1973,6.6040257654457
EST,Estonia,1973,
ETH,Ethiopia,1973,2.34969399999395
FIN,Finland,1973,6.37797931862636
FJI,Fiji,1973,9.87188002319283
FRA,France,1973,5.33972143582457
FRO,Faroe Islands,1973,
FSM,"Micronesia, Fed. Sts.",1973,30.3549687170885
GAB,Gabon,1973,7.91707186937249
GBR,United Kingdom,1973,7.10639660739901
GEO,Georgia,1973,5.5488624770874
GHA,Ghana,1973,-0.0430027197385101
GIB,Gibraltar,1973,
GIN,Guinea,1973,-0.12384695735058
GMB,"Gambia, The",1973,6.07571685129933
GNB,Guinea-Bissau,1973,0.054461661597216
GNQ,Equatorial Guinea,1973,
GRC,Greece,1973,7.6026087327164
GRD,Grenada,1973,
GRL,Greenland,1973,5.28020885390521
GTM,Guatemala,1973,4.05819826505287
GUM,Guam,1973,
GUY,Guyana,1973,0.0631533283582684
HKG,"Hong Kong SAR, China",1973,9.15617477728949
HND,Honduras,1973,1.3409542265296
HRV,Croatia,1973,
HTI,Haiti,1973,2.77250975787311
HUN,Hungary,1973,6.55604040622906
IDB,IDA blend,1973,2.7062176119604
IDN,Indonesia,1973,5.30088879878147
IMN,Isle of Man,1973,
IND,India,1973,0.99695741776938
IRL,Ireland,1973,3.05522407658503
IRN,"Iran, Islamic Rep.",1973,4.34172024333215
IRQ,Iraq,1973,0.881619183994914
ISL,Iceland,1973,5.20631155528196
ISR,Israel,1973,1.40004162249663
ITA,Italy,1973,6.40180597096933
JAM,Jamaica,1973,-6.91569437220451
JOR,Jordan,1973,
JPN,Japan,1973,6.52302359623076
KAZ,Kazakhstan,1973,
KEN,Kenya,1973,2.30288023865035
KGZ,Kyrgyz Republic,1973,
KHM,Cambodia,1973,
KIR,Kiribati,1973,18.8305764063351
KNA,St. Kitts and Nevis,1973,
KOR,"Korea, Rep.",1973,12.9594719615862
KWT,Kuwait,1973,-12.0461650165501
LAO,Lao PDR,1973,
LBN,Lebanon,1973,
LBR,Liberia,1973,-4.78156265209702
LBY,Libya,1973,-1.94413702049
LCA,St. Lucia,1973,
LCN,Latin America & Caribbean,1973,5.39406386587062
LIE,Liechtenstein,1973,-1.24453356444118
LKA,Sri Lanka,1973,4.99418032556585
LSO,Lesotho,1973,22.0934666602339
LTE,Late-demographic dividend,1973,7.58382133873421
LTU,Lithuania,1973,
LUX,Luxembourg,1973,7.12277173935911
LVA,Latvia,1973,
MAC,"Macao SAR, China",1973,
MAF,St. Martin (French part),1973,
MAR,Morocco,1973,1.02792973594954
MCO,Monaco,1973,5.66127628854424
MDA,Moldova,1973,
MDG,Madagascar,1973,-5.47322930068657
MDV,Maldives,1973,-1.42083390072185
MEX,Mexico,1973,4.68903830009573
MHL,Marshall Islands,1973,30.7137567376963
MKD,North Macedonia,1973,
MLI,Mali,1973,-3.14874009269849
MLT,Malta,1973,4.23229500659397
MMR,Myanmar,1973,-3.00859215295391
MNE,Montenegro,1973,
MNG,Mongolia,1973,
MNP,Northern Mariana Islands,1973,
MOZ,Mozambique,1973,
MRT,Mauritania,1973,-7.39711131122949
MUS,Mauritius,1973,10.328671986434
MWI,Malawi,1973,-0.346083962337104
MYS,Malaysia,1973,9.0577313984089
NAM,Namibia,1973,
NCL,New Caledonia,1973,-15.1972312221315
NER,Niger,1973,-19.2378626749265
NGA,Nigeria,1973,2.79594058569268
NIC,Nicaragua,1973,3.3762730782903
NLD,Netherlands,1973,4.57544910744603
NOR,Norway,1973,3.80427245973036
NPL,Nepal,1973,-2.62170622757225
NRU,Nauru,1973,2.08910826191115
NZL,New Zealand,1973,5.71074409698538
OMN,Oman,1973,-16.6997263585133
PAK,Pakistan,1973,3.99158306411248
PAN,Panama,1973,2.5459243735731
PER,Peru,1973,3.56062807037685
PHL,Philippines,1973,6.39123697222152
PLW,Palau,1973,-2.65587257752125
PNG,Papua New Guinea,1973,4.06671771622038
POL,Poland,1973,
PRI,Puerto Rico (US),1973,4.07192333758761
PRK,"Korea, Dem. People's Rep.",1973,
PRT,Portugal,1973,11.1662803378951
PRY,Paraguay,1973,4.73782896338417
PSE,West Bank and Gaza,1973,
PYF,French Polynesia,1973,4.36803867101456
QAT,Qatar,1973,0.287639462417232
ROU,Romania,1973,
RUS,Russia,1973,
RWA,Rwanda,1973,0.469197160162111
SAU,Saudi Arabia,1973,16.5104076645097
SDN,Sudan,1973,-3.02667229625716
SEN,Senegal,1973,-8.35765642589806
SGP,Singapore,1973,8.5553596416668
SLB,Solomon Islands,1973,
SLE,Sierra Leone,1973,0.381693942422118
SLV,El Salvador,1973,2.43221586974261
SMR,San Marino,1973,
SOM,"Somalia, Fed. Rep.",1973,-14.4545591202461
SRB,Serbia,1973,
SSD,South Sudan,1973,
STP,Sao Tome and Principe,1973,-0.563520035038692
SUR,Suriname,1973,-1.39283071295947
SVK,Slovak Republic,1973,
SVN,Slovenia,1973,
SWE,Sweden,1973,3.78893205453909
SWZ,Eswatini,1973,6.00326070864843
SXM,Sint Maarten (Dutch part),1973,
SYC,Seychelles,1973,7.39993330055431
SYR,Syrian Arab Republic,1973,-13.44091594747
TCA,Turks and Caicos Islands,1973,
TCD,Chad,1973,-10.5106738595121
TGO,Togo,1973,1.13399793974787
THA,Thailand,1973,7.36684534091006
TJK,Tajikistan,1973,
TKM,Turkmenistan,1973,
TLS,Timor-Leste,1973,
TON,Tonga,1973,
TTO,Trinidad and Tobago,1973,0.377619149736887
TUN,Tunisia,1973,-3.17871622274407
TUR,Turkiye,1973,0.901130367305143
TUV,Tuvalu,1973,-1.74061010385518
TZA,Tanzania,1973,2.43676823950976
UGA,Uganda,1973,
UKR,Ukraine,1973,
URY,Uruguay,1973,-0.272241255772499
USA,United States,1973,4.64211335793088
UZB,Uzbekistan,1973,
VCT,St. Vincent and the Grenadines,1973,-11.9129357594357
VEN,"Venezuela, RB",1973,3.97872292299488
VGB,British Virgin Islands,1973,
VIR,Virgin Islands (U.S.),1973,
VNM,Viet Nam,1973,
VUT,Vanuatu,1973,
WSM,Samoa,1973,5.8432041581838
XKX,Kosovo,1973,
YEM,"Yemen, Rep.",1973,
ZAF,South Africa,1973,1.62426941389076
ZMB,Zambia,1973,-3.77109414566878
ZWE,Zimbabwe,1973,-0.587268320556561
ABW,Aruba,1974,
AFE,Africa Eastern and Southern,1974,2.38087775280151
AFG,Afghanistan,1974,
AFW,Africa Western and Central,1974,7.09561941060267
AGO,Angola,1974,
ALB,Albania,1974,
AND,Andorra,1974,-0.876786144946138
ARE,United Arab Emirates,1974,2.16348157119559
ARG,Argentina,1974,3.81225224716344
ARM,Armenia,1974,
ASM,American Samoa,1974,
ATG,Antigua and Barbuda,1974,
AUS,Australia,1974,1.50451470944581
AUT,Austria,1974,3.76537315680999
AZE,Azerbaijan,1974,
BDI,Burundi,1974,-3.18211193978914
BEL,Belgium,1974,4.23677802982603
BEN,Benin,1974,0.907300354118718
BFA,Burkina Faso,1974,6.25587535382763
BGD,Bangladesh,1974,6.5326988625076
BGR,Bulgaria,1974,
BHR,Bahrain,1974,2.94132346845394
BHS,"Bahamas, The",1974,-18.5992072340605
BIH,Bosnia and Herzegovina,1974,
BLR,Belarus,1974,
BLZ,Belize,1974,12.0185070842507
BMU,Bermuda,1974,0.668046202643495
BOL,Bolivia,1974,0.638403546500285
BRA,Brazil,1974,5.59267280331055
BRB,Barbados,1974,-4.82383903230431
BRN,Brunei Darussalam,1974,
BTN,Bhutan,1974,1.63859307448013
BWA,Botswana,1974,3.55351825263722
CAF,Central African Republic,1974,4.30863076950688
CAN,Canada,1974,1.92490392779858
CHE,Switzerland,1974,0.91002054817038
CHI,Channel Islands,1974,
CHL,Chile,1974,-0.344988907097871
CHN,China,1974,0.218005667350923
CIV,Cote d'Ivoire,1974,-0.33158369310037
CMR,Cameroon,1974,7.70293237323871
COD,"Congo, Dem. Rep.",1974,0.410907264212781
COG,"Congo, Rep.",1974,4.57041078633043
COL,Colombia,1974,3.39268107532517
COM,Comoros,1974,
CPV,Cabo Verde,1974,
CRI,Costa Rica,1974,2.89029162591075
CUB,Cuba,1974,-0.29588768768626
CUW,Curacao,1974,
CYM,Cayman Islands,1974,
CYP,Cyprus,1974,
CZE,Czechia,1974,
DEU,Germany,1974,0.850760282845769
DJI,Djibouti,1974,
DMA,Dominica,1974,
DNK,Denmark,1974,-1.42430005031177
DOM,Dominican Republic,1974,3.15523820385775
DZA,Algeria,1974,4.9210705603048
EAR,Early-demographic dividend,1974,4.18033148337949
ECS,Europe & Central Asia,1974,1.55298777163341
ECU,Ecuador,1974,8.04934364582815
EGY,"Egypt, Arab Rep.",1974,-0.761728936896915
ERI,Eritrea,1974,
ESP,Spain,1974,4.47106819908592
EST,Estonia,1974,
ETH,Ethiopia,1974,0.63658536181066
FIN,Finland,1974,2.69745817246852
FJI,Fiji,1974,1.10648886205634
FRA,France,1974,3.72619321259258
FRO,Faroe Islands,1974,
FSM,"Micronesia, Fed. Sts.",1974,12.2348807545385
GAB,Gabon,1974,36.5375169763232
GBR,United Kingdom,1974,-1.74167838811137
GEO,Georgia,1974,7.86898577673144
GHA,Ghana,1974,3.79769903143396
GIB,Gibraltar,1974,
GIN,Guinea,1974,3.54558722025355
GMB,"Gambia, The",1974,2.80641509450734
GNB,Guinea-Bissau,1974,1.05937438618955
GNQ,Equatorial Guinea,1974,
GRC,Greece,1974,-6.78208597785962
GRD,Grenada,1974,
GRL,Greenland,1974,4.63851405344924
GTM,Guatemala,1974,3.7150125647928
GUM,Guam,1974,
GUY,Guyana,1974,6.54723978628201
HKG,"Hong Kong SAR, China",1974,-0.771003986107289
HND,Honduras,1974,6.29183974557081
HRV,Croatia,1974,
HTI,Haiti,1974,3.76967206097778
HUN,Hungary,1974,5.4283943554172
IDB,IDA blend,1974,5.11055085220853
IDN,Indonesia,1974,4.89972082263803
IMN,Isle of Man,1974,
IND,India,1974,-1.11546097703989
IRL,Ireland,1974,2.54720564120487
IRN,"Iran, Islamic Rep.",1974,2.71498847983618
IRQ,Iraq,1974,12.2467344179827
ISL,Iceland,1974,4.28580040668538
ISR,Israel,1974,3.35471042854947
ITA,Italy,1974,4.81201381648005
JAM,Jamaica,1974,-5.65732768743082
JOR,Jordan,1974,
JPN,Japan,1974,-2.52983920012939
KAZ,Kazakhstan,1974,
KEN,Kenya,1974,0.600157426524987
KGZ,Kyrgyz Republic,1974,
KHM,Cambodia,1974,
KIR,Kiribati,1974,44.3652243204659
KNA,St. Kitts and Nevis,1974,
KOR,"Korea, Rep.",1974,7.78693652931419
KWT,Kuwait,1974,-18.0770336525294
LAO,Lao PDR,1974,
LBN,Lebanon,1974,
LBR,Liberia,1974,1.99814740649884
LBY,Libya,1974,16.2642535826649
LCA,St. Lucia,1974,
LCN,Latin America & Caribbean,1974,3.5822046893306
LIE,Liechtenstein,1974,-1.21814703805616
LKA,Sri Lanka,1974,1.93544022874815
LSO,Lesotho,1974,7.21995002858708
LTE,Late-demographic dividend,1974,2.96721264300518
LTU,Lithuania,1974,
LUX,Luxembourg,1974,2.86229765746455
LVA,Latvia,1974,
MAC,"Macao SAR, China",1974,
MAF,St. Martin (French part),1974,
MAR,Morocco,1974,3.04316664113762
MCO,Monaco,1974,3.79977999896775
MDA,Moldova,1974,
MDG,Madagascar,1974,-1.00423993514346
MDV,Maldives,1974,2.66535722217573
MEX,Mexico,1974,2.72668136370025
MHL,Marshall Islands,1974,12.0634942615185
MKD,North Macedonia,1974,
MLI,Mali,1974,-3.26394709933854
MLT,Malta,1974,10.110734170729
MMR,Myanmar,1974,3.30736594618683
MNE,Montenegro,1974,
MNG,Mongolia,1974,
MNP,Northern Mariana Islands,1974,
MOZ,Mozambique,1974,
MRT,Mauritania,1974,8.87511681463853
MUS,Mauritius,1974,7.17315882460102
MWI,Malawi,1974,4.31175335044971
MYS,Malaysia,1974,5.75321626398954
NAM,Namibia,1974,
NCL,New Caledonia,1974,7.67100959040138
NER,Niger,1974,5.89370852944069
NGA,Nigeria,1974,8.28248685448136
NIC,Nicaragua,1974,10.7317623314286
NLD,Netherlands,1974,2.63126524300709
NOR,Norway,1974,3.27949663550397
NPL,Nepal,1974,4.03586160968226
NRU,Nauru,1974,2.05118107141587
NZL,New Zealand,1974,3.80605760696126
OMN,Oman,1974,7.64643842656341
PAK,Pakistan,1974,0.539790187463979
PAN,Panama,1974,-0.236575310985799
PER,Peru,1974,6.65383740719912
PHL,Philippines,1974,1.18427179476149
PLW,Palau,1974,-0.959669659678852
PNG,Papua New Guinea,1974,0.297810636028046
POL,Poland,1974,
PRI,Puerto Rico (US),1974,0.798560594348857
PRK,"Korea, Dem. People's Rep.",1974,
PRT,Portugal,1974,-0.25816587660951
PRY,Paraguay,1974,5.71828209725314
PSE,West Bank and Gaza,1974,
PYF,French Polynesia,1974,14.3119271673124
QAT,Qatar,1974,-3.33243432059582
ROU,Romania,1974,
RUS,Russia,1974,
RWA,Rwanda,1974,-1.51810553917797
SAU,Saudi Arabia,1974,10.264982064408
SDN,Sudan,1974,7.40531016636297
SEN,Senegal,1974,1.21205391063765
SGP,Singapore,1974,4.36607219742567
SLB,Solomon Islands,1974,
SLE,Sierra Leone,1974,1.60366923483426
SLV,El Salvador,1974,2.94148956739086
SMR,San Marino,1974,
SOM,"Somalia, Fed. Rep.",1974,-1.82587077928002
SRB,Serbia,1974,
SSD,South Sudan,1974,
STP,Sao Tome and Principe,1974,3.34473303698839
SUR,Suriname,1974,0.934547183339333
SVK,Slovak Republic,1974,
SVN,Slovenia,1974,
SWE,Sweden,1974,2.89918478607277
SWZ,Eswatini,1974,2.75128092343779
SXM,Sint Maarten (Dutch part),1974,
SYC,Seychelles,1974,-0.524332931383341
SYR,Syrian Arab Republic,1974,21.6295639641609
TCA,Turks and Caicos Islands,1974,
TCD,Chad,1974,2.58260751768957
TGO,Togo,1974,2.20297100282814
THA,Thailand,1974,1.83817200002865
TJK,Tajikistan,1974,
TKM,Turkmenistan,1974,
TLS,Timor-Leste,1974,
TON,Tonga,1974,
TTO,Trinidad and Tobago,1974,2.51993453618269
TUN,Tunisia,1974,5.27186323831654
TUR,Turkiye,1974,3.28170101269221
TUV,Tuvalu,1974,-4.05930712813475
TZA,Tanzania,1974,-1.50567320144003
UGA,Uganda,1974,
UKR,Ukraine,1974,
URY,Uruguay,1974,2.28924523618788
USA,United States,1974,-1.44513289800848
UZB,Uzbekistan,1974,
VCT,St. Vincent and the Grenadines,1974,-9.61281095414434
VEN,"Venezuela, RB",1974,-0.887407681751554
VGB,British Virgin Islands,1974,
VIR,Virgin Islands (U.S.),1974,
VNM,Viet Nam,1974,
VUT,Vanuatu,1974,
WSM,Samoa,1974,-12.4220139646229
XKX,Kosovo,1974,
YEM,"Yemen, Rep.",1974,
ZAF,South Africa,1974,3.16060531704183
ZMB,Zambia,1974,3.35023893693798
ZWE,Zimbabwe,1974,3.23376685560504
ABW,Aruba,1975,
AFE,Africa Eastern and Southern,1975,-1.54462735361692
AFG,Afghanistan,1975,
AFW,Africa Western and Central,1975,-4.600731221762
AGO,Angola,1975,
ALB,Albania,1975,
AND,Andorra,1975,-5.40568774889164
ARE,United Arab Emirates,1975,-4.29424918770388
ARG,Argentina,1975,-1.62320618621685
ARM,Armenia,1975,
ASM,American Samoa,1975,
ATG,Antigua and Barbuda,1975,
AUS,Australia,1975,0.098681908405382
AUT,Austria,1975,-0.0990304305082361
AZE,Azerbaijan,1975,
BDI,Burundi,1975,-1.76931158421134
BEL,Belgium,1975,-2.24882996195586
BEN,Benin,1975,-7.18018223829337
BFA,Burkina Faso,1975,0.943213343373543
BGD,Bangladesh,1975,-6.57057421501683
BGR,Bulgaria,1975,
BHR,Bahrain,1975,-13.4068775816101
BHS,"Bahamas, The",1975,-16.6476256741461
BIH,Bosnia and Herzegovina,1975,
BLR,Belarus,1975,
BLZ,Belize,1975,1.84332941732113
BMU,Bermuda,1975,3.62553710416722
BOL,Bolivia,1975,4.90760338374334
BRA,Brazil,1975,2.69442153091077
BRB,Barbados,1975,-2.05544461307403
BRN,Brunei Darussalam,1975,-4.04825476867771
BTN,Bhutan,1975,-6.54626151284373
BWA,Botswana,1975,3.18757520780461
CAF,Central African Republic,1975,-1.52933268765479
CAN,Canada,1975,0.074186179753724
CHE,Switzerland,1975,-7.24261298531923
CHI,Channel Islands,1975,
CHL,Chile,1975,-13.6362549356415
CHN,China,1975,6.81644050625665
CIV,Cote d'Ivoire,1975,3.42453359950802
CMR,Cameroon,1975,8.18407213130715
COD,"Congo, Dem. Rep.",1975,-7.46727438222024
COG,"Congo, Rep.",1975,4.76979764471767
COL,Colombia,1975,0.0826946618422113
COM,Comoros,1975,
CPV,Cabo Verde,1975,
CRI,Costa Rica,1975,-0.489413430286334
CUB,Cuba,1975,8.25756484504619
CUW,Curacao,1975,
CYM,Cayman Islands,1975,
CYP,Cyprus,1975,
CZE,Czechia,1975,
DEU,Germany,1975,-0.496434276997888
DJI,Djibouti,1975,
DMA,Dominica,1975,
DNK,Denmark,1975,-1.69369478529879
DOM,Dominican Republic,1975,2.4298225377941
DZA,Algeria,1975,1.39325532630959
EAR,Early-demographic dividend,1975,0.379164562311956
ECS,Europe & Central Asia,1975,-1.39263936249645
ECU,Ecuador,1975,7.85921266778445
EGY,"Egypt, Arab Rep.",1975,6.40124367025298
ERI,Eritrea,1975,
ESP,Spain,1975,-0.539096521312302
EST,Estonia,1975,
ETH,Ethiopia,1975,-1.19852341461873
FIN,Finland,1975,1.35402497022343
FJI,Fiji,1975,-0.939061210463947
FRA,France,1975,-1.41569324890409
FRO,Faroe Islands,1975,
FSM,"Micronesia, Fed. Sts.",1975,-2.41762520319851
GAB,Gabon,1975,16.5791519988371
GBR,United Kingdom,1975,-0.669496804185911
GEO,Georgia,1975,6.59086640762749
GHA,Ghana,1975,-14.9307065571164
GIB,Gibraltar,1975,
GIN,Guinea,1975,1.25511798294684
GMB,"Gambia, The",1975,9.10842435560156
GNB,Guinea-Bissau,1975,1.61175083743888
GNQ,Equatorial Guinea,1975,
GRC,Greece,1975,5.37305616389978
GRD,Grenada,1975,
GRL,Greenland,1975,0.443324336266386
GTM,Guatemala,1975,-0.504202378586612
GUM,Guam,1975,
GUY,Guyana,1975,7.41535459732319
HKG,"Hong Kong SAR, China",1975,-1.39547198730146
HND,Honduras,1975,2.23954575475487
HRV,Croatia,1975,
HTI,Haiti,1975,-0.806656541529165
HUN,Hungary,1975,5.57728993574804
IDB,IDA blend,1975,-4.15126565867133
IDN,Indonesia,1975,2.35867536949112
IMN,Isle of Man,1975,
IND,India,1975,6.60232102773443
IRL,Ireland,1975,3.93244453787489
IRN,"Iran, Islamic Rep.",1975,-3.29408122979362
IRQ,Iraq,1975,8.82780185892848
ISL,Iceland,1975,-0.632820672976109
ISR,Israel,1975,0.912011696965948
ITA,Italy,1975,-2.673183899107
JAM,Jamaica,1975,-1.64308411562342
JOR,Jordan,1975,
JPN,Japan,1975,1.78783564222789
KAZ,Kazakhstan,1975,
KEN,Kenya,1975,-2.414863097742
KGZ,Kyrgyz Republic,1975,
KHM,Cambodia,1975,
KIR,Kiribati,1975,5.74515935904168
KNA,St. Kitts and Nevis,1975,
KOR,"Korea, Rep.",1975,6.13128616568828
KWT,Kuwait,1975,-17.5558265346701
LAO,Lao PDR,1975,
LBN,Lebanon,1975,
LBR,Liberia,1975,-6.04237452138808
LBY,Libya,1975,-1.60871508404968
LCA,St. Lucia,1975,
LCN,Latin America & Caribbean,1975,1.20166794759224
LIE,Liechtenstein,1975,-0.0148802519785391
LKA,Sri Lanka,1975,4.22058788193911
LSO,Lesotho,1975,-16.4511267325274
LTE,Late-demographic dividend,1975,2.55556697643095
LTU,Lithuania,1975,
LUX,Luxembourg,1975,-7.58647531673864
LVA,Latvia,1975,
MAC,"Macao SAR, China",1975,
MAF,St. Martin (French part),1975,
MAR,Morocco,1975,5.0134950017876
MCO,Monaco,1975,-2.00174537960469
MDA,Moldova,1975,
MDG,Madagascar,1975,-1.74544311116303
MDV,Maldives,1975,-10.6755651698573
MEX,Mexico,1975,2.76437782991901
MHL,Marshall Islands,1975,-3.22228561039239
MKD,North Macedonia,1975,
MLI,Mali,1975,9.63613550505329
MLT,Malta,1975,18.6852567559249
MMR,Myanmar,1975,2.15640116972497
MNE,Montenegro,1975,
MNG,Mongolia,1975,
MNP,Northern Mariana Islands,1975,
MOZ,Mozambique,1975,
MRT,Mauritania,1975,-7.89286212395606
MUS,Mauritius,1975,-0.672886411363265
MWI,Malawi,1975,3.15684771791764
MYS,Malaysia,1975,-1.580216832148
NAM,Namibia,1975,
NCL,New Caledonia,1975,1.84318988273698
NER,Niger,1975,-5.39047250934456
NGA,Nigeria,1975,-7.8158606581587
NIC,Nicaragua,1975,-3.16139943508314
NLD,Netherlands,1975,-0.88541810143316
NOR,Norway,1975,4.37447938027427
NPL,Nepal,1975,-0.754394199496474
NRU,Nauru,1975,1.9558518921144
NZL,New Zealand,1975,-3.62495241985341
OMN,Oman,1975,19.3409033325163
PAK,Pakistan,1975,1.14230483078612
PAN,Panama,1975,-0.870333864452448
PER,Peru,1975,1.73377188806842
PHL,Philippines,1975,3.08154138243265
PLW,Palau,1975,0.278195010862106
PNG,Papua New Guinea,1975,-3.06837795074274
POL,Poland,1975,
PRI,Puerto Rico (US),1975,-2.46962901165594
PRK,"Korea, Dem. People's Rep.",1975,
PRT,Portugal,1975,-7.91460726088667
PRY,Paraguay,1975,4.23131952720321
PSE,West Bank and Gaza,1975,
PYF,French Polynesia,1975,-7.80077737651885
QAT,Qatar,1975,-2.7436612012806
ROU,Romania,1975,
RUS,Russia,1975,
RWA,Rwanda,1975,-4.94988786256377
SAU,Saudi Arabia,1975,-10.3141640716088
SDN,Sudan,1975,11.9462726812769
SEN,Senegal,1975,4.59557405761304
SGP,Singapore,1975,2.48125580622293
SLB,Solomon Islands,1975,
SLE,Sierra Leone,1975,-0.183188014791696
SLV,El Salvador,1975,0.656013863718584
SMR,San Marino,1975,
SOM,"Somalia, Fed. Rep.",1975,11.8478958191435
SRB,Serbia,1975,
SSD,South Sudan,1975,
STP,Sao Tome and Principe,1975,2.90370190643883
SUR,Suriname,1975,3.458580155335
SVK,Slovak Republic,1975,
SVN,Slovenia,1975,
SWE,Sweden,1975,2.14625323509338
SWZ,Eswatini,1975,10.6135170537485
SXM,Sint Maarten (Dutch part),1975,
SYC,Seychelles,1975,0.819491986043431
SYR,Syrian Arab Republic,1975,12.4671546949023
TCA,Turks and Caicos Islands,1975,
TCD,Chad,1975,6.68531638180316
TGO,Togo,1975,-0.0606482337539092
THA,Thailand,1975,2.43943932802959
TJK,Tajikistan,1975,
TKM,Turkmenistan,1975,
TLS,Timor-Leste,1975,
TON,Tonga,1975,
TTO,Trinidad and Tobago,1975,0.253836342343689
TUN,Tunisia,1975,4.31926073788047
TUR,Turkiye,1975,4.97364195842398
TUV,Tuvalu,1975,-6.25647261729618
TZA,Tanzania,1975,0.27319379109008
UGA,Uganda,1975,
UKR,Ukraine,1975,
URY,Uruguay,1975,5.4181470108031
USA,United States,1975,-1.18474293776595
UZB,Uzbekistan,1975,
VCT,St. Vincent and the Grenadines,1975,-8.37352117877013
VEN,"Venezuela, RB",1975,-0.0665573543047344
VGB,British Virgin Islands,1975,
VIR,Virgin Islands (U.S.),1975,
VNM,Viet Nam,1975,
VUT,Vanuatu,1975,
WSM,Samoa,1975,-6.259048337742
XKX,Kosovo,1975,
YEM,"Yemen, Rep.",1975,
ZAF,South Africa,1975,-1.08270939801929
ZMB,Zambia,1975,-5.15497800444783
ZWE,Zimbabwe,1975,-4.99180317012353
ABW,Aruba,1976,
AFE,Africa Eastern and Southern,1976,-0.592860967048821
AFG,Afghanistan,1976,
AFW,Africa Western and Central,1976,5.55242735589117
AGO,Angola,1976,
ALB,Albania,1976,
AND,Andorra,1976,-2.53240665067025
ARE,United Arab Emirates,1976,2.71277066030733
ARG,Argentina,1976,-3.53995334802055
ARM,Armenia,1976,
ASM,American Samoa,1976,
ATG,Antigua and Barbuda,1976,
AUS,Australia,1976,1.56435628568006
AUT,Austria,1976,4.76336934989831
AZE,Azerbaijan,1976,
BDI,Burundi,1976,5.55134642737933
BEL,Belgium,1976,5.46414014877136
BEN,Benin,1976,-1.59445639492239
BFA,Burkina Faso,1976,6.23539748425739
BGD,Bangladesh,1976,3.01376173963934
BGR,Bulgaria,1976,
BHR,Bahrain,1976,24.0721335465394
BHS,"Bahamas, The",1976,2.92212033284149
BIH,Bosnia and Herzegovina,1976,
BLR,Belarus,1976,
BLZ,Belize,1976,-2.07090877900737
BMU,Bermuda,1976,8.77271355263606
BOL,Bolivia,1976,2.2470901580419
BRA,Brazil,1976,7.66231519452694
BRB,Barbados,1976,4.2493935001899
BRN,Brunei Darussalam,1976,16.7833606306051
BTN,Bhutan,1976,5.29903163061701
BWA,Botswana,1976,5.08545359266064
CAF,Central African Republic,1976,3.87700094616103
CAN,Canada,1976,4.50510430004691
CHE,Switzerland,1976,-0.838489887506583
CHI,Channel Islands,1976,
CHL,Chile,1976,2.01125750988263
CHN,China,1976,-3.08132198489825
CIV,Cote d'Ivoire,1976,8.41025764206348
CMR,Cameroon,1976,-7.99324847143026
COD,"Congo, Dem. Rep.",1976,-7.7256956323522
COG,"Congo, Rep.",1976,-1.51657522816552
COL,Colombia,1976,2.47143444323312
COM,Comoros,1976,
CPV,Cabo Verde,1976,
CRI,Costa Rica,1976,2.81277818792358
CUB,Cuba,1976,4.4199047403729
CUW,Curacao,1976,
CYM,Cayman Islands,1976,
CYP,Cyprus,1976,21.2448705756902
CZE,Czechia,1976,
DEU,Germany,1976,5.40021216950142
DJI,Djibouti,1976,
DMA,Dominica,1976,
DNK,Denmark,1976,5.72732123458806
DOM,Dominican Republic,1976,3.97508145591705
DZA,Algeria,1976,3.56112872678158
EAR,Early-demographic dividend,1976,4.40670103876313
ECS,Europe & Central Asia,1976,3.63919916557336
ECU,Ecuador,1976,4.42416712071815
EGY,"Egypt, Arab Rep.",1976,10.6602169070771
ERI,Eritrea,1976,
ESP,Spain,1976,2.21777242101939
EST,Estonia,1976,
ETH,Ethiopia,1976,-2.34815489377294
FIN,Finland,1976,0.0423518733126258
FJI,Fiji,1976,1.04686121670258
FRA,France,1976,3.89596423761951
FRO,Faroe Islands,1976,
FSM,"Micronesia, Fed. Sts.",1976,-1.99965011138235
GAB,Gabon,1976,32.5368667286073
GBR,United Kingdom,1976,2.82995299273523
GEO,Georgia,1976,5.33721073796755
GHA,Ghana,1976,-6.26728026026291
GIB,Gibraltar,1976,
GIN,Guinea,1976,6.25336070785937
GMB,"Gambia, The",1976,4.11765068352071
GNB,Guinea-Bissau,1976,-1.59102995282194
GNQ,Equatorial Guinea,1976,
GRC,Greece,1976,5.20508290337798
GRD,Grenada,1976,
GRL,Greenland,1976,5.74601090342313
GTM,Guatemala,1976,5.09505037358169
GUM,Guam,1976,
GUY,Guyana,1976,0.610970510557053
HKG,"Hong Kong SAR, China",1976,14.7141851962279
HND,Honduras,1976,12.5328583675997
HRV,Croatia,1976,
HTI,Haiti,1976,6.3680212027663
HUN,Hungary,1976,3.03157554475959
IDB,IDA blend,1976,3.69195715635161
IDN,Indonesia,1976,4.25356942232263
IMN,Isle of Man,1976,
IND,India,1976,-0.700735577976914
IRL,Ireland,1976,-0.123899984172667
IRN,"Iran, Islamic Rep.",1976,14.7493531427003
IRQ,Iraq,1976,13.4026387339741
ISL,Iceland,1976,4.91254750217661
ISR,Israel,1976,-1.89237208156783
ITA,Italy,1976,6.59231969028866
JAM,Jamaica,1976,-7.90742453057631
JOR,Jordan,1976,
JPN,Japan,1976,2.86677809766631
KAZ,Kazakhstan,1976,
KEN,Kenya,1976,-1.10989817440527
KGZ,Kyrgyz Republic,1976,
KHM,Cambodia,1976,7.275968294004
KIR,Kiribati,1976,-26.3746754393182
KNA,St. Kitts and Nevis,1976,
KOR,"Korea, Rep.",1976,11.469240484049
KWT,Kuwait,1976,-0.0728517532238584
LAO,Lao PDR,1976,
LBN,Lebanon,1976,
LBR,Liberia,1976,2.48044600023634
LBY,Libya,1976,16.1219145495386
LCA,St. Lucia,1976,
LCN,Latin America & Caribbean,1976,3.10706174483401
LIE,Liechtenstein,1976,3.83553475210907
LKA,Sri Lanka,1976,1.47923805394234
LSO,Lesotho,1976,7.54268485529079
LTE,Late-demographic dividend,1976,4.90030911350368
LTU,Lithuania,1976,
LUX,Luxembourg,1976,2.02809658023895
LVA,Latvia,1976,
MAC,"Macao SAR, China",1976,
MAF,St. Martin (French part),1976,
MAR,Morocco,1976,8.16792587955295
MCO,Monaco,1976,2.81894319399755
MDA,Moldova,1976,
MDG,Madagascar,1976,-5.95479912094
MDV,Maldives,1976,-2.37909946155953
MEX,Mexico,1976,1.55395269847907
MHL,Marshall Islands,1976,-2.85887539068503
MKD,North Macedonia,1976,
MLI,Mali,1976,11.6040006688889
MLT,Malta,1976,16.4231524641836
MMR,Myanmar,1976,4.07235741457264
MNE,Montenegro,1976,
MNG,Mongolia,1976,
MNP,Northern Mariana Islands,1976,
MOZ,Mozambique,1976,
MRT,Mauritania,1976,5.40971752503737
MUS,Mauritius,1976,21.7720106554531
MWI,Malawi,1976,1.98831080918549
MYS,Malaysia,1976,8.922229345387
NAM,Namibia,1976,
NCL,New Caledonia,1976,-1.03270189906863
NER,Niger,1976,-2.04727491683641
NGA,Nigeria,1976,5.9557975861855
NIC,Nicaragua,1976,2.06068988501941
NLD,Netherlands,1976,3.63954454737873
NOR,Norway,1976,5.33035957508415
NPL,Nepal,1976,2.13824970418808
NRU,Nauru,1976,-3.87607779138243
NZL,New Zealand,1976,0.0397432614710453
OMN,Oman,1976,15.2378139888205
PAK,Pakistan,1976,1.98612933479028
PAN,Panama,1976,-0.884165965259982
PER,Peru,1976,-1.02407952058034
PHL,Philippines,1976,6.05737004342011
PLW,Palau,1976,0.410740823976724
PNG,Papua New Guinea,1976,-5.48723621909853
POL,Poland,1976,
PRI,Puerto Rico (US),1976,4.50297711700007
PRK,"Korea, Dem. People's Rep.",1976,
PRT,Portugal,1976,3.90271245992484
PRY,Paraguay,1976,4.90728952513568
PSE,West Bank and Gaza,1976,
PYF,French Polynesia,1976,5.01581121655521
QAT,Qatar,1976,0.0744618436574314
ROU,Romania,1976,
RUS,Russia,1976,
RWA,Rwanda,1976,16.0240041023873
SAU,Saudi Arabia,1976,9.19278445456175
SDN,Sudan,1976,12.8461178952248
SEN,Senegal,1976,6.09408302455773
SGP,Singapore,1976,5.99892453789093
SLB,Solomon Islands,1976,
SLE,Sierra Leone,1976,-2.22939810359523
SLV,El Salvador,1976,2.80718498963427
SMR,San Marino,1976,
SOM,"Somalia, Fed. Rep.",1976,-4.28222124875663
SRB,Serbia,1976,
SSD,South Sudan,1976,
STP,Sao Tome and Principe,1976,-0.891295096757773
SUR,Suriname,1976,9.6072667587928
SVK,Slovak Republic,1976,
SVN,Slovenia,1976,
SWE,Sweden,1976,0.691238137203413
SWZ,Eswatini,1976,-5.04783086923946
SXM,Sint Maarten (Dutch part),1976,
SYC,Seychelles,1976,13.9484048811318
SYR,Syrian Arab Republic,1976,8.47847475216967
TCA,Turks and Caicos Islands,1976,
TCD,Chad,1976,0.944475621719818
TGO,Togo,1976,-4.39734353459794
THA,Thailand,1976,6.8308752520809
TJK,Tajikistan,1976,
TKM,Turkmenistan,1976,
TLS,Timor-Leste,1976,
TON,Tonga,1976,
TTO,Trinidad and Tobago,1976,5.12366663845437
TUN,Tunisia,1976,5.03949251485865
TUR,Turkiye,1976,8.22860272296013
TUV,Tuvalu,1976,-5.28880023422849
TZA,Tanzania,1976,-0.384282770194559
UGA,Uganda,1976,
UKR,Ukraine,1976,
URY,Uruguay,1976,3.24989821307452
USA,United States,1976,4.39135849431463
UZB,Uzbekistan,1976,
VCT,St. Vincent and the Grenadines,1976,9.49334318174724
VEN,"Venezuela, RB",1976,4.63681158054499
VGB,British Virgin Islands,1976,
VIR,Virgin Islands (U.S.),1976,
VNM,Viet Nam,1976,
VUT,Vanuatu,1976,
WSM,Samoa,1976,6.69949633959976
XKX,Kosovo,1976,
YEM,"Yemen, Rep.",1976,
ZAF,South Africa,1976,-0.479248252040165
ZMB,Zambia,1976,3.04589479742205
ZWE,Zimbabwe,1976,-2.54645126616929
ABW,Aruba,1977,
AFE,Africa Eastern and Southern,1977,-1.71063610352907
AFG,Afghanistan,1977,
AFW,Africa Western and Central,1977,1.75789898537406
AGO,Angola,1977,
ALB,Albania,1977,
AND,Andorra,1977,-2.65439397848357
ARE,United Arab Emirates,1977,5.30752850874801
ARG,Argentina,1977,5.25406554729264
ARM,Armenia,1977,
ASM,American Samoa,1977,
ATG,Antigua and Barbuda,1977,
AUS,Australia,1977,2.43177916273716
AUT,Austria,1977,5.03964822542808
AZE,Azerbaijan,1977,
BDI,Burundi,1977,8.64448041839579
BEL,Belgium,1977,0.501978435124244
BEN,Benin,1977,2.34673007253691
BFA,Burkina Faso,1977,-1.94188225017315
BGD,Bangladesh,1977,0.149792973513058
BGR,Bulgaria,1977,
BHR,Bahrain,1977,7.61285509034586
BHS,"Bahamas, The",1977,6.83592798874075
BIH,Bosnia and Herzegovina,1977,
BLR,Belarus,1977,
BLZ,Belize,1977,4.31159874677208
BMU,Bermuda,1977,5.67500401139121
BOL,Bolivia,1977,2.57738378331752
BRA,Brazil,1977,2.4596571731236
BRB,Barbados,1977,3.56641801799663
BRN,Brunei Darussalam,1977,6.25175091161782
BTN,Bhutan,1977,4.27852758482614
BWA,Botswana,1977,6.25911861544024
CAF,Central African Republic,1977,2.74040696827412
CAN,Canada,1977,2.3302651551455
CHE,Switzerland,1977,2.78150268812674
CHI,Channel Islands,1977,
CHL,Chile,1977,9.45988719207391
CHN,China,1977,6.11400167606095
CIV,Cote d'Ivoire,1977,3.44524962590836
CMR,Cameroon,1977,10.8434696175958
COD,"Congo, Dem. Rep.",1977,-1.75532961728734
COG,"Congo, Rep.",1977,-11.1044942073124
COL,Colombia,1977,1.87544234123106
COM,Comoros,1977,
CPV,Cabo Verde,1977,
CRI,Costa Rica,1977,6.07689194805121
CUB,Cuba,1977,7.83970875990205
CUW,Curacao,1977,
CYM,Cayman Islands,1977,
CYP,Cyprus,1977,16.3479757119071
CZE,Czechia,1977,
DEU,Germany,1977,3.58143707197259
DJI,Djibouti,1977,
DMA,Dominica,1977,
DNK,Denmark,1977,1.66829531304036
DOM,Dominican Republic,1977,2.31471836049224
DZA,Algeria,1977,1.50485663144283
EAR,Early-demographic dividend,1977,1.5114899749515
ECS,Europe & Central Asia,1977,2.14768432970311
ECU,Ecuador,1977,-1.17470503063848
EGY,"Egypt, Arab Rep.",1977,6.45293627261285
ERI,Eritrea,1977,
ESP,Spain,1977,1.78565712686311
EST,Estonia,1977,
ETH,Ethiopia,1977,0.765606087529463
FIN,Finland,1977,-0.0405058466502908
FJI,Fiji,1977,3.73014554818107
FRA,France,1977,3.07125680600552
FRO,Faroe Islands,1977,
FSM,"Micronesia, Fed. Sts.",1977,-0.0405965358471008
GAB,Gabon,1977,-14.642379758211
GBR,United Kingdom,1977,2.39700724849909
GEO,Georgia,1977,6.16815917602653
GHA,Ghana,1977,-0.696657028068174
GIB,Gibraltar,1977,
GIN,Guinea,1977,-4.84482707404506
GMB,"Gambia, The",1977,0.219473240434368
GNB,Guinea-Bissau,1977,-13.126641191981
GNQ,Equatorial Guinea,1977,
GRC,Greece,1977,1.6103014763606
GRD,Grenada,1977,
GRL,Greenland,1977,9.48317955986741
GTM,Guatemala,1977,5.46642394006444
GUM,Guam,1977,
GUY,Guyana,1977,-3.46014743359075
HKG,"Hong Kong SAR, China",1977,10.1241952213219
HND,Honduras,1977,5.34632625078287
HRV,Croatia,1977,
HTI,Haiti,1977,1.7292971958742
HUN,Hungary,1977,7.10127019727835
IDB,IDA blend,1977,2.29365184762909
IDN,Indonesia,1977,6.12351202472207
IMN,Isle of Man,1977,
IND,India,1977,4.75429678765606
IRL,Ireland,1977,6.75571312438012
IRN,"Iran, Islamic Rep.",1977,-5.73884281725705
IRQ,Iraq,1977,-1.43357241779491
ISL,Iceland,1977,8.01518324590818
ISR,Israel,1977,-1.20185103786015
ITA,Italy,1977,2.1258274871025
JAM,Jamaica,1977,-3.77724966994352
JOR,Jordan,1977,5.03578171507237
JPN,Japan,1977,3.3846807147641
KAZ,Kazakhstan,1977,
KEN,Kenya,1977,5.87941024320102
KGZ,Kyrgyz Republic,1977,
KHM,Cambodia,1977,-7.65550610489709
KIR,Kiribati,1977,-3.98902759229337
KNA,St. Kitts and Nevis,1977,
KOR,"Korea, Rep.",1977,10.6388743873152
KWT,Kuwait,1977,-9.90946431104578
LAO,Lao PDR,1977,
LBN,Lebanon,1977,
LBR,Liberia,1977,-1.22831931578325
LBY,Libya,1977,2.79738240827292
LCA,St. Lucia,1977,
LCN,Latin America & Caribbean,1977,2.55176108894565
LIE,Liechtenstein,1977,3.11284891993084
LKA,Sri Lanka,1977,3.21093170185758
LSO,Lesotho,1977,18.3385218042602
LTE,Late-demographic dividend,1977,4.75034976691464
LTU,Lithuania,1977,
LUX,Luxembourg,1977,1.39354267517093
LVA,Latvia,1977,
MAC,"Macao SAR, China",1977,
MAF,St. Martin (French part),1977,
MAR,Morocco,1977,3.40082701337403
MCO,Monaco,1977,2.06337488235428
MDA,Moldova,1977,
MDG,Madagascar,1977,-0.691255504288236
MDV,Maldives,1977,8.02674605503744
MEX,Mexico,1977,0.631197756819006
MHL,Marshall Islands,1977,-0.818190483858245
MKD,North Macedonia,1977,
MLI,Mali,1977,4.39894121748179
MLT,Malta,1977,11.7470838741013
MMR,Myanmar,1977,3.93449077194339
MNE,Montenegro,1977,
MNG,Mongolia,1977,
MNP,Northern Mariana Islands,1977,
MOZ,Mozambique,1977,
MRT,Mauritania,1977,-4.66415360665073
MUS,Mauritius,1977,4.82783144165144
MWI,Malawi,1977,1.71164066974259
MYS,Malaysia,1977,5.19600193321806
NAM,Namibia,1977,
NCL,New Caledonia,1977,0.1324209158917
NER,Niger,1977,4.79699343582834
NGA,Nigeria,1977,2.90719162327684
NIC,Nicaragua,1977,5.15700759168998
NLD,Netherlands,1977,1.91263605317866
NOR,Norway,1977,3.72139681645652
NPL,Nepal,1977,0.732523781797184
NRU,Nauru,1977,-4.15991911379922
NZL,New Zealand,1977,-4.23497789936773
OMN,Oman,1977,-3.78892220834661
PAK,Pakistan,1977,0.738518332705112
PAN,Panama,1977,-1.38167866698114
PER,Peru,1977,-2.09894101202764
PHL,Philippines,1977,2.78762392929117
PLW,Palau,1977,2.0212737629695
PNG,Papua New Guinea,1977,-1.32569014635325
POL,Poland,1977,
PRI,Puerto Rico (US),1977,4.41268237597647
PRK,"Korea, Dem. People's Rep.",1977,
PRT,Portugal,1977,4.48728836961585
PRY,Paraguay,1977,8.77213274372299
PSE,West Bank and Gaza,1977,
PYF,French Polynesia,1977,-0.932887380783981
QAT,Qatar,1977,-13.9845769515456
ROU,Romania,1977,
RUS,Russia,1977,
RWA,Rwanda,1977,-0.974716489156066
SAU,Saudi Arabia,1977,0.16011579269815
SDN,Sudan,1977,2.78311836342399
SEN,Senegal,1977,-5.02631275439684
SGP,Singapore,1977,5.38197485991432
SLB,Solomon Islands,1977,
SLE,Sierra Leone,1977,-1.78651376608245
SLV,El Salvador,1977,4.52229806713721
SMR,San Marino,1977,
SOM,"Somalia, Fed. Rep.",1977,10.6486638692391
SRB,Serbia,1977,
SSD,South Sudan,1977,
STP,Sao Tome and Principe,1977,20.2016791392957
SUR,Suriname,1977,11.122084725922
SVK,Slovak Republic,1977,
SVN,Slovenia,1977,
SWE,Sweden,1977,-1.9451271570977
SWZ,Eswatini,1977,-2.17165556923189
SXM,Sint Maarten (Dutch part),1977,
SYC,Seychelles,1977,-8.13668927005799
SYR,Syrian Arab Republic,1977,-5.11532068218789
TCA,Turks and Caicos Islands,1977,
TCD,Chad,1977,0.33775770789093
TGO,Togo,1977,4.42165664546994
THA,Thailand,1977,7.41433782057813
TJK,Tajikistan,1977,
TKM,Turkmenistan,1977,
TLS,Timor-Leste,1977,
TON,Tonga,1977,
TTO,Trinidad and Tobago,1977,7.78318215675544
TUN,Tunisia,1977,0.741174867485213
TUR,Turkiye,1977,1.29538784457235
TUV,Tuvalu,1977,-7.80146066407411
TZA,Tanzania,1977,-3.50614020675627
UGA,Uganda,1977,
UKR,Ukraine,1977,
URY,Uruguay,1977,0.825379273943213
USA,United States,1977,3.57717981301823
UZB,Uzbekistan,1977,
VCT,St. Vincent and the Grenadines,1977,12.3391084531864
VEN,"Venezuela, RB",1977,3.23194609738719
VGB,British Virgin Islands,1977,
VIR,Virgin Islands (U.S.),1977,
VNM,Viet Nam,1977,
VUT,Vanuatu,1977,
WSM,Samoa,1977,-2.414934393585
XKX,Kosovo,1977,
YEM,"Yemen, Rep.",1977,
ZAF,South Africa,1977,-2.75935519413643
ZMB,Zambia,1977,-7.41945461965345
ZWE,Zimbabwe,1977,-9.20607037488369
ABW,Aruba,1978,
AFE,Africa Eastern and Southern,1978,-1.50803021383304
AFG,Afghanistan,1978,
AFW,Africa Western and Central,1978,-4.6178313916916
AGO,Angola,1978,
ALB,Albania,1978,
AND,Andorra,1978,-3.61402424680732
ARE,United Arab Emirates,1978,-13.6362351739875
ARG,Argentina,1978,-6.0207877961285
ARM,Armenia,1978,
ASM,American Samoa,1978,
ATG,Antigua and Barbuda,1978,4.09662815534941
AUS,Australia,1978,-0.271138184658298
AUT,Austria,1978,-0.129830444595243
AZE,Azerbaijan,1978,
BDI,Burundi,1978,-3.76126591931222
BEL,Belgium,1978,2.74599011598598
BEN,Benin,1978,-1.33472073423174
BFA,Burkina Faso,1978,2.03269818912379
BGD,Bangladesh,1978,4.49252820443358
BGR,Bulgaria,1978,
BHR,Bahrain,1978,-0.957468007430705
BHS,"Bahamas, The",1978,11.8302166080684
BIH,Bosnia and Herzegovina,1978,
BLR,Belarus,1978,
BLZ,Belize,1978,5.72213652901029
BMU,Bermuda,1978,1.24581939624842
BOL,Bolivia,1978,-0.264150198024211
BRA,Brazil,1978,2.49490746263923
BRB,Barbados,1978,4.90820839954573
BRN,Brunei Darussalam,1978,3.58796682578473
BTN,Bhutan,1978,3.53027693727199
BWA,Botswana,1978,7.64641696359863
CAF,Central African Republic,1978,0.152767707165395
CAN,Canada,1978,2.70845217248478
CHE,Switzerland,1978,0.400068623917548
CHI,Channel Islands,1978,
CHL,Chile,1978,6.41042954246262
CHN,China,1978,9.84615684799593
CIV,Cote d'Ivoire,1978,6.8077849740796
CMR,Cameroon,1978,18.7226571361491
COD,"Congo, Dem. Rep.",1978,-8.23737671781109
COG,"Congo, Rep.",1978,3.89431000620701
COL,Colombia,1978,6.04906359638626
COM,Comoros,1978,
CPV,Cabo Verde,1978,
CRI,Costa Rica,1978,3.47620727664221
CUB,Cuba,1978,5.89860114814994
CUW,Curacao,1978,
CYM,Cayman Islands,1978,
CYP,Cyprus,1978,7.37835387901976
CZE,Czechia,1978,
DEU,Germany,1978,3.09818166076312
DJI,Djibouti,1978,
DMA,Dominica,1978,10.052406431878
DNK,Denmark,1978,2.09938385951698
DOM,Dominican Republic,1978,-0.415491865184109
DZA,Algeria,1978,6.15192488397878
EAR,Early-demographic dividend,1978,-0.267188973175124
ECS,Europe & Central Asia,1978,2.27433889284595
ECU,Ecuador,1978,2.84629822867481
EGY,"Egypt, Arab Rep.",1978,5.99491983460854
ERI,Eritrea,1978,
ESP,Spain,1978,0.490728282850199
EST,Estonia,1978,
ETH,Ethiopia,1978,1.01221130170914
FIN,Finland,1978,2.62462588673449
FJI,Fiji,1978,-0.514056394706557
FRA,France,1978,3.47919733278744
FRO,Faroe Islands,1978,
FSM,"Micronesia, Fed. Sts.",1978,2.7347186468033
GAB,Gabon,1978,-25.8924340069708
GBR,United Kingdom,1978,3.3978316517312
GEO,Georgia,1978,6.80418882269677
GHA,Ghana,1978,5.2300908922422
GIB,Gibraltar,1978,
GIN,Guinea,1978,5.1164171100655
GMB,"Gambia, The",1978,2.91659838653831
GNB,Guinea-Bissau,1978,5.99506197213906
GNQ,Equatorial Guinea,1978,
GRC,Greece,1978,5.86527270850065
GRD,Grenada,1978,6.12020991433408
GRL,Greenland,1978,6.44767945608753
GTM,Guatemala,1978,2.43608961413142
GUM,Guam,1978,
GUY,Guyana,1978,-2.56802025770915
HKG,"Hong Kong SAR, China",1978,6.31704675457196
HND,Honduras,1978,9.49719349689526
HRV,Croatia,1978,
HTI,Haiti,1978,4.18195071593199
HUN,Hungary,1978,4.04051994502106
IDB,IDA blend,1978,-2.5540857537256
IDN,Indonesia,1978,4.19507348048373
IMN,Isle of Man,1978,
IND,India,1978,3.30607127691242
IRL,Ireland,1978,5.67669260598909
IRN,"Iran, Islamic Rep.",1978,-15.642403124076
IRQ,Iraq,1978,13.1807917132737
ISL,Iceland,1978,5.19243465986897
ISR,Israel,1978,3.3524469316835
ITA,Italy,1978,2.87293637771593
JAM,Jamaica,1978,-1.2072997278766
JOR,Jordan,1978,11.1244138843632
JPN,Japan,1978,4.31828011488211
KAZ,Kazakhstan,1978,
KEN,Kenya,1978,3.2950316756188
KGZ,Kyrgyz Republic,1978,
KHM,Cambodia,1978,8.76685381778104
KIR,Kiribati,1978,1.73991919590301
KNA,St. Kitts and Nevis,1978,4.24892115462106
KOR,"Korea, Rep.",1978,9.39484451977266
KWT,Kuwait,1978,0.763158114760557
LAO,Lao PDR,1978,
LBN,Lebanon,1978,
LBR,Liberia,1978,1.80544071156466
LBY,Libya,1978,-2.4819010152931
LCA,St. Lucia,1978,8.69393579466634
LCN,Latin America & Caribbean,1978,2.09868487857929
LIE,Liechtenstein,1978,2.30588058892943
LKA,Sri Lanka,1978,3.72862853415788
LSO,Lesotho,1978,14.9941714608236
LTE,Late-demographic dividend,1978,5.09704903174195
LTU,Lithuania,1978,
LUX,Luxembourg,1978,3.88838708534993
LVA,Latvia,1978,
MAC,"Macao SAR, China",1978,
MAF,St. Martin (French part),1978,
MAR,Morocco,1978,-0.388806819299518
MCO,Monaco,1978,2.65632976497696
MDA,Moldova,1978,
MDG,Madagascar,1978,-5.57446503036428
MDV,Maldives,1978,11.5789031825195
MEX,Mexico,1978,6.11197419756868
MHL,Marshall Islands,1978,2.3131892497329
MKD,North Macedonia,1978,
MLI,Mali,1978,-3.35350626705889
MLT,Malta,1978,10.0100609634794
MMR,Myanmar,1978,4.46225115146774
MNE,Montenegro,1978,
MNG,Mongolia,1978,
MNP,Northern Mariana Islands,1978,
MOZ,Mozambique,1978,
MRT,Mauritania,1978,-3.28694098230898
MUS,Mauritius,1978,2.48272818801078
MWI,Malawi,1978,6.05898305334371
MYS,Malaysia,1978,4.12388786358984
NAM,Namibia,1978,
NCL,New Caledonia,1978,8.45518362011471
NER,Niger,1978,10.2699902183686
NGA,Nigeria,1978,-8.60774380448044
NIC,Nicaragua,1978,-10.4651268112149
NLD,Netherlands,1978,2.06633278467537
NOR,Norway,1978,3.47354914512164
NPL,Nepal,1978,2.00998844041953
NRU,Nauru,1978,-4.61446454029985
NZL,New Zealand,1978,0.286422345311593
OMN,Oman,1978,-8.50615886502906
PAK,Pakistan,1978,4.64235757780381
PAN,Panama,1978,7.15900082067186
PER,Peru,1978,-5.03724952443177
PHL,Philippines,1978,2.40576946807558
PLW,Palau,1978,0.191346384763506
PNG,Papua New Guinea,1978,6.25914526016609
POL,Poland,1978,
PRI,Puerto Rico (US),1978,5.54017276221295
PRK,"Korea, Dem. People's Rep.",1978,
PRT,Portugal,1978,1.71258964144343
PRY,Paraguay,1978,9.27000311721974
PSE,West Bank and Gaza,1978,
PYF,French Polynesia,1978,6.5184121595839
QAT,Qatar,1978,1.42461574895229
ROU,Romania,1978,
RUS,Russia,1978,
RWA,Rwanda,1978,5.96571717409233
SAU,Saudi Arabia,1978,-5.39014013310828
SDN,Sudan,1978,-9.30987128099154
SEN,Senegal,1978,-6.17128419340314
SGP,Singapore,1978,6.48125475788075
SLB,Solomon Islands,1978,
SLE,Sierra Leone,1978,0.447648693301275
SLV,El Salvador,1978,3.09704720524282
SMR,San Marino,1978,
SOM,"Somalia, Fed. Rep.",1978,-1.47029611583871
SRB,Serbia,1978,
SSD,South Sudan,1978,
STP,Sao Tome and Principe,1978,0.162338584278231
SUR,Suriname,1978,7.59613894378217
SVK,Slovak Republic,1978,
SVN,Slovenia,1978,
SWE,Sweden,1978,1.45573374293132
SWZ,Eswatini,1978,-1.9566594547284
SXM,Sint Maarten (Dutch part),1978,
SYC,Seychelles,1978,20.4421315247949
SYR,Syrian Arab Republic,1978,6.23626397704619
TCA,Turks and Caicos Islands,1978,
TCD,Chad,1978,-2.26782337134831
TGO,Togo,1978,8.38762711481536
THA,Thailand,1978,7.91547390497311
TJK,Tajikistan,1978,
TKM,Turkmenistan,1978,
TLS,Timor-Leste,1978,
TON,Tonga,1978,
TTO,Trinidad and Tobago,1978,8.62530098175502
TUN,Tunisia,1978,3.85159431831777
TUR,Turkiye,1978,-0.525036952127351
TUV,Tuvalu,1978,-5.6564747736092
TZA,Tanzania,1978,-1.45745486342815
UGA,Uganda,1978,
UKR,Ukraine,1978,
URY,Uruguay,1978,4.7885733175091
USA,United States,1978,4.42288716888149
UZB,Uzbekistan,1978,
VCT,St. Vincent and the Grenadines,1978,8.94860189060371
VEN,"Venezuela, RB",1978,-0.56286617193939
VGB,British Virgin Islands,1978,
VIR,Virgin Islands (U.S.),1978,
VNM,Viet Nam,1978,
VUT,Vanuatu,1978,
WSM,Samoa,1978,5.18206813053675
XKX,Kosovo,1978,
YEM,"Yemen, Rep.",1978,
ZAF,South Africa,1978,0.240191993176509
ZMB,Zambia,1978,-2.44321400349722
ZWE,Zimbabwe,1978,-4.10549723132682
ABW,Aruba,1979,
AFE,Africa Eastern and Southern,1979,-0.242877911186127
AFG,Afghanistan,1979,
AFW,Africa Western and Central,1979,2.09887725751412
AGO,Angola,1979,
ALB,Albania,1979,
AND,Andorra,1979,-4.53971970772865
ARE,United Arab Emirates,1979,7.30178800473011
ARG,Argentina,1979,8.47665216535873
ARM,Armenia,1979,
ASM,American Samoa,1979,
ATG,Antigua and Barbuda,1979,7.68260225929458
AUS,Australia,1979,2.93317958655169
AUT,Austria,1979,5.5364479723966
AZE,Azerbaijan,1979,
BDI,Burundi,1979,-0.830806952552152
BEL,Belgium,1979,2.24912760560818
BEN,Benin,1979,3.7395567852373
BFA,Burkina Faso,1979,1.01443822481875
BGD,Bangladesh,1979,2.30715778158729
BGR,Bulgaria,1979,
BHR,Bahrain,1979,-1.17342345830538
BHS,"Bahamas, The",1979,23.6693465364009
BIH,Bosnia and Herzegovina,1979,
BLR,Belarus,1979,
BLZ,Belize,1979,5.26693343794875
BMU,Bermuda,1979,1.98382302727114
BOL,Bolivia,1979,-2.12022342626696
BRA,Brazil,1979,4.2525775151834
BRB,Barbados,1979,8.01409681058935
BRN,Brunei Darussalam,1979,20.5218585781723
BTN,Bhutan,1979,1.30201808422963
BWA,Botswana,1979,5.6188527408687
CAF,Central African Republic,1979,-3.50467253706556
CAN,Canada,1979,2.70369574892469
CHE,Switzerland,1979,2.28590590400408
CHI,Channel Islands,1979,
CHL,Chile,1979,6.83809301483191
CHN,China,1979,6.16566370932273
CIV,Cote d'Ivoire,1979,-1.48168984848949
CMR,Cameroon,1979,3.104612790611
COD,"Congo, Dem. Rep.",1979,-3.03862557435551
COG,"Congo, Rep.",1979,7.33056431962336
COL,Colombia,1979,3.04448464320417
COM,Comoros,1979,
CPV,Cabo Verde,1979,
CRI,Costa Rica,1979,2.14344165988199
CUB,Cuba,1979,0.556254941334288
CUW,Curacao,1979,
CYM,Cayman Islands,1979,
CYP,Cyprus,1979,9.05434830861364
CZE,Czechia,1979,
DEU,Germany,1979,4.10433133910932
DJI,Djibouti,1979,
DMA,Dominica,1979,-18.62224909723
DNK,Denmark,1979,3.7980268048252
DOM,Dominican Republic,1979,1.95428616342619
DZA,Algeria,1979,4.32153384386436
EAR,Early-demographic dividend,1979,1.52923542306382
ECS,Europe & Central Asia,1979,2.87101728510441
ECU,Ecuador,1979,0.958252303834328
EGY,"Egypt, Arab Rep.",1979,1.96639478092861
ERI,Eritrea,1979,
ESP,Spain,1979,-0.836528080615906
EST,Estonia,1979,
ETH,Ethiopia,1979,-2.55675410685249
FIN,Finland,1979,6.84849432651143
FJI,Fiji,1979,9.58042147488989
FRA,France,1979,3.2316775733437
FRO,Faroe Islands,1979,
FSM,"Micronesia, Fed. Sts.",1979,-1.01017931344639
GAB,Gabon,1979,-2.02307676685317
GBR,United Kingdom,1979,2.65462024352492
GEO,Georgia,1979,6.58296833746965
GHA,Ghana,1979,-5.44695212886333
GIB,Gibraltar,1979,
GIN,Guinea,1979,-2.8299793263661
GMB,"Gambia, The",1979,-4.5722265062187
GNB,Guinea-Bissau,1979,-1.51066925857776
GNQ,Equatorial Guinea,1979,
GRC,Greece,1979,2.00245698792281
GRD,Grenada,1979,6.50338936129995
GRL,Greenland,1979,4.01494748472481
GTM,Guatemala,1979,2.12568875120938
GUM,Guam,1979,
GUY,Guyana,1979,-2.53375398482802
HKG,"Hong Kong SAR, China",1979,5.62316157219043
HND,Honduras,1979,8.15138580271351
HRV,Croatia,1979,
HTI,Haiti,1979,5.50962970305662
HUN,Hungary,1979,2.51454009621671
IDB,IDA blend,1979,2.28955717610735
IDN,Indonesia,1979,4.75499424210342
IMN,Isle of Man,1979,
IND,India,1979,-7.41642471248245
IRL,Ireland,1979,1.70891306553007
IRN,"Iran, Islamic Rep.",1979,-14.9936654787792
IRQ,Iraq,1979,17.042202180484
ISL,Iceland,1979,3.83954643229265
ISR,Israel,1979,3.51474915693571
ITA,Italy,1979,5.65322409090419
JAM,Jamaica,1979,-2.21073067383951
JOR,Jordan,1979,16.8607833341785
JPN,Japan,1979,4.59476830665952
KAZ,Kazakhstan,1979,
KEN,Kenya,1979,3.9502014523985
KGZ,Kyrgyz Republic,1979,
KHM,Cambodia,1979,-10.7242251782673
KIR,Kiribati,1979,-12.0375604991032
KNA,St. Kitts and Nevis,1979,8.05773991361625
KOR,"Korea, Rep.",1979,7.09995907559107
KWT,Kuwait,1979,7.24255314037383
LAO,Lao PDR,1979,
LBN,Lebanon,1979,
LBR,Liberia,1979,0.261464846117903
LBY,Libya,1979,2.84888754591661
LCA,St. Lucia,1979,2.29670884238544
LCN,Latin America & Caribbean,1979,4.76407635843761
LIE,Liechtenstein,1979,2.51808518091127
LKA,Sri Lanka,1979,4.436819744698
LSO,Lesotho,1979,-0.0380445167258614
LTE,Late-demographic dividend,1979,6.21207057918929
LTU,Lithuania,1979,
LUX,Luxembourg,1979,2.10614350014755
LVA,Latvia,1979,
MAC,"Macao SAR, China",1979,
MAF,St. Martin (French part),1979,
MAR,Morocco,1979,2.08718681054781
MCO,Monaco,1979,2.42925487680787
MDA,Moldova,1979,
MDG,Madagascar,1979,6.56417098315396
MDV,Maldives,1979,7.76510253033527
MEX,Mexico,1979,6.90793014188141
MHL,Marshall Islands,1979,-1.05532721703746
MKD,North Macedonia,1979,
MLI,Mali,1979,8.21605866707178
MLT,Malta,1979,9.37649278639732
MMR,Myanmar,1979,3.18877059262354
MNE,Montenegro,1979,
MNG,Mongolia,1979,
MNP,Northern Mariana Islands,1979,
MOZ,Mozambique,1979,
MRT,Mauritania,1979,1.86120109080773
MUS,Mauritius,1979,1.73049166647108
MWI,Malawi,1979,0.610497052995811
MYS,Malaysia,1979,6.7538488902626
NAM,Namibia,1979,
NCL,New Caledonia,1979,-14.6148836322501
NER,Niger,1979,4.04130064069462
NGA,Nigeria,1979,3.51668653657755
NIC,Nicaragua,1979,-28.4352577564308
NLD,Netherlands,1979,1.31240554646257
NOR,Norway,1979,4.01765427067463
NPL,Nepal,1979,0.0042081297447111
NRU,Nauru,1979,-5.02900664324672
NZL,New Zealand,1979,2.59278415952444
OMN,Oman,1979,-1.0339260645533
PAK,Pakistan,1979,0.225709312652583
PAN,Panama,1979,2.04118412817871
PER,Peru,1979,1.52689219855337
PHL,Philippines,1979,2.81661362678503
PLW,Palau,1979,0.457616296638435
PNG,Papua New Guinea,1979,-0.279951899136876
POL,Poland,1979,
PRI,Puerto Rico (US),1979,6.58980534032425
PRK,"Korea, Dem. People's Rep.",1979,
PRT,Portugal,1979,4.51254289525151
PRY,Paraguay,1979,9.05243600042755
PSE,West Bank and Gaza,1979,
PYF,French Polynesia,1979,0.67037529882117
QAT,Qatar,1979,-1.63177668896202
ROU,Romania,1979,
RUS,Russia,1979,
RWA,Rwanda,1979,8.54218450636679
SAU,Saudi Arabia,1979,4.70345970186847
SDN,Sudan,1979,-8.54925097526581
SEN,Senegal,1979,4.47249294547034
SGP,Singapore,1979,8.18013448869861
SLB,Solomon Islands,1979,
SLE,Sierra Leone,1979,2.49168047497959
SLV,El Salvador,1979,-6.02536272841628
SMR,San Marino,1979,
SOM,"Somalia, Fed. Rep.",1979,-16.0455574128873
SRB,Serbia,1979,
SSD,South Sudan,1979,
STP,Sao Tome and Principe,1979,13.3720878465714
SUR,Suriname,1979,0.42663651820844
SVK,Slovak Republic,1979,
SVN,Slovenia,1979,
SWE,Sweden,1979,3.61364752879976
SWZ,Eswatini,1979,-0.242964668882166
SXM,Sint Maarten (Dutch part),1979,
SYC,Seychelles,1979,14.8042348991257
SYR,Syrian Arab Republic,1979,-2.47983251594501
TCA,Turks and Caicos Islands,1979,
TCD,Chad,1979,-23.0804489104332
TGO,Togo,1979,-7.56224667485871
THA,Thailand,1979,3.18164886756369
TJK,Tajikistan,1979,
TKM,Turkmenistan,1979,
TLS,Timor-Leste,1979,
TON,Tonga,1979,
TTO,Trinidad and Tobago,1979,2.26569888548262
TUN,Tunisia,1979,4.14070902700396
TUR,Turkiye,1979,-2.55562416060116
TUV,Tuvalu,1979,-3.5440614699333
TZA,Tanzania,1979,-0.888768440167638
UGA,Uganda,1979,
UKR,Ukraine,1979,
URY,Uruguay,1979,5.68659877915023
USA,United States,1979,2.03373169909354
UZB,Uzbekistan,1979,
VCT,St. Vincent and the Grenadines,1979,2.67986759674284
VEN,"Venezuela, RB",1979,-2.07403185513304
VGB,British Virgin Islands,1979,
VIR,Virgin Islands (U.S.),1979,
VNM,Viet Nam,1979,
VUT,Vanuatu,1979,
WSM,Samoa,1979,9.88295032602362
XKX,Kosovo,1979,
YEM,"Yemen, Rep.",1979,
ZAF,South Africa,1979,1.01886701497651
ZMB,Zambia,1979,-5.88847935053188
ZWE,Zimbabwe,1979,1.68126427428281
ABW,Aruba,1980,
AFE,Africa Eastern and Southern,1980,2.33667501593635
AFG,Afghanistan,1980,
AFW,Africa Western and Central,1980,-0.976224750556995
AGO,Angola,1980,
ALB,Albania,1980,
AND,Andorra,1980,-2.00736097927725
ARE,United Arab Emirates,1980,11.2287422135124
ARG,Argentina,1980,-0.0856397028385061
ARM,Armenia,1980,
ASM,American Samoa,1980,
ATG,Antigua and Barbuda,1980,7.76127835512368
AUS,Australia,1980,1.78622666488002
AUT,Austria,1980,1.73137769291853
AZE,Azerbaijan,1980,
BDI,Burundi,1980,-3.15980759837527
BEL,Belgium,1980,4.32900829107655
BEN,Benin,1980,3.87849215726132
BFA,Burkina Faso,1980,-1.87246341521055
BGD,Bangladesh,1980,-1.56496896529997
BGR,Bulgaria,1980,
BHR,Bahrain,1980,-1.85494661016521
BHS,"Bahamas, The",1980,4.52774396336473
BIH,Bosnia and Herzegovina,1980,
BLR,Belarus,1980,
BLZ,Belize,1980,9.49348189473658
BMU,Bermuda,1980,7.63018738277752
BOL,Bolivia,1980,-3.56480336895466
BRA,Brazil,1980,6.65338211481858
BRB,Barbados,1980,4.26724933727161
BRN,Brunei Darussalam,1980,-12.4679873180703
BTN,Bhutan,1980,1.56727256680405
BWA,Botswana,1980,7.71723539697769
CAF,Central African Republic,1980,-5.52099764656569
CAN,Canada,1980,0.867987093611561
CHE,Switzerland,1980,4.18745314176385
CHI,Channel Islands,1980,
CHL,Chile,1980,6.58595453296824
CHN,China,1980,6.49011265514277
CIV,Cote d'Ivoire,1980,-14.4069419618659
CMR,Cameroon,1980,-5.10455591015526
COD,"Congo, Dem. Rep.",1980,-0.95886985540298
COG,"Congo, Rep.",1980,15.034236029519
COL,Colombia,1980,1.73932430012557
COM,Comoros,1980,
CPV,Cabo Verde,1980,
CRI,Costa Rica,1980,-1.95137558258226
CUB,Cuba,1980,-5.25160677302651
CUW,Curacao,1980,
CYM,Cayman Islands,1980,
CYP,Cyprus,1980,4.61063602710614
CZE,Czechia,1980,
DEU,Germany,1980,1.19869391626099
DJI,Djibouti,1980,
DMA,Dominica,1980,13.1908047871058
DNK,Denmark,1980,-0.872046504442324
DOM,Dominican Republic,1980,5.34262179623968
DZA,Algeria,1980,-2.29975786801904
EAR,Early-demographic dividend,1980,0.630806622334703
ECS,Europe & Central Asia,1980,0.767682632566078
ECU,Ecuador,1980,0.952627019811672
EGY,"Egypt, Arab Rep.",1980,7.17838246169202
ERI,Eritrea,1980,
ESP,Spain,1980,1.39131541372475
EST,Estonia,1980,
ETH,Ethiopia,1980,5.83727167777019
FIN,Finland,1980,5.06171430168345
FJI,Fiji,1980,-3.91985081216323
FRA,France,1980,1.13499020458092
FRO,Faroe Islands,1980,
FSM,"Micronesia, Fed. Sts.",1980,-10.0174331174198
GAB,Gabon,1980,-0.052581559372797
GBR,United Kingdom,1980,-2.29594521538891
GEO,Georgia,1980,3.69867612947934
GHA,Ghana,1980,-2.4242388246859
GIB,Gibraltar,1980,
GIN,Guinea,1980,0.809803805678413
GMB,"Gambia, The",1980,2.67789181651716
GNB,Guinea-Bissau,1980,-16.9089615330147
GNQ,Equatorial Guinea,1980,
GRC,Greece,1980,-0.306898946794945
GRD,Grenada,1980,0.466833198772321
GRL,Greenland,1980,7.37708985498719
GTM,Guatemala,1980,1.16733656692607
GUM,Guam,1980,
GUY,Guyana,1980,1.16831242953531
HKG,"Hong Kong SAR, China",1980,7.20715498331379
HND,Honduras,1980,9.64336022608687
HRV,Croatia,1980,
HTI,Haiti,1980,5.33021546878007
HUN,Hungary,1980,0.134797306949679
IDB,IDA blend,1980,0.470864892408727
IDN,Indonesia,1980,7.28655857353964
IMN,Isle of Man,1980,
IND,India,1980,4.22047070988454
IRL,Ireland,1980,1.89987307568458
IRN,"Iran, Islamic Rep.",1980,-24.3887050754271
IRQ,Iraq,1980,20.8838349579151
ISL,Iceland,1980,4.63406747563735
ISR,Israel,1980,-0.741543966558936
ITA,Italy,1980,3.21717007582888
JAM,Jamaica,1980,-6.86422557719587
JOR,Jordan,1980,7.18849704860732
JPN,Japan,1980,2.01041585733613
KAZ,Kazakhstan,1980,
KEN,Kenya,1980,1.91506413946645
KGZ,Kyrgyz Republic,1980,
KHM,Cambodia,1980,-7.68323347866135
KIR,Kiribati,1980,-2.65826509619578
KNA,St. Kitts and Nevis,1980,8.90323754026024
KOR,"Korea, Rep.",1980,-3.04707446533358
KWT,Kuwait,1980,-23.7630883360282
LAO,Lao PDR,1980,
LBN,Lebanon,1980,
LBR,Liberia,1980,-6.90892261299831
LBY,Libya,1980,-4.91683695828884
LCA,St. Lucia,1980,-3.66480197615796
LCN,Latin America & Caribbean,1980,3.93021710262238
LIE,Liechtenstein,1980,5.01736631620471
LKA,Sri Lanka,1980,3.93298170104177
LSO,Lesotho,1980,-5.53495631975296
LTE,Late-demographic dividend,1980,5.79838920311133
LTU,Lithuania,1980,
LUX,Luxembourg,1980,0.482551649492024
LVA,Latvia,1980,
MAC,"Macao SAR, China",1980,
MAF,St. Martin (French part),1980,
MAR,Morocco,1980,0.906508824253734
MCO,Monaco,1980,0.823144359145871
MDA,Moldova,1980,
MDG,Madagascar,1980,-2.05648173389217
MDV,Maldives,1980,15.3537989289037
MEX,Mexico,1980,6.08786612398586
MHL,Marshall Islands,1980,-10.3194752678733
MKD,North Macedonia,1980,
MLI,Mali,1980,-6.29825711883754
MLT,Malta,1980,5.93304998185849
MMR,Myanmar,1980,5.88985920930025
MNE,Montenegro,1980,
MNG,Mongolia,1980,
MNP,Northern Mariana Islands,1980,
MOZ,Mozambique,1980,
MRT,Mauritania,1980,0.475989106823178
MUS,Mauritius,1980,-11.5649251333924
MWI,Malawi,1980,-3.38771522277639
MYS,Malaysia,1980,4.49993284463055
NAM,Namibia,1980,
NCL,New Caledonia,1980,-1.52020126571894
NER,Niger,1980,-5.32313551445273
NGA,Nigeria,1980,1.00316529124757
NIC,Nicaragua,1980,1.78518532048204
NLD,Netherlands,1980,0.543127879050175
NOR,Norway,1980,4.2288947624111
NPL,Nepal,1980,-4.59615404233888
NRU,Nauru,1980,-5.11641595782243
NZL,New Zealand,1980,1.1573581248127
OMN,Oman,1980,0.514494484286359
PAK,Pakistan,1980,5.80395440820467
PAN,Panama,1980,10.4281546160256
PER,Peru,1980,3.33267060592001
PHL,Philippines,1980,2.49286419319625
PLW,Palau,1980,0.161696348170153
PNG,Papua New Guinea,1980,-4.30545062924614
POL,Poland,1980,
PRI,Puerto Rico (US),1980,3.01075218664533
PRK,"Korea, Dem. People's Rep.",1980,
PRT,Portugal,1980,3.46437141035155
PRY,Paraguay,1980,8.81191498431799
PSE,West Bank and Gaza,1980,
PYF,French Polynesia,1980,-2.66313886184567
QAT,Qatar,1980,-7.20233487298559
ROU,Romania,1980,
RUS,Russia,1980,
RWA,Rwanda,1980,5.61955982337533
SAU,Saudi Arabia,1980,-0.225211055025468
SDN,Sudan,1980,-2.31869961272838
SEN,Senegal,1980,1.44851388497118
SGP,Singapore,1980,8.72460740268357
SLB,Solomon Islands,1980,
SLE,Sierra Leone,1980,2.77392622981942
SLV,El Salvador,1980,-16.9489476313547
SMR,San Marino,1980,
SOM,"Somalia, Fed. Rep.",1980,-6.55874812618232
SRB,Serbia,1980,
SSD,South Sudan,1980,
STP,Sao Tome and Principe,1980,-3.38207304585406
SUR,Suriname,1980,-8.25942346331742
SVK,Slovak Republic,1980,
SVN,Slovenia,1980,
SWE,Sweden,1980,1.49373317290613
SWZ,Eswatini,1980,8.7842674432935
SXM,Sint Maarten (Dutch part),1980,
SYC,Seychelles,1980,-5.96324810185553
SYR,Syrian Arab Republic,1980,10.7274172750547
TCA,Turks and Caicos Islands,1980,
TCD,Chad,1980,-6.25717486646226
TGO,Togo,1980,11.3980264657862
THA,Thailand,1980,3.02724612072593
TJK,Tajikistan,1980,
TKM,Turkmenistan,1980,
TLS,Timor-Leste,1980,
TON,Tonga,1980,
TTO,Trinidad and Tobago,1980,9.00273729982064
TUN,Tunisia,1980,4.98333628920737
TUR,Turkiye,1980,-4.37737072341045
TUV,Tuvalu,1980,-3.09451099647029
TZA,Tanzania,1980,-0.457883680216497
UGA,Uganda,1980,
UKR,Ukraine,1980,
URY,Uruguay,1980,5.41134355440225
USA,United States,1980,-1.20932407186373
UZB,Uzbekistan,1980,
VCT,St. Vincent and the Grenadines,1980,1.72020584700003
VEN,"Venezuela, RB",1980,-7.07519951043555
VGB,British Virgin Islands,1980,
VIR,Virgin Islands (U.S.),1980,
VNM,Viet Nam,1980,
VUT,Vanuatu,1980,-13.4068316638966
WSM,Samoa,1980,-7.01513533098695
XKX,Kosovo,1980,
YEM,"Yemen, Rep.",1980,
ZAF,South Africa,1980,3.42511088387165
ZMB,Zambia,1980,-0.0025333505817286
ZWE,Zimbabwe,1980,8.02232255007959
ABW,Aruba,1981,
AFE,Africa Eastern and Southern,1981,0.763189641653824
AFG,Afghanistan,1981,
AFW,Africa Western and Central,1981,-9.26089707111834
AGO,Angola,1981,-7.81953767077414
ALB,Albania,1981,3.64864854723079
AND,Andorra,1981,-3.85913536256933
ARE,United Arab Emirates,1981,-3.3487816596143
ARG,Argentina,1981,-6.69655885721481
ARM,Armenia,1981,
ASM,American Samoa,1981,
ATG,Antigua and Barbuda,1981,3.57042439618608
AUS,Australia,1981,1.74096259685159
AUT,Austria,1981,-0.398620558135931
AZE,Azerbaijan,1981,
BDI,Burundi,1981,7.68491382091901
BEL,Belgium,1981,-0.276653761516926
BEN,Benin,1981,6.87596456703679
BFA,Burkina Faso,1981,1.44648885946128
BGD,Bangladesh,1981,4.51854466481316
BGR,Bulgaria,1981,4.55114422945113
BHR,Bahrain,1981,-9.00391241881118
BHS,"Bahamas, The",1981,-10.7947081234762
BIH,Bosnia and Herzegovina,1981,
BLR,Belarus,1981,
BLZ,Belize,1981,-1.39799187421009
BMU,Bermuda,1981,1.76663252896176
BOL,Bolivia,1981,-1.9248374768233
BRA,Brazil,1981,-6.4539452195249
BRB,Barbados,1981,-2.18984863095606
BRN,Brunei Darussalam,1981,-24.7564134201952
BTN,Bhutan,1981,11.4123542413704
BWA,Botswana,1981,5.40937065802333
CAF,Central African Republic,1981,-2.6514936510095
CAN,Canada,1981,2.14738047140577
CHE,Switzerland,1981,1.04702831152971
CHI,Channel Islands,1981,
CHL,Chile,1981,5.16367443112149
CHN,China,1981,3.77490366463383
CIV,Cote d'Ivoire,1981,-0.562326375567451
CMR,Cameroon,1981,13.043422758453
COD,"Congo, Dem. Rep.",1981,-0.587498769914134
COG,"Congo, Rep.",1981,15.0547787720662
COL,Colombia,1981,-0.0539162798288118
COM,Comoros,1981,2.52899372102837
CPV,Cabo Verde,1981,6.94807494345699
CRI,Costa Rica,1981,-4.8876526285223
CUB,Cuba,1981,19.1472814084795
CUW,Curacao,1981,
CYM,Cayman Islands,1981,
CYP,Cyprus,1981,0.828828672231708
CZE,Czechia,1981,
DEU,Germany,1981,0.376242518401
DJI,Djibouti,1981,
DMA,Dominica,1981,10.9766257302428
DNK,Denmark,1981,-0.712787651436997
DOM,Dominican Republic,1981,1.80250555730879
DZA,Algeria,1981,-0.287791268389398
EAR,Early-demographic dividend,1981,0.953900711488444
ECS,Europe & Central Asia,1981,-0.209231232718963
ECU,Ecuador,1981,2.82948762101213
EGY,"Egypt, Arab Rep.",1981,4.50284337961513
ERI,Eritrea,1981,
ESP,Spain,1981,-0.839887495760976
EST,Estonia,1981,
ETH,Ethiopia,1981,1.79300842573353
FIN,Finland,1981,0.858289195872345
FJI,Fiji,1981,3.82388831918723
FRA,France,1981,0.589285105722027
FRO,Faroe Islands,1981,
FSM,"Micronesia, Fed. Sts.",1981,6.44139123488597
GAB,Gabon,1981,2.36039014784252
GBR,United Kingdom,1981,-1.3578130725424
GEO,Georgia,1981,4.40661367296103
GHA,Ghana,1981,-6.17650794838094
GIB,Gibraltar,1981,
GIN,Guinea,1981,-1.26559140721663
GMB,"Gambia, The",1981,-0.202478175106037
GNB,Guinea-Bissau,1981,16.3259296889596
GNQ,Equatorial Guinea,1981,0.674385038428667
GRC,Greece,1981,-2.43246106938695
GRD,Grenada,1981,2.05885058584063
GRL,Greenland,1981,-0.913783637050457
GTM,Guatemala,1981,-1.84861350564529
GUM,Guam,1981,
GUY,Guyana,1981,1.22348875608769
HKG,"Hong Kong SAR, China",1981,6.72495236975168
HND,Honduras,1981,4.05480109599748
HRV,Croatia,1981,
HTI,Haiti,1981,-4.70667593294452
HUN,Hungary,1981,2.85977312269104
IDB,IDA blend,1981,-6.87143850610263
IDN,Indonesia,1981,5.42548184888216
IMN,Isle of Man,1981,
IND,India,1981,3.54437832702817
IRL,Ireland,1981,2.12229992974457
IRN,"Iran, Islamic Rep.",1981,-10.5186777699465
IRQ,Iraq,1981,-3.66574052775007
ISL,Iceland,1981,3.08253419225461
ISR,Israel,1981,3.26295139597829
ITA,Italy,1981,0.723232420822413
JAM,Jamaica,1981,1.30983951006849
JOR,Jordan,1981,12.5767087498707
JPN,Japan,1981,3.50388629389494
KAZ,Kazakhstan,1981,
KEN,Kenya,1981,0.128998105818283
KGZ,Kyrgyz Republic,1981,
KHM,Cambodia,1981,-1.56091097708021
KIR,Kiribati,1981,4.46000443104766
KNA,St. Kitts and Nevis,1981,1.90839875422859
KOR,"Korea, Rep.",1981,5.74110722342316
KWT,Kuwait,1981,-22.9514955811007
LAO,Lao PDR,1981,
LBN,Lebanon,1981,
LBR,Liberia,1981,-4.97453105198434
LBY,Libya,1981,-23.5884476569466
LCA,St. Lucia,1981,4.66426306858048
LCN,Latin America & Caribbean,1981,-1.02486834511612
LIE,Liechtenstein,1981,4.1575076485417
LKA,Sri Lanka,1981,3.93938437260206
LSO,Lesotho,1981,-2.19449272103662
LTE,Late-demographic dividend,1981,-1.26501854727985
LTU,Lithuania,1981,
LUX,Luxembourg,1981,-0.843674411614188
LVA,Latvia,1981,
MAC,"Macao SAR, China",1981,
MAF,St. Martin (French part),1981,
MAR,Morocco,1981,-4.35702244931034
MCO,Monaco,1981,0.290065073128503
MDA,Moldova,1981,
MDG,Madagascar,1981,-12.4535916174408
MDV,Maldives,1981,8.66818827827286
MEX,Mexico,1981,7.05382554663818
MHL,Marshall Islands,1981,2.30431475441186
MKD,North Macedonia,1981,
MLI,Mali,1981,0.0928805017584864
MLT,Malta,1981,2.55485545283638
MMR,Myanmar,1981,4.37186576967967
MNE,Montenegro,1981,
MNG,Mongolia,1981,
MNP,Northern Mariana Islands,1981,
MOZ,Mozambique,1981,2.89507009127341
MRT,Mauritania,1981,0.529030035382959
MUS,Mauritius,1981,4.32477986348572
MWI,Malawi,1981,-8.93705314915371
MYS,Malaysia,1981,3.6231900380767
NAM,Namibia,1981,-0.154344011354212
NCL,New Caledonia,1981,-7.99729865514604
NER,Niger,1981,-3.11509572447844
NGA,Nigeria,1981,-15.7585051262646
NIC,Nicaragua,1981,2.42596293058266
NLD,Netherlands,1981,-1.46195292650955
NOR,Norway,1981,1.24936544644714
NPL,Nepal,1981,5.82899974667717
NRU,Nauru,1981,-5.17225415296066
NZL,New Zealand,1981,4.25376342245131
OMN,Oman,1981,10.8398149499368
PAK,Pakistan,1981,3.50462183380769
PAN,Panama,1981,6.65242605928628
PER,Peru,1981,2.9554295804304
PHL,Philippines,1981,0.76284099342007
PLW,Palau,1981,-1.42647615148178
PNG,Papua New Guinea,1981,-2.31820083070411
POL,Poland,1981,
PRI,Puerto Rico (US),1981,0.0077466166231232
PRK,"Korea, Dem. People's Rep.",1981,
PRT,Portugal,1981,0.740801365102755
PRY,Paraguay,1981,6.23490597447503
PSE,West Bank and Gaza,1981,
PYF,French Polynesia,1981,-0.553998949711243
QAT,Qatar,1981,-5.16230488057936
ROU,Romania,1981,
RUS,Russia,1981,
RWA,Rwanda,1981,2.11756771213352
SAU,Saudi Arabia,1981,-2.99285354299133
SDN,Sudan,1981,3.4262257716873
SEN,Senegal,1981,2.52278535303547
SGP,Singapore,1981,5.61427963812113
SLB,Solomon Islands,1981,-5.15070962845012
SLE,Sierra Leone,1981,0.821575318184344
SLV,El Salvador,1981,-6.34428486688417
SMR,San Marino,1981,
SOM,"Somalia, Fed. Rep.",1981,5.43483261391108
SRB,Serbia,1981,
SSD,South Sudan,1981,
STP,Sao Tome and Principe,1981,-12.1599481202361
SUR,Suriname,1981,7.07660943058386
SVK,Slovak Republic,1981,
SVN,Slovenia,1981,
SWE,Sweden,1981,0.334436796769495
SWZ,Eswatini,1981,10.8937107950975
SXM,Sint Maarten (Dutch part),1981,
SYC,Seychelles,1981,-5.03863787229284
SYR,Syrian Arab Republic,1981,4.23502768554964
TCA,Turks and Caicos Islands,1981,
TCD,Chad,1981,0.919859630474321
TGO,Togo,1981,-6.27213322971586
THA,Thailand,1981,3.80165524247921
TJK,Tajikistan,1981,
TKM,Turkmenistan,1981,
TLS,Timor-Leste,1981,
TON,Tonga,1981,
TTO,Trinidad and Tobago,1981,3.3438016346711
TUN,Tunisia,1981,3.13957512777445
TUR,Turkiye,1981,2.79131786896878
TUV,Tuvalu,1981,0.419055248472205
TZA,Tanzania,1981,-3.95231796044236
UGA,Uganda,1981,
UKR,Ukraine,1981,
URY,Uruguay,1981,1.17251396509195
USA,United States,1981,1.53630241816711
UZB,Uzbekistan,1981,
VCT,St. Vincent and the Grenadines,1981,3.75766171325887
VEN,"Venezuela, RB",1981,-3.98828359616734
VGB,British Virgin Islands,1981,
VIR,Virgin Islands (U.S.),1981,
VNM,Viet Nam,1981,
VUT,Vanuatu,1981,2.09265591464249
WSM,Samoa,1981,-9.77367810236522
XKX,Kosovo,1981,
YEM,"Yemen, Rep.",1981,
ZAF,South Africa,1981,1.8344403909835
ZMB,Zambia,1981,2.96593174440794
ZWE,Zimbabwe,1981,5.66264548013156
ABW,Aruba,1982,
AFE,Africa Eastern and Southern,1982,-2.86528671219037
AFG,Afghanistan,1982,
AFW,Africa Western and Central,1982,-6.0377336959544
AGO,Angola,1982,-3.61121699593038
ALB,Albania,1982,0.79584007109321
AND,Andorra,1982,-2.91946873272366
ARE,United Arab Emirates,1982,-12.038867171997
ARG,Argentina,1982,-2.31535975378387
ARM,Armenia,1982,
ASM,American Samoa,1982,
ATG,Antigua and Barbuda,1982,-0.268580068501166
AUS,Australia,1982,1.55263603794884
AUT,Austria,1982,1.938121352414
AZE,Azerbaijan,1982,
BDI,Burundi,1982,-3.49220029296362
BEL,Belgium,1982,0.622329065147227
BEN,Benin,1982,-0.674353710936487
BFA,Burkina Faso,1982,6.57803533543047
BGD,Bangladesh,1982,-0.629252594549101
BGR,Bulgaria,1982,2.03229416414521
BHR,Bahrain,1982,-10.7713482626281
BHS,"Bahamas, The",1982,4.92512069760862
BIH,Bosnia and Herzegovina,1982,
BLR,Belarus,1982,
BLZ,Belize,1982,-2.57020069390337
BMU,Bermuda,1982,-5.96459459057529
BOL,Bolivia,1982,-6.0134744165937
BRA,Brazil,1982,-1.4420711455688
BRB,Barbados,1982,-5.2109277138603
BRN,Brunei Darussalam,1982,-0.892989076325676
BTN,Bhutan,1982,0.163366515154365
BWA,Botswana,1982,7.80091059815022
CAF,Central African Republic,1982,6.47111564181645
CAN,Canada,1982,-4.31128436550856
CHE,Switzerland,1982,-1.8843770974197
CHI,Channel Islands,1982,
CHL,Chile,1982,-12.7828094615131
CHN,China,1982,7.46496400853296
CIV,Cote d'Ivoire,1982,-3.75122186685714
CMR,Cameroon,1982,4.98805869201293
COD,"Congo, Dem. Rep.",1982,-3.40014199743922
COG,"Congo, Rep.",1982,20.9664378594288
COL,Colombia,1982,-1.35966538334341
COM,Comoros,1982,1.21505444994503
CPV,Cabo Verde,1982,1.31753289013552
CRI,Costa Rica,1982,-9.78883050608906
CUB,Cuba,1982,8.22203902302428
CUW,Curacao,1982,
CYM,Cayman Islands,1982,
CYP,Cyprus,1982,4.77450967139947
CZE,Czechia,1982,
DEU,Germany,1982,-0.300057777160561
DJI,Djibouti,1982,
DMA,Dominica,1982,4.55457723388749
DNK,Denmark,1982,3.96848147503196
DOM,Dominican Republic,1982,-0.648782133718242
DZA,Algeria,1982,2.91098891233696
EAR,Early-demographic dividend,1982,-2.07917728258572
ECS,Europe & Central Asia,1982,0.374441528563366
ECU,Ecuador,1982,-2.00691549275766
EGY,"Egypt, Arab Rep.",1982,6.92219589567003
ERI,Eritrea,1982,
ESP,Spain,1982,0.640409181894213
EST,Estonia,1982,
ETH,Ethiopia,1982,-2.92602346701005
FIN,Finland,1982,2.51075017566549
FJI,Fiji,1982,-8.20443486404298
FRA,France,1982,2.06907254844478
FRO,Faroe Islands,1982,
FSM,"Micronesia, Fed. Sts.",1982,-5.49319732042451
GAB,Gabon,1982,-5.66358482333102
GBR,United Kingdom,1982,2.12966843127822
GEO,Georgia,1982,1.14247059836754
GHA,Ghana,1982,-9.58926890135842
GIB,Gibraltar,1982,
GIN,Guinea,1982,-0.224948721204498
GMB,"Gambia, The",1982,-4.21535683397065
GNB,Guinea-Bissau,1982,2.56152196118961
GNQ,Equatorial Guinea,1982,-3.813396497729
GRC,Greece,1982,-1.74025233828002
GRD,Grenada,1982,3.75909908912337
GRL,Greenland,1982,-5.3476252998743
GTM,Guatemala,1982,-5.72314750851997
GUM,Guam,1982,
GUY,Guyana,1982,-13.2190818398298
HKG,"Hong Kong SAR, China",1982,1.36389298516899
HND,Honduras,1982,1.30734480578889
HRV,Croatia,1982,
HTI,Haiti,1982,-5.41799845238262
HUN,Hungary,1982,2.90173341372051
IDB,IDA blend,1982,-4.18202982080692
IDN,Indonesia,1982,-0.090754298915698
IMN,Isle of Man,1982,
IND,India,1982,1.08860680268985
IRL,Ireland,1982,1.32102142940424
IRN,"Iran, Islamic Rep.",1982,16.82009817917
IRQ,Iraq,1982,0.564164779692348
ISL,Iceland,1982,0.798242254387077
ISR,Israel,1982,0.18317316547973
ITA,Italy,1982,0.339224989639675
JAM,Jamaica,1982,0.676546300868935
JOR,Jordan,1982,2.55382662419659
JPN,Japan,1982,2.56581541913945
KAZ,Kazakhstan,1982,
KEN,Kenya,1982,-2.06071312546143
KGZ,Kyrgyz Republic,1982,
KHM,Cambodia,1982,-2.79479261397917
KIR,Kiribati,1982,-2.67718390403915
KNA,St. Kitts and Nevis,1982,0.940170202068046
KOR,"Korea, Rep.",1982,6.80481381279148
KWT,Kuwait,1982,-15.9455962653042
LAO,Lao PDR,1982,
LBN,Lebanon,1982,
LBR,Liberia,1982,-5.20984958159201
LBY,Libya,1982,-0.0445141284845363
LCA,St. Lucia,1982,0.493096165460145
LCN,Latin America & Caribbean,1982,-2.20148947237143
LIE,Liechtenstein,1982,-3.77157928320604
LKA,Sri Lanka,1982,2.86649436646923
LSO,Lesotho,1982,1.46776133251802
LTE,Late-demographic dividend,1982,0.406346682210952
LTU,Lithuania,1982,
LUX,Luxembourg,1982,1.04829616903781
LVA,Latvia,1982,
MAC,"Macao SAR, China",1982,
MAF,St. Martin (French part),1982,
MAR,Morocco,1982,6.09558534032797
MCO,Monaco,1982,1.43634867918163
MDA,Moldova,1982,
MDG,Madagascar,1982,-4.76016813093069
MDV,Maldives,1982,-5.68318257439564
MEX,Mexico,1982,-2.23660397455552
MHL,Marshall Islands,1982,0.49948967620989
MKD,North Macedonia,1982,
MLI,Mali,1982,-10.36010707755
MLT,Malta,1982,0.113836738273918
MMR,Myanmar,1982,3.6923227411598
MNE,Montenegro,1982,
MNG,Mongolia,1982,5.76266258481817
MNP,Northern Mariana Islands,1982,
MOZ,Mozambique,1982,-8.91754654550385
MRT,Mauritania,1982,-5.11106824793859
MUS,Mauritius,1982,4.21530028911567
MWI,Malawi,1982,-1.46467561939698
MYS,Malaysia,1982,2.62231879948132
NAM,Namibia,1982,-2.15370467573408
NCL,New Caledonia,1982,1.35592095763653
NER,Niger,1982,-0.817728941415822
NGA,Nigeria,1982,-9.55081765331811
NIC,Nicaragua,1982,-3.50080649950205
NLD,Netherlands,1982,-1.69259009201818
NOR,Norway,1982,-0.132144883355153
NPL,Nepal,1982,1.38792612305454
NRU,Nauru,1982,-5.24632833438939
NZL,New Zealand,1982,-0.0680685037253141
OMN,Oman,1982,5.5447279819485
PAK,Pakistan,1982,2.60648813605926
PAN,Panama,1982,2.89203636230275
PER,Peru,1982,-2.67086855777242
PHL,Philippines,1982,0.867465796757003
PLW,Palau,1982,-2.66584218961444
PNG,Papua New Guinea,1982,-1.7151750267211
POL,Poland,1982,
PRI,Puerto Rico (US),1982,-2.60494858367237
PRK,"Korea, Dem. People's Rep.",1982,
PRT,Portugal,1982,1.51289308675764
PRY,Paraguay,1982,-4.10505117418042
PSE,West Bank and Gaza,1982,
PYF,French Polynesia,1982,-1.43818390493972
QAT,Qatar,1982,-12.2503213996382
ROU,Romania,1982,
RUS,Russia,1982,
RWA,Rwanda,1982,-1.47471993877728
SAU,Saudi Arabia,1982,-21.07451587204
SDN,Sudan,1982,2.20442598047367
SEN,Senegal,1982,5.2070261183153
SGP,Singapore,1982,2.50351262717827
SLB,Solomon Islands,1982,-5.00054754398012
SLE,Sierra Leone,1982,2.65293700129511
SLV,El Salvador,1982,-7.35997019822435
SMR,San Marino,1982,
SOM,"Somalia, Fed. Rep.",1982,2.40770932669045
SRB,Serbia,1982,
SSD,South Sudan,1982,
STP,Sao Tome and Principe,1982,1.18898448962564
SUR,Suriname,1982,-4.47883522993371
SVK,Slovak Republic,1982,
SVN,Slovenia,1982,
SWE,Sweden,1982,1.19077537467503
SWZ,Eswatini,1982,-2.13462947065915
SXM,Sint Maarten (Dutch part),1982,
SYC,Seychelles,1982,-2.64575863549878
SYR,Syrian Arab Republic,1982,-0.564609484362705
TCA,Turks and Caicos Islands,1982,
TCD,Chad,1982,0.510585365650229
TGO,Togo,1982,-6.73950236153938
THA,Thailand,1982,3.31444196924878
TJK,Tajikistan,1982,
TKM,Turkmenistan,1982,
TLS,Timor-Leste,1982,
TON,Tonga,1982,4.66536595264775
TTO,Trinidad and Tobago,1982,2.64235227595077
TUN,Tunisia,1982,-2.65936763686149
TUR,Turkiye,1982,1.37276997412432
TUV,Tuvalu,1982,-17.5214622390396
TZA,Tanzania,1982,-3.36181308289295
UGA,Uganda,1982,
UKR,Ukraine,1982,
URY,Uruguay,1982,-10.1292739402363
USA,United States,1982,-2.73469491239689
UZB,Uzbekistan,1982,
VCT,St. Vincent and the Grenadines,1982,3.59346572905743
VEN,"Venezuela, RB",1982,-0.122069876457559
VGB,British Virgin Islands,1982,
VIR,Virgin Islands (U.S.),1982,
VNM,Viet Nam,1982,
VUT,Vanuatu,1982,-0.367503627007494
WSM,Samoa,1982,-1.43999457151654
XKX,Kosovo,1982,
YEM,"Yemen, Rep.",1982,
ZAF,South Africa,1982,-3.76840874169766
ZMB,Zambia,1982,-5.88551995555419
ZWE,Zimbabwe,1982,-1.28679181217906
ABW,Aruba,1983,
AFE,Africa Eastern and Southern,1983,-3.02244723718232
AFG,Afghanistan,1983,
AFW,Africa Western and Central,1983,-8.81552497126013
AGO,Angola,1983,0.398925562456483
ALB,Albania,1983,-1.01680217228541
AND,Andorra,1983,-2.74825922222037
ARE,United Arab Emirates,1983,-10.061387988948
ARG,Argentina,1983,2.69083801550656
ARM,Armenia,1983,
ASM,American Samoa,1983,
ATG,Antigua and Barbuda,1983,5.12204706420198
AUS,Australia,1983,-3.5547506280931
AUT,Austria,1983,3.13962788748358
AZE,Azerbaijan,1983,
BDI,Burundi,1983,0.973082536740648
BEL,Belgium,1983,0.319812571005968
BEN,Benin,1983,-7.08354719040462
BFA,Burkina Faso,1983,-2.45706355273177
BGD,Bangladesh,1983,1.13444624118337
BGR,Bulgaria,1983,3.17252088190827
BHR,Bahrain,1983,2.73304290430794
BHS,"Bahamas, The",1983,1.86802114455067
BIH,Bosnia and Herzegovina,1983,
BLR,Belarus,1983,
BLZ,Belize,1983,-4.49456516300411
BMU,Bermuda,1983,1.28264780416285
BOL,Bolivia,1983,-6.08597774427207
BRA,Brazil,1983,-5.07417099498288
BRB,Barbados,1983,0.146322174140167
BRN,Brunei Darussalam,1983,-2.82531288665643
BTN,Bhutan,1983,6.96747037877745
BWA,Botswana,1983,9.15920771421975
CAF,Central African Republic,1983,-9.21361481564811
CAN,Canada,1983,1.55343271129863
CHE,Switzerland,1983,0.208475012825431
CHI,Channel Islands,1983,
CHL,Chile,1983,-6.32588185760476
CHN,China,1983,9.13891967557757
CIV,Cote d'Ivoire,1983,-7.6809941303711
CMR,Cameroon,1983,4.70153397148707
COD,"Congo, Dem. Rep.",1983,-1.75283708294673
COG,"Congo, Rep.",1983,3.68887287185078
COL,Colombia,1983,-0.78443379786755
COM,Comoros,1983,0.259381817607945
CPV,Cabo Verde,1983,7.92166519671882
CRI,Costa Rica,1983,0.0746781222387085
CUB,Cuba,1983,4.58488277642482
CUW,Curacao,1983,
CYM,Cayman Islands,1983,
CYP,Cyprus,1983,4.7150443523613
CZE,Czechia,1983,
DEU,Germany,1983,1.83903415602119
DJI,Djibouti,1983,
DMA,Dominica,1983,3.01407635769644
DNK,Denmark,1983,2.72531731589652
DOM,Dominican Republic,1983,2.24282496835141
DZA,Algeria,1983,1.88412406994871
EAR,Early-demographic dividend,1983,-2.22634819081493
ECS,Europe & Central Asia,1983,1.27111502529873
ECU,Ecuador,1983,-2.91985970406022
EGY,"Egypt, Arab Rep.",1983,2.06209605252883
ERI,Eritrea,1983,
ESP,Spain,1983,1.27551467801025
EST,Estonia,1983,
ETH,Ethiopia,1983,5.25379811066873
FIN,Finland,1983,2.49118633716598
FJI,Fiji,1983,-6.24627958621996
FRA,France,1983,0.717848547478113
FRO,Faroe Islands,1983,
FSM,"Micronesia, Fed. Sts.",1983,-1.03232864959392
GAB,Gabon,1983,2.78001473821359
GBR,United Kingdom,1983,3.5890151180126
GEO,Georgia,1983,3.38897302522059
GHA,Ghana,1983,-7.39109617124427
GIB,Gibraltar,1983,
GIN,Guinea,1983,-0.819462073871208
GMB,"Gambia, The",1983,6.86783211691481
GNB,Guinea-Bissau,1983,-4.92031162411782
GNQ,Equatorial Guinea,1983,-1.47925250730012
GRC,Greece,1983,-1.65240252612271
GRD,Grenada,1983,3.01589624320235
GRL,Greenland,1983,2.26577078784958
GTM,Guatemala,1983,-4.92782022785646
GUM,Guam,1983,
GUY,Guyana,1983,-6.69376014189534
HKG,"Hong Kong SAR, China",1983,4.37894393186895
HND,Honduras,1983,3.86205567729425
HRV,Croatia,1983,
HTI,Haiti,1983,-1.04448158918315
HUN,Hungary,1983,0.87440654827023
IDB,IDA blend,1983,-5.88444178705285
IDN,Indonesia,1983,1.84400961162603
IMN,Isle of Man,1983,
IND,India,1983,4.8067511214537
IRL,Ireland,1983,-0.949007340998151
IRN,"Iran, Islamic Rep.",1983,6.84545893135481
IRQ,Iraq,1983,-15.6181775930612
ISL,Iceland,1983,-3.43818463724148
ISR,Israel,1983,1.49586777103204
ITA,Italy,1983,1.13249109531979
JAM,Jamaica,1983,0.498067367545829
JOR,Jordan,1983,-6.47345529364759
JPN,Japan,1983,2.91186541361184
KAZ,Kazakhstan,1983,
KEN,Kenya,1983,-2.3251867559766
KGZ,Kyrgyz Republic,1983,
KHM,Cambodia,1983,0.731842330180569
KIR,Kiribati,1983,-11.2331589197365
KNA,St. Kitts and Nevis,1983,1.65998003994439
KOR,"Korea, Rep.",1983,11.8063263631931
KWT,Kuwait,1983,2.87568996438094
LAO,Lao PDR,1983,
LBN,Lebanon,1983,
LBR,Liberia,1983,-4.78531644502502
LBY,Libya,1983,-2.32002046932395
LCA,St. Lucia,1983,3.32262418483423
LCN,Latin America & Caribbean,1983,-4.57895425416895
LIE,Liechtenstein,1983,-0.187516370991148
LKA,Sri Lanka,1983,4.1177167940284
LSO,Lesotho,1983,-0.917132307576523
LTE,Late-demographic dividend,1983,0.24990305895227
LTU,Lithuania,1983,
LUX,Luxembourg,1983,2.96175818657873
LVA,Latvia,1983,
MAC,"Macao SAR, China",1983,4.03826085658743
MAF,St. Martin (French part),1983,
MAR,Morocco,1983,-1.22675307289562
MCO,Monaco,1983,-0.249118008842842
MDA,Moldova,1983,
MDG,Madagascar,1983,-2.02532835429476
MDV,Maldives,1983,13.144280936941
MEX,Mexico,1983,-6.66225018314198
MHL,Marshall Islands,1983,10.816144514646
MKD,North Macedonia,1983,
MLI,Mali,1983,-4.41969916649023
MLT,Malta,1983,-2.00341492392343
MMR,Myanmar,1983,2.37305040843225
MNE,Montenegro,1983,
MNG,Mongolia,1983,3.30386953668207
MNP,Northern Mariana Islands,1983,
MOZ,Mozambique,1983,-17.4416877347159
MRT,Mauritania,1983,0.793234477965157
MUS,Mauritius,1983,-0.535170122849479
MWI,Malawi,1983,-0.294158569249731
MYS,Malaysia,1983,2.88220732900794
NAM,Namibia,1983,-4.39758855700816
NCL,New Caledonia,1983,-3.26575374763378
NER,Niger,1983,-6.67109077586078
NGA,Nigeria,1983,-13.2048044621261
NIC,Nicaragua,1983,1.90068623874957
NLD,Netherlands,1983,1.68361865446971
NOR,Norway,1983,3.62936318622451
NPL,Nepal,1983,-5.25126113340109
NRU,Nauru,1983,-4.8985695649212
NZL,New Zealand,1983,2.09408373463582
OMN,Oman,1983,10.3684268453251
PAK,Pakistan,1983,3.14476107183957
PAN,Panama,1983,-6.71122580136897
PER,Peru,1983,-12.6086341769567
PHL,Philippines,1983,-1.02930125522077
PLW,Palau,1983,-0.513231054870914
PNG,Papua New Guinea,1983,1.07604591742873
POL,Poland,1983,
PRI,Puerto Rico (US),1983,-3.33547311687184
PRK,"Korea, Dem. People's Rep.",1983,
PRT,Portugal,1983,-0.635201606910073
PRY,Paraguay,1983,-5.72741738592531
PSE,West Bank and Gaza,1983,
PYF,French Polynesia,1983,-0.624012304037905
QAT,Qatar,1983,-7.23609776475168
ROU,Romania,1983,
RUS,Russia,1983,
RWA,Rwanda,1983,2.50297769042768
SAU,Saudi Arabia,1983,-16.2513499762503
SDN,Sudan,1983,-1.05893172428505
SEN,Senegal,1983,-8.14696183290356
SGP,Singapore,1983,7.15375220538392
SLB,Solomon Islands,1983,0.401710872955348
SLE,Sierra Leone,1983,-4.1684400763676
SLV,El Salvador,1983,-0.292072197122607
SMR,San Marino,1983,
SOM,"Somalia, Fed. Rep.",1983,-14.3524006363501
SRB,Serbia,1983,
SSD,South Sudan,1983,
STP,Sao Tome and Principe,1983,-5.59794090999824
SUR,Suriname,1983,-4.45592693253033
SVK,Slovak Republic,1983,
SVN,Slovenia,1983,
SWE,Sweden,1983,1.85451503005886
SWZ,Eswatini,1983,-2.06965855785583
SXM,Sint Maarten (Dutch part),1983,
SYC,Seychelles,1983,-0.495741990512201
SYR,Syrian Arab Republic,1983,-1.11242129225163
TCA,Turks and Caicos Islands,1983,
TCD,Chad,1983,10.0878341510115
TGO,Togo,1983,-8.57940681281325
THA,Thailand,1983,3.55915648301884
TJK,Tajikistan,1983,
TKM,Turkmenistan,1983,
TLS,Timor-Leste,1983,
TON,Tonga,1983,1.96367086898887
TTO,Trinidad and Tobago,1983,-11.2747452258963
TUN,Tunisia,1983,2.52770011744421
TUR,Turkiye,1983,2.53286113263376
TUV,Tuvalu,1983,7.22476189497949
TZA,Tanzania,1983,-3.60684190525168
UGA,Uganda,1983,3.15519965111979
UKR,Ukraine,1983,
URY,Uruguay,1983,-10.6732559626791
USA,United States,1983,3.631858038047
UZB,Uzbekistan,1983,
VCT,St. Vincent and the Grenadines,1983,1.33757614779626
VEN,"Venezuela, RB",1983,-12.2521558284096
VGB,British Virgin Islands,1983,
VIR,Virgin Islands (U.S.),1983,
VNM,Viet Nam,1983,
VUT,Vanuatu,1983,0.548157847582459
WSM,Samoa,1983,0.292480477532635
XKX,Kosovo,1983,
YEM,"Yemen, Rep.",1983,
ZAF,South Africa,1983,-5.21623945094572
ZMB,Zambia,1983,-5.07622102576212
ZWE,Zimbabwe,1983,-2.20178843986304
ABW,Aruba,1984,
AFE,Africa Eastern and Southern,1984,0.315408562140519
AFG,Afghanistan,1984,
AFW,Africa Western and Central,1984,-2.12915603646732
AGO,Angola,1984,2.14350685089639
ALB,Albania,1984,-3.30749720231947
AND,Andorra,1984,-2.32782592052799
ARE,United Arab Emirates,1984,-1.61328212311676
ARG,Argentina,1984,-0.0338209216825902
ARM,Armenia,1984,
ASM,American Samoa,1984,
ATG,Antigua and Barbuda,1984,10.2535226083518
AUS,Australia,1984,3.3166427647013
AUT,Austria,1984,0.0575734873694387
AZE,Azerbaijan,1984,
BDI,Burundi,1984,-2.24212742745944
BEL,Belgium,1984,2.46792120866535
BEN,Benin,1984,4.82079328816913
BFA,Burkina Faso,1984,-4.57317259505054
BGD,Bangladesh,1984,2.14633009039818
BGR,Bulgaria,1984,3.15480736579876
BHR,Bahrain,1984,1.34961001401166
BHS,"Bahamas, The",1984,12.2603670641799
BIH,Bosnia and Herzegovina,1984,
BLR,Belarus,1984,
BLZ,Belize,1984,-0.411300256333874
BMU,Bermuda,1984,-0.23256408613058
BOL,Bolivia,1984,-2.31057153866044
BRA,Brazil,1984,3.12069396131707
BRB,Barbados,1984,3.22323163924467
BRN,Brunei Darussalam,1984,-5.56827268914583
BTN,Bhutan,1984,1.30528264426644
BWA,Botswana,1984,4.78687227057497
CAF,Central African Republic,1984,8.15142186918453
CAN,Canada,1984,4.9035541763206
CHE,Switzerland,1984,2.63920461356098
CHI,Channel Islands,1984,
CHL,Chile,1984,2.43691015051672
CHN,China,1984,13.7305061049976
CIV,Cote d'Ivoire,1984,-6.51004627759795
CMR,Cameroon,1984,4.52904486852626
COD,"Congo, Dem. Rep.",1984,2.07207086656189
COG,"Congo, Rep.",1984,4.34352251846796
COL,Colombia,1984,0.989006834442279
COM,Comoros,1984,1.29672868132171
CPV,Cabo Verde,1984,2.31335740950426
CRI,Costa Rica,1984,5.09057323467832
CUB,Cuba,1984,7.04820772969525
CUW,Curacao,1984,
CYM,Cayman Islands,1984,
CYP,Cyprus,1984,7.35775195023427
CZE,Czechia,1984,
DEU,Germany,1984,3.17898722012832
DJI,Djibouti,1984,
DMA,Dominica,1984,4.6434766110028
DNK,Denmark,1984,4.39400889972002
DOM,Dominican Republic,1984,-1.02994061516465
DZA,Algeria,1984,2.05622585528499
EAR,Early-demographic dividend,1984,-0.425639191845576
ECS,Europe & Central Asia,1984,2.11338793058202
ECU,Ecuador,1984,-0.0251234212967688
EGY,"Egypt, Arab Rep.",1984,6.490132739744
ERI,Eritrea,1984,
ESP,Spain,1984,1.36289715502605
EST,Estonia,1984,
ETH,Ethiopia,1984,-5.34331479454821
FIN,Finland,1984,2.67642028755743
FJI,Fiji,1984,5.80389016068183
FRA,France,1984,1.11432810235115
FRO,Faroe Islands,1984,
FSM,"Micronesia, Fed. Sts.",1984,-6.70250495147869
GAB,Gabon,1984,4.6072617988707
GBR,United Kingdom,1984,2.50856450278769
GEO,Georgia,1984,4.5315677189254
GHA,Ghana,1984,5.8786494701893
GIB,Gibraltar,1984,
GIN,Guinea,1984,-0.825607744651649
GMB,"Gambia, The",1984,-0.365477667828969
GNB,Guinea-Bissau,1984,7.38932318959114
GNQ,Equatorial Guinea,1984,-4.93416067286991
GRC,Greece,1984,1.5036721676605
GRD,Grenada,1984,2.97198524446046
GRL,Greenland,1984,-6.25916445763262
GTM,Guatemala,1984,-2.28271607874382
GUM,Guam,1984,
GUY,Guyana,1984,-4.81035981891441
HKG,"Hong Kong SAR, China",1984,8.89803111960488
HND,Honduras,1984,-0.607016567175762
HRV,Croatia,1984,
HTI,Haiti,1984,-1.65138144860573
HUN,Hungary,1984,2.86366988258193
IDB,IDA blend,1984,-1.60473521730108
IDN,Indonesia,1984,4.61668091109382
IMN,Isle of Man,1984,
IND,India,1984,1.41351916765689
IRL,Ireland,1984,3.70968050047422
IRN,"Iran, Islamic Rep.",1984,-10.568069623175
IRQ,Iraq,1984,-4.51053591606907
ISL,Iceland,1984,3.02744364387033
ISR,Israel,1984,-0.377291911571191
ITA,Italy,1984,3.20278304793516
JAM,Jamaica,1984,-2.83493397320355
JOR,Jordan,1984,-0.319725177301962
JPN,Japan,1984,3.73615647910013
KAZ,Kazakhstan,1984,
KEN,Kenya,1984,-1.91893717292913
KGZ,Kyrgyz Republic,1984,
KHM,Cambodia,1984,1.18163587229544
KIR,Kiribati,1984,12.0689799229037
KNA,St. Kitts and Nevis,1984,9.43711188705959
KOR,"Korea, Rep.",1984,9.27971886036099
KWT,Kuwait,1984,0.825844853519484
LAO,Lao PDR,1984,
LBN,Lebanon,1984,
LBR,Liberia,1984,-5.08912309916768
LBY,Libya,1984,-6.41752616235081
LCA,St. Lucia,1984,5.55782690783433
LCN,Latin America & Caribbean,1984,1.75200828540703
LIE,Liechtenstein,1984,3.69754367979189
LKA,Sri Lanka,1984,4.73797301331066
LSO,Lesotho,1984,2.5557662771063
LTE,Late-demographic dividend,1984,6.31178339657146
LTU,Lithuania,1984,
LUX,Luxembourg,1984,6.07785079672442
LVA,Latvia,1984,
MAC,"Macao SAR, China",1984,3.26328238090299
MAF,St. Martin (French part),1984,
MAR,Morocco,1984,3.78166646169767
MCO,Monaco,1984,0.0672540922531368
MDA,Moldova,1984,
MDG,Madagascar,1984,-1.16680579675797
MDV,Maldives,1984,23.4610602981758
MEX,Mexico,1984,1.35095056837716
MHL,Marshall Islands,1984,-0.29560451730994
MKD,North Macedonia,1984,
MLI,Mali,1984,-4.87310209510017
MLT,Malta,1984,0.921302662423145
MMR,Myanmar,1984,2.77967184934921
MNE,Montenegro,1984,
MNG,Mongolia,1984,3.37560937348364
MNP,Northern Mariana Islands,1984,
MOZ,Mozambique,1984,-8.33821249605023
MRT,Mauritania,1984,-5.9741751048054
MUS,Mauritius,1984,3.60922239120048
MWI,Malawi,1984,1.32134940671426
MYS,Malaysia,1984,4.30747158153424
NAM,Namibia,1984,-2.90207268840599
NCL,New Caledonia,1984,0.133296624894783
NER,Niger,1984,-19.2433493449205
NGA,Nigeria,1984,-3.61771426892362
NIC,Nicaragua,1984,-3.9819118632871
NLD,Netherlands,1984,2.65340388499804
NOR,Norway,1984,5.75352056246923
NPL,Nepal,1984,7.1381623325468
NRU,Nauru,1984,-4.68454061298058
NZL,New Zealand,1984,3.88995795101282
OMN,Oman,1984,10.5139014934965
PAK,Pakistan,1984,1.82241302270991
PAN,Panama,1984,0.337222276091524
PER,Peru,1984,1.07540329810783
PHL,Philippines,1984,-9.68938719558849
PLW,Palau,1984,2.02546994545216
PNG,Papua New Guinea,1984,-2.44891128414551
POL,Poland,1984,
PRI,Puerto Rico (US),1984,4.88174991649599
PRK,"Korea, Dem. People's Rep.",1984,
PRT,Portugal,1984,-2.25657884652966
PRY,Paraguay,1984,-0.0413519355069241
PSE,West Bank and Gaza,1984,
PYF,French Polynesia,1984,-0.376948765623482
QAT,Qatar,1984,-0.808335022578873
ROU,Romania,1984,
RUS,Russia,1984,
RWA,Rwanda,1984,-7.41281107784167
SAU,Saudi Arabia,1984,-9.5491570395713
SDN,Sudan,1984,-7.06459754963682
SEN,Senegal,1984,1.13953477209834
SGP,Singapore,1984,6.75518405595601
SLB,Solomon Islands,1984,-3.16498042106423
SLE,Sierra Leone,1984,1.83752207389294
SLV,El Salvador,1984,-0.579001391831696
SMR,San Marino,1984,
SOM,"Somalia, Fed. Rep.",1984,-0.428395914894608
SRB,Serbia,1984,
SSD,South Sudan,1984,
STP,Sao Tome and Principe,1984,-7.80926946001769
SUR,Suriname,1984,-2.78476423596697
SVK,Slovak Republic,1984,
SVN,Slovenia,1984,
SWE,Sweden,1984,4.13486530060632
SWZ,Eswatini,1984,2.75819408945894
SXM,Sint Maarten (Dutch part),1984,
SYC,Seychelles,1984,3.68994619621557
SYR,Syrian Arab Republic,1984,-10.7951298651331
TCA,Turks and Caicos Islands,1984,
TCD,Chad,1984,0.713603679143432
TGO,Togo,1984,2.07366660498529
THA,Thailand,1984,3.76302695681466
TJK,Tajikistan,1984,
TKM,Turkmenistan,1984,
TLS,Timor-Leste,1984,
TON,Tonga,1984,1.74669804353218
TTO,Trinidad and Tobago,1984,-6.75126185963548
TUN,Tunisia,1984,3.31393972186763
TUR,Turkiye,1984,4.28679512122811
TUV,Tuvalu,1984,5.92428866109852
TZA,Tanzania,1984,1.31693001082563
UGA,Uganda,1984,-2.97662323233796
UKR,Ukraine,1984,
URY,Uruguay,1984,-1.59402132372715
USA,United States,1984,6.31198922205458
UZB,Uzbekistan,1984,
VCT,St. Vincent and the Grenadines,1984,5.74601657425153
VEN,"Venezuela, RB",1984,2.45984940470106
VGB,British Virgin Islands,1984,
VIR,Virgin Islands (U.S.),1984,
VNM,Viet Nam,1984,
VUT,Vanuatu,1984,6.89313733975376
WSM,Samoa,1984,1.23776330511436
XKX,Kosovo,1984,
YEM,"Yemen, Rep.",1984,
ZAF,South Africa,1984,1.52227888001273
ZMB,Zambia,1984,-3.35758526977152
ZWE,Zimbabwe,1984,-5.33337743503436
ABW,Aruba,1985,
AFE,Africa Eastern and Southern,1985,-3.04943178884903
AFG,Afghanistan,1985,
AFW,Africa Western and Central,1985,2.47955383896166
AGO,Angola,1985,-0.238221364131547
ALB,Albania,1985,-0.290595348322213
AND,Andorra,1985,-1.30213488514967
ARE,United Arab Emirates,1985,-8.62600846774583
ARG,Argentina,1985,-6.66838660626058
ARM,Armenia,1985,
ASM,American Samoa,1985,
ATG,Antigua and Barbuda,1985,8.12880918168268
AUS,Australia,1985,3.88854366204454
AUT,Austria,1985,2.45056602359712
AZE,Azerbaijan,1985,
BDI,Burundi,1985,9.39438422223908
BEL,Belgium,1985,1.62151904693751
BEN,Benin,1985,4.39975049700094
BFA,Burkina Faso,1985,5.4289492547686
BGD,Bangladesh,1985,0.828029751172664
BGR,Bulgaria,1985,2.6849533954788
BHR,Bahrain,1985,-8.12303760275989
BHS,"Bahamas, The",1985,3.05230906313199
BIH,Bosnia and Herzegovina,1985,
BLR,Belarus,1985,
BLZ,Belize,1985,-1.30728393908063
BMU,Bermuda,1985,-2.67035531914217
BOL,Bolivia,1985,-3.73470517630113
BRA,Brazil,1985,5.57647245248828
BRB,Barbados,1985,0.742566225121564
BRN,Brunei Darussalam,1985,-6.12623933511351
BTN,Bhutan,1985,0.834782225993933
BWA,Botswana,1985,3.46975249506856
CAF,Central African Republic,1985,2.63570726856844
CAN,Canada,1985,3.78497425367219
CHE,Switzerland,1985,3.21694497988854
CHI,Channel Islands,1985,
CHL,Chile,1985,1.98564660313194
CHN,China,1985,11.9012936806177
CIV,Cote d'Ivoire,1985,0.442451456249174
CMR,Cameroon,1985,4.88990022893367
COD,"Congo, Dem. Rep.",1985,-2.80901413565682
COG,"Congo, Rep.",1985,-4.0542987808677
COL,Colombia,1985,0.902605416728733
COM,Comoros,1985,-0.0566384062004772
CPV,Cabo Verde,1985,7.12207008814126
CRI,Costa Rica,1985,-2.0077212448813
CUB,Cuba,1985,0.757183025934978
CUW,Curacao,1985,
CYM,Cayman Islands,1985,
CYP,Cyprus,1985,3.61523782627688
CZE,Czechia,1985,
DEU,Germany,1985,2.55688354526657
DJI,Djibouti,1985,
DMA,Dominica,1985,1.86199208214235
DNK,Denmark,1985,4.11088238008001
DOM,Dominican Republic,1985,-4.27424270185108
DZA,Algeria,1985,0.229398496603636
EAR,Early-demographic dividend,1985,-1.45676561409603
ECS,Europe & Central Asia,1985,2.05355008807125
ECU,Ecuador,1985,1.29651813173118
EGY,"Egypt, Arab Rep.",1985,2.68952214719384
ERI,Eritrea,1985,
ESP,Spain,1985,1.95132909180683
EST,Estonia,1985,
ETH,Ethiopia,1985,-13.6118695750355
FIN,Finland,1985,3.10912028736855
FJI,Fiji,1985,-6.85988398988809
FRA,France,1985,1.06265235277525
FRO,Faroe Islands,1985,
FSM,"Micronesia, Fed. Sts.",1985,13.2623065884291
GAB,Gabon,1985,-4.98060710396314
GBR,United Kingdom,1985,3.36452797465043
GEO,Georgia,1985,4.02522934899925
GHA,Ghana,1985,2.85582116960212
GIB,Gibraltar,1985,
GIN,Guinea,1985,2.56175473405239
GMB,"Gambia, The",1985,-4.65135850423313
GNB,Guinea-Bissau,1985,2.52131358114698
GNQ,Equatorial Guinea,1985,6.8585331073261
GRC,Greece,1985,2.11229485279974
GRD,Grenada,1985,5.30376510555253
GRL,Greenland,1985,2.68217381664971
GTM,Guatemala,1985,-3.38239620330064
GUM,Guam,1985,
GUY,Guyana,1985,2.74928348562644
HKG,"Hong Kong SAR, China",1985,-0.319543774653226
HND,Honduras,1985,1.67848139012632
HRV,Croatia,1985,
HTI,Haiti,1985,-1.37293043186439
HUN,Hungary,1985,-0.0715154937306011
IDB,IDA blend,1985,2.77884487796194
IDN,Indonesia,1985,0.296454822426725
IMN,Isle of Man,1985,0.616951121008327
IND,India,1985,2.83325352775377
IRL,Ireland,1985,2.92073394317003
IRN,"Iran, Islamic Rep.",1985,-1.80642412174757
IRQ,Iraq,1985,-0.957028055065692
ISL,Iceland,1985,2.48243302554008
ISR,Israel,1985,2.21819866526307
ITA,Italy,1985,2.76838146298121
JAM,Jamaica,1985,-4.04925281880678
JOR,Jordan,1985,-7.05276724700074
JPN,Japan,1985,4.50363061476536
KAZ,Kazakhstan,1985,
KEN,Kenya,1985,0.569650556250821
KGZ,Kyrgyz Republic,1985,
KHM,Cambodia,1985,1.22955640956965
KIR,Kiribati,1985,-14.8945308033482
KNA,St. Kitts and Nevis,1985,9.16962852707064
KOR,"Korea, Rep.",1985,6.88128173232485
KWT,Kuwait,1985,-7.98202682465829
LAO,Lao PDR,1985,2.20041867968716
LBN,Lebanon,1985,
LBR,Liberia,1985,-3.81849790569451
LBY,Libya,1985,4.850536737417
LCA,St. Lucia,1985,6.533818365779
LCN,Latin America & Caribbean,1985,0.937082653441209
LIE,Liechtenstein,1985,5.89771060979822
LKA,Sri Lanka,1985,4.30841930856924
LSO,Lesotho,1985,-0.25717695813087
LTE,Late-demographic dividend,1985,5.70971271705677
LTU,Lithuania,1985,
LUX,Luxembourg,1985,2.59324380017576
LVA,Latvia,1985,
MAC,"Macao SAR, China",1985,-1.64956759902613
MAF,St. Martin (French part),1985,
MAR,Morocco,1985,3.50437639960224
MCO,Monaco,1985,0.381187157653301
MDA,Moldova,1985,
MDG,Madagascar,1985,-1.7387065668684
MDV,Maldives,1985,11.7921658983926
MEX,Mexico,1985,-0.167653630041542
MHL,Marshall Islands,1985,-9.97363489636767
MKD,North Macedonia,1985,
MLI,Mali,1985,10.9472402980667
MLT,Malta,1985,0.798852022720212
MMR,Myanmar,1985,0.819094329655073
MNE,Montenegro,1985,
MNG,Mongolia,1985,3.11807065114324
MNP,Northern Mariana Islands,1985,
MOZ,Mozambique,1985,-0.875259465006366
MRT,Mauritania,1985,0.0652218003039025
MUS,Mauritius,1985,6.0838762935312
MWI,Malawi,1985,0.62310053551127
MYS,Malaysia,1985,-4.22603510362129
NAM,Namibia,1985,-2.36605178349831
NCL,New Caledonia,1985,2.77109463842929
NER,Niger,1985,4.56326937920227
NGA,Nigeria,1985,2.95446539768388
NIC,Nicaragua,1985,-6.34298617236558
NLD,Netherlands,1985,2.10293483565027
NOR,Norway,1985,5.23777543812425
NPL,Nepal,1985,3.7614916801796
NRU,Nauru,1985,-4.79428001223692
NZL,New Zealand,1985,0.989450984407256
OMN,Oman,1985,7.31855927801392
PAK,Pakistan,1985,4.23568398580987
PAN,Panama,1985,2.55183284112566
PER,Peru,1985,-0.398366079209637
PHL,Philippines,1985,-9.36657778201814
PLW,Palau,1985,2.732808588868
PNG,Papua New Guinea,1985,1.79584797172045
POL,Poland,1985,
PRI,Puerto Rico (US),1985,2.09577634523414
PRK,"Korea, Dem. People's Rep.",1985,
PRT,Portugal,1985,2.5266056975684
PRY,Paraguay,1985,1.6132735278771
PSE,West Bank and Gaza,1985,
PYF,French Polynesia,1985,-3.6384060029233
QAT,Qatar,1985,-6.95130510970698
ROU,Romania,1985,
RUS,Russia,1985,
RWA,Rwanda,1985,0.938741579531822
SAU,Saudi Arabia,1985,-12.3848638519131
SDN,Sudan,1985,-7.95923243778884
SEN,Senegal,1985,0.6157967631448
SGP,Singapore,1985,-0.758403193169272
SLB,Solomon Islands,1985,-6.31900558571843
SLE,Sierra Leone,1985,-7.38497548183301
SLV,El Salvador,1985,-1.37348572944155
SMR,San Marino,1985,
SOM,"Somalia, Fed. Rep.",1985,5.19505399139936
SRB,Serbia,1985,
SSD,South Sudan,1985,
STP,Sao Tome and Principe,1985,7.02251169759136
SUR,Suriname,1985,0.740327469136076
SVK,Slovak Republic,1985,
SVN,Slovenia,1985,
SWE,Sweden,1985,1.99177410471971
SWZ,Eswatini,1985,0.0573666967944746
SXM,Sint Maarten (Dutch part),1985,
SYC,Seychelles,1985,9.40285816904985
SYR,Syrian Arab Republic,1985,5.57112088824223
TCA,Turks and Caicos Islands,1985,
TCD,Chad,1985,20.5709907410676
TGO,Togo,1985,2.23485801628915
THA,Thailand,1985,2.73408972179925
TJK,Tajikistan,1985,
TKM,Turkmenistan,1985,
TLS,Timor-Leste,1985,
TON,Tonga,1985,6.56498859822842
TTO,Trinidad and Tobago,1985,-5.28077545303297
TUN,Tunisia,1985,2.94161034300467
TUR,Turkiye,1985,1.95228450972105
TUV,Tuvalu,1985,-3.59196621923928
TZA,Tanzania,1985,-2.00228811171158
UGA,Uganda,1985,-5.98381522998432
UKR,Ukraine,1985,
URY,Uruguay,1985,0.977235886818193
USA,United States,1985,3.25057626050496
UZB,Uzbekistan,1985,
VCT,St. Vincent and the Grenadines,1985,5.37790770774799
VEN,"Venezuela, RB",1985,-1.74699607571675
VGB,British Virgin Islands,1985,
VIR,Virgin Islands (U.S.),1985,
VNM,Viet Nam,1985,1.42506901089281
VUT,Vanuatu,1985,-1.51419697864081
WSM,Samoa,1985,3.88648611605976
XKX,Kosovo,1985,
YEM,"Yemen, Rep.",1985,
ZAF,South Africa,1985,-4.45158907262324
ZMB,Zambia,1985,-1.38870838349084
ZWE,Zimbabwe,1985,3.30860657633907
ABW,Aruba,1986,
AFE,Africa Eastern and Southern,1986,-0.738943066505669
AFG,Afghanistan,1986,
AFW,Africa Western and Central,1986,-1.47069336242686
AGO,Angola,1986,-0.756799921119097
ALB,Albania,1986,3.61465554406625
AND,Andorra,1986,-1.05661369805985
ARE,United Arab Emirates,1986,-20.1434669148371
ARG,Argentina,1986,4.51505097092362
ARM,Armenia,1986,
ASM,American Samoa,1986,
ATG,Antigua and Barbuda,1986,12.0400709213822
AUS,Australia,1986,2.47666322407724
AUT,Austria,1986,2.23640193792993
AZE,Azerbaijan,1986,
BDI,Burundi,1986,1.33043364051353
BEL,Belgium,1986,1.78646985792142
BEN,Benin,1986,-0.831611571775994
BFA,Burkina Faso,1986,4.95223507393075
BGD,Bangladesh,1986,1.75594933819035
BGR,Bulgaria,1986,4.23524126828212
BHR,Bahrain,1986,-2.42823907607398
BHS,"Bahamas, The",1986,0.0649144081291979
BIH,Bosnia and Herzegovina,1986,
BLR,Belarus,1986,
BLZ,Belize,1986,2.20253142884201
BMU,Bermuda,1986,6.01394430785905
BOL,Bolivia,1986,-4.60038364097161
BRA,Brazil,1986,5.29820398316059
BRB,Barbados,1986,4.77732628524356
BRN,Brunei Darussalam,1986,-8.57124115256731
BTN,Bhutan,1986,8.00745745286568
BWA,Botswana,1986,4.56560684847278
CAF,Central African Republic,1986,2.26761415846777
CAN,Canada,1986,1.11138102791371
CHE,Switzerland,1986,1.32994597417265
CHI,Channel Islands,1986,
CHL,Chile,1986,3.78423839368109
CHN,China,1986,7.32675657753705
CIV,Cote d'Ivoire,1986,-0.700892854841626
CMR,Cameroon,1986,3.60245672331487
COD,"Congo, Dem. Rep.",1986,1.47046036376909
COG,"Congo, Rep.",1986,-9.55347437557265
COL,Colombia,1986,3.66134032721335
COM,Comoros,1986,-0.732021611211536
CPV,Cabo Verde,1986,1.4269826540267
CRI,Costa Rica,1986,2.71459943765294
CUB,Cuba,1986,-0.754948780795104
CUW,Curacao,1986,
CYM,Cayman Islands,1986,
CYP,Cyprus,1986,2.52140537633036
CZE,Czechia,1986,
DEU,Germany,1986,2.24053503516963
DJI,Djibouti,1986,
DMA,Dominica,1986,7.58018788266652
DNK,Denmark,1986,4.59344206518372
DOM,Dominican Republic,1986,1.30378450277615
DZA,Algeria,1986,-2.85296270395477
EAR,Early-demographic dividend,1986,-0.950456548211747
ECS,Europe & Central Asia,1986,2.23931543681746
ECU,Ecuador,1986,0.919413934576909
EGY,"Egypt, Arab Rep.",1986,1.7925166270004
ERI,Eritrea,1986,
ESP,Spain,1986,2.94527939063278
EST,Estonia,1986,
ETH,Ethiopia,1986,6.4669208610524
FIN,Finland,1986,2.42189739820009
FJI,Fiji,1986,5.48430709502567
FRA,France,1986,1.86751539834408
FRO,Faroe Islands,1986,
FSM,"Micronesia, Fed. Sts.",1986,4.98453718985263
GAB,Gabon,1986,-3.50442324294255
GBR,United Kingdom,1986,3.77170543767869
GEO,Georgia,1986,-8.98763779625877
GHA,Ghana,1986,2.90923690293133
GIB,Gibraltar,1986,
GIN,Guinea,1986,0.598439369166186
GMB,"Gambia, The",1986,-0.0008788497750202
GNB,Guinea-Bissau,1986,-2.36319832198365
GNQ,Equatorial Guinea,1986,-6.95933815288996
GRC,Greece,1986,0.185737959143879
GRD,Grenada,1986,6.44228583808339
GRL,Greenland,1986,6.49677699893094
GTM,Guatemala,1986,-2.60067871575764
GUM,Guam,1986,
GUY,Guyana,1986,-0.464646324045503
HKG,"Hong Kong SAR, China",1986,9.68113488041034
HND,Honduras,1986,2.55721179627952
HRV,Croatia,1986,
HTI,Haiti,1986,-2.47081729725178
HUN,Hungary,1986,1.70829407599872
IDB,IDA blend,1986,-0.188273336526478
IDN,Indonesia,1986,3.76041936038696
IMN,Isle of Man,1986,18.5642750122377
IND,India,1986,2.38574323107864
IRL,Ireland,1986,-0.473563330562115
IRN,"Iran, Islamic Rep.",1986,-13.0531630994569
IRQ,Iraq,1986,2.10391665862136
ISL,Iceland,1986,5.49486048295211
ISR,Israel,1986,2.59057489149308
ITA,Italy,1986,2.85436689178144
JAM,Jamaica,1986,0.936567842364823
JOR,Jordan,1986,0.752136656039752
JPN,Japan,1986,2.74561524729424
KAZ,Kazakhstan,1986,
KEN,Kenya,1986,3.40845945197678
KGZ,Kyrgyz Republic,1986,
KHM,Cambodia,1986,-0.194040774515756
KIR,Kiribati,1986,-4.70563420263738
KNA,St. Kitts and Nevis,1986,11.5388956805806
KOR,"Korea, Rep.",1986,10.3993364703999
KWT,Kuwait,1986,4.25928304119745
LAO,Lao PDR,1986,1.97501637779287
LBN,Lebanon,1986,
LBR,Liberia,1986,-4.57358206734597
LBY,Libya,1986,-13.970798357882
LCA,St. Lucia,1986,12.5888676984323
LCN,Latin America & Caribbean,1986,1.48090934821383
LIE,Liechtenstein,1986,2.62544978263597
LKA,Sri Lanka,1986,3.11437891706746
LSO,Lesotho,1986,2.06110283000073
LTE,Late-demographic dividend,1986,4.21390316692185
LTU,Lithuania,1986,
LUX,Luxembourg,1986,9.49157415269819
LVA,Latvia,1986,
MAC,"Macao SAR, China",1986,4.40648756356335
MAF,St. Martin (French part),1986,
MAR,Morocco,1986,6.90663147405301
MCO,Monaco,1986,1.17756469659412
MDA,Moldova,1986,
MDG,Madagascar,1986,-0.923938491308903
MDV,Maldives,1986,5.60334053159693
MEX,Mexico,1986,-5.86454491938434
MHL,Marshall Islands,1986,19.7080205625138
MKD,North Macedonia,1986,
MLI,Mali,1986,-2.58442127884273
MLT,Malta,1986,2.16379569866581
MMR,Myanmar,1986,-2.89236375381986
MNE,Montenegro,1986,
MNG,Mongolia,1986,6.63080430454544
MNP,Northern Mariana Islands,1986,
MOZ,Mozambique,1986,-3.9955460779278
MRT,Mauritania,1986,2.71276884801846
MUS,Mauritius,1986,8.90623690277333
MWI,Malawi,1986,-3.82396507891448
MYS,Malaysia,1986,-2.02369150795889
NAM,Namibia,1986,1.60030132616392
NCL,New Caledonia,1986,-2.6190288408857
NER,Niger,1986,3.20101161942344
NGA,Nigeria,1986,-2.62075281914927
NIC,Nicaragua,1986,-3.30466953331114
NLD,Netherlands,1986,2.21813149075913
NOR,Norway,1986,3.6716668600906
NPL,Nepal,1986,2.28081213319082
NRU,Nauru,1986,-4.9400602259923
NZL,New Zealand,1986,2.73095234742922
OMN,Oman,1986,-4.3441309699285
PAK,Pakistan,1986,1.99470584181627
PAN,Panama,1986,1.24877511165558
PER,Peru,1986,6.87530907055556
PHL,Philippines,1986,0.89378143868592
PLW,Palau,1986,2.91036087038012
PNG,Papua New Guinea,1986,2.45897445696457
POL,Poland,1986,
PRI,Puerto Rico (US),1986,3.97505652604852
PRK,"Korea, Dem. People's Rep.",1986,
PRT,Portugal,1986,4.04627903442302
PRY,Paraguay,1986,2.03507060867297
PSE,West Bank and Gaza,1986,
PYF,French Polynesia,1986,10.6850806353894
QAT,Qatar,1986,0.795921093693323
ROU,Romania,1986,
RUS,Russia,1986,
RWA,Rwanda,1986,2.00607453765271
SAU,Saudi Arabia,1986,-4.57404251506607
SDN,Sudan,1986,3.45138115933945
SEN,Senegal,1986,0.204711044505984
SGP,Singapore,1986,1.43861505659832
SLB,Solomon Islands,1986,-3.41141767939442
SLE,Sierra Leone,1986,-1.20613242645724
SLV,El Salvador,1986,-1.77325101840664
SMR,San Marino,1986,
SOM,"Somalia, Fed. Rep.",1986,-6.09526499097399
SRB,Serbia,1986,
SSD,South Sudan,1986,
STP,Sao Tome and Principe,1986,-7.94337715992744
SUR,Suriname,1986,-0.576612551612655
SVK,Slovak Republic,1986,
SVN,Slovenia,1986,
SWE,Sweden,1986,2.45277262936798
SWZ,Eswatini,1986,7.90427711581066
SXM,Sint Maarten (Dutch part),1986,
SYC,Seychelles,1986,0.135752841851968
SYR,Syrian Arab Republic,1986,-11.108256603454
TCA,Turks and Caicos Islands,1986,
TCD,Chad,1986,-6.90931230128338
TGO,Togo,1986,-1.47318630066768
THA,Thailand,1986,3.66333574867296
TJK,Tajikistan,1986,0.178726963700981
TKM,Turkmenistan,1986,
TLS,Timor-Leste,1986,
TON,Tonga,1986,2.09157092326771
TTO,Trinidad and Tobago,1986,-4.54597091541925
TUN,Tunisia,1986,-3.91587698845028
TUR,Turkiye,1986,4.75790899777842
TUV,Tuvalu,1986,20.0344326396496
TZA,Tanzania,1986,2.06538325839534
UGA,Uganda,1986,-2.49096889727608
UKR,Ukraine,1986,
URY,Uruguay,1986,8.24266244664604
USA,United States,1986,2.51089496974166
UZB,Uzbekistan,1986,
VCT,St. Vincent and the Grenadines,1986,4.85084730919915
VEN,"Venezuela, RB",1986,3.34487399222535
VGB,British Virgin Islands,1986,
VIR,Virgin Islands (U.S.),1986,
VNM,Viet Nam,1986,0.598118657713286
VUT,Vanuatu,1986,-2.66238260240461
WSM,Samoa,1986,5.37069321134753
XKX,Kosovo,1986,
YEM,"Yemen, Rep.",1986,
ZAF,South Africa,1986,-3.129218179071
ZMB,Zambia,1986,-2.23905733064601
ZWE,Zimbabwe,1986,-1.26273621053356
ABW,Aruba,1987,17.5932059495681
AFE,Africa Eastern and Southern,1987,0.869973014198379
AFG,Afghanistan,1987,
AFW,Africa Western and Central,1987,-1.32820469782837
AGO,Angola,1987,0.529253267498845
ALB,Albania,1987,-2.74949637948959
AND,Andorra,1987,1.29670922958218
ARE,United Arab Emirates,1987,-3.63567371623496
ARG,Argentina,1987,1.1301429501441
ARM,Armenia,1987,
ASM,American Samoa,1987,
ATG,Antigua and Barbuda,1987,7.17639021932308
AUS,Australia,1987,1.00854231476922
AUT,Austria,1987,1.29304520975597
AZE,Azerbaijan,1987,
BDI,Burundi,1987,3.12328954639813
BEL,Belgium,1987,2.21947823908795
BEN,Benin,1987,-4.42457315499306
BFA,Burkina Faso,1987,-2.92901265412704
BGD,Bangladesh,1987,1.4749596769563
BGR,Bulgaria,1987,5.89861249442025
BHR,Bahrain,1987,6.44724314575416
BHS,"Bahamas, The",1987,1.25497231137513
BIH,Bosnia and Herzegovina,1987,
BLR,Belarus,1987,
BLZ,Belize,1987,8.28155427142181
BMU,Bermuda,1987,3.05667377226135
BOL,Bolivia,1987,0.324802543244047
BRA,Brazil,1987,1.49867169856199
BRB,Barbados,1987,2.3273907799562
BRN,Brunei Darussalam,1987,-1.13139335881442
BTN,Bhutan,1987,25.1788050049129
BWA,Botswana,1987,8.28830337418344
CAF,Central African Republic,1987,-6.18183220833238
CAN,Canada,1987,2.70917396391555
CHE,Switzerland,1987,0.949403324176217
CHI,Channel Islands,1987,
CHL,Chile,1987,5.05944880092105
CHN,China,1987,9.85242316966178
CIV,Cote d'Ivoire,1987,-4.11920012990711
CMR,Cameroon,1987,-5.07549988153178
COD,"Congo, Dem. Rep.",1987,-0.511748731546049
COG,"Congo, Rep.",1987,-2.6954798697673
COL,Colombia,1987,3.22574243598631
COM,Comoros,1987,-0.688091056043021
CPV,Cabo Verde,1987,2.85230662441553
CRI,Costa Rica,1987,2.03077450785207
CUB,Cuba,1987,-3.2623931374327
CUW,Curacao,1987,
CYM,Cayman Islands,1987,
CYP,Cyprus,1987,5.90727258493816
CZE,Czechia,1987,
DEU,Germany,1987,1.24649964678072
DJI,Djibouti,1987,
DMA,Dominica,1987,6.88083722710458
DNK,Denmark,1987,0.335785646373267
DOM,Dominican Republic,1987,7.79925636612437
DZA,Algeria,1987,-3.65704095206092
EAR,Early-demographic dividend,1987,0.43136550899068
ECS,Europe & Central Asia,1987,2.31297703731117
ECU,Ecuador,1987,-2.63848968143327
EGY,"Egypt, Arab Rep.",1987,0.992647870187866
ERI,Eritrea,1987,
ESP,Spain,1987,5.2737629750186
EST,Estonia,1987,
ETH,Ethiopia,1987,10.0451187324464
FIN,Finland,1987,3.2677223490077
FJI,Fiji,1987,-8.01279609457407
FRA,France,1987,1.99730005194385
FRO,Faroe Islands,1987,
FSM,"Micronesia, Fed. Sts.",1987,-1.55099889726419
GAB,Gabon,1987,-19.4129351524125
GBR,United Kingdom,1987,4.33997910052568
GEO,Georgia,1987,0.448766891959991
GHA,Ghana,1987,2.41951445422532
GIB,Gibraltar,1987,
GIN,Guinea,1987,0.681986046103418
GMB,"Gambia, The",1987,-1.62495397995868
GNB,Guinea-Bissau,1987,1.26401277309395
GNQ,Equatorial Guinea,1987,0.0385112236216827
GRC,Greece,1987,-2.58512327400537
GRD,Grenada,1987,8.27409896955282
GRL,Greenland,1987,4.34564061934091
GTM,Guatemala,1987,0.7275544115315
GUM,Guam,1987,
GUY,Guyana,1987,1.42467770126129
HKG,"Hong Kong SAR, China",1987,12.2625185271958
HND,Honduras,1987,-1.1054612255073
HRV,Croatia,1987,
HTI,Haiti,1987,-2.77929250001687
HUN,Hungary,1987,4.22597286924326
IDB,IDA blend,1987,0.362339289704352
IDN,Indonesia,1987,2.90852258131132
IMN,Isle of Man,1987,8.38520288055918
IND,India,1987,1.6209507634138
IRL,Ireland,1987,4.65224009736855
IRN,"Iran, Islamic Rep.",1987,-3.68691263044988
IRQ,Iraq,1987,6.34850985229411
ISL,Iceland,1987,7.36317004635005
ISR,Israel,1987,5.42312177953472
ITA,Italy,1987,3.18143029577409
JAM,Jamaica,1987,7.03155216927711
JOR,Jordan,1987,-2.30153426988687
JPN,Japan,1987,4.14563058830026
KAZ,Kazakhstan,1987,
KEN,Kenya,1987,2.26586113193359
KGZ,Kyrgyz Republic,1987,1.35340476387358
KHM,Cambodia,1987,16.4857143191711
KIR,Kiribati,1987,-1.13888432551144
KNA,St. Kitts and Nevis,1987,7.24611269504145
KOR,"Korea, Rep.",1987,11.7855305378105
KWT,Kuwait,1987,3.90699965176427
LAO,Lao PDR,1987,-4.18795903851054
LBN,Lebanon,1987,
LBR,Liberia,1987,-3.86332420722908
LBY,Libya,1987,-17.0223039536607
LCA,St. Lucia,1987,2.37299183093911
LCN,Latin America & Caribbean,1987,1.31697907379073
LIE,Liechtenstein,1987,7.96631192106287
LKA,Sri Lanka,1987,0.541198280744652
LSO,Lesotho,1987,-1.47316355235876
LTE,Late-demographic dividend,1987,4.80216585699714
LTU,Lithuania,1987,
LUX,Luxembourg,1987,3.27946506666585
LVA,Latvia,1987,
MAC,"Macao SAR, China",1987,10.2705133133387
MAF,St. Martin (French part),1987,
MAR,Morocco,1987,-2.29599450642142
MCO,Monaco,1987,1.25598438971197
MDA,Moldova,1987,
MDG,Madagascar,1987,-1.66814871886039
MDV,Maldives,1987,5.08899392546991
MEX,Mexico,1987,0.03740353614306
MHL,Marshall Islands,1987,5.23328202614395
MKD,North Macedonia,1987,
MLI,Mali,1987,-2.48484006129192
MLT,Malta,1987,3.39606460305863
MMR,Myanmar,1987,-5.66584751248742
MNE,Montenegro,1987,
MNG,Mongolia,1987,0.807482244578523
MNP,Northern Mariana Islands,1987,
MOZ,Mozambique,1987,14.2348877850341
MRT,Mauritania,1987,-0.992083549763294
MUS,Mauritius,1987,8.07946640916164
MWI,Malawi,1987,-3.11334092762722
MYS,Malaysia,1987,1.85511540280665
NAM,Namibia,1987,0.29009670779547
NCL,New Caledonia,1987,3.94397251578846
NER,Niger,1987,-2.8945708827687
NGA,Nigeria,1987,0.486537112827307
NIC,Nicaragua,1987,-2.95729751691646
NLD,Netherlands,1987,1.28651491938223
NOR,Norway,1987,1.27841397675084
NPL,Nepal,1987,-0.435088375434745
NRU,Nauru,1987,-5.03286460252426
NZL,New Zealand,1987,0.10433472483264
OMN,Oman,1987,-9.07462092943251
PAK,Pakistan,1987,2.88408948028645
PAN,Panama,1987,-3.96932706840299
PER,Peru,1987,7.24613524288358
PHL,Philippines,1987,1.6478210267821
PLW,Palau,1987,3.15624086946009
PNG,Papua New Guinea,1987,0.57082204788108
POL,Poland,1987,
PRI,Puerto Rico (US),1987,4.77653392446396
PRK,"Korea, Dem. People's Rep.",1987,
PRT,Portugal,1987,6.41006270883734
PRY,Paraguay,1987,4.58743050308126
PSE,West Bank and Gaza,1987,
PYF,French Polynesia,1987,-1.27189890101005
QAT,Qatar,1987,-3.62991473556784
ROU,Romania,1987,
RUS,Russia,1987,
RWA,Rwanda,1987,-3.24738480397652
SAU,Saudi Arabia,1987,-8.45429065456064
SDN,Sudan,1987,12.1835557689147
SEN,Senegal,1987,3.20484833596085
SGP,Singapore,1987,9.14418251985718
SLB,Solomon Islands,1987,4.97817622405749
SLE,Sierra Leone,1987,4.39382684987255
SLV,El Salvador,1987,0.50182407492801
SMR,San Marino,1987,
SOM,"Somalia, Fed. Rep.",1987,6.22667723467711
SRB,Serbia,1987,
SSD,South Sudan,1987,
STP,Sao Tome and Principe,1987,-5.28956639669342
SUR,Suriname,1987,-7.2826049098625
SVK,Slovak Republic,1987,
SVN,Slovenia,1987,
SWE,Sweden,1987,3.0095477511744
SWZ,Eswatini,1987,10.2434100292503
SXM,Sint Maarten (Dutch part),1987,
SYC,Seychelles,1987,0.515688006513273
SYR,Syrian Arab Republic,1987,-1.76469801300779
TCA,Turks and Caicos Islands,1987,
TCD,Chad,1987,-5.74954425120686
TGO,Togo,1987,-2.50049188427492
THA,Thailand,1987,7.63396585259409
TJK,Tajikistan,1987,-4.53903608213079
TKM,Turkmenistan,1987,
TLS,Timor-Leste,1987,
TON,Tonga,1987,2.60248790524267
TTO,Trinidad and Tobago,1987,-5.67815808738371
TUN,Tunisia,1987,4.10319522235456
TUR,Turkiye,1987,7.27713021223573
TUV,Tuvalu,1987,10.1917270696452
TZA,Tanzania,1987,1.43674931403181
UGA,Uganda,1987,0.79113763901934
UKR,Ukraine,1987,
URY,Uruguay,1987,7.38938186968173
USA,United States,1987,2.53404234695518
UZB,Uzbekistan,1987,
VCT,St. Vincent and the Grenadines,1987,-0.219401447443673
VEN,"Venezuela, RB",1987,2.11522693391619
VGB,British Virgin Islands,1987,
VIR,Virgin Islands (U.S.),1987,
VNM,Viet Nam,1987,1.50185983593605
VUT,Vanuatu,1987,-5.34800638009034
WSM,Samoa,1987,0.123502242137306
XKX,Kosovo,1987,
YEM,"Yemen, Rep.",1987,
ZAF,South Africa,1987,-1.03310951804978
ZMB,Zambia,1987,-0.248588086719636
ZWE,Zimbabwe,1987,-2.14009425876756
ABW,Aruba,1988,18.3046873736158
AFE,Africa Eastern and Southern,1988,1.30075551376676
AFG,Afghanistan,1988,
AFW,Africa Western and Central,1988,1.92143143633099
AGO,Angola,1988,2.57767901918209
ALB,Albania,1988,-3.26252233446826
AND,Andorra,1988,1.34490703710843
ARE,United Arab Emirates,1988,-8.84606129859834
ARG,Argentina,1988,-2.61112478271322
ARM,Armenia,1988,
ASM,American Samoa,1988,
ATG,Antigua and Barbuda,1988,5.74727601654992
AUS,Australia,1988,4.04503594783567
AUT,Austria,1988,3.14974642661939
AZE,Azerbaijan,1988,
BDI,Burundi,1988,2.7300748439757
BEL,Belgium,1988,4.39079485847489
BEN,Benin,1988,0.30652753344971
BFA,Burkina Faso,1988,2.99068268379408
BGD,Bangladesh,1988,0.260566560580443
BGR,Bulgaria,1988,10.8200908465449
BHR,Bahrain,1988,3.19312676440913
BHS,"Bahamas, The",1988,0.576822781492382
BIH,Bosnia and Herzegovina,1988,
BLR,Belarus,1988,
BLZ,Belize,1988,7.38062987711756
BMU,Bermuda,1988,3.25973110527164
BOL,Bolivia,1988,0.751404531935179
BRA,Brazil,1988,-1.9510165069396
BRB,Barbados,1988,3.31103086007293
BRN,Brunei Darussalam,1988,-4.41851192945219
BTN,Bhutan,1988,1.67712807389364
BWA,Botswana,1988,15.9394934317422
CAF,Central African Republic,1988,0.0308390935576313
CAN,Canada,1988,3.06576122858351
CHE,Switzerland,1988,2.52134716847148
CHI,Channel Islands,1988,
CHL,Chile,1988,5.62260077265265
CHN,China,1988,9.4461713568776
CIV,Cote d'Ivoire,1988,-2.66415690762632
CMR,Cameroon,1988,-10.5343154495332
COD,"Congo, Dem. Rep.",1988,-2.69674798062162
COG,"Congo, Rep.",1988,-1.13959383100648
COL,Colombia,1988,1.95465446599053
COM,Comoros,1988,2.17063009876424
CPV,Cabo Verde,1988,4.52624066687233
CRI,Costa Rica,1988,0.804476560644176
CUB,Cuba,1988,2.7388918714524
CUW,Curacao,1988,
CYM,Cayman Islands,1988,
CYP,Cyprus,1988,7.50078629746844
CZE,Czechia,1988,
DEU,Germany,1988,3.30286374223702
DJI,Djibouti,1988,
DMA,Dominica,1988,8.45031747886911
DNK,Denmark,1988,0.224236933429594
DOM,Dominican Republic,1988,0.0218847754761811
DZA,Algeria,1988,-3.73441250470079
EAR,Early-demographic dividend,1988,0.772505871527684
ECS,Europe & Central Asia,1988,3.44191521591775
ECU,Ecuador,1988,3.44155915017861
EGY,"Egypt, Arab Rep.",1988,2.56957149459862
ERI,Eritrea,1988,
ESP,Spain,1988,4.87169199713344
EST,Estonia,1988,
ETH,Ethiopia,1988,-3.34518199788337
FIN,Finland,1988,4.92566165562631
FJI,Fiji,1988,-0.129653527725225
FRA,France,1988,4.21003285861991
FRO,Faroe Islands,1988,
FSM,"Micronesia, Fed. Sts.",1988,0.169399590686623
GAB,Gabon,1988,9.74962687560345
GBR,United Kingdom,1988,4.7991222063655
GEO,Georgia,1988,4.51547691173728
GHA,Ghana,1988,3.12064353509851
GIB,Gibraltar,1988,
GIN,Guinea,1988,3.56332433959545
GMB,"Gambia, The",1988,0.269474369671656
GNB,Guinea-Bissau,1988,2.91240714696819
GNQ,Equatorial Guinea,1988,-1.34423283943052
GRC,Greece,1988,3.90977732680273
GRD,Grenada,1988,2.1477328986426
GRL,Greenland,1988,4.25465947606716
GTM,Guatemala,1988,1.02339774619576
GUM,Guam,1988,
GUY,Guyana,1988,-3.12849581057885
HKG,"Hong Kong SAR, China",1988,7.60336241086586
HND,Honduras,1988,4.58628398956711
HRV,Croatia,1988,
HTI,Haiti,1988,-1.8258071813457
HUN,Hungary,1988,0.0880272078164666
IDB,IDA blend,1988,2.89191687082121
IDN,Indonesia,1988,3.78043944270728
IMN,Isle of Man,1988,10.0130519130004
IND,India,1988,7.18812237907234
IRL,Ireland,1988,5.66837730440437
IRN,"Iran, Islamic Rep.",1988,-9.06498970588623
IRQ,Iraq,1988,-2.31190068127913
ISL,Iceland,1988,-1.64234779846751
ISR,Israel,1988,1.21878912833797
ITA,Italy,1988,4.14404206747851
JAM,Jamaica,1988,3.26671311953817
JOR,Jordan,1988,-3.15822686573341
JPN,Japan,1988,6.21872855338339
KAZ,Kazakhstan,1988,
KEN,Kenya,1988,2.52259696361155
KGZ,Kyrgyz Republic,1988,11.2196198960153
KHM,Cambodia,1988,7.80089546974443
KIR,Kiribati,1988,19.1509223564054
KNA,St. Kitts and Nevis,1988,9.98613814459146
KOR,"Korea, Rep.",1988,11.0405571742325
KWT,Kuwait,1988,-13.4956518163269
LAO,Lao PDR,1988,-4.77692163066391
LBN,Lebanon,1988,
LBR,Liberia,1988,-4.8326704775878
LBY,Libya,1988,4.83694511616169
LCA,St. Lucia,1988,12.4037815792638
LCN,Latin America & Caribbean,1988,-1.14943058001987
LIE,Liechtenstein,1988,4.15595319656742
LKA,Sri Lanka,1988,1.43993563419296
LSO,Lesotho,1988,6.32662578704914
LTE,Late-demographic dividend,1988,3.5283061900973
LTU,Lithuania,1988,
LUX,Luxembourg,1988,7.6791083604264
LVA,Latvia,1988,
MAC,"Macao SAR, China",1988,4.68908712590039
MAF,St. Martin (French part),1988,
MAR,Morocco,1988,9.74037643742669
MCO,Monaco,1988,3.42199452816291
MDA,Moldova,1988,
MDG,Madagascar,1988,0.476736577625942
MDV,Maldives,1988,5.15162683111383
MEX,Mexico,1988,-0.761612937777471
MHL,Marshall Islands,1988,3.98646518177495
MKD,North Macedonia,1988,
MLI,Mali,1988,8.88871132863245
MLT,Malta,1988,7.52775697211001
MMR,Myanmar,1988,-12.7977113793946
MNE,Montenegro,1988,
MNG,Mongolia,1988,2.39857131601262
MNP,Northern Mariana Islands,1988,
MOZ,Mozambique,1988,8.38609105929899
MRT,Mauritania,1988,-1.17605829069016
MUS,Mauritius,1988,6.05871916312697
MWI,Malawi,1988,-2.24590210716451
MYS,Malaysia,1988,6.5350616719533
NAM,Namibia,1988,-2.67094567091036
NCL,New Caledonia,1988,32.3218128456333
NER,Niger,1988,3.68166854460942
NGA,Nigeria,1988,4.50152275031104
NIC,Nicaragua,1988,-14.4368658409524
NLD,Netherlands,1988,2.77504345151209
NOR,Norway,1988,-0.790296442452416
NPL,Nepal,1988,5.45398866703283
NRU,Nauru,1988,-5.13896526696411
NZL,New Zealand,1988,-0.626814136933348
OMN,Oman,1988,0.122614608803232
PAK,Pakistan,1988,4.06760070882835
PAN,Panama,1988,-15.2529185873359
PER,Peru,1988,-11.4730434692984
PHL,Philippines,1988,3.87219308289008
PLW,Palau,1988,3.19746550606439
PNG,Papua New Guinea,1988,0.709678426334619
POL,Poland,1988,
PRI,Puerto Rico (US),1988,4.91151314846476
PRK,"Korea, Dem. People's Rep.",1988,
PRT,Portugal,1988,7.60090253128074
PRY,Paraguay,1988,2.98628798534499
PSE,West Bank and Gaza,1988,
PYF,French Polynesia,1988,-5.9415854711882
QAT,Qatar,1988,2.23261937378803
ROU,Romania,1988,
RUS,Russia,1988,
RWA,Rwanda,1988,1.22085262911764
SAU,Saudi Arabia,1988,1.07644808188448
SDN,Sudan,1988,-1.55520909491457
SEN,Senegal,1988,-3.64784599374907
SGP,Singapore,1988,8.47550112413526
SLB,Solomon Islands,1988,-1.9541976250443
SLE,Sierra Leone,1988,-9.55499835432438
SLV,El Salvador,1988,-0.149099217112905
SMR,San Marino,1988,
SOM,"Somalia, Fed. Rep.",1988,3.31436748541694
SRB,Serbia,1988,
SSD,South Sudan,1988,
STP,Sao Tome and Principe,1988,-0.63543114584715
SUR,Suriname,1988,6.37527017499558
SVK,Slovak Republic,1988,
SVN,Slovenia,1988,
SWE,Sweden,1988,2.08876053466133
SWZ,Eswatini,1988,1.77470059191013
SXM,Sint Maarten (Dutch part),1988,
SYC,Seychelles,1988,4.93424165919527
SYR,Syrian Arab Republic,1988,14.0714371824984
TCA,Turks and Caicos Islands,1988,
TCD,Chad,1988,11.6376083255954
TGO,Togo,1988,3.46737802581953
THA,Thailand,1988,11.3728951000104
TJK,Tajikistan,1988,9.98241159562197
TKM,Turkmenistan,1988,7.69755768557008
TLS,Timor-Leste,1988,
TON,Tonga,1988,-2.46977372168573
TTO,Trinidad and Tobago,1988,-4.91210732813988
TUN,Tunisia,1988,-2.24256270348137
TUR,Turkiye,1988,0.297547033553357
TUV,Tuvalu,1988,17.248050833529
TZA,Tanzania,1988,4.05865766192876
UGA,Uganda,1988,4.8731416529707
UKR,Ukraine,1988,2.15178868370032
URY,Uruguay,1988,0.883389730478427
USA,United States,1988,3.23533791731938
UZB,Uzbekistan,1988,6.16310993886108
VCT,St. Vincent and the Grenadines,1988,13.3974088997102
VEN,"Venezuela, RB",1988,3.82343156974383
VGB,British Virgin Islands,1988,
VIR,Virgin Islands (U.S.),1988,
VNM,Viet Nam,1988,3.02944657258952
VUT,Vanuatu,1988,-4.1855517203644
WSM,Samoa,1988,-1.84333104077683
XKX,Kosovo,1988,
YEM,"Yemen, Rep.",1988,
ZAF,South Africa,1988,1.07399931732792
ZMB,Zambia,1988,3.40269789036691
ZWE,Zimbabwe,1988,4.20282934553336
ABW,Aruba,1989,10.0669319753621
AFE,Africa Eastern and Southern,1989,-0.194438067930363
AFG,Afghanistan,1989,
AFW,Africa Western and Central,1989,-1.05678807849979
AGO,Angola,1989,-3.31670877387509
ALB,Albania,1989,6.92361728508746
AND,Andorra,1989,2.33371642842843
ARE,United Arab Emirates,1989,5.55544428199843
ARG,Argentina,1989,-8.56786939027158
ARM,Armenia,1989,
ASM,American Samoa,1989,
ATG,Antigua and Barbuda,1989,5.74760641106589
AUS,Australia,1989,2.13527239489717
AUT,Austria,1989,3.42010175394032
AZE,Azerbaijan,1989,
BDI,Burundi,1989,-0.620899444131396
BEL,Belgium,1989,3.09399911803459
BEN,Benin,1989,-5.78117364233306
BFA,Burkina Faso,1989,-0.526129444179062
BGD,Bangladesh,1989,0.752490665566441
BGR,Bulgaria,1989,-2.15169070515859
BHR,Bahrain,1989,-3.14702885262435
BHS,"Bahamas, The",1989,4.86574711954306
BIH,Bosnia and Herzegovina,1989,
BLR,Belarus,1989,
BLZ,Belize,1989,10.5330297874368
BMU,Bermuda,1989,-0.312179174586618
BOL,Bolivia,1989,1.61587634304188
BRA,Brazil,1989,1.27526278524948
BRB,Barbados,1989,3.46112223905372
BRN,Brunei Darussalam,1989,-5.53034900541753
BTN,Bhutan,1989,4.24861837427115
BWA,Botswana,1989,9.96224637065322
CAF,Central African Republic,1989,-0.58702401433186
CAN,Canada,1989,0.517573811785454
CHE,Switzerland,1989,3.49064317061195
CHI,Channel Islands,1989,
CHL,Chile,1989,8.55804238316513
CHN,China,1989,2.62085917492114
CIV,Cote d'Ivoire,1989,-0.95726163000495
CMR,Cameroon,1989,-4.654742471761
COD,"Congo, Dem. Rep.",1989,-4.33799099147294
COG,"Congo, Rep.",1989,-0.322827326724479
COL,Colombia,1989,1.3125231207928
COM,Comoros,1989,-3.52874997551089
CPV,Cabo Verde,1989,4.12485024834635
CRI,Costa Rica,1989,3.0372287991603
CUB,Cuba,1989,-0.282037912069939
CUW,Curacao,1989,
CYM,Cayman Islands,1989,
CYP,Cyprus,1989,6.41951308866611
CZE,Czechia,1989,
DEU,Germany,1989,3.09618001325789
DJI,Djibouti,1989,
DMA,Dominica,1989,0.45620630412111
DNK,Denmark,1989,0.636785441701889
DOM,Dominican Republic,1989,2.21539132123172
DZA,Algeria,1989,1.67998285930979
EAR,Early-demographic dividend,1989,-0.409982875789566
ECS,Europe & Central Asia,1989,2.82760971011049
ECU,Ecuador,1989,-1.27279227457497
EGY,"Egypt, Arab Rep.",1989,2.10322476608667
ERI,Eritrea,1989,
ESP,Spain,1989,4.66281523950552
EST,Estonia,1989,
ETH,Ethiopia,1989,-4.11569691071389
FIN,Finland,1989,4.70524079224481
FJI,Fiji,1989,6.36974338132228
FRA,France,1989,3.78375169549521
FRO,Faroe Islands,1989,
FSM,"Micronesia, Fed. Sts.",1989,1.53293480509326
GAB,Gabon,1989,5.58336886293019
GBR,United Kingdom,1989,2.01554264172321
GEO,Georgia,1989,-7.43723179966314
GHA,Ghana,1989,2.49321568909531
GIB,Gibraltar,1989,
GIN,Guinea,1989,1.3391090418754
GMB,"Gambia, The",1989,1.58212533454316
GNB,Guinea-Bissau,1989,4.35771565563357
GNQ,Equatorial Guinea,1989,-4.93885696360292
GRC,Greece,1989,3.25972956504248
GRD,Grenada,1989,2.91661783057491
GRL,Greenland,1989,5.69517301118323
GTM,Guatemala,1989,1.0590639145982
GUM,Guam,1989,
GUY,Guyana,1989,-4.31230716594843
HKG,"Hong Kong SAR, China",1989,1.22304299412119
HND,Honduras,1989,4.15988520006844
HRV,Croatia,1989,
HTI,Haiti,1989,-4.88827222197391
HUN,Hungary,1989,1.83942309914656
IDB,IDA blend,1989,0.0763922023432713
IDN,Indonesia,1989,5.4609864812478
IMN,Isle of Man,1989,5.09571927624141
IND,India,1989,3.6060240805828
IRL,Ireland,1989,6.23404021414613
IRN,"Iran, Islamic Rep.",1989,3.07716065422359
IRQ,Iraq,1989,-5.66113678617484
ISL,Iceland,1989,-0.975500463843204
ISR,Israel,1989,-1.11708158476264
ITA,Italy,1989,3.31086198546745
JAM,Jamaica,1989,6.44098788781858
JOR,Jordan,1989,-14.9024400633683
JPN,Japan,1989,4.50717015963824
KAZ,Kazakhstan,1989,
KEN,Kenya,1989,1.0826542002969
KGZ,Kyrgyz Republic,1989,0.663560153242543
KHM,Cambodia,1989,-0.345557696350568
KIR,Kiribati,1989,-9.47239431110648
KNA,St. Kitts and Nevis,1989,6.26653183126851
KOR,"Korea, Rep.",1989,6.11028017233426
KWT,Kuwait,1989,21.1942464998563
LAO,Lao PDR,1989,10.9653509962859
LBN,Lebanon,1989,-43.604222947362
LBR,Liberia,1989,-28.7338770009007
LBY,Libya,1989,4.60355383204396
LCA,St. Lucia,1989,7.77393613027191
LCN,Latin America & Caribbean,1989,-0.704115420263335
LIE,Liechtenstein,1989,3.13034591354382
LKA,Sri Lanka,1989,1.22940123040433
LSO,Lesotho,1989,3.67419823598037
LTE,Late-demographic dividend,1989,3.19033235312224
LTU,Lithuania,1989,
LUX,Luxembourg,1989,8.73531025675274
LVA,Latvia,1989,
MAC,"Macao SAR, China",1989,2.08513003397175
MAF,St. Martin (French part),1989,
MAR,Morocco,1989,0.9507648054133
MCO,Monaco,1989,3.11454387457653
MDA,Moldova,1989,
MDG,Madagascar,1989,1.09146543915431
MDV,Maldives,1989,5.88589945390706
MEX,Mexico,1989,1.64641971230517
MHL,Marshall Islands,1989,-4.54482102930189
MKD,North Macedonia,1989,
MLI,Mali,1989,1.68486343159731
MLT,Malta,1989,7.13131154020617
MMR,Myanmar,1989,2.0725130117562
MNE,Montenegro,1989,
MNG,Mongolia,1989,1.83081028356773
MNP,Northern Mariana Islands,1989,
MOZ,Mozambique,1989,5.62300873369163
MRT,Mauritania,1989,2.1794641543438
MUS,Mauritius,1989,3.66809083183539
MWI,Malawi,1989,-3.32657460446772
MYS,Malaysia,1989,5.79447615337909
NAM,Namibia,1989,-4.4041130727615
NCL,New Caledonia,1989,8.72423783921266
NER,Niger,1989,-2.07152216557793
NGA,Nigeria,1989,-0.787791828905753
NIC,Nicaragua,1989,-4.01338935580978
NLD,Netherlands,1989,3.79556946613022
NOR,Norway,1989,0.622018560403802
NPL,Nepal,1989,2.03508410331588
NRU,Nauru,1989,-5.14541974597546
NZL,New Zealand,1989,-0.318262383816545
OMN,Oman,1989,5.91242628879651
PAK,Pakistan,1989,1.58506250480809
PAN,Panama,1989,-0.591338060925366
PER,Peru,1989,-14.2581583515555
PHL,Philippines,1989,3.53872016674441
PLW,Palau,1989,3.32001578331939
PNG,Papua New Guinea,1989,-3.60611931007763
POL,Poland,1989,
PRI,Puerto Rico (US),1989,3.38995121221262
PRK,"Korea, Dem. People's Rep.",1989,
PRT,Portugal,1989,6.59607162191102
PRY,Paraguay,1989,4.01513761678669
PSE,West Bank and Gaza,1989,
PYF,French Polynesia,1989,-0.119196508348466
QAT,Qatar,1989,2.63310693322214
ROU,Romania,1989,
RUS,Russia,1989,
RWA,Rwanda,1989,-3.05065696627076
SAU,Saudi Arabia,1989,-4.53427601402096
SDN,Sudan,1989,7.668564257363
SEN,Senegal,1989,1.02749262715633
SGP,Singapore,1989,6.97185727511311
SLB,Solomon Islands,1989,1.01348306368362
SLE,Sierra Leone,1989,-1.75501678146151
SLV,El Salvador,1989,-1.0012323906666
SMR,San Marino,1989,
SOM,"Somalia, Fed. Rep.",1989,5.56642913642327
SRB,Serbia,1989,
SSD,South Sudan,1989,
STP,Sao Tome and Principe,1989,0.522097002820658
SUR,Suriname,1989,2.62274680251504
SVK,Slovak Republic,1989,
SVN,Slovenia,1989,
SWE,Sweden,1989,1.97219125019805
SWZ,Eswatini,1989,7.78953833281142
SXM,Sint Maarten (Dutch part),1989,
SYC,Seychelles,1989,9.62872731876227
SYR,Syrian Arab Republic,1989,-16.4606695006472
TCA,Turks and Caicos Islands,1989,
TCD,Chad,1989,1.38861691573089
TGO,Togo,1989,1.01414304624012
THA,Thailand,1989,10.35841929704
TJK,Tajikistan,1989,-9.2027986325589
TKM,Turkmenistan,1989,-6.95047420490647
TLS,Timor-Leste,1989,
TON,Tonga,1989,-0.0484020966826932
TTO,Trinidad and Tobago,1989,-1.75092762977258
TUN,Tunisia,1989,-0.465310452566683
TUR,Turkiye,1989,-1.65638739150337
TUV,Tuvalu,1989,-3.57785273608859
TZA,Tanzania,1989,1.04190402239107
UGA,Uganda,1989,2.98416591168392
UKR,Ukraine,1989,3.48703210893358
URY,Uruguay,1989,0.504600329177435
USA,United States,1989,2.6977602234066
UZB,Uzbekistan,1989,0.425647010976732
VCT,St. Vincent and the Grenadines,1989,0.846053659284522
VEN,"Venezuela, RB",1989,-16.0458128500477
VGB,British Virgin Islands,1989,
VIR,Virgin Islands (U.S.),1989,
VNM,Viet Nam,1989,5.18178495709525
VUT,Vanuatu,1989,-1.02551228646894
WSM,Samoa,1989,3.44799618775281
XKX,Kosovo,1989,
YEM,"Yemen, Rep.",1989,
ZAF,South Africa,1989,-0.571288009674646
ZMB,Zambia,1989,-3.60284277862945
ZWE,Zimbabwe,1989,2.1956304236636
ABW,Aruba,1990,0.134479696268457
AFE,Africa Eastern and Southern,1990,-2.70791966573429
AFG,Afghanistan,1990,
AFW,Africa Western and Central,1990,2.8274932163076
AGO,Angola,1990,-6.670526972975
ALB,Albania,1990,-11.1879052989609
AND,Andorra,1990,-0.119515604880633
ARE,United Arab Emirates,1990,11.5726645148372
ARG,Argentina,1990,-3.91119229289714
ARM,Armenia,1990,
ASM,American Samoa,1990,
ATG,Antigua and Barbuda,1990,3.43486298151443
AUS,Australia,1990,2.05133530941588
AUT,Austria,1990,3.55354808185622
AZE,Azerbaijan,1990,
BDI,Burundi,1990,1.36304401339021
BEL,Belgium,1990,2.8302678771237
BEN,Benin,1990,5.67842480823693
BFA,Burkina Faso,1990,-3.18766193398135
BGD,Bangladesh,1990,3.54080541439843
BGR,Bulgaria,1990,-7.46320765365316
BHR,Bahrain,1990,0.893819936325329
BHS,"Bahamas, The",1990,-3.29619175946311
BIH,Bosnia and Herzegovina,1990,
BLR,Belarus,1990,
BLZ,Belize,1990,8.92908092614448
BMU,Bermuda,1990,-0.727990781411421
BOL,Bolivia,1990,2.45834978447405
BRA,Brazil,1990,-6.04327176300885
BRB,Barbados,1990,-3.48446373308893
BRN,Brunei Darussalam,1990,-0.263026647451184
BTN,Bhutan,1990,7.44206315606186
BWA,Botswana,1990,3.87620060854523
CAF,Central African Republic,1990,-5.14384284646127
CAN,Canada,1990,-1.29644131211545
CHE,Switzerland,1990,2.61546610719903
CHI,Channel Islands,1990,
CHL,Chile,1990,1.88581611632009
CHN,China,1990,2.42762639469862
CIV,Cote d'Ivoire,1990,-4.9093999603687
CMR,Cameroon,1990,-8.83238750824871
COD,"Congo, Dem. Rep.",1990,-9.61748597659816
COG,"Congo, Rep.",1990,-1.84268984995809
COL,Colombia,1990,2.14817587559615
COM,Comoros,1990,4.5640560053973
CPV,Cabo Verde,1990,-1.35290150988138
CRI,Costa Rica,1990,0.969665370569189
CUB,Cuba,1990,-3.84822465768245
CUW,Curacao,1990,
CYM,Cayman Islands,1990,
CYP,Cyprus,1990,5.13997001219491
CZE,Czechia,1990,
DEU,Germany,1990,4.35163907238731
DJI,Djibouti,1990,
DMA,Dominica,1990,6.21436795036516
DNK,Denmark,1990,1.49524829012768
DOM,Dominican Republic,1990,-7.42253842418627
DZA,Algeria,1990,-1.66808064996022
EAR,Early-demographic dividend,1990,2.53879511814732
ECS,Europe & Central Asia,1990,1.76912964364155
ECU,Ecuador,1990,1.38509528648214
EGY,"Egypt, Arab Rep.",1990,2.61630325467065
ERI,Eritrea,1990,
ESP,Spain,1990,3.67576794722082
EST,Estonia,1990,
ETH,Ethiopia,1990,-1.00646889295157
FIN,Finland,1990,0.246189467799468
FJI,Fiji,1990,4.84299288693262
FRA,France,1990,2.268451182731
FRO,Faroe Islands,1990,
FSM,"Micronesia, Fed. Sts.",1990,1.80262252769936
GAB,Gabon,1990,2.34828480298293
GBR,United Kingdom,1990,0.478455932040106
GEO,Georgia,1990,-14.7657166211898
GHA,Ghana,1990,0.725670862009096
GIB,Gibraltar,1990,
GIN,Guinea,1990,0.7803800084003
GMB,"Gambia, The",1990,-0.696506329267095
GNB,Guinea-Bissau,1990,4.36956798137795
GNQ,Equatorial Guinea,1990,-5.37648309315803
GRC,Greece,1990,-1.05223289834684
GRD,Grenada,1990,3.14269241499387
GRL,Greenland,1990,-12.1958664414579
GTM,Guatemala,1990,0.255295713828147
GUM,Guam,1990,
GUY,Guyana,1990,-2.42492513734094
HKG,"Hong Kong SAR, China",1990,3.49742370976298
HND,Honduras,1990,17.7981216590449
HRV,Croatia,1990,
HTI,Haiti,1990,-1.02129198833929
HUN,Hungary,1990,-2.49449922845264
IDB,IDA blend,1990,2.80432157621362
IDN,Indonesia,1990,5.31384899911562
IMN,Isle of Man,1990,2.48469388635746
IND,India,1990,3.22351634312818
IRL,Ireland,1990,8.37500652483381
IRN,"Iran, Islamic Rep.",1990,10.3353954087594
IRQ,Iraq,1990,55.872942314425
ISL,Iceland,1990,0.385665647091926
ISR,Israel,1990,4.04507939070038
ITA,Italy,1990,1.90043980216616
JAM,Jamaica,1990,3.41413068657693
JOR,Jordan,1990,-7.77277478563106
JPN,Japan,1990,4.4936612037378
KAZ,Kazakhstan,1990,
KEN,Kenya,1990,0.668332502815062
KGZ,Kyrgyz Republic,1990,3.68716154101205
KHM,Cambodia,1990,-2.97044816189582
KIR,Kiribati,1990,-8.52138201391774
KNA,St. Kitts and Nevis,1990,5.7228684529764
KOR,"Korea, Rep.",1990,8.94633215523027
KWT,Kuwait,1990,-2.90644267442678
LAO,Lao PDR,1990,3.7107564838131
LBN,Lebanon,1990,24.0733625704812
LBR,Liberia,1990,-44.5522515525438
LBY,Libya,1990,1.33273690708428
LCA,St. Lucia,1990,8.81855434176092
LCN,Latin America & Caribbean,1990,-2.04386661941187
LIE,Liechtenstein,1990,0.740886089334552
LKA,Sri Lanka,1990,5.72394612528907
LSO,Lesotho,1990,4.03788867674339
LTE,Late-demographic dividend,1990,-1.10116214060122
LTU,Lithuania,1990,
LUX,Luxembourg,1990,4.00981242168632
LVA,Latvia,1990,
MAC,"Macao SAR, China",1990,4.80404528415188
MAF,St. Martin (French part),1990,
MAR,Morocco,1990,1.55138144572757
MCO,Monaco,1990,1.71703258668268
MDA,Moldova,1990,
MDG,Madagascar,1990,0.129377410638895
MDV,Maldives,1990,13.2974405956587
MEX,Mexico,1990,3.25104891064525
MHL,Marshall Islands,1990,0.276656023957813
MKD,North Macedonia,1990,
MLI,Mali,1990,-7.1334325326944
MLT,Malta,1990,5.25659773464982
MMR,Myanmar,1990,1.26080181285046
MNE,Montenegro,1990,
MNG,Mongolia,1990,-2.00927357459601
MNP,Northern Mariana Islands,1990,
MOZ,Mozambique,1990,-0.447724916646848
MRT,Mauritania,1990,-4.22868516855955
MUS,Mauritius,1990,6.42594403706144
MWI,Malawi,1990,1.5997050726011
MYS,Malaysia,1990,5.84109356459912
NAM,Namibia,1990,-3.94107998949322
NCL,New Caledonia,1990,1.00084224269344
NER,Niger,1990,-4.30134942960251
NGA,Nigeria,1990,8.79614634151086
NIC,Nicaragua,1990,-2.35955546973541
NLD,Netherlands,1990,3.46827753195377
NOR,Norway,1990,1.58209283817365
NPL,Nepal,1990,2.13356922780787
NRU,Nauru,1990,-5.1599723888407
NZL,New Zealand,1990,-0.767240781582061
OMN,Oman,1990,-5.09719826830693
PAK,Pakistan,1990,1.02421181151411
PAN,Panama,1990,5.820296592312
PER,Peru,1990,-7.0636979506673
PHL,Philippines,1990,0.476020888521106
PLW,Palau,1990,3.26683220063995
PNG,Papua New Guinea,1990,-5.51131375084334
POL,Poland,1990,
PRI,Puerto Rico (US),1990,-3.7017081142227
PRK,"Korea, Dem. People's Rep.",1990,
PRT,Portugal,1990,4.17732882710808
PRY,Paraguay,1990,1.33827485725477
PSE,West Bank and Gaza,1990,
PYF,French Polynesia,1990,-1.90095853705124
QAT,Qatar,1990,0.0010271539009778
ROU,Romania,1990,
RUS,Russia,1990,-3.16283597296696
RWA,Rwanda,1990,-4.92159867307232
SAU,Saudi Arabia,1990,4.15776944456925
SDN,Sudan,1990,-7.12283677545001
SEN,Senegal,1990,-3.55291522695565
SGP,Singapore,1990,5.63184802412309
SLB,Solomon Islands,1990,-0.930739361805806
SLE,Sierra Leone,1990,-0.65885095706804
SLV,El Salvador,1990,2.87694943624557
SMR,San Marino,1990,
SOM,"Somalia, Fed. Rep.",1990,2.78932821699011
SRB,Serbia,1990,
SSD,South Sudan,1990,
STP,Sao Tome and Principe,1990,-4.54035035808427
SUR,Suriname,1990,-5.44552392165917
SVK,Slovak Republic,1990,
SVN,Slovenia,1990,
SWE,Sweden,1990,-0.0207591788844042
SWZ,Eswatini,1990,16.2146112334514
SXM,Sint Maarten (Dutch part),1990,
SYC,Seychelles,1990,6.92914127454473
SYR,Syrian Arab Republic,1990,0.439572643041046
TCA,Turks and Caicos Islands,1990,
TCD,Chad,1990,-6.79304926645887
TGO,Togo,1990,-3.12127104191437
THA,Thailand,1990,9.36095058683009
TJK,Tajikistan,1990,-3.02147591045924
TKM,Turkmenistan,1990,31.8527372518528
TLS,Timor-Leste,1990,
TON,Tonga,1990,-2.33589597538769
TTO,Trinidad and Tobago,1990,0.649239418538244
TUN,Tunisia,1990,5.70836371358358
TUR,Turkiye,1990,7.23962032231525
TUV,Tuvalu,1990,13.5925110252331
TZA,Tanzania,1990,4.29914682952561
UGA,Uganda,1990,3.08537625148307
UKR,Ukraine,1990,-6.59041563631982
URY,Uruguay,1990,-0.288978937190848
USA,United States,1990,0.741486717782863
UZB,Uzbekistan,1990,-0.821590189756222
VCT,St. Vincent and the Grenadines,1990,3.64619461199149
VEN,"Venezuela, RB",1990,3.90059129953893
VGB,British Virgin Islands,1990,
VIR,Virgin Islands (U.S.),1990,
VNM,Viet Nam,1990,2.92330784870207
VUT,Vanuatu,1990,8.92712683802395
WSM,Samoa,1990,-4.57637405384999
XKX,Kosovo,1990,
YEM,"Yemen, Rep.",1990,
ZAF,South Africa,1990,-3.05210020449451
ZMB,Zambia,1990,-2.99842702237687
ZWE,Zimbabwe,1990,4.11277570329895
ABW,Aruba,1991,2.81343465185566
AFE,Africa Eastern and Southern,1991,-2.81636392081812
AFG,Afghanistan,1991,
AFW,Africa Western and Central,1991,-1.5194256399805
AGO,Angola,1991,-2.34465271095358
ALB,Albania,1991,-27.566820834883
AND,Andorra,1991,-4.81916904530696
ARE,United Arab Emirates,1991,-4.58878497796955
ARG,Argentina,1991,7.57513507305919
ARM,Armenia,1991,-13.2111499901537
ASM,American Samoa,1991,
ATG,Antigua and Barbuda,1991,1.6594153249851
AUS,Australia,1991,-1.64629276060377
AUT,Austria,1991,2.41398616813638
AZE,Azerbaijan,1991,-2.01238310352751
BDI,Burundi,1991,2.84668515883749
BEL,Belgium,1991,1.45537186156888
BEN,Benin,1991,1.05989406490245
BFA,Burkina Faso,1991,6.33847249922952
BGD,Bangladesh,1991,1.52679628840617
BGR,Bulgaria,1991,-7.53406885746301
BHR,Bahrain,1991,13.8269392087557
BHS,"Bahamas, The",1991,-5.81532737138369
BIH,Bosnia and Herzegovina,1991,-9.5450731603266
BLR,Belarus,1991,-1.24556719322608
BLZ,Belize,1991,9.40974058942497
BMU,Bermuda,1991,-4.24143727520426
BOL,Bolivia,1991,3.09553411801879
BRA,Brazil,1991,-0.686503405731187
BRB,Barbados,1991,-4.19297972140566
BRN,Brunei Darussalam,1991,0.0482383620452822
BTN,Bhutan,1991,-2.15086741379645
BWA,Botswana,1991,4.57073178203704
CAF,Central African Republic,1991,-3.61601860351969
CAN,Canada,1991,-3.30029993067963
CHE,Switzerland,1991,-2.14648986937067
CHI,Channel Islands,1991,
CHL,Chile,1991,5.97914025557384
CHN,China,1991,7.87966755592007
CIV,Cote d'Ivoire,1991,-3.85610474106537
CMR,Cameroon,1991,-6.57350502462501
COD,"Congo, Dem. Rep.",1991,-11.4194977980426
COG,"Congo, Rep.",1991,-0.475490065299297
COL,Colombia,1991,-0.0271315908869099
COM,Comoros,1991,-8.42445752716004
CPV,Cabo Verde,1991,-1.01055136482147
CRI,Costa Rica,1991,-0.304259137596418
CUB,Cuba,1991,-11.4079878056485
CUW,Curacao,1991,
CYM,Cayman Islands,1991,
CYP,Cyprus,1991,-1.83474308662072
CZE,Czechia,1991,-11.4025060254434
DEU,Germany,1991,4.34522003553894
DJI,Djibouti,1991,
DMA,Dominica,1991,1.83186797642074
DNK,Denmark,1991,1.1952189616914
DOM,Dominican Republic,1991,-1.11194103186752
DZA,Algeria,1991,-3.52712947648031
EAR,Early-demographic dividend,1991,2.02504682256628
ECS,Europe & Central Asia,1991,-0.296134391940868
ECU,Ecuador,1991,2.06266435124181
EGY,"Egypt, Arab Rep.",1991,-1.62451619436897
ERI,Eritrea,1991,
ESP,Spain,1991,2.28532468887114
EST,Estonia,1991,-7.53669445893802
ETH,Ethiopia,1991,-11.073793028812
FIN,Finland,1991,-6.39324877557392
FJI,Fiji,1991,-3.49122700936645
FRA,France,1991,0.729685951027619
FRO,Faroe Islands,1991,
FSM,"Micronesia, Fed. Sts.",1991,5.47647392532002
GAB,Gabon,1991,3.26931010464506
GBR,United Kingdom,1991,-1.59721933146524
GEO,Georgia,1991,-21.652946447153
GHA,Ghana,1991,2.6620471162506
GIB,Gibraltar,1991,
GIN,Guinea,1991,-1.41305426376472
GMB,"Gambia, The",1991,-1.13578611453352
GNB,Guinea-Bissau,1991,2.88417399037313
GNQ,Equatorial Guinea,1991,-4.63031817511198
GRC,Greece,1991,1.86983417669462
GRD,Grenada,1991,0.544631077893825
GRL,Greenland,1991,0.0665111452330365
GTM,Guatemala,1991,0.887968720143007
GUM,Guam,1991,
GUY,Guyana,1991,6.34617596741059
HKG,"Hong Kong SAR, China",1991,4.82908286187961
HND,Honduras,1991,22.521576814819
HRV,Croatia,1991,-19.6019000057714
HTI,Haiti,1991,-0.173086383540081
HUN,Hungary,1991,-11.8870465995984
IDB,IDA blend,1991,-1.07895320281806
IDN,Indonesia,1991,5.03614580488336
IMN,Isle of Man,1991,0.30669388521072
IND,India,1991,-1.11028105297254
IRL,Ireland,1991,1.34529973280557
IRN,"Iran, Islamic Rep.",1991,9.69687907443604
IRQ,Iraq,1991,-64.4235820475039
ISL,Iceland,1991,-1.37340662912069
ISR,Israel,1991,1.43538016006042
ITA,Italy,1991,1.4681756454128
JAM,Jamaica,1991,3.92158553110389
JOR,Jordan,1991,-6.00185291540443
JPN,Japan,1991,3.11749463335597
KAZ,Kazakhstan,1991,-11.64152153699
KEN,Kenya,1991,-1.79555975482411
KGZ,Kyrgyz Republic,1991,-9.43703056416022
KHM,Cambodia,1991,3.22292482028995
KIR,Kiribati,1991,-7.51675774681516
KNA,St. Kitts and Nevis,1991,-1.68474926558146
KOR,"Korea, Rep.",1991,9.78296218320472
KWT,Kuwait,1991,-26.4531088639358
LAO,Lao PDR,1991,1.40025340364474
LBN,Lebanon,1991,46.4438180749834
LBR,Liberia,1991,-2.51326031798234
LBY,Libya,1991,13.1314809179703
LCA,St. Lucia,1991,-0.820743643335049
LCN,Latin America & Caribbean,1991,1.30440677360309
LIE,Liechtenstein,1991,0.173550269524853
LKA,Sri Lanka,1991,3.81973572214518
LSO,Lesotho,1991,5.06906633065643
LTE,Late-demographic dividend,1991,-0.757365548531382
LTU,Lithuania,1991,-5.83598819762408
LUX,Luxembourg,1991,7.19840884904519
LVA,Latvia,1991,-12.1807171746431
MAC,"Macao SAR, China",1991,-1.26343647651237
MAF,St. Martin (French part),1991,
MAR,Morocco,1991,5.37416537843612
MCO,Monaco,1991,0.134442109756321
MDA,Moldova,1991,-16.1029448311885
MDG,Madagascar,1991,-9.06534604960984
MDV,Maldives,1991,-1.63819444838322
MEX,Mexico,1991,1.99270147824622
MHL,Marshall Islands,1991,-1.97466653136802
MKD,North Macedonia,1991,-5.81959155370519
MLI,Mali,1991,10.4425642458913
MLT,Malta,1991,3.43102736105183
MMR,Myanmar,1991,-2.06950928482055
MNE,Montenegro,1991,
MNG,Mongolia,1991,-11.5032310198363
MNP,Northern Mariana Islands,1991,
MOZ,Mozambique,1991,2.90150857904059
MRT,Mauritania,1991,-1.14237368703381
MUS,Mauritius,1991,3.31416639957489
MWI,Malawi,1991,5.4346573203748
MYS,Malaysia,1991,6.50385099169159
NAM,Namibia,1991,4.62186313943347
NCL,New Caledonia,1991,2.13222042921386
NER,Niger,1991,-3.47795488612833
NGA,Nigeria,1991,-2.25751903462209
NIC,Nicaragua,1991,-2.46398821920231
NLD,Netherlands,1991,1.63505476802885
NOR,Norway,1991,2.5944060142092
NPL,Nepal,1991,3.65047375085233
NRU,Nauru,1991,-20.8688549941773
NZL,New Zealand,1991,-5.76868280785115
OMN,Oman,1991,1.05996361946717
PAK,Pakistan,1991,1.64455814439934
PAN,Panama,1991,7.12083869286595
PER,Peru,1991,0.0869996669868414
PHL,Philippines,1991,-2.7987132409376
PLW,Palau,1991,2.5200990842261
PNG,Papua New Guinea,1991,6.13244781862461
POL,Poland,1991,-7.34479099617246
PRI,Puerto Rico (US),1991,1.58322781466529
PRK,"Korea, Dem. People's Rep.",1991,
PRT,Portugal,1991,4.60903326381703
PRY,Paraguay,1991,0.781250906471186
PSE,West Bank and Gaza,1991,
PYF,French Polynesia,1991,1.67566155020383
QAT,Qatar,1991,-4.83556929422517
ROU,Romania,1991,-12.1584413412518
RUS,Russia,1991,-5.31876190965632
RWA,Rwanda,1991,-4.47859361408995
SAU,Saudi Arabia,1991,3.17804810163011
SDN,Sudan,1991,5.35245970415686
SEN,Senegal,1991,-0.216527599094078
SGP,Singapore,1991,3.69538228225123
SLB,Solomon Islands,1991,2.80422579820127
SLE,Sierra Leone,1991,1.16028435358966
SLV,El Salvador,1991,-0.267045668925647
SMR,San Marino,1991,
SOM,"Somalia, Fed. Rep.",1991,7.01572048804404
SRB,Serbia,1991,
SSD,South Sudan,1991,
STP,Sao Tome and Principe,1991,-0.986502855129885
SUR,Suriname,1991,2.07639457886468
SVK,Slovak Republic,1991,-14.6399588000325
SVN,Slovenia,1991,-8.95788175613163
SWE,Sweden,1991,-1.81751515509977
SWZ,Eswatini,1991,-2.24655670549149
SXM,Sint Maarten (Dutch part),1991,
SYC,Seychelles,1991,1.40077156197198
SYR,Syrian Arab Republic,1991,4.33538047795443
TCA,Turks and Caicos Islands,1991,
TCD,Chad,1991,4.63768979959917
TGO,Togo,1991,-3.51808811446465
THA,Thailand,1991,6.80395089988883
TJK,Tajikistan,1991,-9.48799907614494
TKM,Turkmenistan,1991,-6.9637748965612
TLS,Timor-Leste,1991,8.16321368133181
TON,Tonga,1991,6.20722629218118
TTO,Trinidad and Tobago,1991,2.29848572718151
TUN,Tunisia,1991,1.73746449049477
TUR,Turkiye,1991,-1.03629423936702
TUV,Tuvalu,1991,2.10053706362609
TZA,Tanzania,1991,-0.476012505289418
UGA,Uganda,1991,2.14720744383359
UKR,Ukraine,1991,-8.90451869290497
URY,Uruguay,1991,2.94354443405069
USA,United States,1991,-1.43424757841728
UZB,Uzbekistan,1991,-2.85571795412289
VCT,St. Vincent and the Grenadines,1991,0.766079149440529
VEN,"Venezuela, RB",1991,7.14736069243568
VGB,British Virgin Islands,1991,
VIR,Virgin Islands (U.S.),1991,
VNM,Viet Nam,1991,3.76339409919927
VUT,Vanuatu,1991,0.612997939991217
WSM,Samoa,1991,-2.48806559580488
XKX,Kosovo,1991,
YEM,"Yemen, Rep.",1991,2.29860098445927
ZAF,South Africa,1991,-3.25400629067984
ZMB,Zambia,1991,-2.48437862264691
ZWE,Zimbabwe,1991,2.81829236184525
ABW,Aruba,1992,1.11185560632529
AFE,Africa Eastern and Southern,1992,-4.95780030561728
AFG,Afghanistan,1992,
AFW,Africa Western and Central,1992,-0.491367257222322
AGO,Angola,1992,-8.87134519095005
ALB,Albania,1992,-6.62255120696442
AND,Andorra,1992,-4.99409016591666
ARE,United Arab Emirates,1992,-1.93799997086113
ARG,Argentina,1992,6.45332357113911
ARM,Armenia,1992,-41.1137635319795
ASM,American Samoa,1992,
ATG,Antigua and Barbuda,1992,-0.43883830028318
AUS,Australia,1992,-0.685109221290034
AUT,Austria,1992,0.976092051303695
AZE,Azerbaijan,1992,-23.7612021557258
BDI,Burundi,1992,-1.65473544627476
BEL,Belgium,1992,1.11956566849732
BEN,Benin,1992,-0.174577693605642
BFA,Burkina Faso,1992,-2.20972690363685
BGD,Bangladesh,1992,3.47383819956345
BGR,Bulgaria,1992,-6.27126388892331
BHR,Bahrain,1992,3.92058393511722
BHS,"Bahamas, The",1992,-5.57330907482256
BIH,Bosnia and Herzegovina,1992,-1.49369917656698
BLR,Belarus,1992,-9.79838350074243
BLZ,Belize,1992,10.4086919637307
BMU,Bermuda,1992,-0.783533833664436
BOL,Bolivia,1992,-0.406134714304287
BRA,Brazil,1992,-2.18850140503228
BRB,Barbados,1992,-6.01646094594443
BRN,Brunei Darussalam,1992,-5.72104855607357
BTN,Bhutan,1992,8.5856077926902
BWA,Botswana,1992,0.0625321470667757
CAF,Central African Republic,1992,-9.3499022024904
CAN,Canada,1992,-0.296709575701925
CHE,Switzerland,1992,-1.13971907473382
CHI,Channel Islands,1992,
CHL,Chile,1992,9.71844044949243
CHN,China,1992,12.9073763491845
CIV,Cote d'Ivoire,1992,-4.14732494866662
CMR,Cameroon,1992,-5.83737588435096
COD,"Congo, Dem. Rep.",1992,-13.4729897751751
COG,"Congo, Rep.",1992,-0.248600824528538
COL,Colombia,1992,2.00413314386418
COM,Comoros,1992,5.15205555476597
CPV,Cabo Verde,1992,8.44798979477743
CRI,Costa Rica,1992,6.47188909841982
CUB,Cuba,1992,-12.1393705305651
CUW,Curacao,1992,
CYM,Cayman Islands,1992,
CYP,Cyprus,1992,6.52783779751871
CZE,Czechia,1992,-0.608213629619769
DEU,Germany,1992,1.24089739849393
DJI,Djibouti,1992,
DMA,Dominica,1992,1.98673248763679
DNK,Denmark,1992,1.68600814422976
DOM,Dominican Republic,1992,9.03255738016968
DZA,Algeria,1992,-0.649140042449275
EAR,Early-demographic dividend,1992,1.85857842571831
ECS,Europe & Central Asia,1992,-0.996431582059941
ECU,Ecuador,1992,-0.0134164931923948
EGY,"Egypt, Arab Rep.",1992,2.00607720448467
ERI,Eritrea,1992,
ESP,Spain,1992,0.436115155748553
EST,Estonia,1992,-19.7174331457865
ETH,Ethiopia,1992,-12.4354814898344
FIN,Finland,1992,-3.85315295201346
FJI,Fiji,1992,5.33128466821873
FRA,France,1992,1.01174283165568
FRO,Faroe Islands,1992,
FSM,"Micronesia, Fed. Sts.",1992,1.97163978549595
GAB,Gabon,1992,-5.6624500156035
GBR,United Kingdom,1992,1.0211660302119
GEO,Georgia,1992,-45.3248837559735
GHA,Ghana,1992,1.32904577852237
GIB,Gibraltar,1992,
GIN,Guinea,1992,0.0269116593674852
GMB,"Gambia, The",1992,-0.7383852538714
GNB,Guinea-Bissau,1992,-1.83295371146548
GNQ,Equatorial Guinea,1992,29.8508862868735
GRC,Greece,1992,-0.0662990265129082
GRD,Grenada,1992,-1.64061570247593
GRL,Greenland,1992,-4.76852354057402
GTM,Guatemala,1992,2.08938748174239
GUM,Guam,1992,
GUY,Guyana,1992,7.46331259893695
HKG,"Hong Kong SAR, China",1992,5.34669247035933
HND,Honduras,1992,5.98144335160316
HRV,Croatia,1992,-9.52911083766807
HTI,Haiti,1992,-7.18236675047231
HUN,Hungary,1992,-3.02623555314709
IDB,IDA blend,1992,0.0321748400512405
IDN,Indonesia,1992,4.66756863412716
IMN,Isle of Man,1992,0.0191402471247955
IND,India,1992,3.25939544010092
IRL,Ireland,1992,2.64060735516456
IRN,"Iran, Islamic Rep.",1992,1.2753229636286
IRQ,Iraq,1992,28.7262616646537
ISL,Iceland,1992,-4.58053143553516
ISR,Israel,1992,4.09927943070052
ITA,Italy,1992,0.765807563298623
JAM,Jamaica,1992,0.953437709168753
JOR,Jordan,1992,8.46165434064829
JPN,Japan,1992,0.526745036286385
KAZ,Kazakhstan,1992,-5.59517557101667
KEN,Kenya,1992,-3.79370437133613
KGZ,Kyrgyz Republic,1992,-14.8256285785517
KHM,Cambodia,1992,1.39521127525019
KIR,Kiribati,1992,21.9252039696882
KNA,St. Kitts and Nevis,1992,3.35471559982065
KOR,"Korea, Rep.",1992,5.25214973420644
KWT,Kuwait,1992,51.1035091581689
LAO,Lao PDR,1992,2.6769238807299
LBN,Lebanon,1992,14.0004669448677
LBR,Liberia,1992,-38.7172836518678
LBY,Libya,1992,-4.72396454559389
LCA,St. Lucia,1992,6.35455541558694
LCN,Latin America & Caribbean,1992,0.85443495224122
LIE,Liechtenstein,1992,2.14651010516232
LKA,Sri Lanka,1992,2.75390592994462
LSO,Lesotho,1992,5.19238547462368
LTE,Late-demographic dividend,1992,-0.377303995592641
LTU,Lithuania,1992,-21.1734221345262
LUX,Luxembourg,1992,0.476077518162256
LVA,Latvia,1992,-31.1775189815565
MAC,"Macao SAR, China",1992,7.41865020859342
MAF,St. Martin (French part),1992,
MAR,Morocco,1992,-3.71287726230331
MCO,Monaco,1992,0.506793651306438
MDA,Moldova,1992,-29.0857055867621
MDG,Madagascar,1992,-1.81843433556932
MDV,Maldives,1992,3.65640861252177
MEX,Mexico,1992,1.6256225611147
MHL,Marshall Islands,1992,5.2469534025757
MKD,North Macedonia,1992,-5.4862400516152
MLI,Mali,1992,-6.95383565771893
MLT,Malta,1992,3.61645027238262
MMR,Myanmar,1992,8.17152631473792
MNE,Montenegro,1992,
MNG,Mongolia,1992,-9.35893880867637
MNP,Northern Mariana Islands,1992,
MOZ,Mozambique,1992,-9.35015950296335
MRT,Mauritania,1992,-1.95063934591661
MUS,Mauritius,1992,5.12044441463986
MWI,Malawi,1992,-9.99229540689642
MYS,Malaysia,1992,6.0401774276111
NAM,Namibia,1992,3.84175231745985
NCL,New Caledonia,1992,-2.09143329184117
NER,Niger,1992,-1.13103705292642
NGA,Nigeria,1992,1.92006635002696
NIC,Nicaragua,1992,-1.85750643208351
NLD,Netherlands,1992,0.940014971552714
NOR,Norway,1992,2.97836952395049
NPL,Nepal,1992,1.21094958738936
NRU,Nauru,1992,-17.6892529379695
NZL,New Zealand,1992,0.0461709248823894
OMN,Oman,1992,3.5607492636871
PAK,Pakistan,1992,4.66648101392903
PAN,Panama,1992,5.95973635976357
PER,Peru,1992,-2.54546849500791
PHL,Philippines,1992,-1.93397839592187
PLW,Palau,1992,-8.5952979245323
PNG,Papua New Guinea,1992,9.89093849851174
POL,Poland,1992,2.2010658533475
PRI,Puerto Rico (US),1992,3.89131652355152
PRK,"Korea, Dem. People's Rep.",1992,
PRT,Portugal,1992,1.1681037872908
PRY,Paraguay,1992,-0.91522118243283
PSE,West Bank and Gaza,1992,
PYF,French Polynesia,1992,-3.23438697031256
QAT,Qatar,1992,7.82129196669182
ROU,Romania,1992,-7.93923952826758
RUS,Russia,1992,-14.6139171358036
RWA,Rwanda,1992,3.71896576533675
SAU,Saudi Arabia,1992,-0.125826730999037
SDN,Sudan,1992,4.54963665240291
SEN,Senegal,1992,-1.47449734866765
SGP,Singapore,1992,3.48371824424044
SLB,Solomon Islands,1992,9.35072472383121
SLE,Sierra Leone,1992,-17.4597698249032
SLV,El Salvador,1992,5.28734272506964
SMR,San Marino,1992,
SOM,"Somalia, Fed. Rep.",1992,-3.99871765062359
SRB,Serbia,1992,
SSD,South Sudan,1992,
STP,Sao Tome and Principe,1992,-1.19672530387369
SUR,Suriname,1992,-0.2193419760994
SVK,Slovak Republic,1992,-6.7517666501482
SVN,Slovenia,1992,-5.3249118126253
SWE,Sweden,1992,-1.73663035646904
SWZ,Eswatini,1992,-0.628243221917131
SXM,Sint Maarten (Dutch part),1992,
SYC,Seychelles,1992,6.68233459671488
SYR,Syrian Arab Republic,1992,9.55674328354266
TCA,Turks and Caicos Islands,1992,
TCD,Chad,1992,3.51468324567341
TGO,Togo,1992,-6.65824410271924
THA,Thailand,1992,6.37902716428354
TJK,Tajikistan,1992,-30.3597640189133
TKM,Turkmenistan,1992,-16.8801033284759
TLS,Timor-Leste,1992,7.55195553736829
TON,Tonga,1992,0.124681393866538
TTO,Trinidad and Tobago,1992,9.27027370604701
TUN,Tunisia,1992,5.56226775420092
TUR,Turkiye,1992,3.26017406696464
TUV,Tuvalu,1992,1.53776356935819
TZA,Tanzania,1992,-1.88980012132932
UGA,Uganda,1992,-0.0452355171633343
UKR,Ukraine,1992,-10.1629691607265
URY,Uruguay,1992,7.33522697716671
USA,United States,1992,2.09666863144402
UZB,Uzbekistan,1992,-13.3582215361321
VCT,St. Vincent and the Grenadines,1992,6.10658038959106
VEN,"Venezuela, RB",1992,3.63070846237486
VGB,British Virgin Islands,1992,
VIR,Virgin Islands (U.S.),1992,
VNM,Viet Nam,1992,6.46778613603792
VUT,Vanuatu,1992,0.0703543901579025
WSM,Samoa,1992,-0.764226258204729
XKX,Kosovo,1992,
YEM,"Yemen, Rep.",1992,4.17012014197473
ZAF,South Africa,1992,-3.87926236884013
ZMB,Zambia,1992,-4.07483415840184
ZWE,Zimbabwe,1992,-11.5478990333428
ABW,Aruba,1993,0.49219478038809
AFE,Africa Eastern and Southern,1993,-3.54768989234036
AFG,Afghanistan,1993,
AFW,Africa Western and Central,1993,-3.95491413466083
AGO,Angola,1993,-26.3741958805222
ALB,Albania,1993,10.2299493392305
AND,Andorra,1993,-5.83663168981438
ARE,United Arab Emirates,1993,-3.63136091579908
ARG,Argentina,1993,6.75211494763417
ARM,Armenia,1993,-5.66973360505507
ASM,American Samoa,1993,
ATG,Antigua and Barbuda,1993,3.38094182895334
AUS,Australia,1993,3.12440890934566
AUT,Austria,1993,-0.298753799856229
AZE,Azerbaijan,1993,-24.2568641648081
BDI,Burundi,1993,-3.24124864614819
BEL,Belgium,1993,-1.34799947777529
BEN,Benin,1993,1.24312443544126
BFA,Burkina Faso,1993,0.920491455019118
BGD,Bangladesh,1993,2.7790785666494
BGR,Bulgaria,1993,-0.691213573224346
BHR,Bahrain,1993,9.93939920516908
BHS,"Bahamas, The",1993,-1.55554108245764
BIH,Bosnia and Herzegovina,1993,6.08947019876022
BLR,Belarus,1993,-7.80377013813873
BLZ,Belize,1993,4.00371351909538
BMU,Bermuda,1993,2.2922568686562
BOL,Bolivia,1993,2.22139747426289
BRA,Brazil,1993,3.23867795195491
BRB,Barbados,1993,0.499601553883736
BRN,Brunei Darussalam,1993,-3.19233201409052
BTN,Bhutan,1993,6.23389087430508
BWA,Botswana,1993,-0.960421541128198
CAF,Central African Republic,1993,-2.81054491449957
CAN,Canada,1993,1.53574575465912
CHE,Switzerland,1993,-1.03142243029649
CHI,Channel Islands,1993,
CHL,Chile,1993,5.03866265296217
CHN,China,1993,12.626827003835
CIV,Cote d'Ivoire,1993,-4.08453429777113
CMR,Cameroon,1993,-10.5166043582515
COD,"Congo, Dem. Rep.",1993,-16.5071139550223
COG,"Congo, Rep.",1993,-3.86655032881671
COL,Colombia,1993,3.30195850247352
COM,Comoros,1993,0.69224429706334
CPV,Cabo Verde,1993,6.39603048677317
CRI,Costa Rica,1993,4.4518785245649
CUB,Cuba,1993,-15.3118366893073
CUW,Curacao,1993,
CYM,Cayman Islands,1993,
CYP,Cyprus,1993,-1.70263122109378
CZE,Czechia,1993,-0.0420531080889361
DEU,Germany,1993,-1.62189255701904
DJI,Djibouti,1993,
DMA,Dominica,1993,2.00251375869615
DNK,Denmark,1993,-0.411249992824509
DOM,Dominican Republic,1993,5.28712763371406
DZA,Algeria,1993,-4.42745904751482
EAR,Early-demographic dividend,1993,1.3508096013948
ECS,Europe & Central Asia,1993,-0.968966094383376
ECU,Ecuador,1993,-0.0759415801517349
EGY,"Egypt, Arab Rep.",1993,0.55376389998851
ERI,Eritrea,1993,9.95466994106025
ESP,Spain,1993,-1.54335835145426
EST,Estonia,1993,-3.2824497129791
ETH,Ethiopia,1993,9.23479849541557
FIN,Finland,1993,-1.25873640874413
FJI,Fiji,1993,1.48096957497465
FRA,France,1993,-0.791444096179944
FRO,Faroe Islands,1993,
FSM,"Micronesia, Fed. Sts.",1993,5.85797077537799
GAB,Gabon,1993,1.21485157056252
GBR,United Kingdom,1993,3.24267090591322
GEO,Georgia,1993,-29.8414533345514
GHA,Ghana,1993,2.2924206369743
GIB,Gibraltar,1993,
GIN,Guinea,1993,1.89332581267254
GMB,"Gambia, The",1993,-0.696495507138579
GNB,Guinea-Bissau,1993,-1.21630081950958
GNQ,Equatorial Guinea,1993,6.99994947988674
GRC,Greece,1993,-2.177150507638
GRD,Grenada,1993,-2.70574496205592
GRL,Greenland,1993,-4.85588178273935
GTM,Guatemala,1993,1.19079545990648
GUM,Guam,1993,
GUY,Guyana,1993,7.73635100621053
HKG,"Hong Kong SAR, China",1993,4.39241266340737
HND,Honduras,1993,10.4560243022111
HRV,Croatia,1993,-8.51829523360919
HTI,Haiti,1993,-7.26639617990007
HUN,Hungary,1993,-0.462665222231223
IDB,IDA blend,1993,-2.89997914233979
IDN,Indonesia,1993,4.69961217882648
IMN,Isle of Man,1993,1.99256058992141
IND,India,1993,2.57408951744785
IRL,Ireland,1993,2.18058988451753
IRN,"Iran, Islamic Rep.",1993,-1.82171593144423
IRQ,Iraq,1993,24.1804989009327
ISL,Iceland,1993,0.288501985344382
ISR,Israel,1993,1.38569527041521
ITA,Italy,1993,-0.913401690042861
JAM,Jamaica,1993,8.29096099965061
JOR,Jordan,1993,-0.807674227489841
JPN,Japan,1993,-0.781376228236013
KAZ,Kazakhstan,1993,-8.89440884902913
KEN,Kenya,1993,-2.58233453633143
KGZ,Kyrgyz Republic,1993,-15.4851015810132
KHM,Cambodia,1993,-1.98219850050883
KIR,Kiribati,1993,-1.62446253702345
KNA,St. Kitts and Nevis,1993,5.43720892471435
KOR,"Korea, Rep.",1993,5.9133443470155
KWT,Kuwait,1993,31.0104104388079
LAO,Lao PDR,1993,3.07739171807499
LBN,Lebanon,1993,8.64130049009017
LBR,Liberia,1993,-35.5462839014456
LBY,Libya,1993,-5.64791556146643
LCA,St. Lucia,1993,-0.892733394374474
LCN,Latin America & Caribbean,1993,2.45711799936178
LIE,Liechtenstein,1993,2.73013933393034
LKA,Sri Lanka,1993,5.10038391966494
LSO,Lesotho,1993,1.95754937004924
LTE,Late-demographic dividend,1993,3.1876417923105
LTU,Lithuania,1993,-15.8287446068438
LUX,Luxembourg,1993,2.81121761057996
LVA,Latvia,1993,-3.09071293426223
MAC,"Macao SAR, China",1993,1.5978540685098
MAF,St. Martin (French part),1993,
MAR,Morocco,1993,-2.3082713662061
MCO,Monaco,1993,-1.70632831575767
MDA,Moldova,1993,-1.0340366120968
MDG,Madagascar,1993,-0.967365507883727
MDV,Maldives,1993,2.82349343554151
MEX,Mexico,1993,0.978743803735597
MHL,Marshall Islands,1993,4.41929617158642
MKD,North Macedonia,1993,-6.28574163754088
MLI,Mali,1993,2.19547279186931
MLT,Malta,1993,3.44243601674579
MMR,Myanmar,1993,4.62881857490504
MNE,Montenegro,1993,
MNG,Mongolia,1993,-3.04982824808563
MNP,Northern Mariana Islands,1993,
MOZ,Mozambique,1993,7.4832084877323
MRT,Mauritania,1993,1.67667797837017
MUS,Mauritius,1993,3.84362800083515
MWI,Malawi,1993,8.10315787740552
MYS,Malaysia,1993,7.11898849226085
NAM,Namibia,1993,-4.67006650318467
NCL,New Caledonia,1993,-1.99060054931688
NER,Niger,1993,-2.79968693637561
NGA,Nigeria,1993,-4.59723301462516
NIC,Nicaragua,1993,-2.55575157455552
NLD,Netherlands,1993,0.554249718693711
NOR,Norway,1993,2.23483627884877
NPL,Nepal,1993,1.05282878357509
NRU,Nauru,1993,-16.7899147476723
NZL,New Zealand,1993,5.18530911444842
OMN,Oman,1993,1.66643798436652
PAK,Pakistan,1993,-1.02474092628785
PAN,Panama,1993,3.28771278936753
PER,Peru,1993,3.14244822528774
PHL,Philippines,1993,-0.245903974024316
PLW,Palau,1993,-14.3516567863505
PNG,Papua New Guinea,1993,13.9847111131626
POL,Poland,1993,3.47468275954095
PRI,Puerto Rico (US),1993,3.76693631202613
PRK,"Korea, Dem. People's Rep.",1993,
PRT,Portugal,1993,-2.16302137348492
PRY,Paraguay,1993,2.31226251074852
PSE,West Bank and Gaza,1993,
PYF,French Polynesia,1993,-2.97620764742084
QAT,Qatar,1993,-4.35699356954633
ROU,Romania,1993,1.66711860968309
RUS,Russia,1993,-8.6196861844154
RWA,Rwanda,1993,-11.5381924060062
SAU,Saudi Arabia,1993,-3.96857631363621
SDN,Sudan,1993,2.49041697350873
SEN,Senegal,1993,-1.39091737666223
SGP,Singapore,1993,8.67530488824424
SLB,Solomon Islands,1993,0.951992030002074
SLE,Sierra Leone,1993,1.59977635482602
SLV,El Salvador,1993,4.4283085085419
SMR,San Marino,1993,
SOM,"Somalia, Fed. Rep.",1993,1.09111141759455
SRB,Serbia,1993,
SSD,South Sudan,1993,
STP,Sao Tome and Principe,1993,-0.726460943635203
SUR,Suriname,1993,-7.09224118960068
SVK,Slovak Republic,1993,1.51309257483364
SVN,Slovenia,1993,3.08878791417652
SWE,Sweden,1993,-2.6328084512474
SWZ,Eswatini,1993,0.144296378973081
SXM,Sint Maarten (Dutch part),1993,
SYC,Seychelles,1993,5.09056268455059
SYR,Syrian Arab Republic,1993,2.99526601339912
TCA,Turks and Caicos Islands,1993,
TCD,Chad,1993,-17.6741907151847
TGO,Togo,1993,-14.5678518231059
THA,Thailand,1993,6.59374093147665
TJK,Tajikistan,1993,-17.5038570568868
TKM,Turkmenistan,1993,-0.70795577280451
TLS,Timor-Leste,1993,7.23725954144756
TON,Tonga,1993,3.65411673840201
TTO,Trinidad and Tobago,1993,-1.35114548259963
TUN,Tunisia,1993,0.166338940851446
TUR,Turkiye,1993,5.81013070866136
TUV,Tuvalu,1993,3.10690611589052
TZA,Tanzania,1993,-1.91363289102119
UGA,Uganda,1993,4.64880550066493
UKR,Ukraine,1993,-14.2433546055169
URY,Uruguay,1993,2.11624610972325
USA,United States,1993,1.40572318704217
UZB,Uzbekistan,1993,-4.53440108888314
VCT,St. Vincent and the Grenadines,1993,4.04173919943855
VEN,"Venezuela, RB",1993,-1.95882619704076
VGB,British Virgin Islands,1993,
VIR,Virgin Islands (U.S.),1993,
VNM,Viet Nam,1993,6.0132829316736
VUT,Vanuatu,1993,-1.69982007313997
WSM,Samoa,1993,3.22549145241983
XKX,Kosovo,1993,
YEM,"Yemen, Rep.",1993,0.16354826043073
ZAF,South Africa,1993,-0.76236352634794
ZMB,Zambia,1993,4.28174982443221
ZWE,Zimbabwe,1993,-0.4149337614747
ABW,Aruba,1994,2.75152351032429
AFE,Africa Eastern and Southern,1994,-0.754991305784586
AFG,Afghanistan,1994,
AFW,Africa Western and Central,1994,-2.8424953128755
AGO,Angola,1994,-1.89306801134015
ALB,Albania,1994,8.96976165854495
AND,Andorra,1994,0.259838841219207
ARE,United Arab Emirates,1994,2.02491526781941
ARG,Argentina,1994,4.42731162216963
ARM,Armenia,1994,8.17931421395623
ASM,American Samoa,1994,
ATG,Antigua and Barbuda,1994,4.67192490428931
AUS,Australia,1994,2.98223871616621
AUT,Austria,1994,2.00876130503556
AZE,Azerbaijan,1994,-20.7755585486808
BDI,Burundi,1994,-4.45293293605653
BEL,Belgium,1994,2.90931869867012
BEN,Benin,1994,-1.72472268031545
BFA,Burkina Faso,1994,-1.20776072545993
BGD,Bangladesh,1994,1.98156571211732
BGR,Bulgaria,1994,2.16435885208668
BHR,Bahrain,1994,-2.84120790487738
BHS,"Bahamas, The",1994,1.3503874431031
BIH,Bosnia and Herzegovina,1994,16.4737642076186
BLR,Belarus,1994,-11.5955750793052
BLZ,Belize,1994,-2.12657838875785
BMU,Bermuda,1994,-0.042793868031282
BOL,Bolivia,1994,2.66087168747602
BRA,Brazil,1994,4.21094030549472
BRB,Barbados,1994,1.77956018959944
BRN,Brunei Darussalam,1994,-1.53838455173792
BTN,Bhutan,1994,4.98481583399588
BWA,Botswana,1994,0.795369761855596
CAF,Central African Republic,1994,1.67643599170786
CAN,Canada,1994,3.35581443227358
CHE,Switzerland,1994,0.465686525977333
CHI,Channel Islands,1994,
CHL,Chile,1994,3.50625803516114
CHN,China,1994,11.8018881692803
CIV,Cote d'Ivoire,1994,-3.07844096219641
CMR,Cameroon,1994,-0.943945008602924
COD,"Congo, Dem. Rep.",1994,-8.34247342983156
COG,"Congo, Rep.",1994,-8.25141208282898
COL,Colombia,1994,3.74840675934975
COM,Comoros,1994,-5.67123709606638
CPV,Cabo Verde,1994,16.782010354077
CRI,Costa Rica,1994,1.98449368105796
CUB,Cuba,1994,0.300685045533882
CUW,Curacao,1994,
CYM,Cayman Islands,1994,
CYP,Cyprus,1994,3.73220287690552
CZE,Czechia,1994,2.87214353749437
DEU,Germany,1994,2.24160813771532
DJI,Djibouti,1994,
DMA,Dominica,1994,-0.0288746186022735
DNK,Denmark,1994,4.93970794392429
DOM,Dominican Republic,1994,0.644106083307577
DZA,Algeria,1994,-3.0685083752782
EAR,Early-demographic dividend,1994,1.30909250805044
ECS,Europe & Central Asia,1994,1.14831746408026
ECU,Ecuador,1994,2.26037167910633
EGY,"Egypt, Arab Rep.",1994,1.75753283456244
ERI,Eritrea,1994,17.5536356070169
ESP,Spain,1994,1.89690694701672
EST,Estonia,1994,0.483692726110803
ETH,Ethiopia,1994,-0.340437448684114
FIN,Finland,1994,3.51720000799041
FJI,Fiji,1994,4.51788199442078
FRA,France,1994,2.00092888436674
FRO,Faroe Islands,1994,
FSM,"Micronesia, Fed. Sts.",1994,-2.36652800656688
GAB,Gabon,1994,1.03021807065934
GBR,United Kingdom,1994,4.6865535618182
GEO,Georgia,1994,-9.00820164687457
GHA,Ghana,1994,0.846121792203618
GIB,Gibraltar,1994,
GIN,Guinea,1994,0.899451721316183
GMB,"Gambia, The",1994,-3.01711393290937
GNB,Guinea-Bissau,1994,0.0543794271908382
GNQ,Equatorial Guinea,1994,12.4030083731601
GRC,Greece,1994,1.4905588001274
GRD,Grenada,1994,0.948143796818869
GRL,Greenland,1994,5.35180564040296
GTM,Guatemala,1994,1.29965096299168
GUM,Guam,1994,
GUY,Guyana,1994,8.12217163524447
HKG,"Hong Kong SAR, China",1994,3.67477522795076
HND,Honduras,1994,25.4117088712275
HRV,Croatia,1994,4.69705259764521
HTI,Haiti,1994,-13.6308577536038
HUN,Hungary,1994,3.08816830633975
IDB,IDA blend,1994,-1.76095457682923
IDN,Indonesia,1994,5.74209717065936
IMN,Isle of Man,1994,3.42131414665177
IND,India,1994,4.50057521481919
IRL,Ireland,1994,5.33977212868584
IRN,"Iran, Islamic Rep.",1994,-1.88532440370534
IRQ,Iraq,1994,-0.985588929012721
ISL,Iceland,1994,2.7146204899408
ISR,Israel,1994,4.68195851697766
ITA,Italy,1994,2.13021550826906
JAM,Jamaica,1994,0.346954542208792
JOR,Jordan,1994,0.0608321468427988
JPN,Japan,1994,0.801559685146586
KAZ,Kazakhstan,1994,-11.416894545868
KEN,Kenya,1994,-0.304212273442516
KGZ,Kyrgyz Republic,1994,-20.05492795056
KHM,Cambodia,1994,-39.2029703307445
KIR,Kiribati,1994,0.54048403061573
KNA,St. Kitts and Nevis,1994,3.95570416288516
KOR,"Korea, Rep.",1994,8.27690074725467
KWT,Kuwait,1994,8.94369840376427
LAO,Lao PDR,1994,5.36666889160745
LBN,Lebanon,1994,6.18337051477913
LBR,Liberia,1994,-21.5731868011574
LBY,Libya,1994,0.0535526200486487
LCA,St. Lucia,1994,0.0915392271761561
LCN,Latin America & Caribbean,1994,3.26235454196562
LIE,Liechtenstein,1994,5.52987892332438
LKA,Sri Lanka,1994,4.07265463723363
LSO,Lesotho,1994,4.55519517771128
LTE,Late-demographic dividend,1994,3.34952801752118
LTU,Lithuania,1994,-9.13764680587376
LUX,Luxembourg,1994,2.41663050795087
LVA,Latvia,1994,3.9147913524223
MAC,"Macao SAR, China",1994,0.890556383729319
MAF,St. Martin (French part),1994,
MAR,Morocco,1994,8.93493014775943
MCO,Monaco,1994,1.43699365480825
MDA,Moldova,1994,-30.6852291224891
MDG,Madagascar,1994,-3.10023435072759
MDV,Maldives,1994,5.19860772460727
MEX,Mexico,1994,2.51651622705648
MHL,Marshall Islands,1994,4.50407458142885
MKD,North Macedonia,1994,-1.05867357276367
MLI,Mali,1994,3.34314408266553
MLT,Malta,1994,4.6675938127414
MMR,Myanmar,1994,6.06541834448598
MNE,Montenegro,1994,
MNG,Mongolia,1994,1.00243035352044
MNP,Northern Mariana Islands,1994,
MOZ,Mozambique,1994,-0.517089157596189
MRT,Mauritania,1994,-6.29825533315322
MUS,Mauritius,1994,2.68832851665618
MWI,Malawi,1994,-9.1882192265535
MYS,Malaysia,1994,6.46922820641041
NAM,Namibia,1994,-1.38201534236413
NCL,New Caledonia,1994,0.0953679299492904
NER,Niger,1994,-1.36907813994121
NGA,Nigeria,1994,-4.37439193637937
NIC,Nicaragua,1994,1.16653527605601
NLD,Netherlands,1994,2.34216819213047
NOR,Norway,1994,4.45880136804293
NPL,Nepal,1994,5.53859144431293
NRU,Nauru,1994,-4.19805084719633
NZL,New Zealand,1994,3.7312097203412
OMN,Oman,1994,0.874063800580799
PAK,Pakistan,1994,0.779593544127223
PAN,Panama,1994,0.752456347526049
PER,Peru,1994,10.1088493477559
PHL,Philippines,1994,2.12244103611494
PLW,Palau,1994,4.75349452330333
PNG,Papua New Guinea,1994,2.17433937373166
POL,Poland,1994,5.07085552254539
PRI,Puerto Rico (US),1994,3.22267934513472
PRK,"Korea, Dem. People's Rep.",1994,
PRT,Portugal,1994,0.693517750119014
PRY,Paraguay,1994,2.75714792528987
PSE,West Bank and Gaza,1994,
PYF,French Polynesia,1994,-3.24829172571562
QAT,Qatar,1994,-1.60968553843938
ROU,Romania,1994,4.08314789943742
RUS,Russia,1994,-12.5397898608654
RWA,Rwanda,1994,-41.5406116027371
SAU,Saudi Arabia,1994,-3.27657789168325
SDN,Sudan,1994,-1.46917150041169
SEN,Senegal,1994,-2.68759159773336
SGP,Singapore,1994,7.66515847504049
SLB,Solomon Islands,1994,4.96526753173474
SLE,Sierra Leone,1994,-2.3227387628037
SLV,El Salvador,1994,3.69954329248556
SMR,San Marino,1994,
SOM,"Somalia, Fed. Rep.",1994,-21.8851715399096
SRB,Serbia,1994,
SSD,South Sudan,1994,
STP,Sao Tome and Principe,1994,0.456013669997787
SUR,Suriname,1994,2.65994989666993
SVK,Slovak Republic,1994,5.78784641289319
SVN,Slovenia,1994,5.44941394044245
SWE,Sweden,1994,3.27914084779151
SWZ,Eswatini,1994,2.41186771794808
SXM,Sint Maarten (Dutch part),1994,
SYC,Seychelles,1994,-5.00302413951677
SYR,Syrian Arab Republic,1994,4.09745194329328
TCA,Turks and Caicos Islands,1994,
TCD,Chad,1994,7.63158983937645
TGO,Togo,1994,14.5607335600402
THA,Thailand,1994,6.41647263711154
TJK,Tajikistan,1994,-22.6560518622999
TKM,Turkmenistan,1994,-18.9924697404977
TLS,Timor-Leste,1994,4.19821471942177
TON,Tonga,1994,4.88651073265973
TTO,Trinidad and Tobago,1994,2.93412495729879
TUN,Tunisia,1994,1.34172547583501
TUR,Turkiye,1994,-6.31116935299956
TUV,Tuvalu,1994,9.31314182840417
TZA,Tanzania,1994,-2.2538960665397
UGA,Uganda,1994,2.89205348201035
UKR,Ukraine,1994,-22.4941466864469
URY,Uruguay,1994,6.72380888757364
USA,United States,1994,2.76110897028734
UZB,Uzbekistan,1994,-7.20602185350127
VCT,St. Vincent and the Grenadines,1994,-1.40766591680416
VEN,"Venezuela, RB",1994,-4.46489699167782
VGB,British Virgin Islands,1994,
VIR,Virgin Islands (U.S.),1994,
VNM,Viet Nam,1994,6.89120343615872
VUT,Vanuatu,1994,6.50928779878551
WSM,Samoa,1994,-3.32161058915646
XKX,Kosovo,1994,
YEM,"Yemen, Rep.",1994,2.85442556514698
ZAF,South Africa,1994,1.54195948087219
ZMB,Zambia,1994,-10.7813280458849
ZWE,Zimbabwe,1994,9.10603987351351
ABW,Aruba,1995,-0.292643137693034
AFE,Africa Eastern and Southern,1995,1.68018121614035
AFG,Afghanistan,1995,
AFW,Africa Western and Central,1995,-0.884392260122439
AGO,Angola,1995,11.2224490340232
ALB,Albania,1995,14.0244959350984
AND,Andorra,1995,3.8829592914651
ARE,United Arab Emirates,1995,2.02215215126262
ARG,Argentina,1995,-4.10993598659498
ARM,Armenia,1995,8.74315812160908
ASM,American Samoa,1995,
ATG,Antigua and Barbuda,1995,-6.24765118209551
AUS,Australia,1995,2.73953092805972
AUT,Austria,1995,2.51091305108029
AZE,Azerbaijan,1995,-12.8134294386306
BDI,Burundi,1995,-13.2699852268517
BEL,Belgium,1995,2.17055024299408
BEN,Benin,1995,3.82668355558341
BFA,Burkina Faso,1995,3.04032535754941
BGD,Bangladesh,1995,3.18589383291992
BGR,Bulgaria,1995,3.35646361681499
BHR,Bahrain,1995,1.2311327478419
BHS,"Bahamas, The",1995,2.66415684647076
BIH,Bosnia and Herzegovina,1995,16.2756717446735
BLR,Belarus,1995,-10.1088526843034
BLZ,Belize,1995,-1.75976504320663
BMU,Bermuda,1995,3.81687306796867
BOL,Bolivia,1995,2.7194959730227
BRA,Brazil,1995,2.63205630361686
BRB,Barbados,1995,1.850877928286
BRN,Brunei Darussalam,1995,-1.12517717451318
BTN,Bhutan,1995,8.34574582313611
BWA,Botswana,1995,4.25881194607905
CAF,Central African Republic,1995,4.3152308340197
CAN,Canada,1995,1.62528126114066
CHE,Switzerland,1995,-0.188350817628518
CHI,Channel Islands,1995,
CHL,Chile,1995,7.66762918859645
CHN,China,1995,9.83296054402696
CIV,Cote d'Ivoire,1995,3.02718524731407
CMR,Cameroon,1995,0.107723326425074
COD,"Congo, Dem. Rep.",1995,-3.39481121542804
COG,"Congo, Rep.",1995,1.09899574840317
COL,Colombia,1995,3.21251345205344
COM,Comoros,1995,3.81904316440117
CPV,Cabo Verde,1995,12.0601838641087
CRI,Costa Rica,1995,1.67753988339345
CUB,Cuba,1995,2.08826431237451
CUW,Curacao,1995,
CYM,Cayman Islands,1995,
CYP,Cyprus,1995,6.41553956973846
CZE,Czechia,1995,6.28655461872729
DEU,Germany,1995,1.20710412450657
DJI,Djibouti,1995,
DMA,Dominica,1995,3.0427308230102
DNK,Denmark,1995,2.50262818967406
DOM,Dominican Republic,1995,3.73796115811189
DZA,Algeria,1995,1.67474517206692
EAR,Early-demographic dividend,1995,0.500427931496333
ECS,Europe & Central Asia,1995,2.11158372725293
ECU,Ecuador,1995,0.326536599281397
EGY,"Egypt, Arab Rep.",1995,2.46357101461021
ERI,Eritrea,1995,-2.79691785991288
ESP,Spain,1995,2.30495702556625
EST,Estonia,1995,6.40966000708616
ETH,Ethiopia,1995,2.57532696159824
FIN,Finland,1995,3.83730925871322
FJI,Fiji,1995,1.98990209455494
FRA,France,1995,1.93291761763854
FRO,Faroe Islands,1995,
FSM,"Micronesia, Fed. Sts.",1995,5.89315751631005
GAB,Gabon,1995,2.31093356602501
GBR,United Kingdom,1995,3.25985802369149
GEO,Georgia,1995,6.52521433798374
GHA,Ghana,1995,1.68402714615945
GIB,Gibraltar,1995,
GIN,Guinea,1995,1.72503947546996
GMB,"Gambia, The",1995,-2.07739136660906
GNB,Guinea-Bissau,1995,1.79752507182782
GNQ,Equatorial Guinea,1995,13.1414865232391
GRC,Greece,1995,1.62382495931472
GRD,Grenada,1995,1.4107174227084
GRL,Greenland,1995,3.17099642734178
GTM,Guatemala,1995,2.20828318179657
GUM,Guam,1995,
GUY,Guyana,1995,4.67607346167401
HKG,"Hong Kong SAR, China",1995,0.36660760874021
HND,Honduras,1995,21.1904167257791
HRV,Croatia,1995,7.48996946702142
HTI,Haiti,1995,7.82292405059231
HUN,Hungary,1995,1.63091759717385
IDB,IDA blend,1995,-0.434963752127032
IDN,Indonesia,1995,6.43541890424098
IMN,Isle of Man,1995,3.79682396662615
IND,India,1995,5.4307028028752
IRL,Ireland,1995,9.07376955347061
IRN,"Iran, Islamic Rep.",1995,1.27346796269859
IRQ,Iraq,1995,-1.24405312450729
ISL,Iceland,1995,-0.425046357711153
ISR,Israel,1995,3.79606677263391
ITA,Italy,1995,2.88520231073102
JAM,Jamaica,1995,1.32934397119848
JOR,Jordan,1995,1.93929287053838
JPN,Japan,1995,2.39051955802327
KAZ,Kazakhstan,1995,-6.48128800058484
KEN,Kenya,1995,1.4837374235438
KGZ,Kyrgyz Republic,1995,-6.36503081112481
KHM,Cambodia,1995,1.35412063704641
KIR,Kiribati,1995,1.21789472563705
KNA,St. Kitts and Nevis,1995,4.01375437413185
KOR,"Korea, Rep.",1995,8.63726671625133
KWT,Kuwait,1995,3.78870129848272
LAO,Lao PDR,1995,4.42161502950582
LBN,Lebanon,1995,4.54238397048779
LBR,Liberia,1995,-5.11507834003075
LBY,Libya,1995,-3.91035223611419
LCA,St. Lucia,1995,0.156865158765669
LCN,Latin America & Caribbean,1995,-0.725888873072549
LIE,Liechtenstein,1995,4.82284964561106
LKA,Sri Lanka,1995,3.76841651865469
LSO,Lesotho,1995,2.03489246937004
LTE,Late-demographic dividend,1995,4.60579555786578
LTU,Lithuania,1995,4.08820060846659
LUX,Luxembourg,1995,0.0173001277039759
LVA,Latvia,1995,0.4776963533307
MAC,"Macao SAR, China",1995,0.141466174619325
MAF,St. Martin (French part),1995,
MAR,Morocco,1995,-6.85093735561554
MCO,Monaco,1995,1.36118434819619
MDA,Moldova,1995,-0.947765202549817
MDG,Madagascar,1995,-1.48672600372494
MDV,Maldives,1995,10.4205369646215
MEX,Mexico,1995,-7.570493728271
MHL,Marshall Islands,1995,6.97121573201034
MKD,North Macedonia,1995,-1.40506990392927
MLI,Mali,1995,-1.43053165283814
MLT,Malta,1995,5.60371150999319
MMR,Myanmar,1995,5.56695024355048
MNE,Montenegro,1995,
MNG,Mongolia,1995,4.67675252336375
MNP,Northern Mariana Islands,1995,
MOZ,Mozambique,1995,-3.80641661568473
MRT,Mauritania,1995,6.84808514783914
MUS,Mauritius,1995,3.39477636345491
MWI,Malawi,1995,16.8987563989012
MYS,Malaysia,1995,7.07315866013809
NAM,Namibia,1995,0.924653081983507
NCL,New Caledonia,1995,3.42078383494169
NER,Niger,1995,-0.878404477406505
NGA,Nigeria,1995,-2.6729475916287
NIC,Nicaragua,1995,3.77641566640617
NLD,Netherlands,1995,2.60797332606091
NOR,Norway,1995,3.61634550965195
NPL,Nepal,1995,1.01279328094282
NRU,Nauru,1995,-8.17712065666727
NZL,New Zealand,1995,3.19974240620451
OMN,Oman,1995,3.08090662761251
PAK,Pakistan,1995,1.97228554754696
PAN,Panama,1995,-0.302769545385956
PER,Peru,1995,5.34941937026248
PHL,Philippines,1995,2.3606395486743
PLW,Palau,1995,8.15893044538321
PNG,Papua New Guinea,1995,-6.7281630247188
POL,Poland,1995,7.78327567268047
PRI,Puerto Rico (US),1995,3.58766383111009
PRK,"Korea, Dem. People's Rep.",1995,
PRT,Portugal,1995,3.92237331178322
PRY,Paraguay,1995,4.29466444194986
PSE,West Bank and Gaza,1995,2.4270659709459
PYF,French Polynesia,1995,-1.9047640997783
QAT,Qatar,1995,-0.560501390372877
ROU,Romania,1995,6.44865941446349
RUS,Russia,1995,-4.12277236522603
RWA,Rwanda,1995,61.8735350146221
SAU,Saudi Arabia,1995,-3.75839336006798
SDN,Sudan,1995,3.22166623716427
SEN,Senegal,1995,2.79825042307988
SGP,Singapore,1995,3.9685677515225
SLB,Solomon Islands,1995,6.92444722853128
SLE,Sierra Leone,1995,-8.13346547365364
SLV,El Salvador,1995,3.86158381842201
SMR,San Marino,1995,
SOM,"Somalia, Fed. Rep.",1995,0.304750694625795
SRB,Serbia,1995,
SSD,South Sudan,1995,
STP,Sao Tome and Principe,1995,0.364462927056991
SUR,Suriname,1995,-1.68317016056574
SVK,Slovak Republic,1995,5.53421489297541
SVN,Slovenia,1995,4.08471371052772
SWE,Sweden,1995,3.54963299122375
SWZ,Eswatini,1995,4.90979831565213
SXM,Sint Maarten (Dutch part),1995,
SYC,Seychelles,1995,-0.981459839210345
SYR,Syrian Arab Republic,1995,4.03755108447395
TCA,Turks and Caicos Islands,1995,
TCD,Chad,1995,-3.1278218855421
TGO,Togo,1995,3.251830754685
THA,Thailand,1995,6.58833087971311
TJK,Tajikistan,1995,-14.2304868196184
TKM,Turkmenistan,1995,-8.85049827300539
TLS,Timor-Leste,1995,3.77468913704429
TON,Tonga,1995,6.16562631440283
TTO,Trinidad and Tobago,1995,3.2626377788537
TUN,Tunisia,1995,0.756163865617296
TUR,Turkiye,1995,6.12697954474808
TUV,Tuvalu,1995,-5.75172304445364
TZA,Tanzania,1995,0.368447209863618
UGA,Uganda,1995,8.51809025515809
UKR,Ukraine,1995,-11.5024738356575
URY,Uruguay,1995,-1.96071762661492
USA,United States,1995,1.46892916699841
UZB,Uzbekistan,1995,-2.86447069203842
VCT,St. Vincent and the Grenadines,1995,7.64367574826734
VEN,"Venezuela, RB",1995,1.75662202828958
VGB,British Virgin Islands,1995,
VIR,Virgin Islands (U.S.),1995,
VNM,Viet Nam,1995,7.72283797378608
VUT,Vanuatu,1995,-1.30636375843737
WSM,Samoa,1995,5.81082409795567
XKX,Kosovo,1995,
YEM,"Yemen, Rep.",1995,1.93932487457056
ZAF,South Africa,1995,1.85604954250009
ZMB,Zambia,1995,0.444103477737357
ZWE,Zimbabwe,1995,-0.76784253577739
ABW,Aruba,1996,-2.73386429761131
AFE,Africa Eastern and Southern,1996,2.74502731909163
AFG,Afghanistan,1996,
AFW,Africa Western and Central,1996,1.81386557247889
AGO,Angola,1996,9.76893815229334
ALB,Albania,1996,8.00551384353483
AND,Andorra,1996,4.53197827144704
ARE,United Arab Emirates,1996,-0.836570707044856
ARG,Argentina,1996,4.20805017284493
ARM,Armenia,1996,6.79679451868454
ASM,American Samoa,1996,
ATG,Antigua and Barbuda,1996,4.42573962263424
AUS,Australia,1996,2.61251726692284
AUT,Austria,1996,2.07784870159793
AZE,Azerbaijan,1996,0.280213889570334
BDI,Burundi,1996,-8.06350047055535
BEL,Belgium,1996,1.12365026891848
BEN,Benin,1996,1.62986021443862
BFA,Burkina Faso,1996,8.20998110484305
BGD,Bangladesh,1996,2.62954460746047
BGR,Bulgaria,1996,5.74937030570024
BHR,Bahrain,1996,1.40416077716732
BHS,"Bahamas, The",1996,2.5876999442699
BIH,Bosnia and Herzegovina,1996,47.8454189814323
BLR,Belarus,1996,3.14668598096435
BLZ,Belize,1996,-1.85800125948006
BMU,Bermuda,1996,2.10816879918625
BOL,Bolivia,1996,2.44811781398879
BRA,Brazil,1996,0.672968776246492
BRB,Barbados,1996,3.87935174789595
BRN,Brunei Darussalam,1996,-2.40064278413038
BTN,Bhutan,1996,5.41224511341356
BWA,Botswana,1996,3.27499725471586
CAF,Central African Republic,1996,-6.45635774727835
CAN,Canada,1996,0.631530881733894
CHE,Switzerland,1996,0.0285406433398379
CHI,Channel Islands,1996,
CHL,Chile,1996,5.61243124571355
CHN,China,1996,8.82951365878655
CIV,Cote d'Ivoire,1996,3.63603752351062
CMR,Cameroon,1996,1.4475466909911
COD,"Congo, Dem. Rep.",1996,-2.90765166387062
COG,"Congo, Rep.",1996,1.43771518416713
COL,Colombia,1996,0.213941191632387
COM,Comoros,1996,-2.20890470843038
CPV,Cabo Verde,1996,9.39028619703035
CRI,Costa Rica,1996,-0.997395703484344
CUB,Cuba,1996,7.47822503827842
CUW,Curacao,1996,
CYM,Cayman Islands,1996,
CYP,Cyprus,1996,-0.352429769131803
CZE,Czechia,1996,4.28988759442122
DEU,Germany,1996,0.745819197608739
DJI,Djibouti,1996,
DMA,Dominica,1996,3.1918365192295
DNK,Denmark,1996,2.31508116508303
DOM,Dominican Republic,1996,4.05142622944865
DZA,Algeria,1996,2.08184989450046
EAR,Early-demographic dividend,1996,3.53971338238608
ECS,Europe & Central Asia,1996,1.62408029804138
ECU,Ecuador,1996,-0.166942955094115
EGY,"Egypt, Arab Rep.",1996,2.83434543777562
ERI,Eritrea,1996,3.96150472866739
ESP,Spain,1996,2.18092390343854
EST,Estonia,1996,6.50278220805234
ETH,Ethiopia,1996,8.77685691778561
FIN,Finland,1996,3.32316149378687
FJI,Fiji,1996,4.14248160105227
FRA,France,1996,1.03528502888366
FRO,Faroe Islands,1996,
FSM,"Micronesia, Fed. Sts.",1996,-3.75813415548045
GAB,Gabon,1996,1.03427662418945
GBR,United Kingdom,1996,2.35396378671228
GEO,Georgia,1996,15.3128352453698
GHA,Ghana,1996,2.18761953564251
GIB,Gibraltar,1996,
GIN,Guinea,1996,1.5470699360467
GMB,"Gambia, The",1996,-0.690360718985545
GNB,Guinea-Bissau,1996,9.29819236395304
GNQ,Equatorial Guinea,1996,60.3410922687992
GRC,Greece,1996,0.936690833341629
GRD,Grenada,1996,3.72423125640337
GRL,Greenland,1996,1.34801010307754
GTM,Guatemala,1996,0.326032377839908
GUM,Guam,1996,
GUY,Guyana,1996,7.65203166896895
HKG,"Hong Kong SAR, China",1996,-0.267987767009188
HND,Honduras,1996,19.5352792735659
HRV,Croatia,1996,7.57433401029368
HTI,Haiti,1996,2.18145500226173
HUN,Hungary,1996,0.27332748929139
IDB,IDA blend,1996,1.95728537000686
IDN,Indonesia,1996,6.05859636441346
IMN,Isle of Man,1996,6.90175224377177
IND,India,1996,5.42226141059896
IRL,Ireland,1996,6.53331318104139
IRN,"Iran, Islamic Rep.",1996,5.20766542268932
IRQ,Iraq,1996,7.53308314950148
ISL,Iceland,1996,3.93497734946855
ISR,Israel,1996,3.10605874021471
ITA,Italy,1996,1.31710619734164
JAM,Jamaica,1996,-1.07569221177816
JOR,Jordan,1996,-1.24666808036049
JPN,Japan,1996,2.90014123428134
KAZ,Kazakhstan,1996,2.42544484330412
KEN,Kenya,1996,1.31900626661266
KGZ,Kyrgyz Republic,1996,5.51161045842127
KHM,Cambodia,1996,-1.77693528347505
KIR,Kiribati,1996,-1.73230175007257
KNA,St. Kitts and Nevis,1996,4.48268214386603
KOR,"Korea, Rep.",1996,6.9664053263099
KWT,Kuwait,1996,-2.22845237949566
LAO,Lao PDR,1996,4.46434380896963
LBN,Lebanon,1996,9.24362452355456
LBR,Liberia,1996,8.95052315118872
LBY,Libya,1996,0.484583325696249
LCA,St. Lucia,1996,1.39827512027458
LCN,Latin America & Caribbean,1996,2.21428366713671
LIE,Liechtenstein,1996,6.01996481773229
LKA,Sri Lanka,1996,1.8233928834009
LSO,Lesotho,1996,4.4737795209935
LTE,Late-demographic dividend,1996,4.07397493077409
LTU,Lithuania,1996,5.82855284120009
LUX,Luxembourg,1996,0.027252339399638
LVA,Latvia,1996,3.45875626105796
MAC,"Macao SAR, China",1996,-1.8112485513828
MAF,St. Martin (French part),1996,
MAR,Morocco,1996,10.6261769917233
MCO,Monaco,1996,0.386629436841616
MDA,Moldova,1996,-5.68841796095853
MDG,Madagascar,1996,-1.08018694336826
MDV,Maldives,1996,5.51602988994901
MEX,Mexico,1996,4.39127291010242
MHL,Marshall Islands,1996,-11.2390062062195
MKD,North Macedonia,1996,0.480270787981112
MLI,Mali,1996,4.09767423146987
MLT,Malta,1996,3.09824363982034
MMR,Myanmar,1996,5.08730337678504
MNE,Montenegro,1996,
MNG,Mongolia,1996,0.671279562919665
MNP,Northern Mariana Islands,1996,
MOZ,Mozambique,1996,7.12551466304502
MRT,Mauritania,1996,3.74699815689897
MUS,Mauritius,1996,4.51343261386261
MWI,Malawi,1996,5.22149204417653
MYS,Malaysia,1996,7.2619407567863
NAM,Namibia,1996,0.43724120271753
NCL,New Caledonia,1996,-1.83068993009077
NER,Niger,1996,-3.19125592898469
NGA,Nigeria,1996,1.50723164585267
NIC,Nicaragua,1996,4.38727575317672
NLD,Netherlands,1996,2.94449834083628
NOR,Norway,1996,4.49689278199928
NPL,Nepal,1996,3.02911523214613
NRU,Nauru,1996,-12.0153026740854
NZL,New Zealand,1996,1.98496136384595
OMN,Oman,1996,1.30704570533138
PAK,Pakistan,1996,1.83880828653224
PAN,Panama,1996,1.99565817140169
PER,Peru,1996,0.883745825089093
PHL,Philippines,1996,3.44957899709138
PLW,Palau,1996,7.52966723750706
PNG,Papua New Guinea,1996,3.9492432113811
POL,Poland,1996,6.01319811600105
PRI,Puerto Rico (US),1996,1.17230270783932
PRK,"Korea, Dem. People's Rep.",1996,
PRT,Portugal,1996,3.11580522976421
PRY,Paraguay,1996,-0.760754495670795
PSE,West Bank and Gaza,1996,-3.21774919288964
PYF,French Polynesia,1996,-2.15351526781588
QAT,Qatar,1996,1.47482709329236
ROU,Romania,1996,4.20752254376104
RUS,Russia,1996,-3.61497549497646
RWA,Rwanda,1996,-4.64228854077255
SAU,Saudi Arabia,1996,-0.741787099435172
SDN,Sudan,1996,3.52820988912499
SEN,Senegal,1996,-0.443182026754187
SGP,Singapore,1996,3.1909851392228
SLB,Solomon Islands,1996,-1.28334307048851
SLE,Sierra Leone,1996,1.26843628467385
SLV,El Salvador,1996,0.0620554724499129
SMR,San Marino,1996,
SOM,"Somalia, Fed. Rep.",1996,4.19202924808484
SRB,Serbia,1996,6.24963337834654
SSD,South Sudan,1996,
STP,Sao Tome and Principe,1996,-0.0318143345786694
SUR,Suriname,1996,-1.12297125235634
SVK,Slovak Republic,1996,5.89518837997754
SVN,Slovenia,1996,2.97799607802567
SWE,Sweden,1996,1.54298849078722
SWZ,Eswatini,1996,1.80600304729556
SXM,Sint Maarten (Dutch part),1996,
SYC,Seychelles,1996,8.3958454530317
SYR,Syrian Arab Republic,1996,6.89088933598605
TCA,Turks and Caicos Islands,1996,
TCD,Chad,1996,-2.21398378372668
TGO,Togo,1996,4.86520885642857
THA,Thailand,1996,4.20287810846418
TJK,Tajikistan,1996,-18.3194300083395
TKM,Turkmenistan,1996,4.88281215588242
TLS,Timor-Leste,1996,5.06129450080917
TON,Tonga,1996,0.0430089681125168
TTO,Trinidad and Tobago,1996,6.66021028344292
TUN,Tunisia,1996,5.61085297467285
TUR,Turkiye,1996,5.55499104784674
TUV,Tuvalu,1996,-6.58547612978641
TZA,Tanzania,1996,2.65168980698766
UGA,Uganda,1996,6.16502322616066
UKR,Ukraine,1996,-9.22795603769922
URY,Uruguay,1996,5.02200077420791
USA,United States,1996,2.57246399944282
UZB,Uzbekistan,1996,-0.191816644156489
VCT,St. Vincent and the Grenadines,1996,1.22344246518328
VEN,"Venezuela, RB",1996,-2.26024782234198
VGB,British Virgin Islands,1996,
VIR,Virgin Islands (U.S.),1996,
VNM,Viet Nam,1996,7.68622621093297
VUT,Vanuatu,1996,0.0677771442323802
WSM,Samoa,1996,6.2658800455369
XKX,Kosovo,1996,
YEM,"Yemen, Rep.",1996,1.17123054361929
ZAF,South Africa,1996,2.95596987945947
ZMB,Zambia,1996,3.64343431300713
ZWE,Zimbabwe,1996,8.54326710519177
ABW,Aruba,1997,2.97839664366641
AFE,Africa Eastern and Southern,1997,1.22809594714299
AFG,Afghanistan,1997,
AFW,Africa Western and Central,1997,1.58768178140116
AGO,Angola,1997,3.69291015107154
ALB,Albania,1997,-11.1576605254893
AND,Andorra,1997,7.86067895733267
ARE,United Arab Emirates,1997,-0.251832471408235
ARG,Argentina,1997,6.80582114293425
ARM,Armenia,1997,4.35375293195368
ASM,American Samoa,1997,
ATG,Antigua and Barbuda,1997,3.33223171042644
AUS,Australia,1997,2.79958588575271
AUT,Austria,1997,2.03015241563726
AZE,Azerbaijan,1997,4.78428235238688
BDI,Burundi,1997,-1.5824774393535
BEL,Belgium,1997,3.54280305613241
BEN,Benin,1997,2.65891588399134
BFA,Burkina Faso,1997,3.61102243460883
BGD,Bangladesh,1997,2.57102378007102
BGR,Bulgaria,1997,-13.5909226994504
BHR,Bahrain,1997,0.411529525314464
BHS,"Bahamas, The",1997,-0.222584467419338
BIH,Bosnia and Herzegovina,1997,31.7790126161015
BLR,Belarus,1997,11.8639521970984
BLZ,Belize,1997,0.813912719992345
BMU,Bermuda,1997,3.96729398940536
BOL,Bolivia,1997,3.07606050823537
BRA,Brazil,1997,1.8692443488235
BRB,Barbados,1997,4.69699251955964
BRN,Brunei Darussalam,1997,3.88335184862585
BTN,Bhutan,1997,3.5041831485531
BWA,Botswana,1997,5.86002742979099
CAF,Central African Republic,1997,2.44553463232529
CAN,Canada,1997,3.24897485599347
CHE,Switzerland,1997,2.01528322095787
CHI,Channel Islands,1997,
CHL,Chile,1997,5.96496367578787
CHN,China,1997,8.17484627382208
CIV,Cote d'Ivoire,1997,5.51590083803082
CMR,Cameroon,1997,1.79214014657076
COD,"Congo, Dem. Rep.",1997,-7.12163669713082
COG,"Congo, Rep.",1997,-2.72655328399637
COL,Colombia,1997,1.59578906492865
COM,Comoros,1997,2.62767770668948
CPV,Cabo Verde,1997,9.26550233677044
CRI,Costa Rica,1997,3.11977762053399
CUB,Cuba,1997,2.44769000630836
CUW,Curacao,1997,
CYM,Cayman Islands,1997,
CYP,Cyprus,1997,1.19626199107205
CZE,Czechia,1997,-0.48866001797569
DEU,Germany,1997,1.70540495204754
DJI,Djibouti,1997,
DMA,Dominica,1997,2.34930373458376
DNK,Denmark,1997,2.74063896703012
DOM,Dominican Republic,1997,7.01862158352682
DZA,Algeria,1997,-0.767068614422456
EAR,Early-demographic dividend,1997,2.85447622744421
ECS,Europe & Central Asia,1997,2.93952937021422
ECU,Ecuador,1997,2.41860087252594
EGY,"Egypt, Arab Rep.",1997,3.32846450125051
ERI,Eritrea,1997,6.72181364621743
ESP,Spain,1997,3.15405367665298
EST,Estonia,1997,14.3472160464527
ETH,Ethiopia,1997,-0.119280615629108
FIN,Finland,1997,6.0817680309835
FJI,Fiji,1997,-3.20552921674985
FRA,France,1997,2.16193589623612
FRO,Faroe Islands,1997,
FSM,"Micronesia, Fed. Sts.",1997,-6.51590445469162
GAB,Gabon,1997,3.10492993236622
GBR,United Kingdom,1997,4.61021097170145
GEO,Georgia,1997,14.1232447418547
GHA,Ghana,1997,1.74682048999631
GIB,Gibraltar,1997,
GIN,Guinea,1997,3.04206463987209
GMB,"Gambia, The",1997,1.96357415868005
GNB,Guinea-Bissau,1997,4.48886786202216
GNQ,Equatorial Guinea,1997,140.490577857747
GRC,Greece,1997,3.09310260480891
GRD,Grenada,1997,4.30836321717575
GRL,Greenland,1997,1.28773186957511
GTM,Guatemala,1997,1.72822661280783
GUM,Guam,1997,
GUY,Guyana,1997,5.94120905202725
HKG,"Hong Kong SAR, China",1997,4.22845216857921
HND,Honduras,1997,19.0501940282307
HRV,Croatia,1997,6.68718107911175
HTI,Haiti,1997,0.785892869122677
HUN,Hungary,1997,3.18554631713963
IDB,IDA blend,1997,-0.243570423845881
IDN,Indonesia,1997,3.01090769720686
IMN,Isle of Man,1997,7.31602122799377
IND,India,1997,2.02374489021264
IRL,Ireland,1997,9.91398623109119
IRN,"Iran, Islamic Rep.",1997,0.14269505881002
IRQ,Iraq,1997,17.5462697125811
ISL,Iceland,1997,3.29123630944122
ISR,Israel,1997,1.05577005544572
ITA,Italy,1997,1.87180969818361
JAM,Jamaica,1997,-2.04782575477212
JOR,Jordan,1997,0.569931792363377
JPN,Japan,1997,0.740905952757132
KAZ,Kazakhstan,1997,4.06306962919871
KEN,Kenya,1997,-2.23366307984048
KGZ,Kyrgyz Republic,1997,8.32417662505638
KHM,Cambodia,1997,-2.91199173422457
KIR,Kiribati,1997,-0.655302414292819
KNA,St. Kitts and Nevis,1997,5.46861986409
KOR,"Korea, Rep.",1997,5.29022802019921
KWT,Kuwait,1997,-0.819070755595845
LAO,Lao PDR,1997,4.66634480033544
LBN,Lebanon,1997,-0.755972338344009
LBR,Liberia,1997,90.8322668507269
LBY,Libya,1997,3.60796474601293
LCA,St. Lucia,1997,-2.08248177579216
LCN,Latin America & Caribbean,1997,3.79612243245396
LIE,Liechtenstein,1997,6.54193167078098
LKA,Sri Lanka,1997,4.40430271746983
LSO,Lesotho,1997,2.88404384128545
LTE,Late-demographic dividend,1997,4.62545370217362
LTU,Lithuania,1997,9.10266047464678
LUX,Luxembourg,1997,4.10663828807746
LVA,Latvia,1997,10.2650977955077
MAC,"Macao SAR, China",1997,-0.804714039124292
MAF,St. Martin (French part),1997,
MAR,Morocco,1997,-3.05848049935375
MCO,Monaco,1997,1.51661744831787
MDA,Moldova,1997,2.02368735233713
MDG,Madagascar,1997,0.372555082381069
MDV,Maldives,1997,6.22760939649747
MEX,Mexico,1997,5.4105352178055
MHL,Marshall Islands,1997,-7.36490438950175
MKD,North Macedonia,1997,2.23672096612285
MLI,Mali,1997,1.78182832553178
MLT,Malta,1997,4.4634104100862
MMR,Myanmar,1997,4.31262080345346
MNE,Montenegro,1997,
MNG,Mongolia,1997,2.43497398038362
MNP,Northern Mariana Islands,1997,
MOZ,Mozambique,1997,8.79691551855426
MRT,Mauritania,1997,-6.158469667584
MUS,Mauritius,1997,4.37241713991033
MWI,Malawi,1997,1.73065958671548
MYS,Malaysia,1997,4.68611382857154
NAM,Namibia,1997,1.55725793627271
NCL,New Caledonia,1997,-0.195960722861727
NER,Niger,1997,-1.78818258744471
NGA,Nigeria,1997,0.292131866739084
NIC,Nicaragua,1997,2.24599060138242
NLD,Netherlands,1997,3.71322161762264
NOR,Norway,1997,4.71527738632528
NPL,Nepal,1997,2.88786824199163
NRU,Nauru,1997,-9.07861489575517
NZL,New Zealand,1997,0.748379237952108
OMN,Oman,1997,4.39784180446976
PAK,Pakistan,1997,-1.80254112696187
PAN,Panama,1997,5.56495545354083
PER,Peru,1997,4.52636436123332
PHL,Philippines,1997,2.74055980419841
PLW,Palau,1997,-0.264852834914663
PNG,Papua New Guinea,1997,-7.26669749488677
POL,Poland,1997,6.28931151450062
PRI,Puerto Rico (US),1997,3.90993879974577
PRK,"Korea, Dem. People's Rep.",1997,
PRT,Portugal,1997,3.93579786843061
PRY,Paraguay,1997,1.91891657612904
PSE,West Bank and Gaza,1997,9.64623418634368
PYF,French Polynesia,1997,-1.70605641976239
QAT,Qatar,1997,24.9388543086998
ROU,Romania,1997,-4.5747304296564
RUS,Russia,1997,1.56770414975504
RWA,Rwanda,1997,-1.51287157331262
SAU,Saudi Arabia,1997,-1.2367563168653
SDN,Sudan,1997,15.5899602143833
SEN,Senegal,1997,0.642689765162558
SGP,Singapore,1997,4.73992674717256
SLB,Solomon Islands,1997,-3.70203446896066
SLE,Sierra Leone,1997,-7.08314721958494
SLV,El Salvador,1997,2.44459286819176
SMR,San Marino,1997,
SOM,"Somalia, Fed. Rep.",1997,-2.31159144349297
SRB,Serbia,1997,9.27221864432266
SSD,South Sudan,1997,
STP,Sao Tome and Principe,1997,-0.428599449412303
SUR,Suriname,1997,3.52096892509446
SVK,Slovak Republic,1997,5.29126136870515
SVN,Slovenia,1997,5.31284081186544
SWE,Sweden,1997,3.00599147276768
SWZ,Eswatini,1997,1.38270941621718
SXM,Sint Maarten (Dutch part),1997,
SYC,Seychelles,1997,10.8847957386616
SYR,Syrian Arab Republic,1997,2.30284558838696
TCA,Turks and Caicos Islands,1997,
TCD,Chad,1997,2.06853854681179
TGO,Togo,1997,10.8148777243175
THA,Thailand,1997,-4.04196098576827
TJK,Tajikistan,1997,0.466665814442905
TKM,Turkmenistan,1997,-12.8895821438518
TLS,Timor-Leste,1997,1.1763426433297
TON,Tonga,1997,-0.994486483653645
TTO,Trinidad and Tobago,1997,7.1187287096166
TUN,Tunisia,1997,4.02139832385444
TUR,Turkiye,1997,5.81746162836372
TUV,Tuvalu,1997,9.3245589994677
TZA,Tanzania,1997,1.45902793566377
UGA,Uganda,1997,2.09696413485794
UKR,Ukraine,1997,-2.16111095277036
URY,Uruguay,1997,7.97449289236334
USA,United States,1997,3.19716560770618
UZB,Uzbekistan,1997,3.39797706295913
VCT,St. Vincent and the Grenadines,1997,3.48502454079123
VEN,"Venezuela, RB",1997,4.21167918783001
VGB,British Virgin Islands,1997,
VIR,Virgin Islands (U.S.),1997,
VNM,Viet Nam,1997,6.59239957601929
VUT,Vanuatu,1997,2.67502125431653
WSM,Samoa,1997,-0.193253144597321
XKX,Kosovo,1997,
YEM,"Yemen, Rep.",1997,1.92969632778934
ZAF,South Africa,1997,1.37819585551415
ZMB,Zambia,1997,1.19524199921966
ZWE,Zimbabwe,1997,0.770794565665597
ABW,Aruba,1998,-0.487159557964318
AFE,Africa Eastern and Southern,1998,-0.827783979274102
AFG,Afghanistan,1998,
AFW,Africa Western and Central,1998,0.793213441634833
AGO,Angola,1998,1.24533172646349
ALB,Albania,1998,8.99380682261059
AND,Andorra,1998,2.11836793796665
ARE,United Arab Emirates,1998,-7.06429544482174
ARG,Argentina,1998,2.63654066984506
ARM,Armenia,1998,8.56710543978232
ASM,American Samoa,1998,
ATG,Antigua and Barbuda,1998,2.76572360104406
AUS,Australia,1998,3.63864607453812
AUT,Austria,1998,3.3793812628262
AZE,Azerbaijan,1998,8.96088676293809
BDI,Burundi,1998,2.76802982431101
BEL,Belgium,1998,1.74434797656973
BEN,Benin,1998,0.80483062510794
BFA,Burkina Faso,1998,4.38231550291239
BGD,Bangladesh,1998,3.20995244419584
BGR,Bulgaria,1998,4.4840245421659
BHR,Bahrain,1998,2.06527153677192
BHS,"Bahamas, The",1998,3.23454357427582
BIH,Bosnia and Herzegovina,1998,14.5879851619457
BLR,Belarus,1998,8.88936445502398
BLZ,Belize,1998,0.327844039583852
BMU,Bermuda,1998,3.10840062782201
BOL,Bolivia,1998,3.19121970002631
BRA,Brazil,1998,-1.14360390931397
BRB,Barbados,1998,3.71107319952932
BRN,Brunei Darussalam,1998,-8.76195618128142
BTN,Bhutan,1998,3.91677951253379
BWA,Botswana,1998,-1.75710977151495
CAF,Central African Republic,1998,1.89780136644271
CAN,Canada,1998,3.03423769242876
CHE,Switzerland,1998,2.72428479200173
CHI,Channel Islands,1998,
CHL,Chile,1998,2.83546295262515
CHN,China,1998,6.89019016050649
CIV,Cote d'Ivoire,1998,0.404815446696844
CMR,Cameroon,1998,1.98875448721377
COD,"Congo, Dem. Rep.",1998,-4.26088113381202
COG,"Congo, Rep.",1998,1.48155360506634
COL,Colombia,1998,-1.21587529995685
COM,Comoros,1998,-1.68271371705167
CPV,Cabo Verde,1998,10.7299407310629
CRI,Costa Rica,1998,4.85724857204252
CUB,Cuba,1998,-0.174678072264157
CUW,Curacao,1998,
CYM,Cayman Islands,1998,
CYP,Cyprus,1998,4.81777679624574
CZE,Czechia,1998,-0.298733210762791
DEU,Germany,1998,2.08015247927638
DJI,Djibouti,1998,
DMA,Dominica,1998,4.0369538099694
DNK,Denmark,1998,1.95536592147863
DOM,Dominican Republic,1998,4.95595590327112
DZA,Algeria,1998,3.43950503955708
EAR,Early-demographic dividend,1998,0.396635590253197
ECS,Europe & Central Asia,1998,2.45911297544805
ECU,Ecuador,1998,1.4116455525819
EGY,"Egypt, Arab Rep.",1998,3.29389108583953
ERI,Eritrea,1998,0.452407592557293
ESP,Spain,1998,3.87121830463626
EST,Estonia,1998,5.34690225116847
ETH,Ethiopia,1998,-6.44288564763505
FIN,Finland,1998,5.17468891307571
FJI,Fiji,1998,0.0533665427538494
FRA,France,1998,3.06997018708124
FRO,Faroe Islands,1998,
FSM,"Micronesia, Fed. Sts.",1998,2.55427307282692
GAB,Gabon,1998,0.890580320643267
GBR,United Kingdom,1998,2.94588672989829
GEO,Georgia,1998,5.68429106346969
GHA,Ghana,1998,2.18441521078265
GIB,Gibraltar,1998,
GIN,Guinea,1998,1.71255766162007
GMB,"Gambia, The",1998,0.636396539831622
GNB,Guinea-Bissau,1998,-23.8778523409397
GNQ,Equatorial Guinea,1998,19.0314989040498
GRC,Greece,1998,2.86526159290254
GRD,Grenada,1998,10.998703794283
GRL,Greenland,1998,7.56589978093101
GTM,Guatemala,1998,2.34123862089682
GUM,Guam,1998,
GUY,Guyana,1998,-1.85177439532187
HKG,"Hong Kong SAR, China",1998,-6.66507453315447
HND,Honduras,1998,8.65940440372148
HRV,Croatia,1998,2.31451163762773
HTI,Haiti,1998,0.293961772099124
HUN,Hungary,1998,4.09002256717154
IDB,IDA blend,1998,0.108663748833095
IDN,Indonesia,1998,-14.489150562289
IMN,Isle of Man,1998,12.0370958218258
IND,India,1998,4.14849485733681
IRL,Ireland,1998,7.63750483455645
IRN,"Iran, Islamic Rep.",1998,0.68737125932347
IRQ,Iraq,1998,30.8254376046276
ISL,Iceland,1998,5.87066560158962
ISR,Israel,1998,1.75806760751156
ITA,Italy,1998,1.7750842893435
JAM,Jamaica,1998,-3.16642937890479
JOR,Jordan,1998,0.658442073539419
JPN,Japan,1998,-1.53824407567605
KAZ,Kazakhstan,1998,0.579278352126394
KEN,Kenya,1998,0.478811112143987
KGZ,Kyrgyz Republic,1998,0.567335558764
KHM,Cambodia,1998,0.452139873018837
KIR,Kiribati,1998,2.60111875998274
KNA,St. Kitts and Nevis,1998,-1.77595335466278
KOR,"Korea, Rep.",1998,-5.62267154232035
KWT,Kuwait,1998,0.479689867621317
LAO,Lao PDR,1998,2.06080647085234
LBN,Lebanon,1998,1.85892264288059
LBR,Liberia,1998,17.6689843112672
LBY,Libya,1998,-4.97934471333424
LCA,St. Lucia,1998,4.83795668922615
LCN,Latin America & Caribbean,1998,1.32504796257453
LIE,Liechtenstein,1998,6.27762286609592
LKA,Sri Lanka,1998,2.74023742948491
LSO,Lesotho,1998,1.0335881718662
LTE,Late-demographic dividend,1998,1.91967693523655
LTU,Lithuania,1998,8.24426426596885
LUX,Luxembourg,1998,5.35583809477926
LVA,Latvia,1998,7.5594343825196
MAC,"Macao SAR, China",1998,-5.70097432319105
MAF,St. Martin (French part),1998,
MAR,Morocco,1998,5.6191020810503
MCO,Monaco,1998,2.84889260369977
MDA,Moldova,1998,-6.50442976428336
MDG,Madagascar,1998,0.572337045613963
MDV,Maldives,1998,5.51760973174864
MEX,Mexico,1998,4.45852674996333
MHL,Marshall Islands,1998,-1.58910018917851
MKD,North Macedonia,1998,2.83010081232176
MLI,Mali,1998,3.98606276193038
MLT,Malta,1998,4.44456709295284
MMR,Myanmar,1998,4.55299760975552
MNE,Montenegro,1998,5.22075029120799
MNG,Mongolia,1998,1.9142707948799
MNP,Northern Mariana Islands,1998,
MOZ,Mozambique,1998,7.88387808921387
MRT,Mauritania,1998,0.146944912525953
MUS,Mauritius,1998,4.96251942601155
MWI,Malawi,1998,1.67311324947686
MYS,Malaysia,1998,-9.60703707579333
NAM,Namibia,1998,0.699616557473064
NCL,New Caledonia,1998,-5.22945773355342
NER,Niger,1998,6.31303577624729
NGA,Nigeria,1998,-0.0648532095970893
NIC,Nicaragua,1998,2.1384399499342
NLD,Netherlands,1998,4.00446947960582
NOR,Norway,1998,2.05920289540578
NPL,Nepal,1998,1.01136751517303
NRU,Nauru,1998,-11.796625369622
NZL,New Zealand,1998,-0.0325316016859745
OMN,Oman,1998,-1.496337274152
PAK,Pakistan,1998,-0.242732275330027
PAN,Panama,1998,6.24441499576056
PER,Peru,1998,-2.18705299448793
PHL,Philippines,1998,-2.98474954559696
PLW,Palau,1998,-0.290664340906304
PNG,Papua New Guinea,1998,-7.09404356703858
POL,Poland,1998,4.58421234371184
PRI,Puerto Rico (US),1998,4.92588689891826
PRK,"Korea, Dem. People's Rep.",1998,
PRT,Portugal,1998,4.27961126929266
PRY,Paraguay,1998,-2.08878505050501
PSE,West Bank and Gaza,1998,11.4495735284097
PYF,French Polynesia,1998,0.0865317933867402
QAT,Qatar,1998,5.46365137697904
ROU,Romania,1998,-1.82682397441751
RUS,Russia,1998,-5.14311536211871
RWA,Rwanda,1998,4.46154584531892
SAU,Saudi Arabia,1998,-0.966317239561079
SDN,Sudan,1998,1.8044093130267
SEN,Senegal,1998,3.45290634461773
SGP,Singapore,1998,-5.45798667446206
SLB,Solomon Islands,1998,-1.51153942338946
SLE,Sierra Leone,1998,0.788222799625672
SLV,El Salvador,1998,2.02033395877885
SMR,San Marino,1998,6.12872599430349
SOM,"Somalia, Fed. Rep.",1998,2.26192984676543
SRB,Serbia,1998,5.77127675484668
SSD,South Sudan,1998,
STP,Sao Tome and Principe,1998,1.16804370483166
SUR,Suriname,1998,0.211310826230431
SVK,Slovak Republic,1998,3.68694784286308
SVN,Slovenia,1998,3.28887170317242
SWE,Sweden,1998,4.18797877983562
SWZ,Eswatini,1998,1.29408471711525
SXM,Sint Maarten (Dutch part),1998,
SYC,Seychelles,1998,0.482967628956303
SYR,Syrian Arab Republic,1998,4.06598851033671
TCA,Turks and Caicos Islands,1998,
TCD,Chad,1998,3.33471416519863
TGO,Togo,1998,-5.03100668335236
THA,Thailand,1998,-8.8321682116602
TJK,Tajikistan,1998,4.68935188724895
TKM,Turkmenistan,1998,5.30847915925526
TLS,Timor-Leste,1998,-4.63535853017653
TON,Tonga,1998,1.57220624694287
TTO,Trinidad and Tobago,1998,7.76236764753639
TUN,Tunisia,1998,3.46159826406904
TUR,Turkiye,1998,0.499222307705665
TUV,Tuvalu,1998,14.8778924542227
TZA,Tanzania,1998,1.02063893946291
UGA,Uganda,1998,1.83132276374145
UKR,Ukraine,1998,-1.10718093619529
URY,Uruguay,1998,4.00473000143258
USA,United States,1998,3.27222984199015
UZB,Uzbekistan,1998,2.6752358801326
VCT,St. Vincent and the Grenadines,1998,4.05432713327265
VEN,"Venezuela, RB",1998,-1.7017344675955
VGB,British Virgin Islands,1998,
VIR,Virgin Islands (U.S.),1998,
VNM,Viet Nam,1998,4.25766192653015
VUT,Vanuatu,1998,-0.915191995716683
WSM,Samoa,1998,1.41916707044376
XKX,Kosovo,1998,
YEM,"Yemen, Rep.",1998,2.71904691973516
ZAF,South Africa,1998,-0.711121199354281
ZMB,Zambia,1998,-2.96313567721118
ZWE,Zimbabwe,1998,0.893396715677412
ABW,Aruba,1999,-0.12596572599432
AFE,Africa Eastern and Southern,1999,-0.0228032207341045
AFG,Afghanistan,1999,
AFW,Africa Western and Central,1999,-1.21760005199664
AGO,Angola,1999,-1.1307987789491
ALB,Albania,1999,12.9639268824224
AND,Andorra,1999,3.57945484802578
ARE,United Arab Emirates,1999,-4.20539217851939
ARG,Argentina,1999,-4.49306655170841
ARM,Armenia,1999,4.64095231749397
ASM,American Samoa,1999,
ATG,Antigua and Barbuda,1999,1.94235195854947
AUS,Australia,1999,3.88549898573662
AUT,Austria,1999,3.56023814714031
AZE,Azerbaijan,1999,6.46158407611676
BDI,Burundi,1999,-3.35382029606878
BEL,Belgium,1999,3.30568109675036
BEN,Benin,1999,2.1324003787548
BFA,Burkina Faso,1999,4.29384816238002
BGD,Bangladesh,1999,2.70069249240193
BGR,Bulgaria,1999,-7.8810728954104
BHR,Bahrain,1999,1.58798229607446
BHS,"Bahamas, The",1999,5.72071861955573
BIH,Bosnia and Herzegovina,1999,8.43574267970043
BLR,Belarus,1999,3.86637869492188
BLZ,Belize,1999,5.72065023666906
BMU,Bermuda,1999,2.56233774996586
BOL,Bolivia,1999,-1.31118057425465
BRA,Brazil,1999,-0.984800297786677
BRB,Barbados,1999,0.303697654101057
BRN,Brunei Darussalam,1999,1.96732640011037
BTN,Bhutan,1999,5.54766474341531
BWA,Botswana,1999,7.32308245266344
CAF,Central African Republic,1999,0.804779828695573
CAN,Canada,1999,4.28983665547817
CHE,Switzerland,1999,1.17900570197709
CHI,Channel Islands,1999,
CHL,Chile,1999,-1.52035804686301
CHN,China,1999,6.80818759993021
CIV,Cote d'Ivoire,1999,-2.07680883648156
CMR,Cameroon,1999,1.77511312312416
COD,"Congo, Dem. Rep.",1999,-7.43165883288131
COG,"Congo, Rep.",1999,-5.17796321884211
COL,Colombia,1999,-5.85488076514964
COM,Comoros,1999,0.88368341102192
CPV,Cabo Verde,1999,9.54503889861623
CRI,Costa Rica,1999,2.0759808874472
CUB,Cuba,1999,5.8289371168088
CUW,Curacao,1999,
CYM,Cayman Islands,1999,
CYP,Cyprus,1999,3.82959819557441
CZE,Czechia,1999,1.4819978336992
DEU,Germany,1999,2.06358047476192
DJI,Djibouti,1999,
DMA,Dominica,1999,0.724194338825384
DNK,Denmark,1999,2.62716376228171
DOM,Dominican Republic,1999,4.25234098357188
DZA,Algeria,1999,1.77694241787516
EAR,Early-demographic dividend,1999,0.29009033856768
ECS,Europe & Central Asia,1999,2.78378213231578
ECU,Ecuador,1999,-6.41692756074212
EGY,"Egypt, Arab Rep.",1999,3.71403670912393
ERI,Eritrea,1999,-1.44917603320451
ESP,Spain,1999,3.98652877279852
EST,Estonia,1999,-0.717824690967987
ETH,Ethiopia,1999,1.92717241678638
FIN,Finland,1999,4.14725721747845
FJI,Fiji,1999,7.54827842644328
FRA,France,1999,2.86728569454124
FRO,Faroe Islands,1999,
FSM,"Micronesia, Fed. Sts.",1999,0.854418547249992
GAB,Gabon,1999,-11.2242968907633
GBR,United Kingdom,1999,2.60180734515576
GEO,Georgia,1999,5.00558453773334
GHA,Ghana,1999,1.882232640083
GIB,Gibraltar,1999,
GIN,Guinea,1999,1.51180792814343
GMB,"Gambia, The",1999,3.48466497383448
GNB,Guinea-Bissau,1999,14.6207205646875
GNQ,Equatorial Guinea,1999,20.8161079369241
GRC,Greece,1999,2.26587246758952
GRD,Grenada,1999,6.17920960237524
GRL,Greenland,1999,1.37788444524006
GTM,Guatemala,1999,1.26683252082374
GUM,Guam,1999,
GUY,Guyana,1999,2.83934433431648
HKG,"Hong Kong SAR, China",1999,1.53235223822557
HND,Honduras,1999,8.68151278385452
HRV,Croatia,1999,-0.419403223611098
HTI,Haiti,1999,0.830848511128352
HUN,Hungary,1999,3.37847426779435
IDB,IDA blend,1999,-0.562213907125681
IDN,Indonesia,1999,-0.712606708277562
IMN,Isle of Man,1999,12.2876785621037
IND,India,1999,6.79504192468139
IRL,Ireland,1999,9.2908795084814
IRN,"Iran, Islamic Rep.",1999,0.560168989485433
IRQ,Iraq,1999,13.8387011482436
ISL,Iceland,1999,2.64917861744279
ISR,Israel,1999,0.700091057272843
ITA,Italy,1999,1.66088992098732
JAM,Jamaica,1999,0.265019143424567
JOR,Jordan,1999,1.19180638460756
JPN,Japan,1999,-0.515740589995616
KAZ,Kazakhstan,1999,3.97519541542795
KEN,Kenya,1999,-0.603257549690113
KGZ,Kyrgyz Republic,1999,2.12663575288255
KHM,Cambodia,1999,10.7982054875931
KIR,Kiribati,1999,-5.53429931669956
KNA,St. Kitts and Nevis,1999,1.82436633230189
KOR,"Korea, Rep.",1999,10.8267064308936
KWT,Kuwait,1999,-4.66954369474961
LAO,Lao PDR,1999,5.4475157802012
LBN,Lebanon,1999,-2.25536834554141
LBR,Liberia,1999,15.202396479117
LBY,Libya,1999,-0.74350237690841
LCA,St. Lucia,1999,1.34383057850798
LCN,Latin America & Caribbean,1999,-0.990273608734753
LIE,Liechtenstein,1999,8.51597144502081
LKA,Sri Lanka,1999,2.38061253046646
LSO,Lesotho,1999,0.215961480049515
LTE,Late-demographic dividend,1999,3.76239474127418
LTU,Lithuania,1999,-0.392806939052534
LUX,Luxembourg,1999,6.723967085834
LVA,Latvia,1999,3.65872177157615
MAC,"Macao SAR, China",1999,-3.52370954037654
MAF,St. Martin (French part),1999,
MAR,Morocco,1999,0.193527268702582
MCO,Monaco,1999,2.84475445173365
MDA,Moldova,1999,-3.21641326739017
MDG,Madagascar,1999,1.35457204239148
MDV,Maldives,1999,4.3810051908541
MEX,Mexico,1999,1.12511671046124
MHL,Marshall Islands,1999,-2.28792384194793
MKD,North Macedonia,1999,3.84147389382692
MLI,Mali,1999,1.83497199806726
MLT,Malta,1999,4.10096902937691
MMR,Myanmar,1999,9.63242064027712
MNE,Montenegro,1999,-9.15167080621777
MNG,Mongolia,1999,1.62700695420628
MNP,Northern Mariana Islands,1999,
MOZ,Mozambique,1999,9.33253113812987
MRT,Mauritania,1999,0.938401960600132
MUS,Mauritius,1999,1.31474866707563
MWI,Malawi,1999,0.66457828968673
MYS,Malaysia,1999,3.63588919830164
NAM,Namibia,1999,0.830796514901323
NCL,New Caledonia,1999,-1.16837174714553
NER,Niger,1999,-3.59420117545913
NGA,Nigeria,1999,-2.03256096941413
NIC,Nicaragua,1999,5.51571518995972
NLD,Netherlands,1999,4.34658615125738
NOR,Norway,1999,1.37548680034543
NPL,Nepal,1999,2.48732085355503
NRU,Nauru,1999,-6.46732163625637
NZL,New Zealand,1999,4.82543761135132
OMN,Oman,1999,-1.05667687405796
PAK,Pakistan,1999,0.876623662652293
PAN,Panama,1999,3.1476339041262
PER,Peru,1999,-0.243054508218478
PHL,Philippines,1999,0.738331283023413
PLW,Palau,1999,-7.28690312682065
PNG,Papua New Guinea,1999,-1.62782619823496
POL,Poland,1999,4.70787806733438
PRI,Puerto Rico (US),1999,4.86331730461553
PRK,"Korea, Dem. People's Rep.",1999,
PRT,Portugal,1999,3.3205096130955
PRY,Paraguay,1999,-3.39883387970877
PSE,West Bank and Gaza,1999,5.54878290672016
PYF,French Polynesia,1999,0.295391159590849
QAT,Qatar,1999,-1.15743551900648
ROU,Romania,1999,-0.220150554902901
RUS,Russia,1999,6.72950292335021
RWA,Rwanda,1999,3.50365506460074
SAU,Saudi Arabia,1999,-4.16496281769805
SDN,Sudan,1999,0.524555771446217
SEN,Senegal,1999,3.79374220499105
SGP,Singapore,1999,4.87689184197752
SLB,Solomon Islands,1999,-3.12765542837077
SLE,Sierra Leone,1999,-2.48454916239004
SLV,El Salvador,1999,1.58990630941676
SMR,San Marino,1999,7.67279692432976
SOM,"Somalia, Fed. Rep.",1999,3.06398619740938
SRB,Serbia,1999,-10.0003160706524
SSD,South Sudan,1999,
STP,Sao Tome and Principe,1999,1.2831775781198
SUR,Suriname,1999,-3.40825462183219
SVK,Slovak Republic,1999,-0.574779582477817
SVN,Slovenia,1999,5.19284002726599
SWE,Sweden,1999,4.11994996519324
SWZ,Eswatini,1999,1.83934999328466
SXM,Sint Maarten (Dutch part),1999,
SYC,Seychelles,1999,-0.109437696562779
SYR,Syrian Arab Republic,1999,-5.97618190709545
TCA,Turks and Caicos Islands,1999,
TCD,Chad,1999,-4.11148626055815
TGO,Togo,1999,-0.374384292236613
THA,Thailand,1999,3.26905660525905
TJK,Tajikistan,1999,3.1654997926537
TKM,Turkmenistan,1999,14.3821501150928
TLS,Timor-Leste,1999,-27.1136472308212
TON,Tonga,1999,1.64280890829436
TTO,Trinidad and Tobago,1999,7.65646569196778
TUN,Tunisia,1999,4.79928371775667
TUR,Turkiye,1999,-4.33986843724782
TUV,Tuvalu,1999,-2.03034363495608
TZA,Tanzania,1999,2.09994947542917
UGA,Uganda,1999,4.60903573362658
UKR,Ukraine,1999,0.605336123329252
URY,Uruguay,1999,-1.96688389558119
USA,United States,1999,3.59198037193539
UZB,Uzbekistan,1999,2.84655466460448
VCT,St. Vincent and the Grenadines,1999,2.54179354025959
VEN,"Venezuela, RB",1999,-7.78823968801154
VGB,British Virgin Islands,1999,
VIR,Virgin Islands (U.S.),1999,
VNM,Viet Nam,1999,3.41694816736356
VUT,Vanuatu,1999,-1.72128358303503
WSM,Samoa,1999,1.40887608750961
XKX,Kosovo,1999,
YEM,"Yemen, Rep.",1999,0.593963694817944
ZAF,South Africa,1999,1.29020714023875
ZMB,Zambia,1999,1.88247300207094
ZWE,Zimbabwe,1999,-2.41007526346858
ABW,Aruba,2000,6.51922376579444
AFE,Africa Eastern and Southern,2000,0.537869667932483
AFG,Afghanistan,2000,
AFW,Africa Western and Central,2000,0.994886215857235
AGO,Angola,2000,-0.302928309232016
ALB,Albania,2000,8.14996793452505
AND,Andorra,2000,3.56776571144128
ARE,United Arab Emirates,2000,3.63193280286305
ARG,Argentina,2000,-1.90684139222867
ARM,Armenia,2000,4.13075887426186
ASM,American Samoa,2000,
ATG,Antigua and Barbuda,2000,4.43708445751554
AUS,Australia,2000,2.73354609011429
AUT,Austria,2000,2.94168464206538
AZE,Azerbaijan,2000,10.1910292674816
BDI,Burundi,2000,-2.89542791949714
BEL,Belgium,2000,3.46547823151502
BEN,Benin,2000,2.65043149973154
BFA,Burkina Faso,2000,-1.10710660159205
BGD,Bangladesh,2000,3.38671358983686
BGR,Bulgaria,2000,5.1050556930103
BHR,Bahrain,2000,2.55964691370853
BHS,"Bahamas, The",2000,2.79090551843051
BIH,Bosnia and Herzegovina,2000,4.66760700032494
BLR,Belarus,2000,6.29963628199231
BLZ,Belize,2000,8.63286312471467
BMU,Bermuda,2000,8.56055025926008
BOL,Bolivia,2000,0.762647490787714
BRA,Brazil,2000,2.96222044712435
BRB,Barbados,2000,4.62813476022488
BRN,Brunei Darussalam,2000,1.2515924816352
BTN,Bhutan,2000,0.881596585426465
BWA,Botswana,2000,-0.163772714868571
CAF,Central African Republic,2000,-5.13401462675454
CAN,Canada,2000,4.16394849476771
CHE,Switzerland,2000,3.37615748239699
CHI,Channel Islands,2000,
CHL,Chile,2000,3.72361873178446
CHN,China,2000,7.73418016479314
CIV,Cote d'Ivoire,2000,-2.98789209303686
CMR,Cameroon,2000,1.13442792226186
COD,"Congo, Dem. Rep.",2000,-9.84965913371938
COG,"Congo, Rep.",2000,3.53179165255042
COL,Colombia,2000,1.25270223212341
COM,Comoros,2000,-2.88945143643761
CPV,Cabo Verde,2000,12.5710382620585
CRI,Costa Rica,2000,1.87355738973982
CUB,Cuba,2000,5.56315407850497
CUW,Curacao,2000,
CYM,Cayman Islands,2000,
CYP,Cyprus,2000,4.84416050602792
CZE,Czechia,2000,4.3027395227283
DEU,Germany,2000,2.73729010710275
DJI,Djibouti,2000,
DMA,Dominica,2000,2.8764856526242
DNK,Denmark,2000,3.37790720232864
DOM,Dominican Republic,2000,2.96955695961634
DZA,Algeria,2000,2.35726435010288
EAR,Early-demographic dividend,2000,2.42433145888799
ECS,Europe & Central Asia,2000,4.27766979333867
ECU,Ecuador,2000,-0.648225387551591
EGY,"Egypt, Arab Rep.",2000,4.09609057659976
ERI,Eritrea,2000,-4.61837133772084
ESP,Spain,2000,4.73130032942612
EST,Estonia,2000,9.55642258870186
ETH,Ethiopia,2000,2.86806618904541
FIN,Finland,2000,5.53441379935349
FJI,Fiji,2000,-2.76154290467852
FRA,France,2000,3.42869029655284
FRO,Faroe Islands,2000,
FSM,"Micronesia, Fed. Sts.",2000,4.28467728576419
GAB,Gabon,2000,-4.3871748201515
GBR,United Kingdom,2000,4.15158061382745
GEO,Georgia,2000,3.84018024327052
GHA,Ghana,2000,1.12706117579829
GIB,Gibraltar,2000,
GIN,Guinea,2000,0.512194741763963
GMB,"Gambia, The",2000,2.65021456237223
GNB,Guinea-Bissau,2000,-0.908641384543557
GNQ,Equatorial Guinea,2000,12.1516339606444
GRC,Greece,2000,3.71272971778744
GRD,Grenada,2000,4.18122183760816
GRL,Greenland,2000,6.93956723449121
GTM,Guatemala,2000,1.17641998878537
GUM,Guam,2000,
GUY,Guyana,2000,-1.40881252207762
HKG,"Hong Kong SAR, China",2000,6.7184512388573
HND,Honduras,2000,6.65751932854472
HRV,Croatia,2000,3.96576608623806
HTI,Haiti,2000,-0.974737113523176
HUN,Hungary,2000,4.68094650632939
IDB,IDA blend,2000,0.867799913654977
IDN,Indonesia,2000,3.4278636272189
IMN,Isle of Man,2000,4.09055253299996
IND,India,2000,1.90763005816579
IRL,Ireland,2000,7.95480656981979
IRN,"Iran, Islamic Rep.",2000,4.29451656429561
IRQ,Iraq,2000,13.0301611362924
ISL,Iceland,2000,3.47861640541853
ISR,Israel,2000,5.75056411535006
ITA,Italy,2000,3.83504714661416
JAM,Jamaica,2000,0.181209199316882
JOR,Jordan,2000,2.10734677821851
JPN,Japan,2000,2.59289108643961
KAZ,Kazakhstan,2000,9.47962640033421
KEN,Kenya,2000,-2.38610693277963
KGZ,Kyrgyz Republic,2000,4.19610604345162
KHM,Cambodia,2000,8.25832877301973
KIR,Kiribati,2000,4.95143441733177
KNA,St. Kitts and Nevis,2000,8.46930909930006
KOR,"Korea, Rep.",2000,8.29254041446951
KWT,Kuwait,2000,1.76596434147542
LAO,Lao PDR,2000,4.03726532497247
LBN,Lebanon,2000,-0.39180673260141
LBR,Liberia,2000,23.9409230680701
LBY,Libya,2000,1.97930843294741
LCA,St. Lucia,2000,-1.15852753925388
LCN,Latin America & Caribbean,2000,2.1253809366097
LIE,Liechtenstein,2000,1.87954790344263
LKA,Sri Lanka,2000,4.0862744786218
LSO,Lesotho,2000,3.84034989034289
LTE,Late-demographic dividend,2000,6.19471336778412
LTU,Lithuania,2000,4.14861792867285
LUX,Luxembourg,2000,5.5104089136417
LVA,Latvia,2000,6.86619861333267
MAC,"Macao SAR, China",2000,4.96128697751081
MAF,St. Martin (French part),2000,
MAR,Morocco,2000,1.11923449171742
MCO,Monaco,2000,3.76615473587731
MDA,Moldova,2000,2.31558560482232
MDG,Madagascar,2000,1.19450196549229
MDV,Maldives,2000,2.14940822069896
MEX,Mexico,2000,3.42140514214798
MHL,Marshall Islands,2000,1.43606867628043
MKD,North Macedonia,2000,4.07405080631071
MLI,Mali,2000,-3.58595570295952
MLT,Malta,2000,18.911491477925
MMR,Myanmar,2000,12.482374612359
MNE,Montenegro,2000,3.27911916013548
MNG,Mongolia,2000,-0.187391049653314
MNP,Northern Mariana Islands,2000,
MOZ,Mozambique,2000,-1.43002745719546
MRT,Mauritania,2000,-6.55562473849811
MUS,Mauritius,2000,7.14471594691584
MWI,Malawi,2000,-0.830828162365975
MYS,Malaysia,2000,6.33603610574379
NAM,Namibia,2000,1.08624861082079
NCL,New Caledonia,2000,0.0082048320171566
NER,Niger,2000,-4.57504226731116
NGA,Nigeria,2000,2.24461411109775
NIC,Nicaragua,2000,2.67944162568968
NLD,Netherlands,2000,3.47747780858097
NOR,Norway,2000,2.65053093720739
NPL,Nepal,2000,4.37721035459148
NRU,Nauru,2000,-6.68214425925784
NZL,New Zealand,2000,2.26739583876633
OMN,Oman,2000,4.83264880749192
PAK,Pakistan,2000,1.35619796881565
PAN,Panama,2000,2.18230247843243
PER,Peru,2000,1.10433498225969
PHL,Philippines,2000,1.9282797124846
PLW,Palau,2000,-4.01065598578731
PNG,Papua New Guinea,2000,-5.80069881814661
POL,Poland,2000,5.75502267661936
PRI,Puerto Rico (US),2000,2.98675150054237
PRK,"Korea, Dem. People's Rep.",2000,
PRT,Portugal,2000,3.08905313202446
PRY,Paraguay,2000,-4.18580870385856
PSE,West Bank and Gaza,2000,-10.8625929085069
PYF,French Polynesia,2000,1.63790019281309
QAT,Qatar,2000,2.58659735173823
ROU,Romania,2000,2.59397523199067
RUS,Russia,2000,10.4637091559227
RWA,Rwanda,2000,7.49987106581409
SAU,Saudi Arabia,2000,0.150492543589365
SDN,Sudan,2000,3.37132975440942
SEN,Senegal,2000,1.41335705319622
SGP,Singapore,2000,7.16598820156491
SLB,Solomon Islands,2000,-16.2171420100004
SLE,Sierra Leone,2000,4.10749847441832
SLV,El Salvador,2000,0.626535379070958
SMR,San Marino,2000,0.883025780040143
SOM,"Somalia, Fed. Rep.",2000,2.90945170867951
SRB,Serbia,2000,6.39450401120698
SSD,South Sudan,2000,
STP,Sao Tome and Principe,2000,-0.65084592250922
SUR,Suriname,2000,0.016412852428175
SVK,Slovak Republic,2000,0.925761788954276
SVN,Slovenia,2000,3.1919411832727
SWE,Sweden,2000,4.46324425617721
SWZ,Eswatini,2000,0.72128383137229
SXM,Sint Maarten (Dutch part),2000,
SYC,Seychelles,2000,3.32671456371403
SYR,Syrian Arab Republic,2000,-1.80421522520456
TCA,Turks and Caicos Islands,2000,
TCD,Chad,2000,-4.24950215625832
TGO,Togo,2000,-3.48137743099034
THA,Thailand,2000,3.28023479514871
TJK,Tajikistan,2000,7.00808967496647
TKM,Turkmenistan,2000,3.38607015598539
TLS,Timor-Leste,2000,77.0895736636832
TON,Tonga,2000,3.1164781634571
TTO,Trinidad and Tobago,2000,6.49101487437005
TUN,Tunisia,2000,3.54145974209786
TUR,Turkiye,2000,5.62145840894716
TUV,Tuvalu,2000,-1.46854206811803
TZA,Tanzania,2000,1.59942658531416
UGA,Uganda,2000,-0.0506112736721605
UKR,Ukraine,2000,6.79706549402465
URY,Uruguay,2000,-2.29597374962009
USA,United States,2000,2.92586254370109
UZB,Uzbekistan,2000,2.53200282225691
VCT,St. Vincent and the Grenadines,2000,1.47880127546429
VEN,"Venezuela, RB",2000,1.74180263726997
VGB,British Virgin Islands,2000,
VIR,Virgin Islands (U.S.),2000,
VNM,Viet Nam,2000,5.58792950410756
VUT,Vanuatu,2000,3.5178018108289
WSM,Samoa,2000,4.27745070826087
XKX,Kosovo,2000,
YEM,"Yemen, Rep.",2000,2.96401092010485
ZAF,South Africa,2000,3.25127058182207
ZMB,Zambia,2000,1.01793976595019
ZWE,Zimbabwe,2000,-3.94437178277245
ABW,Aruba,2001,3.21240568796392
AFE,Africa Eastern and Southern,2001,0.858579280901367
AFG,Afghanistan,2001,-10.1194841059326
AFW,Africa Western and Central,2001,2.34101950539571
AGO,Angola,2001,0.769184668379836
ALB,Albania,2001,9.89019357107392
AND,Andorra,2001,7.84516813384302
ARE,United Arab Emirates,2001,-4.86457732769431
ARG,Argentina,2001,-5.45263903304014
ARM,Armenia,2001,9.91735475361723
ASM,American Samoa,2001,
ATG,Antigua and Barbuda,2001,-5.99992111346744
AUS,Australia,2001,0.729781869182801
AUT,Austria,2001,0.929888060915275
AZE,Azerbaijan,2001,9.05182203818752
BDI,Burundi,2001,-0.469619802706177
BEL,Belgium,2001,0.752467698420773
BEN,Benin,2001,2.16452439056758
BFA,Burkina Faso,2001,3.40975770830711
BGD,Bangladesh,2001,3.34027882244948
BGR,Bulgaria,2001,5.91115958058398
BHR,Bahrain,2001,-1.18735356761402
BHS,"Bahamas, The",2001,1.37353399953901
BIH,Bosnia and Herzegovina,2001,1.94134423240946
BLR,Belarus,2001,5.26389218814623
BLZ,Belize,2001,1.78938135201594
BMU,Bermuda,2001,6.67303905692422
BOL,Bolivia,2001,-0.0171004578048155
BRA,Brazil,2001,0.0770005208743356
BRB,Barbados,2001,-2.50014582126109
BRN,Brunei Darussalam,2001,-0.64060526761881
BTN,Bhutan,2001,4.8804269584859
BWA,Botswana,2001,-1.79114300046759
CAF,Central African Republic,2001,2.17071826482889
CAN,Canada,2001,0.774519407466116
CHE,Switzerland,2001,0.934949672470367
CHI,Channel Islands,2001,
CHL,Chile,2001,1.96875181903661
CHN,China,2001,7.52872737128337
CIV,Cote d'Ivoire,2001,-4.73706957562547
CMR,Cameroon,2001,1.61992408023583
COD,"Congo, Dem. Rep.",2001,-5.1521414670669
COG,"Congo, Rep.",2001,-0.041524211389671
COL,Colombia,2001,0.0920725777672828
COM,Comoros,2001,3.27352621774114
CPV,Cabo Verde,2001,0.682276166499946
CRI,Costa Rica,2001,1.65293176701229
CUB,Cuba,2001,2.86074719657753
CUW,Curacao,2001,3.00794601323111
CYM,Cayman Islands,2001,
CYP,Cyprus,2001,2.83811951306716
CZE,Czechia,2001,3.30462712952885
DEU,Germany,2001,1.46530767364665
DJI,Djibouti,2001,
DMA,Dominica,2001,0.262506178015016
DNK,Denmark,2001,0.588959728591007
DOM,Dominican Republic,2001,0.870183146599885
DZA,Algeria,2001,1.59517814379704
EAR,Early-demographic dividend,2001,-0.65661745333675
ECS,Europe & Central Asia,2001,2.08764486885423
ECU,Ecuador,2001,2.41820763888565
EGY,"Egypt, Arab Rep.",2001,1.35955211640928
ERI,Eritrea,2001,5.69571154371637
ESP,Spain,2001,3.20031684797794
EST,Estonia,2001,6.55731967784041
ETH,Ethiopia,2001,5.06530432457272
FIN,Finland,2001,2.40682902219235
FJI,Fiji,2001,0.95706444404766
FRA,France,2001,1.1593271284506
FRO,Faroe Islands,2001,
FSM,"Micronesia, Fed. Sts.",2001,1.52926595820708
GAB,Gabon,2001,-0.517762468580202
GBR,United Kingdom,2001,1.9975992432021
GEO,Georgia,2001,6.44578529290918
GHA,Ghana,2001,1.26692433665509
GIB,Gibraltar,2001,
GIN,Guinea,2001,2.30947074547048
GMB,"Gambia, The",2001,2.97441795005224
GNB,Guinea-Bissau,2001,2.58170548418317
GNQ,Equatorial Guinea,2001,53.2356880825419
GRC,Greece,2001,4.10776514479092
GRD,Grenada,2001,-2.51021033342408
GRL,Greenland,2001,0.920568578995386
GTM,Guatemala,2001,0.0085642475433189
GUM,Guam,2001,
GUY,Guyana,2001,2.32701717600905
HKG,"Hong Kong SAR, China",2001,-0.177510266157995
HND,Honduras,2001,-0.0161960531288656
HRV,Croatia,2001,7.15592999825914
HTI,Haiti,2001,-2.14318391327505
HUN,Hungary,2001,4.30099676765016
IDB,IDA blend,2001,1.26474256081457
IDN,Indonesia,2001,2.21481343921472
IMN,Isle of Man,2001,4.27400134298588
IND,India,2001,2.88134658268626
IRL,Ireland,2001,3.64246980676886
IRN,"Iran, Islamic Rep.",2001,0.823553037936534
IRQ,Iraq,2001,-1.35847551126994
ISL,Iceland,2001,2.46972063629258
ISR,Israel,2001,-2.05810142001393
ITA,Italy,2001,1.94399983338882
JAM,Jamaica,2001,0.704785923037818
JOR,Jordan,2001,3.12682361391026
JPN,Japan,2001,0.144511690081188
KAZ,Kazakhstan,2001,12.9575000867226
KEN,Kenya,2001,0.575576747494395
KGZ,Kyrgyz Republic,2001,4.3267567743611
KHM,Cambodia,2001,5.72566644409127
KIR,Kiribati,2001,-4.99043248812092
KNA,St. Kitts and Nevis,2001,4.07351451919244
KOR,"Korea, Rep.",2001,3.92550900636917
KWT,Kuwait,2001,-2.45214152569666
LAO,Lao PDR,2001,4.02249661411516
LBN,Lebanon,2001,2.12758024747754
LBR,Liberia,2001,-0.0567743363726407
LBY,Libya,2001,-3.55569593532938
LCA,St. Lucia,2001,-4.38521361096242
LCN,Latin America & Caribbean,2001,-0.859575809542434
LIE,Liechtenstein,2001,-2.37488109909029
LKA,Sri Lanka,2001,-3.08904716018746
LSO,Lesotho,2001,3.71996350434441
LTE,Late-demographic dividend,2001,4.42737619550056
LTU,Lithuania,2001,7.36519017903279
LUX,Luxembourg,2001,1.8545751855653
LVA,Latvia,2001,7.8444195658347
MAC,"Macao SAR, China",2001,2.1057298683224
MAF,St. Martin (French part),2001,
MAR,Morocco,2001,6.22462901700752
MCO,Monaco,2001,2.21292868129454
MDA,Moldova,2001,6.33753269392803
MDG,Madagascar,2001,2.76590524360817
MDV,Maldives,2001,-5.53403935759995
MEX,Mexico,2001,-1.9162965888934
MHL,Marshall Islands,2001,6.05783765607725
MKD,North Macedonia,2001,-3.47368322147879
MLI,Mali,2001,12.3755665966627
MLT,Malta,2001,-1.49982972622371
MMR,Myanmar,2001,10.1756123569494
MNE,Montenegro,2001,0.693867401671582
MNG,Mongolia,2001,1.69858502304278
MNP,Northern Mariana Islands,2001,
MOZ,Mozambique,2001,10.3674476794306
MRT,Mauritania,2001,-3.21840327415039
MUS,Mauritius,2001,2.5342628530189
MWI,Malawi,2001,-7.24640554406461
MYS,Malaysia,2001,-1.86947729075297
NAM,Namibia,2001,-0.914261311645021
NCL,New Caledonia,2001,
NER,Niger,2001,3.56959177749576
NGA,Nigeria,2001,3.07926731844439
NIC,Nicaragua,2001,1.64157183542785
NLD,Netherlands,2001,1.55410416356578
NOR,Norway,2001,1.55192755877651
NPL,Nepal,2001,3.11851050390348
NRU,Nauru,2001,-6.41132789982009
NZL,New Zealand,2001,2.80339857456191
OMN,Oman,2001,3.34135289623774
PAK,Pakistan,2001,0.793239199866164
PAN,Panama,2001,-0.995989550927675
PER,Peru,2001,-0.748837166204879
PHL,Philippines,2001,0.800810377832349
PLW,Palau,2001,6.38071260767974
PNG,Papua New Guinea,2001,-3.45795715085934
POL,Poland,2001,1.26167597595419
PRI,Puerto Rico (US),2001,6.08604917663311
PRK,"Korea, Dem. People's Rep.",2001,
PRT,Portugal,2001,1.22726326221765
PRY,Paraguay,2001,-2.49369285917085
PSE,West Bank and Gaza,2001,-11.5990690763047
PYF,French Polynesia,2001,-1.87670498388422
QAT,Qatar,2001,-1.14955560400423
ROU,Romania,2001,6.69667366637488
RUS,Russia,2001,5.54671833932643
RWA,Rwanda,2001,7.52679928708999
SAU,Saudi Arabia,2001,-4.74097088807815
SDN,Sudan,2001,3.51515858633522
SEN,Senegal,2001,1.81176865944212
SGP,Singapore,2001,-3.70366595204537
SLB,Solomon Islands,2001,-9.73056127432767
SLE,Sierra Leone,2001,-11.7160994484665
SLV,El Salvador,2001,0.462204790046101
SMR,San Marino,2001,4.24028336900209
SOM,"Somalia, Fed. Rep.",2001,2.92091623470341
SRB,Serbia,2001,6.96228282256826
SSD,South Sudan,2001,
STP,Sao Tome and Principe,2001,1.4048895414449
SUR,Suriname,2001,2.07621012945627
SVK,Slovak Republic,2001,3.1136989179886
SVN,Slovenia,2001,2.66685838002488
SWE,Sweden,2001,1.08904749433709
SWZ,Eswatini,2001,0.48113089277777
SXM,Sint Maarten (Dutch part),2001,
SYC,Seychelles,2001,-2.35661333545873
SYR,Syrian Arab Republic,2001,-1.40284325455362
TCA,Turks and Caicos Islands,2001,
TCD,Chad,2001,7.9544570688811
TGO,Togo,2001,-1.80051289577126
THA,Thailand,2001,2.39873161764822
TJK,Tajikistan,2001,7.48337681079825
TKM,Turkmenistan,2001,2.27429126448536
TLS,Timor-Leste,2001,6.72745528143174
TON,Tonga,2001,0.8921026437352
TTO,Trinidad and Tobago,2001,3.71328614066861
TUN,Tunisia,2001,2.6947331733366
TUR,Turkiye,2001,-6.62846843803128
TUV,Tuvalu,2001,-0.43813895263925
TZA,Tanzania,2001,3.25057961835962
UGA,Uganda,2001,2.01473762716464
UKR,Ukraine,2001,9.79657550011422
URY,Uruguay,2001,-4.08038978630051
USA,United States,2001,-0.0387319237247254
UZB,Uzbekistan,2001,2.90496458528349
VCT,St. Vincent and the Grenadines,2001,1.78767492091447
VEN,"Venezuela, RB",2001,1.51834092591805
VGB,British Virgin Islands,2001,
VIR,Virgin Islands (U.S.),2001,
VNM,Viet Nam,2001,5.08240100546193
VUT,Vanuatu,2001,-5.79960877399309
WSM,Samoa,2001,6.52181954391313
XKX,Kosovo,2001,
YEM,"Yemen, Rep.",2001,0.714060018641518
ZAF,South Africa,2001,1.82108406092082
ZMB,Zambia,2001,2.17981803196589
ZWE,Zimbabwe,2001,0.762971447403842
ABW,Aruba,2002,-1.62809915245946
AFE,Africa Eastern and Southern,2002,1.24219117699475
AFG,Afghanistan,2002,22.0201902696299
AFW,Africa Western and Central,2002,6.89607804633479
AGO,Angola,2002,9.85780236264037
ALB,Albania,2002,4.94262296313663
AND,Andorra,2002,3.51828473360374
ARE,United Arab Emirates,2002,-3.6045063779694
ARG,Argentina,2002,-11.8423138177008
ARM,Armenia,2002,13.6245265308361
ASM,American Samoa,2002,
ATG,Antigua and Barbuda,2002,-0.235736724833515
AUS,Australia,2002,2.7740361493122
AUT,Austria,2002,0.986311683800295
AZE,Azerbaijan,2002,8.62535106573642
BDI,Burundi,2002,1.54204707066606
BEL,Belgium,2002,1.25199428184297
BEN,Benin,2002,1.50964025698303
BFA,Burkina Faso,2002,1.17736897014072
BGD,Bangladesh,2002,2.24286058481829
BGR,Bulgaria,2002,8.19521633481884
BHR,Bahrain,2002,-3.81287513307996
BHS,"Bahamas, The",2002,1.5348629318823
BIH,Bosnia and Herzegovina,2002,4.81267516142945
BLR,Belarus,2002,5.71608251433059
BLZ,Belize,2002,2.25779720240918
BMU,Bermuda,2002,-1.91378569899915
BOL,Bolivia,2002,0.785766490656115
BRA,Brazil,2002,1.7820430814383
BRB,Barbados,2002,0.129980080741561
BRN,Brunei Darussalam,2002,1.8968766451203
BTN,Bhutan,2002,8.03559524029754
BWA,Botswana,2002,4.09320837350506
CAF,Central African Republic,2002,1.37690566221247
CAN,Canada,2002,1.88796484648248
CHE,Switzerland,2002,-0.826280599815533
CHI,Channel Islands,2002,
CHL,Chile,2002,2.06991885847773
CHN,China,2002,8.51390950160066
CIV,Cote d'Ivoire,2002,-5.21173930372343
CMR,Cameroon,2002,1.71295981541175
COD,"Congo, Dem. Rep.",2002,-0.150938085596692
COG,"Congo, Rep.",2002,2.1400863574699
COL,Colombia,2002,0.939608606713477
COM,Comoros,2002,2.40756578317429
CPV,Cabo Verde,2002,3.72907261625122
CRI,Costa Rica,2002,1.72295991851902
CUB,Cuba,2002,1.12278132692103
CUW,Curacao,2002,0.274293371213943
CYM,Cayman Islands,2002,
CYP,Cyprus,2002,2.54108667123634
CZE,Czechia,2002,1.7094695893478
DEU,Germany,2002,-0.395859338643859
DJI,Djibouti,2002,
DMA,Dominica,2002,-3.19940574714551
DNK,Denmark,2002,0.13609648331196
DOM,Dominican Republic,2002,2.9290209406912
DZA,Algeria,2002,4.00705031536965
EAR,Early-demographic dividend,2002,-0.047650326758145
ECS,Europe & Central Asia,2002,1.37045933645086
ECU,Ecuador,2002,3.10935393746668
EGY,"Egypt, Arab Rep.",2002,0.258696268364815
ERI,Eritrea,2002,-0.47685782309577
ESP,Spain,2002,1.31414120540325
EST,Estonia,2002,7.61250041092767
ETH,Ethiopia,2002,-1.52885894017255
FIN,Finland,2002,1.44115409187744
FJI,Fiji,2002,2.18333270830786
FRA,France,2002,0.335619014023663
FRO,Faroe Islands,2002,
FSM,"Micronesia, Fed. Sts.",2002,0.369093335060285
GAB,Gabon,2002,-2.88501235798608
GBR,United Kingdom,2002,1.27936543722539
GEO,Georgia,2002,6.42465284351501
GHA,Ghana,2002,1.6652639048673
GIB,Gibraltar,2002,
GIN,Guinea,2002,3.5387047162788
GMB,"Gambia, The",2002,-5.81287900613223
GNB,Guinea-Bissau,2002,1.40014043705072
GNQ,Equatorial Guinea,2002,12.258597420866
GRC,Greece,2002,4.30010645802261
GRD,Grenada,2002,3.0394289508191
GRL,Greenland,2002,-1.3491298806964
GTM,Guatemala,2002,1.48647617022837
GUM,Guam,2002,
GUY,Guyana,2002,1.24188408073948
HKG,"Hong Kong SAR, China",2002,1.20749745493134
HND,Honduras,2002,1.0499116620788
HRV,Croatia,2002,5.74105880477116
HTI,Haiti,2002,-0.729374655833098
HUN,Hungary,2002,5.02871060786862
IDB,IDA blend,2002,3.76207698804423
IDN,Indonesia,2002,3.09230929876641
IMN,Isle of Man,2002,5.10192250991517
IND,India,2002,1.94070548515326
IRL,Ireland,2002,4.12975527664135
IRN,"Iran, Islamic Rep.",2002,7.19000975928768
IRQ,Iraq,2002,-11.0582696179366
ISL,Iceland,2002,-0.351156727256466
ISR,Israel,2002,-2.12531106462188
ITA,Italy,2002,0.0717374312631875
JAM,Jamaica,2002,1.37273149144548
JOR,Jordan,2002,3.57676471497919
JPN,Japan,2002,-0.190392013639268
KAZ,Kazakhstan,2002,9.23105777770729
KEN,Kenya,2002,-2.56736280977373
KGZ,Kyrgyz Republic,2002,-0.931486114215559
KHM,Cambodia,2002,4.63862356700642
KIR,Kiribati,2002,-0.673840916592098
KNA,St. Kitts and Nevis,2002,0.797218805613539
KOR,"Korea, Rep.",2002,7.12308072036979
KWT,Kuwait,2002,0.421240897856848
LAO,Lao PDR,2002,4.23097600258968
LBN,Lebanon,2002,1.99615029951745
LBR,Liberia,2002,1.09938923491595
LBY,Libya,2002,-2.84267783712218
LCA,St. Lucia,2002,-0.455758268918373
LCN,Latin America & Caribbean,2002,-1.12003130422546
LIE,Liechtenstein,2002,-2.46311446328741
LKA,Sri Lanka,2002,2.8865391549469
LSO,Lesotho,2002,1.0355999970419
LTE,Late-demographic dividend,2002,5.3357261864265
LTU,Lithuania,2002,7.57999763692278
LUX,Luxembourg,2002,2.14961081258387
LVA,Latvia,2002,8.92368151151518
MAC,"Macao SAR, China",2002,7.78694490504645
MAF,St. Martin (French part),2002,
MAR,Morocco,2002,2.33486055707684
MCO,Monaco,2002,1.10439722287524
MDA,Moldova,2002,8.04993224916466
MDG,Madagascar,2002,-14.9882005086862
MDV,Maldives,2002,5.48472446317076
MEX,Mexico,2002,-1.66063053524651
MHL,Marshall Islands,2002,3.02717549564456
MKD,North Macedonia,2002,2.23345659919198
MLI,Mali,2002,-0.11560887230587
MLT,Malta,2002,1.97804086607248
MMR,Myanmar,2002,10.9072271265814
MNE,Montenegro,2002,1.496373122454
MNG,Mongolia,2002,3.39545599901953
MNP,Northern Mariana Islands,2002,
MOZ,Mozambique,2002,7.23540386040537
MRT,Mauritania,2002,-0.835751865823852
MUS,Mauritius,2002,0.911910216881267
MWI,Malawi,2002,-0.760072947056585
MYS,Malaysia,2002,2.87262555049826
NAM,Namibia,2002,2.96331356534192
NCL,New Caledonia,2002,
NER,Niger,2002,1.27795509678579
NGA,Nigeria,2002,12.2103862832199
NIC,Nicaragua,2002,-0.460685992278769
NLD,Netherlands,2002,-0.392037086310523
NOR,Norway,2002,0.832308736735257
NPL,Nepal,2002,-1.39074360828988
NRU,Nauru,2002,-9.5427609001939
NZL,New Zealand,2002,2.9101304553614
OMN,Oman,2002,-1.92709599366199
PAK,Pakistan,2002,0.110981031379026
PAN,Panama,2002,0.549728555297065
PER,Peru,2002,4.20293608263907
PHL,Philippines,2002,1.63440956717702
PLW,Palau,2002,3.90423259365231
PNG,Papua New Guinea,2002,-3.45493602471663
POL,Poland,2002,1.94840486282048
PRI,Puerto Rico (US),2002,0.78642430938811
PRK,"Korea, Dem. People's Rep.",2002,
PRT,Portugal,2002,0.220543241020806
PRY,Paraguay,2002,-1.42073243570553
PSE,West Bank and Gaza,2002,-14.696224583011
PYF,French Polynesia,2002,-0.650790590620005
QAT,Qatar,2002,2.16668917936438
ROU,Romania,2002,7.65586943426131
RUS,Russia,2002,5.18275023824988
RWA,Rwanda,2002,11.6682445124781
SAU,Saudi Arabia,2002,-5.50962678622284
SDN,Sudan,2002,3.04640852451755
SEN,Senegal,2002,-2.35286664944574
SGP,Singapore,2002,2.97922962062731
SLB,Solomon Islands,2002,-4.61497956625686
SLE,Sierra Leone,2002,19.430674044243
SLV,El Salvador,2002,1.25783126943534
SMR,San Marino,2002,-0.959002843255874
SOM,"Somalia, Fed. Rep.",2002,3.66803447110399
SRB,Serbia,2002,6.58937282180869
SSD,South Sudan,2002,
STP,Sao Tome and Principe,2002,0.9147926463327
SUR,Suriname,2002,0.731583130433549
SVK,Slovak Republic,2002,4.45521871825531
SVN,Slovenia,2002,3.15467990613811
SWE,Sweden,2002,1.94541903904167
SWZ,Eswatini,2002,3.26561899934499
SXM,Sint Maarten (Dutch part),2002,
SYC,Seychelles,2002,-1.83480695440478
SYR,Syrian Arab Republic,2002,1.47328181768793
TCA,Turks and Caicos Islands,2002,
TCD,Chad,2002,4.77730878839424
TGO,Togo,2002,1.22021333251216
THA,Thailand,2002,5.13275009732257
TJK,Tajikistan,2002,8.69157571922234
TKM,Turkmenistan,2002,-1.71993686168285
TLS,Timor-Leste,2002,-13.8014085738351
TON,Tonga,2002,3.84009133315611
TTO,Trinidad and Tobago,2002,7.41453370120124
TUN,Tunisia,2002,0.287760873614303
TUR,Turkiye,2002,5.15974085311868
TUV,Tuvalu,2002,9.10269542712648
TZA,Tanzania,2002,4.36368727532306
UGA,Uganda,2002,5.38039055287112
UKR,Ukraine,2002,6.26926483071821
URY,Uruguay,2002,-7.86190240623733
USA,United States,2002,0.7612368560753
UZB,Uzbekistan,2002,2.70575973852742
VCT,St. Vincent and the Grenadines,2002,5.48525117619123
VEN,"Venezuela, RB",2002,-10.4887455154669
VGB,British Virgin Islands,2002,
VIR,Virgin Islands (U.S.),2002,
VNM,Viet Nam,2002,5.23717692306222
VUT,Vanuatu,2002,-7.5371051751447
WSM,Samoa,2002,4.90454737398483
XKX,Kosovo,2002,
YEM,"Yemen, Rep.",2002,0.89755669377989
ZAF,South Africa,2002,2.72292924025332
ZMB,Zambia,2002,1.3381949009155
ZWE,Zimbabwe,2002,-9.76644857590099
ABW,Aruba,2003,-0.0338394415310148
AFE,Africa Eastern and Southern,2003,0.346510186837492
AFG,Afghanistan,2003,2.34567163632688
AFW,Africa Western and Central,2003,2.69528702947304
AGO,Angola,2003,-0.0654379872422197
ALB,Albania,2003,5.72810598121802
AND,Andorra,2003,4.03270748560267
ARE,United Arab Emirates,2003,2.68556331171168
ARG,Argentina,2003,7.71839038006088
ARM,Armenia,2003,14.6197014940959
ASM,American Samoa,2003,1.12678985497159
ATG,Antigua and Barbuda,2003,4.91622766558386
AUS,Australia,2003,1.91232481392237
AUT,Austria,2003,0.650068295894712
AZE,Azerbaijan,2003,9.37646036430615
BDI,Burundi,2003,-4.2953882781394
BEL,Belgium,2003,0.615852527269695
BEN,Benin,2003,0.336976510869505
BFA,Burkina Faso,2003,4.49294688106092
BGD,Bangladesh,2003,3.22632477639362
BGR,Bulgaria,2003,6.07406175136217
BHR,Bahrain,2003,-1.20657192911173
BHS,"Bahamas, The",2003,-2.44284894921039
BIH,Bosnia and Herzegovina,2003,4.10275862847334
BLR,Belarus,2003,7.79491781867831
BLZ,Belize,2003,6.43447208603128
BMU,Bermuda,2003,3.00625355551543
BOL,Bolivia,2003,1.00515839382646
BRA,Brazil,2003,-0.0458328306526994
BRB,Barbados,2003,1.5496090723601
BRN,Brunei Darussalam,2003,1.62971827418733
BTN,Bhutan,2003,5.5461872466835
BWA,Botswana,2003,2.80097379395592
CAF,Central African Republic,2003,-7.63416642788093
CAN,Canada,2003,0.89501858100094
CHE,Switzerland,2003,-0.771333118455232
CHI,Channel Islands,2003,
CHL,Chile,2003,3.63301530196716
CHN,China,2003,9.4344412783923
CIV,Cote d'Ivoire,2003,-7.07101837658274
CMR,Cameroon,2003,2.61581878981131
COD,"Congo, Dem. Rep.",2003,2.53825002902359
COG,"Congo, Rep.",2003,-1.96564823937744
COL,Colombia,2003,2.36282939630979
COM,Comoros,2003,-0.011062920777249
CPV,Cabo Verde,2003,2.78169096285627
CRI,Costa Rica,2003,2.72728694399899
CUB,Cuba,2003,3.49676185017218
CUW,Curacao,2003,-1.75868169706047
CYM,Cayman Islands,2003,
CYP,Cyprus,2003,1.38363254964506
CZE,Czechia,2003,3.33040637361914
DEU,Germany,2003,-0.584856140854797
DJI,Djibouti,2003,
DMA,Dominica,2003,5.5517552208191
DNK,Denmark,2003,0.168251992521974
DOM,Dominican Republic,2003,-2.75964568450404
DZA,Algeria,2003,5.09333212662064
EAR,Early-demographic dividend,2003,3.18531388893992
ECS,Europe & Central Asia,2003,1.55787911712571
ECU,Ecuador,2003,1.08541692667872
EGY,"Egypt, Arab Rep.",2003,1.05358246778609
ERI,Eritrea,2003,-6.59492016605172
ESP,Spain,2003,1.0944115829832
EST,Estonia,2003,8.27372395680648
ETH,Ethiopia,2003,-5.07288652380292
FIN,Finland,2003,1.76883520334854
FJI,Fiji,2003,0.039650228411432
FRA,France,2003,0.257866805308325
FRO,Faroe Islands,2003,
FSM,"Micronesia, Fed. Sts.",2003,1.91049095050437
GAB,Gabon,2003,-0.505326252378111
GBR,United Kingdom,2003,2.73900554436896
GEO,Georgia,2003,11.8096106867876
GHA,Ghana,2003,2.39760659496866
GIB,Gibraltar,2003,
GIN,Guinea,2003,-0.996648465303707
GMB,"Gambia, The",2003,4.0302689250437
GNB,Guinea-Bissau,2003,-2.51633136885211
GNQ,Equatorial Guinea,2003,7.24786542705019
GRC,Greece,2003,5.54464686570202
GRD,Grenada,2003,8.98141669840049
GRL,Greenland,2003,4.14298316488345
GTM,Guatemala,2003,0.276550484041408
GUM,Guam,2003,0.371012546622907
GUY,Guyana,2003,-0.560476505993833
HKG,"Hong Kong SAR, China",2003,3.25996792728786
HND,Honduras,2003,1.89850421782039
HRV,Croatia,2003,5.53832187154435
HTI,Haiti,2003,1.6820034644329
HUN,Hungary,2003,4.23691963512549
IDB,IDA blend,2003,1.97607919536887
IDN,Indonesia,2003,3.40244595178829
IMN,Isle of Man,2003,4.94881389767924
IND,India,2003,6.00579964314747
IRL,Ireland,2003,1.34938713225839
IRN,"Iran, Islamic Rep.",2003,7.44180127291611
IRQ,Iraq,2003,-38.5382182871903
ISL,Iceland,2003,1.57552048118407
ISR,Israel,2003,-0.366188460974456
ITA,Italy,2003,-0.472767256846353
JAM,Jamaica,2003,3.03997803691765
JOR,Jordan,2003,1.88023738458077
JPN,Japan,2003,1.31809196260171
KAZ,Kazakhstan,2003,8.67044524900558
KEN,Kenya,2003,-0.194798007216917
KGZ,Kyrgyz Republic,2003,5.91391847989379
KHM,Cambodia,2003,8.62974314019115
KIR,Kiribati,2003,-3.57269845860688
KNA,St. Kitts and Nevis,2003,-4.25794420201746
KOR,"Korea, Rep.",2003,2.54185039649609
KWT,Kuwait,2003,14.5507976912199
LAO,Lao PDR,2003,4.44645858943204
LBN,Lebanon,2003,1.81278345572235
LBR,Liberia,2003,-30.6993530292511
LBY,Libya,2003,10.7838721756603
LCA,St. Lucia,2003,3.41053937654591
LCN,Latin America & Caribbean,2003,0.898642470343418
LIE,Liechtenstein,2003,-3.04540410833893
LKA,Sri Lanka,2003,5.16625254648899
LSO,Lesotho,2003,5.06649512855877
LTE,Late-demographic dividend,2003,6.18721817685642
LTU,Lithuania,2003,11.4535417783581
LUX,Luxembourg,2003,1.3798933925965
LVA,Latvia,2003,9.48207219023105
MAC,"Macao SAR, China",2003,10.3346413302596
MAF,St. Martin (French part),2003,
MAR,Morocco,2003,4.79759279351288
MCO,Monaco,2003,1.23741613461443
MDA,Moldova,2003,6.90061128351323
MDG,Madagascar,2003,6.61414736438235
MDV,Maldives,2003,11.879734886166
MEX,Mexico,2003,-0.219450145073267
MHL,Marshall Islands,2003,-1.96961874271634
MKD,North Macedonia,2003,2.09282245300516
MLI,Mali,2003,6.36163328047297
MLT,Malta,2003,3.01352406880069
MMR,Myanmar,2003,12.7839447542935
MNE,Montenegro,2003,2.07441379687545
MNG,Mongolia,2003,5.65230856172873
MNP,Northern Mariana Islands,2003,2.42454664863909
MOZ,Mozambique,2003,4.81743112185357
MRT,Mauritania,2003,4.50921937569792
MUS,Mauritius,2003,5.16167044757961
MWI,Malawi,2003,3.09254835285383
MYS,Malaysia,2003,3.31466734765901
NAM,Namibia,2003,2.74512795300122
NCL,New Caledonia,2003,
NER,Niger,2003,-1.40492633289823
NGA,Nigeria,2003,4.42833467516175
NIC,Nicaragua,2003,1.31955360750133
NLD,Netherlands,2003,-0.373331238838787
NOR,Norway,2003,0.354567435549953
NPL,Nepal,2003,2.48926345447566
NRU,Nauru,2003,0.513958692297393
NZL,New Zealand,2003,2.68143475144709
OMN,Oman,2003,-3.29759460918538
PAK,Pakistan,2003,2.94922564327645
PAN,Panama,2003,3.10474228889662
PER,Peru,2003,3.06117676528694
PHL,Philippines,2003,3.02447664962099
PLW,Palau,2003,-2.90440833277607
PNG,Papua New Guinea,2003,-1.1723144679098
POL,Poland,2003,3.59326547651193
PRI,Puerto Rico (US),2003,-0.0091839462306637
PRK,"Korea, Dem. People's Rep.",2003,
PRT,Portugal,2003,-1.30174193891358
PRY,Paraguay,2003,3.04557479031354
PSE,West Bank and Gaza,2003,11.1391726672237
PYF,French Polynesia,2003,0.559535344536414
QAT,Qatar,2003,-0.942747091301968
ROU,Romania,2003,3.08196384315724
RUS,Russia,2003,7.78796752390349
RWA,Rwanda,2003,-0.0196868446927851
SAU,Saudi Arabia,2003,3.69783168216851
SDN,Sudan,2003,3.47662601258492
SEN,Senegal,2003,3.08280432027999
SGP,Singapore,2003,6.10127554555405
SLB,Solomon Islands,2003,4.58496890932756
SLE,Sierra Leone,2003,5.12237538056517
SLV,El Salvador,2003,1.36275661190544
SMR,San Marino,2003,2.55977184007274
SOM,"Somalia, Fed. Rep.",2003,3.72989683773058
SRB,Serbia,2003,4.83141187581582
SSD,South Sudan,2003,
STP,Sao Tome and Principe,2003,5.55138791437551
SUR,Suriname,2003,4.22968365512362
SVK,Slovak Republic,2003,4.92573949451423
SVN,Slovenia,2003,3.13282664775699
SWE,Sweden,2003,1.50263999618741
SWZ,Eswatini,2003,3.82725927049805
SXM,Sint Maarten (Dutch part),2003,
SYC,Seychelles,2003,-4.81617833042706
SYR,Syrian Arab Republic,2003,4.68174171715712
TCA,Turks and Caicos Islands,2003,
TCD,Chad,2003,10.2279881032445
TGO,Togo,2003,4.05045980094252
THA,Thailand,2003,6.19493623168337
TJK,Tajikistan,2003,8.88444644359714
TKM,Turkmenistan,2003,1.26454237644147
TLS,Timor-Leste,2003,-6.20634357279006
TON,Tonga,2003,-0.5132750153019
TTO,Trinidad and Tobago,2003,13.868403750776
TUN,Tunisia,2003,3.66160593216975
TUR,Turkiye,2003,4.57792705344551
TUV,Tuvalu,2003,-5.05818777047784
TZA,Tanzania,2003,3.89344253690891
UGA,Uganda,2003,3.163140555198
UKR,Ukraine,2003,10.337484498259
URY,Uruguay,2003,0.734039111911073
USA,United States,2003,1.91588247508415
UZB,Uzbekistan,2003,2.97071220194471
VCT,St. Vincent and the Grenadines,2003,6.88559351311582
VEN,"Venezuela, RB",2003,-9.38351088983944
VGB,British Virgin Islands,2003,
VIR,Virgin Islands (U.S.),2003,-0.392409019211641
VNM,Viet Nam,2003,5.83556100746738
VUT,Vanuatu,2003,1.75159744658461
WSM,Samoa,2003,4.66849415235475
XKX,Kosovo,2003,
YEM,"Yemen, Rep.",2003,0.743278418900516
ZAF,South Africa,2003,1.92822490144245
ZMB,Zambia,2003,3.67685887625342
ZWE,Zimbabwe,2003,-17.9767611752894
ABW,Aruba,2004,5.02691151582482
AFE,Africa Eastern and Southern,2004,2.88102072463532
AFG,Afghanistan,2004,-2.14821228495553
AFW,Africa Western and Central,2004,5.05742960628557
AGO,Angola,2004,7.48604694407922
ALB,Albania,2004,5.70712308403314
AND,Andorra,2004,1.09540001410325
ARE,United Arab Emirates,2004,3.71551069282259
ARG,Argentina,2004,7.92951713016532
ARM,Armenia,2004,11.1144901880771
ASM,American Samoa,2004,0.68022053736145
ATG,Antigua and Barbuda,2004,4.64519467801469
AUS,Australia,2004,3.11057041061613
AUT,Austria,2004,1.93089688878541
AZE,Azerbaijan,2004,8.30153847939059
BDI,Burundi,2004,0.997721140754805
BEL,Belgium,2004,3.1239312841995
BEN,Benin,2004,1.28077994352564
BFA,Burkina Faso,2004,1.24360966999572
BGD,Bangladesh,2004,3.81635685042457
BGR,Bulgaria,2004,7.31740492679138
BHR,Bahrain,2004,-0.710582645687865
BHS,"Bahamas, The",2004,-0.353931310699963
BIH,Bosnia and Herzegovina,2004,7.28905393914994
BLR,Belarus,2004,12.2126184264071
BLZ,Belize,2004,1.73082295725253
BMU,Bermuda,2004,2.04483377809146
BOL,Bolivia,2004,2.43501168410201
BRA,Brazil,2004,4.57169367314847
BRB,Barbados,2004,0.83415869757664
BRN,Brunei Darussalam,2004,-1.67510542923259
BTN,Bhutan,2004,3.07510668161098
BWA,Botswana,2004,0.920692081948033
CAF,Central African Republic,2004,3.72625182811642
CAN,Canada,2004,2.13581560192544
CHE,Switzerland,2004,1.99813197598502
CHI,Channel Islands,2004,
CHL,Chile,2004,5.60291985486168
CHN,China,2004,9.47923943183717
CIV,Cote d'Ivoire,2004,0.712925866714116
CMR,Cameroon,2004,4.14782057634264
COD,"Congo, Dem. Rep.",2004,3.64120168828556
COG,"Congo, Rep.",2004,-0.000136349476449
COL,Colombia,2004,3.79715867736165
COM,Comoros,2004,1.16411909687749
CPV,Cabo Verde,2004,8.82078735562469
CRI,Costa Rica,2004,2.90067518188641
CUB,Cuba,2004,5.49410195800384
CUW,Curacao,2004,-1.50534018302206
CYM,Cayman Islands,2004,
CYP,Cyprus,2004,3.63073785684536
CZE,Czechia,2004,4.70446820099657
DEU,Germany,2004,1.18405124273107
DJI,Djibouti,2004,
DMA,Dominica,2004,3.91890401306556
DNK,Denmark,2004,2.51108744805822
DOM,Dominican Republic,2004,1.18538383413113
DZA,Algeria,2004,3.05086148235007
EAR,Early-demographic dividend,2004,4.54585388097203
ECS,Europe & Central Asia,2004,2.87856843281492
ECU,Ecuador,2004,4.9766254911447
EGY,"Egypt, Arab Rep.",2004,1.96524683873078
ERI,Eritrea,2004,-2.6238903510386
ESP,Spain,2004,1.35058688382759
EST,Estonia,2004,7.44108988454812
ETH,Ethiopia,2004,10.221815108184
FIN,Finland,2004,3.70383750334673
FJI,Fiji,2004,4.32692435902962
FRA,France,2004,2.11736543407739
FRO,Faroe Islands,2004,
FSM,"Micronesia, Fed. Sts.",2004,-2.87900085675574
GAB,Gabon,2004,-2.09108844494591
GBR,United Kingdom,2004,1.74549468873848
GEO,Georgia,2004,6.44984993877193
GHA,Ghana,2004,2.83982995857866
GIB,Gibraltar,2004,
GIN,Guinea,2004,0.172593565879879
GMB,"Gambia, The",2004,4.16456397721086
GNB,Guinea-Bissau,2004,-1.13385031185746
GNQ,Equatorial Guinea,2004,30.0162976688723
GRC,Greece,2004,5.11746949484984
GRD,Grenada,2004,-1.04641274220963
GRL,Greenland,2004,6.6303821324005
GTM,Guatemala,2004,0.87051616698119
GUM,Guam,2004,6.05626846413823
GUY,Guyana,2004,1.65433601876252
HKG,"Hong Kong SAR, China",2004,7.85562604957764
HND,Honduras,2004,3.61570269241076
HRV,Croatia,2004,4.14142093178604
HTI,Haiti,2004,-2.98301062977993
HUN,Hungary,2004,5.19581258967388
IDB,IDA blend,2004,4.71306371505553
IDN,Indonesia,2004,3.7043674512371
IMN,Isle of Man,2004,4.20797850373191
IND,India,2004,6.09996522450102
IRL,Ireland,2004,4.85345751357542
IRN,"Iran, Islamic Rep.",2004,2.12837885127104
IRQ,Iraq,2004,49.0738525824483
ISL,Iceland,2004,6.68188294901493
ISR,Israel,2004,2.81436914832607
ITA,Italy,2004,0.721242547682493
JAM,Jamaica,2004,0.732138408370318
JOR,Jordan,2004,5.97888573730077
JPN,Japan,2004,2.15172332915763
KAZ,Kazakhstan,2004,8.88930817801581
KEN,Kenya,2004,1.89113513278383
KGZ,Kyrgyz Republic,2004,5.73937835827032
KHM,Cambodia,2004,7.85639001144227
KIR,Kiribati,2004,-2.58468567894897
KNA,St. Kitts and Nevis,2004,3.68423412350383
KOR,"Korea, Rep.",2004,4.7675860552671
KWT,Kuwait,2004,7.81613775807561
LAO,Lao PDR,2004,4.81831567317876
LBN,Lebanon,2004,4.96833961304041
LBR,Liberia,2004,1.4054000654278
LBY,Libya,2004,2.32576943782377
LCA,St. Lucia,2004,6.44252113072108
LCN,Latin America & Caribbean,2004,4.40905569774995
LIE,Liechtenstein,2004,1.93839655413686
LKA,Sri Lanka,2004,4.7307209819853
LSO,Lesotho,2004,2.41103579960742
LTE,Late-demographic dividend,2004,7.51625117755181
LTU,Lithuania,2004,7.70478467031737
LUX,Luxembourg,2004,2.76088619019987
LVA,Latvia,2004,9.91817299610062
MAC,"Macao SAR, China",2004,23.5454528451709
MAF,St. Martin (French part),2004,
MAR,Morocco,2004,3.20713471239438
MCO,Monaco,2004,2.68299142149206
MDA,Moldova,2004,7.66608705336095
MDG,Madagascar,2004,2.23191685103676
MDV,Maldives,2004,4.19516512399211
MEX,Mexico,2004,2.16106229645384
MHL,Marshall Islands,2004,-0.700644285464008
MKD,North Macedonia,2004,5.01357406752894
MLI,Mali,2004,-1.75582979396248
MLT,Malta,2004,-0.264750342451379
MMR,Myanmar,2004,12.5957538910265
MNE,Montenegro,2004,4.24115443247463
MNG,Mongolia,2004,9.38888056764907
MNP,Northern Mariana Islands,2004,-0.829932545374945
MOZ,Mozambique,2004,5.76229495896818
MRT,Mauritania,2004,2.30058496670189
MUS,Mauritius,2004,3.67780930188448
MWI,Malawi,2004,2.72895046279207
MYS,Malaysia,2004,4.34321310786574
NAM,Namibia,2004,10.8464095671906
NCL,New Caledonia,2004,
NER,Niger,2004,-3.18333778722413
NGA,Nigeria,2004,6.26527336879505
NIC,Nicaragua,2004,4.0749066715682
NLD,Netherlands,2004,1.66244352424715
NOR,Norway,2004,3.40174616090181
NPL,Nepal,2004,3.36324782625996
NRU,Nauru,2004,-4.32433795357886
NZL,New Zealand,2004,2.55242862499898
OMN,Oman,2004,0.252575657950231
PAK,Pakistan,2004,5.20245589475688
PAN,Panama,2004,6.13442201164611
PER,Peru,2004,3.93432882456604
PHL,Philippines,2004,4.51829535753411
PLW,Palau,2004,2.6319920900543
PNG,Papua New Guinea,2004,-0.591008801262731
POL,Poland,2004,5.15230495657681
PRI,Puerto Rico (US),2004,8.72642633155034
PRK,"Korea, Dem. People's Rep.",2004,
PRT,Portugal,2004,1.54561995012715
PRY,Paraguay,2004,2.86510353489651
PSE,West Bank and Gaza,2004,18.8484471333478
PYF,French Polynesia,2004,-0.615266204742809
QAT,Qatar,2004,14.8021552361276
ROU,Romania,2004,11.0591132161949
RUS,Russia,2004,7.63249118230908
RWA,Rwanda,2004,4.64511890543764
SAU,Saudi Arabia,2004,3.75594009248144
SDN,Sudan,2004,2.38501078452138
SEN,Senegal,2004,2.21660237161285
SGP,Singapore,2004,8.5722052915981
SLB,Solomon Islands,2004,5.76484741556582
SLE,Sierra Leone,2004,2.93937041660126
SLV,El Salvador,2004,0.787383831431995
SMR,San Marino,2004,-1.17956792743588
SOM,"Somalia, Fed. Rep.",2004,3.23637071321343
SRB,Serbia,2004,6.93608982587538
SSD,South Sudan,2004,
STP,Sao Tome and Principe,2004,0.983351604603726
SUR,Suriname,2004,6.9146916825718
SVK,Slovak Republic,2004,5.41095986972041
SVN,Slovenia,2004,4.47906492828298
SWE,Sweden,2004,3.77065163055421
SWZ,Eswatini,2004,2.99348109442741
SXM,Sint Maarten (Dutch part),2004,
SYC,Seychelles,2004,-2.49000825290008
SYR,Syrian Arab Republic,2004,4.2935988060548
TCA,Turks and Caicos Islands,2004,
TCD,Chad,2004,27.8073148134373
TGO,Togo,2004,-3.48771797818526
THA,Thailand,2004,5.34116205951062
TJK,Tajikistan,2004,8.15635551136702
TKM,Turkmenistan,2004,3.00488650007382
TLS,Timor-Leste,2004,-0.917955727961413
TON,Tonga,2004,-2.53428308034319
TTO,Trinidad and Tobago,2004,7.41478653453842
TUN,Tunisia,2004,5.24794746880204
TUR,Turkiye,2004,8.70602046453412
TUV,Tuvalu,2004,-3.47739312439801
TZA,Tanzania,2004,4.63163110389122
UGA,Uganda,2004,3.65117760961586
UKR,Ukraine,2004,12.5773931558428
URY,Uruguay,2004,4.94141016509036
USA,United States,2004,2.89111091581917
UZB,Uzbekistan,2004,6.1359228663663
VCT,St. Vincent and the Grenadines,2004,4.39705000606179
VEN,"Venezuela, RB",2004,16.2742041798105
VGB,British Virgin Islands,2004,
VIR,Virgin Islands (U.S.),2004,3.32303112200472
VNM,Viet Nam,2004,6.49878740751187
VUT,Vanuatu,2004,1.47757366141985
WSM,Samoa,2004,2.633950603366
XKX,Kosovo,2004,
YEM,"Yemen, Rep.",2004,0.966767059770078
ZAF,South Africa,2004,3.50654128784933
ZMB,Zambia,2004,3.68494886266848
ZWE,Zimbabwe,2004,-6.82498063511001
ABW,Aruba,2005,-2.93082349408309
AFE,Africa Eastern and Southern,2005,3.38824422723647
AFG,Afghanistan,2005,7.38337728197978
AFW,Africa Western and Central,2005,2.83547361677508
AGO,Angola,2005,10.0673593264113
ALB,Albania,2005,5.67025027957055
AND,Andorra,2005,1.18302768739022
ARE,United Arab Emirates,2005,-0.445687772577529
ARG,Argentina,2005,7.73898107569444
ARM,Armenia,2005,14.5697018806234
ASM,American Samoa,2005,-0.0545952701160815
ATG,Antigua and Barbuda,2005,5.28070690333209
AUS,Australia,2005,1.90739095765275
AUT,Austria,2005,1.62565909591297
AZE,Azerbaijan,2005,26.6600947700296
BDI,Burundi,2005,-2.77894802793541
BEL,Belgium,2005,1.76045646457337
BEN,Benin,2005,-1.51043339492205
BFA,Burkina Faso,2005,5.29574030906821
BGD,Bangladesh,2005,5.20131368672413
BGR,Bulgaria,2005,7.86550144024491
BHR,Bahrain,2005,-1.04880316974081
BHS,"Bahamas, The",2005,2.1597593545269
BIH,Bosnia and Herzegovina,2005,5.02566097156414
BLR,Belarus,2005,10.1497671646981
BLZ,Belize,2005,-0.719879317857163
BMU,Bermuda,2005,1.4212811702547
BOL,Bolivia,2005,2.67600659638214
BRA,Brazil,2005,2.07730833921147
BRB,Barbados,2005,3.41073813264497
BRN,Brunei Darussalam,2005,-1.67695306815315
BTN,Bhutan,2005,5.10597951676202
BWA,Botswana,2005,2.69660633056192
CAF,Central African Republic,2005,-1.35012540536219
CAN,Canada,2005,2.23757661617552
CHE,Switzerland,2005,2.09358672785885
CHI,Channel Islands,2005,
CHL,Chile,2005,4.79182839139716
CHN,China,2005,10.8046485485004
CIV,Cote d'Ivoire,2005,-1.38664840401142
CMR,Cameroon,2005,-0.550411134631503
COD,"Congo, Dem. Rep.",2005,2.92453150481739
COG,"Congo, Rep.",2005,3.9415931821321
COL,Colombia,2005,3.37111077766936
COM,Comoros,2005,3.53060047143931
CPV,Cabo Verde,2005,5.64634152921253
CRI,Costa Rica,2005,2.48427897192691
CUB,Cuba,2005,10.9666851161532
CUW,Curacao,2005,-1.85843997498654
CYM,Cayman Islands,2005,
CYP,Cyprus,2005,3.35375226035941
CZE,Czechia,2005,6.22798628216121
DEU,Germany,2005,0.942782582208039
DJI,Djibouti,2005,
DMA,Dominica,2005,0.790489438557572
DNK,Denmark,2005,2.07801485327876
DOM,Dominican Republic,2005,8.00660714348427
DZA,Algeria,2005,3.86890214242119
EAR,Early-demographic dividend,2005,4.20501251087131
ECS,Europe & Central Asia,2005,2.43153089036454
ECU,Ecuador,2005,3.59103374682795
EGY,"Egypt, Arab Rep.",2005,2.38032461797421
ERI,Eritrea,2005,0.14882340502966
ESP,Spain,2005,1.81657732789419
EST,Estonia,2005,10.1516023275001
ETH,Ethiopia,2005,8.5508986289875
FIN,Finland,2005,2.42615653951086
FJI,Fiji,2005,-0.214469573875704
FRA,France,2005,1.1253537135494
FRO,Faroe Islands,2005,
FSM,"Micronesia, Fed. Sts.",2005,2.7852421462828
GAB,Gabon,2005,-0.262443845603784
GBR,United Kingdom,2005,2.08729988072291
GEO,Georgia,2005,10.2895785214873
GHA,Ghana,2005,3.15861099530474
GIB,Gibraltar,2005,
GIN,Guinea,2005,0.957366356559277
GMB,"Gambia, The",2005,-5.03011452953602
GNB,Guinea-Bissau,2005,4.08995783100083
GNQ,Equatorial Guinea,2005,10.9012034435108
GRC,Greece,2005,0.887221298370648
GRD,Grenada,2005,12.851921344972
GRL,Greenland,2005,4.91926419216257
GTM,Guatemala,2005,1.06472255613932
GUM,Guam,2005,3.29235446239393
GUY,Guyana,2005,-1.7571567715639
HKG,"Hong Kong SAR, China",2005,6.92006481506586
HND,Honduras,2005,3.50707975469855
HRV,Croatia,2005,4.19285967819518
HTI,Haiti,2005,1.35443141019209
HUN,Hungary,2005,4.50792078649896
IDB,IDA blend,2005,3.36396577478646
IDN,Indonesia,2005,4.3443558422024
IMN,Isle of Man,2005,4.93577075888795
IND,India,2005,6.17702892486365
IRL,Ireland,2005,3.46094094006261
IRN,"Iran, Islamic Rep.",2005,0.931246313659614
IRQ,Iraq,2005,-1.29394759634579
ISL,Iceland,2005,5.34851964673268
ISR,Israel,2005,2.56366494259233
ITA,Italy,2005,0.176020373979568
JAM,Jamaica,2005,0.33654893030193
JOR,Jordan,2005,5.50057037395844
JPN,Japan,2005,1.79433980048837
KAZ,Kazakhstan,2005,8.88963565884097
KEN,Kenya,2005,2.70244103195117
KGZ,Kyrgyz Republic,2005,-1.29558825808593
KHM,Cambodia,2005,11.6637861428805
KIR,Kiribati,2005,-0.722362780004488
KNA,St. Kitts and Nevis,2005,9.44452895015881
KOR,"Korea, Rep.",2005,4.13723386737684
KWT,Kuwait,2005,6.67935670476243
LAO,Lao PDR,2005,5.50361623488958
LBN,Lebanon,2005,1.106879785513
LBR,Liberia,2005,0.684612867093762
LBY,Libya,2005,9.53922388994984
LCA,St. Lucia,2005,-1.13924471405971
LCN,Latin America & Caribbean,2005,2.84617044032551
LIE,Liechtenstein,2005,3.90506605911179
LKA,Sri Lanka,2005,5.56425373682754
LSO,Lesotho,2005,4.42249766024187
LTE,Late-demographic dividend,2005,7.12342409591784
LTU,Lithuania,2005,9.50010821862925
LUX,Luxembourg,2005,0.926765993724189
LVA,Latvia,2005,12.8279409524173
MAC,"Macao SAR, China",2005,3.78678679303218
MAF,St. Martin (French part),2005,
MAR,Morocco,2005,1.78494971981462
MCO,Monaco,2005,2.20227083533935
MDA,Moldova,2005,7.76188624467986
MDG,Madagascar,2005,1.7317720668288
MDV,Maldives,2005,-12.6312667876355
MEX,Mexico,2005,0.745413251973147
MHL,Marshall Islands,2005,1.56552229029398
MKD,North Macedonia,2005,5.29102012277241
MLI,Mali,2005,-0.765580835290066
MLT,Malta,2005,2.22751799472962
MMR,Myanmar,2005,12.6841326603106
MNE,Montenegro,2005,4.02660484276159
MNG,Mongolia,2005,6.06987814990435
MNP,Northern Mariana Islands,2005,-10.4852551650988
MOZ,Mozambique,2005,3.88124108732595
MRT,Mauritania,2005,5.96595714778461
MUS,Mauritius,2005,1.17669908705346
MWI,Malawi,2005,0.539880654549222
MYS,Malaysia,2005,2.97037127170485
NAM,Namibia,2005,1.25193634526472
NCL,New Caledonia,2005,
NER,Niger,2005,3.50589535528762
NGA,Nigeria,2005,3.53183710668041
NIC,Nicaragua,2005,2.93169257880047
NLD,Netherlands,2005,1.79582591930534
NOR,Norway,2005,1.98813847350503
NPL,Nepal,2005,2.32754534491777
NRU,Nauru,2005,0.109463628221704
NZL,New Zealand,2005,2.19286668317011
OMN,Oman,2005,0.482138133458704
PAK,Pakistan,2005,4.7286345998931
PAN,Panama,2005,6.25411767660357
PER,Peru,2005,5.34332345958555
PHL,Philippines,2005,3.00922096669444
PLW,Palau,2005,2.89001848505217
PNG,Papua New Guinea,2005,2.96266985795965
POL,Poland,2005,3.30621477152089
PRI,Puerto Rico (US),2005,-1.84546035319809
PRK,"Korea, Dem. People's Rep.",2005,
PRT,Portugal,2005,0.595038072485551
PRY,Paraguay,2005,1.01015474976116
PSE,West Bank and Gaza,2005,8.4829084168252
PYF,French Polynesia,2005,-1.17936718824801
QAT,Qatar,2005,0.710908911730286
ROU,Romania,2005,5.3165061122384
RUS,Russia,2005,6.80660765259209
RWA,Rwanda,2005,6.50669742325816
SAU,Saudi Arabia,2005,1.35662290420511
SDN,Sudan,2005,2.75337218040758
SEN,Senegal,2005,1.8985497213755
SGP,Singapore,2005,4.87209326850753
SLB,Solomon Islands,2005,5.47693948660554
SLE,Sierra Leone,2005,1.58434555022808
SLV,El Salvador,2005,2.66532259162382
SMR,San Marino,2005,1.12402388406122
SOM,"Somalia, Fed. Rep.",2005,3.45521790909243
SRB,Serbia,2005,6.22214171795731
SSD,South Sudan,2005,
STP,Sao Tome and Principe,2005,4.01981821374629
SUR,Suriname,2005,3.41538457225288
SVK,Slovak Republic,2005,6.47448748514556
SVN,Slovenia,2005,3.6743988121375
SWE,Sweden,2005,2.38284512787561
SWZ,Eswatini,2005,5.4163606626928
SXM,Sint Maarten (Dutch part),2005,
SYC,Seychelles,2005,8.5018972132326
SYR,Syrian Arab Republic,2005,3.52095168365396
TCA,Turks and Caicos Islands,2005,
TCD,Chad,2005,12.6968038845754
TGO,Togo,2005,-7.08238240739422
THA,Thailand,2005,3.29537578511341
TJK,Tajikistan,2005,4.63258511919481
TKM,Turkmenistan,2005,10.9273057666726
TLS,Timor-Leste,2005,0.895492560789137
TON,Tonga,2005,-1.22171662108754
TTO,Trinidad and Tobago,2005,10.3839653520046
TUN,Tunisia,2005,2.58534081098441
TUR,Turkiye,2005,7.95177362643042
TUV,Tuvalu,2005,-5.84062514622619
TZA,Tanzania,2005,4.54018649750061
UGA,Uganda,2005,3.25713954596638
UKR,Ukraine,2005,3.92453428899148
URY,Uruguay,2005,7.37434772026329
USA,United States,2005,2.53411070482159
UZB,Uzbekistan,2005,5.62058695275762
VCT,St. Vincent and the Grenadines,2005,2.83945191097459
VEN,"Venezuela, RB",2005,8.48531169784627
VGB,British Virgin Islands,2005,
VIR,Virgin Islands (U.S.),2005,3.49771355206596
VNM,Viet Nam,2005,6.55339711441117
VUT,Vanuatu,2005,2.78261536346285
WSM,Samoa,2005,6.22343288364944
XKX,Kosovo,2005,
YEM,"Yemen, Rep.",2005,2.37203185301995
ZAF,South Africa,2005,4.21638584977106
ZMB,Zambia,2005,3.75264386154687
ZWE,Zimbabwe,2005,-6.59888906294871
ABW,Aruba,2006,-0.673257700327071
AFE,Africa Eastern and Southern,2006,3.82819363993087
AFG,Afghanistan,2006,1.13248505528998
AFW,Africa Western and Central,2006,2.35331877042468
AGO,Angola,2006,7.79557532887203
ALB,Albania,2006,6.68998139667232
AND,Andorra,2006,1.95883002800001
ARE,United Arab Emirates,2006,2.28744303095432
ARG,Argentina,2006,6.94185160089025
ARM,Armenia,2006,13.8986537041733
ASM,American Samoa,2006,-3.68497685539259
ATG,Antigua and Barbuda,2006,11.3196408319242
AUS,Australia,2006,1.39339848998918
AUT,Austria,2006,2.75962370061296
AZE,Azerbaijan,2006,32.9970665765516
BDI,Burundi,2006,1.68473642542624
BEL,Belgium,2006,1.87817418916214
BEN,Benin,2006,0.750089697773319
BFA,Burkina Faso,2006,2.98889211912471
BGD,Bangladesh,2006,5.44042881455881
BGR,Bulgaria,2006,7.61684968390605
BHR,Bahrain,2006,-1.47038032480991
BHS,"Bahamas, The",2006,1.197964733166
BIH,Bosnia and Herzegovina,2006,6.27585979363216
BLR,Belarus,2006,10.6755867171242
BLZ,Belize,2006,1.55376134075311
BMU,Bermuda,2006,5.33726015507226
BOL,Bolivia,2006,3.02573624628771
BRA,Brazil,2006,2.8675208375461
BRB,Barbados,2006,5.56141136626469
BRN,Brunei Darussalam,2006,2.45784696303623
BTN,Bhutan,2006,4.23383383576189
BWA,Botswana,2006,6.36142559180612
CAF,Central African Republic,2006,2.64652651726671
CAN,Canada,2006,1.60290147691838
CHE,Switzerland,2006,3.42255062788115
CHI,Channel Islands,2006,
CHL,Chile,2006,5.01952135827457
CHN,China,2006,12.0472818925694
CIV,Cote d'Ivoire,2006,0.421959618326611
CMR,Cameroon,2006,0.995178501621496
COD,"Congo, Dem. Rep.",2006,1.91803613632446
COG,"Congo, Rep.",2006,4.01799119733973
COL,Colombia,2006,5.31174394421016
COM,Comoros,2006,-3.71626145355258
CPV,Cabo Verde,2006,6.74862061785244
CRI,Costa Rica,2006,5.83402547469416
CUB,Cuba,2006,11.9069237505458
CUW,Curacao,2006,-0.940961791444465
CYM,Cayman Islands,2006,
CYP,Cyprus,2006,2.98125084368819
CZE,Czechia,2006,6.33483268224242
DEU,Germany,2006,3.98390753495501
DJI,Djibouti,2006,
DMA,Dominica,2006,4.29152770069501
DNK,Denmark,2006,3.47585987311464
DOM,Dominican Republic,2006,7.81376318948548
DZA,Algeria,2006,1.32618894855368
EAR,Early-demographic dividend,2006,4.39255413456124
ECS,Europe & Central Asia,2006,3.57783774186819
ECU,Ecuador,2006,2.56360111087805
EGY,"Egypt, Arab Rep.",2006,4.77751297935043
ERI,Eritrea,2006,-2.51821345546691
ESP,Spain,2006,2.29951501349761
EST,Estonia,2006,10.4117043601584
ETH,Ethiopia,2006,7.62653694970021
FIN,Finland,2006,3.62113497225309
FJI,Fiji,2006,0.938932759583992
FRA,France,2006,2.00131130247657
FRO,Faroe Islands,2006,
FSM,"Micronesia, Fed. Sts.",2006,0.416615570124208
GAB,Gabon,2006,-5.6960834287439
GBR,United Kingdom,2006,1.4414302818718
GEO,Georgia,2006,10.0452966712851
GHA,Ghana,2006,3.66950804093835
GIB,Gibraltar,2006,
GIN,Guinea,2006,-0.903894697466356
GMB,"Gambia, The",2006,-3.35221701800941
GNB,Guinea-Bissau,2006,0.220591080099751
GNQ,Equatorial Guinea,2006,3.03105558195507
GRC,Greece,2006,6.12419382696766
GRD,Grenada,2006,-4.34487991607801
GRL,Greenland,2006,5.85316581553596
GTM,Guatemala,2006,3.14600619827499
GUM,Guam,2006,-3.92956765070362
GUY,Guyana,2006,5.39944024794079
HKG,"Hong Kong SAR, China",2006,6.3474408353708
HND,Honduras,2006,4.08321335137572
HRV,Croatia,2006,5.04436508593906
HTI,Haiti,2006,0.0540583442750062
HUN,Hungary,2006,4.09589996478341
IDB,IDA blend,2006,3.12816648885197
IDN,Indonesia,2006,4.11201890218061
IMN,Isle of Man,2006,6.6564512619359
IND,India,2006,6.38367720854581
IRL,Ireland,2006,2.19518952781192
IRN,"Iran, Islamic Rep.",2006,2.76183106993244
IRQ,Iraq,2006,4.86652515076509
ISL,Iceland,2006,3.21994146791231
ISR,Israel,2006,3.75119939110648
ITA,Italy,2006,1.3930148978998
JAM,Jamaica,2006,2.36949906247872
JOR,Jordan,2006,1.4032017956128
JPN,Japan,2006,1.3081271829718
KAZ,Kazakhstan,2006,9.76786673957737
KEN,Kenya,2006,3.27715457506901
KGZ,Kyrgyz Republic,2006,2.00174444436951
KHM,Cambodia,2006,9.31792401297673
KIR,Kiribati,2006,3.68079200082892
KNA,St. Kitts and Nevis,2006,2.85800106872907
KOR,"Korea, Rep.",2006,4.6937077744137
KWT,Kuwait,2006,1.6976352381691
LAO,Lao PDR,2006,6.91294627933061
LBN,Lebanon,2006,-0.16111039140597
LBR,Liberia,2006,2.17024627280136
LBY,Libya,2006,4.3383026664543
LCA,St. Lucia,2006,5.43753454391749
LCN,Latin America & Caribbean,2006,4.01922329693112
LIE,Liechtenstein,2006,7.76432322419438
LKA,Sri Lanka,2006,6.94942271248222
LSO,Lesotho,2006,4.65948787654852
LTE,Late-demographic dividend,2006,8.59653506292646
LTU,Lithuania,2006,9.12367697158992
LUX,Luxembourg,2006,4.33910866629117
LVA,Latvia,2006,13.8646922612695
MAC,"Macao SAR, China",2006,7.61914824490131
MAF,St. Martin (French part),2006,
MAR,Morocco,2006,6.31205425044466
MCO,Monaco,2006,6.32268952424462
MDA,Moldova,2006,5.09166801572276
MDG,Madagascar,2006,2.34726337803239
MDV,Maldives,2006,20.7066430063115
MEX,Mexico,2006,3.39577677542312
MHL,Marshall Islands,2006,0.0102519719929859
MKD,North Macedonia,2006,5.71920223477417
MLI,Mali,2006,0.343315236896274
MLT,Malta,2006,1.96401929019108
MMR,Myanmar,2006,12.2555240244746
MNE,Montenegro,2006,8.43155401049704
MNG,Mongolia,2006,7.25546356240756
MNP,Northern Mariana Islands,2006,-4.30544836131968
MOZ,Mozambique,2006,7.35938789849386
MRT,Mauritania,2006,15.4039449102218
MUS,Mauritius,2006,4.37758682090856
MWI,Malawi,2006,1.85481455109522
MYS,Malaysia,2006,3.25940653936949
NAM,Namibia,2006,5.71286099626298
NCL,New Caledonia,2006,
NER,Niger,2006,2.12703436992842
NGA,Nigeria,2006,3.17092810336983
NIC,Nicaragua,2006,2.67777444612834
NLD,Netherlands,2006,3.37121339494911
NOR,Norway,2006,1.63957006794733
NPL,Nepal,2006,2.36866119233534
NRU,Nauru,2006,8.61282905726155
NZL,New Zealand,2006,1.53451584031141
OMN,Oman,2006,2.38091766222423
PAK,Pakistan,2006,3.55533116774782
PAN,Panama,2006,7.83920002702018
PER,Peru,2006,6.68113849738523
PHL,Philippines,2006,3.55972238279863
PLW,Palau,2006,1.38420011754485
PNG,Papua New Guinea,2006,2.1010623787835
POL,Poland,2006,6.26942932351373
PRI,Puerto Rico (US),2006,-0.991030023306365
PRK,"Korea, Dem. People's Rep.",2006,
PRT,Portugal,2006,1.44193756415369
PRY,Paraguay,2006,3.72097911920059
PSE,West Bank and Gaza,2006,-3.49430234961132
PYF,French Polynesia,2006,-0.534705152644719
QAT,Qatar,2006,7.05038196586418
ROU,Romania,2006,8.67067585292331
RUS,Russia,2006,8.55494147469737
RWA,Rwanda,2006,6.3526672914531
SAU,Saudi Arabia,2006,-1.01590810452811
SDN,Sudan,2006,3.55587752590014
SEN,Senegal,2006,-0.0239030984175912
SGP,Singapore,2006,5.64834329383781
SLB,Solomon Islands,2006,2.33369145793722
SLE,Sierra Leone,2006,2.0071311854182
SLV,El Salvador,2006,4.39364908718933
SMR,San Marino,2006,2.63299672869908
SOM,"Somalia, Fed. Rep.",2006,3.27228849951535
SRB,Serbia,2006,4.31001289636497
SSD,South Sudan,2006,
STP,Sao Tome and Principe,2006,6.23775372046612
SUR,Suriname,2006,4.64814560762545
SVK,Slovak Republic,2006,8.92067971952331
SVN,Slovenia,2006,5.57134966652504
SWE,Sweden,2006,4.08894162666398
SWZ,Eswatini,2006,6.19597048349081
SXM,Sint Maarten (Dutch part),2006,
SYC,Seychelles,2006,7.15334515370103
SYR,Syrian Arab Republic,2006,0.644012233201963
TCA,Turks and Caicos Islands,2006,
TCD,Chad,2006,-4.05733919622048
TGO,Togo,2006,-0.185446239510938
THA,Thailand,2006,4.10011779691514
TJK,Tajikistan,2006,4.98592039180348
TKM,Turkmenistan,2006,8.92835366680281
TLS,Timor-Leste,2006,-6.89325901359257
TON,Tonga,2006,-2.70155026186355
TTO,Trinidad and Tobago,2006,12.9071459292893
TUN,Tunisia,2006,4.31907482857264
TUR,Turkiye,2006,5.97350417809075
TUV,Tuvalu,2006,1.25734908900401
TZA,Tanzania,2006,3.59554927104524
UGA,Uganda,2006,7.58857752601207
UKR,Ukraine,2006,8.26961304502665
URY,Uruguay,2006,3.98038082694534
USA,United States,2006,1.79819874456308
UZB,Uzbekistan,2006,6.07475146177367
VCT,St. Vincent and the Grenadines,2006,7.41339795731157
VEN,"Venezuela, RB",2006,8.10092910086581
VGB,British Virgin Islands,2006,
VIR,Virgin Islands (U.S.),2006,3.58522291185554
VNM,Viet Nam,2006,5.57239749946528
VUT,Vanuatu,2006,5.86726101068508
WSM,Samoa,2006,1.73439136988327
XKX,Kosovo,2006,
YEM,"Yemen, Rep.",2006,-0.129375630986743
ZAF,South Africa,2006,4.53031944639788
ZMB,Zambia,2006,4.24983217682681
ZWE,Zimbabwe,2006,-4.63037569259529
ABW,Aruba,2007,2.32267757939195
AFE,Africa Eastern and Southern,2007,3.86656229741081
AFG,Afghanistan,2007,11.6923032922081
AFW,Africa Western and Central,2007,2.51342667891161
AGO,Angola,2007,8.85163544291412
ALB,Albania,2007,7.30798262922809
AND,Andorra,2007,-1.2896115123411
ARE,United Arab Emirates,2007,-8.10764986229219
ARG,Argentina,2007,7.93261011269163
ARM,Armenia,2007,14.4208244850475
ASM,American Samoa,2007,2.32559828018989
ATG,Antigua and Barbuda,2007,7.84344693304287
AUS,Australia,2007,1.91249613831002
AUT,Austria,2007,3.43938549159965
AZE,Azerbaijan,2007,24.0486787589595
BDI,Burundi,2007,-0.311187520314832
BEL,Belgium,2007,2.91838151983706
BEN,Benin,2007,2.9001757042866
BFA,Burkina Faso,2007,1.00131276742226
BGD,Bangladesh,2007,5.91320275589507
BGR,Bulgaria,2007,7.44148890461591
BHR,Bahrain,2007,0.0756469326690166
BHS,"Bahamas, The",2007,0.0223161568588637
BIH,Bosnia and Herzegovina,2007,7.1739207271968
BLR,Belarus,2007,9.09946004068696
BLZ,Belize,2007,0.469905572241231
BMU,Bermuda,2007,3.05647529695661
BOL,Bolivia,2007,2.79100341987355
BRA,Brazil,2007,5.00147015892721
BRB,Barbados,2007,1.59529283000614
BRN,Brunei Darussalam,2007,-5.37503174884661
BTN,Bhutan,2007,14.7631409986349
BWA,Botswana,2007,3.7618955229655
CAF,Central African Republic,2007,2.61065388109087
CAN,Canada,2007,1.06414487775739
CHE,Switzerland,2007,2.99182197798172
CHI,Channel Islands,2007,
CHL,Chile,2007,4.14386212927862
CHN,China,2007,13.5553663508412
CIV,Cote d'Ivoire,2007,-1.22415870474471
CMR,Cameroon,2007,1.44056500100977
COD,"Congo, Dem. Rep.",2007,5.29572569310682
COG,"Congo, Rep.",2007,-9.96945133776909
COL,Colombia,2007,5.39446786231066
COM,Comoros,2007,-1.18558697748325
CPV,Cabo Verde,2007,13.9029028555293
CRI,Costa Rica,2007,6.75979498090572
CUB,Cuba,2007,7.17925242550075
CUW,Curacao,2007,0.466173824147887
CYM,Cayman Islands,2007,0.141681834726853
CYP,Cyprus,2007,2.88426389868701
CZE,Czechia,2007,4.87504670244317
DEU,Germany,2007,3.0267913002332
DJI,Djibouti,2007,
DMA,Dominica,2007,5.29519443966164
DNK,Denmark,2007,0.540321532272571
DOM,Dominican Republic,2007,6.11794398001162
DZA,Algeria,2007,1.39346833661227
EAR,Early-demographic dividend,2007,4.05523801162848
ECS,Europe & Central Asia,2007,3.39762256368617
ECU,Ecuador,2007,0.176823126136227
EGY,"Egypt, Arab Rep.",2007,5.0854672784842
ERI,Eritrea,2007,-0.04176960463559
ESP,Spain,2007,1.63463980710374
EST,Estonia,2007,8.06276601408268
ETH,Ethiopia,2007,8.23770708038126
FIN,Finland,2007,4.86572137220107
FJI,Fiji,2007,-1.67524974022302
FRA,France,2007,1.89856745333175
FRO,Faroe Islands,2007,
FSM,"Micronesia, Fed. Sts.",2007,-0.964331358842145
GAB,Gabon,2007,2.74524486560748
GBR,United Kingdom,2007,2.13253558466515
GEO,Georgia,2007,13.1643509520424
GHA,Ghana,2007,1.69171777527903
GIB,Gibraltar,2007,
GIN,Guinea,2007,4.37307821452357
GMB,"Gambia, The",2007,0.0963372438063175
GNB,Guinea-Bissau,2007,0.0376503174978779
GNQ,Equatorial Guinea,2007,10.1968975693747
GRC,Greece,2007,3.24351376995932
GRD,Grenada,2007,5.7518527541441
GRL,Greenland,2007,2.7505908652024
GTM,Guatemala,2007,4.12107602558113
GUM,Guam,2007,0.456380842049214
GUY,Guyana,2007,7.48935908253156
HKG,"Hong Kong SAR, China",2007,5.55352397860919
HND,Honduras,2007,3.77627878562679
HRV,Croatia,2007,5.07223492239181
HTI,Haiti,2007,2.95569722727539
HUN,Hungary,2007,0.487904817715162
IDB,IDA blend,2007,2.7145617170298
IDN,Indonesia,2007,4.94958392275811
IMN,Isle of Man,2007,6.36998309806449
IND,India,2007,6.05160013740698
IRL,Ireland,2007,2.30923113199
IRN,"Iran, Islamic Rep.",2007,6.40171006806331
IRQ,Iraq,2007,2.69566336957755
ISL,Iceland,2007,6.0245936089685
ISR,Israel,2007,4.45161075798397
ITA,Italy,2007,0.846872548383672
JAM,Jamaica,2007,0.952340641642138
JOR,Jordan,2007,1.84052436528839
JPN,Japan,2007,1.36742232597771
KAZ,Kazakhstan,2007,7.871783713981
KEN,Kenya,2007,3.66978666216018
KGZ,Kyrgyz Republic,2007,7.51249331031009
KHM,Cambodia,2007,8.78143916559131
KIR,Kiribati,2007,0.984244992784554
KNA,St. Kitts and Nevis,2007,0.305516416409375
KOR,"Korea, Rep.",2007,5.30856236809566
KWT,Kuwait,2007,-0.0585846444072189
LAO,Lao PDR,2007,5.94392449426221
LBN,Lebanon,2007,7.21242419520836
LBR,Liberia,2007,4.21343815918623
LBY,Libya,2007,4.06916207450483
LCA,St. Lucia,2007,1.01330265983917
LCN,Latin America & Caribbean,2007,4.06527970421342
LIE,Liechtenstein,2007,2.66666052628214
LKA,Sri Lanka,2007,6.06651827130165
LSO,Lesotho,2007,3.75025688346649
LTE,Late-demographic dividend,2007,9.4933113872281
LTU,Lithuania,2007,12.4053451378162
LUX,Luxembourg,2007,6.44203099589529
LVA,Latvia,2007,11.3194013044585
MAC,"Macao SAR, China",2007,9.64668162095835
MAF,St. Martin (French part),2007,
MAR,Morocco,2007,2.03302704420354
MCO,Monaco,2007,15.2283004153469
MDA,Moldova,2007,3.238946835622
MDG,Madagascar,2007,2.65309950729227
MDV,Maldives,2007,3.62432861281428
MEX,Mexico,2007,0.650788700685027
MHL,Marshall Islands,2007,3.60283982880377
MKD,North Macedonia,2007,7.08313931163076
MLI,Mali,2007,-1.5313774567599
MLT,Malta,2007,4.67071992966383
MMR,Myanmar,2007,11.2004378218927
MNE,Montenegro,2007,6.98968425407895
MNG,Mongolia,2007,8.77843828826261
MNP,Northern Mariana Islands,2007,-3.92765941553607
MOZ,Mozambique,2007,5.11813481404295
MRT,Mauritania,2007,-4.48587322919337
MUS,Mauritius,2007,5.24649696534381
MWI,Malawi,2007,6.55134655734449
MYS,Malaysia,2007,4.01330440274728
NAM,Namibia,2007,3.97963640998429
NCL,New Caledonia,2007,
NER,Niger,2007,-0.585038841788489
NGA,Nigeria,2007,3.67720698171571
NIC,Nicaragua,2007,3.57801456385216
NLD,Netherlands,2007,3.6595790579472
NOR,Norway,2007,1.85464333724661
NPL,Nepal,2007,2.55045520091535
NRU,Nauru,2007,-21.9690489151566
NZL,New Zealand,2007,2.09997633054701
OMN,Oman,2007,2.71865852745317
PAK,Pakistan,2007,1.72148373910261
PAN,Panama,2007,11.0968500583192
PER,Peru,2007,7.73406209571857
PHL,Philippines,2007,4.68750495300476
PLW,Palau,2007,2.85014910413659
PNG,Papua New Guinea,2007,4.47661413613285
POL,Poland,2007,6.81843988104569
PRI,Puerto Rico (US),2007,-0.582297403436883
PRK,"Korea, Dem. People's Rep.",2007,
PRT,Portugal,2007,2.30555184529184
PRY,Paraguay,2007,4.39311756937708
PSE,West Bank and Gaza,2007,1.16982596233521
PYF,French Polynesia,2007,0.477742673226714
QAT,Qatar,2007,-5.0301345727959
ROU,Romania,2007,8.82964823723904
RUS,Russia,2007,8.68576548155966
RWA,Rwanda,2007,4.80790992688792
SAU,Saudi Arabia,2007,-1.94086075361376
SDN,Sudan,2007,2.69329211251048
SEN,Senegal,2007,0.466183194352098
SGP,Singapore,2007,4.57298627096552
SLB,Solomon Islands,2007,1.86556171568819
SLE,Sierra Leone,2007,1.49613150255581
SLV,El Salvador,2007,1.72041607620905
SMR,San Marino,2007,3.5848833240598
SOM,"Somalia, Fed. Rep.",2007,3.4237661469617
SRB,Serbia,2007,8.27017213045292
SSD,South Sudan,2007,
STP,Sao Tome and Principe,2007,1.16067244882319
SUR,Suriname,2007,3.92006219934488
SVK,Slovak Republic,2007,10.78629912015
SVN,Slovenia,2007,6.54177241190229
SWE,Sweden,2007,2.46223270145694
SWZ,Eswatini,2007,3.71813879735403
SXM,Sint Maarten (Dutch part),2007,
SYC,Seychelles,2007,8.32165420663699
SYR,Syrian Arab Republic,2007,-0.635804298088587
TCA,Turks and Caicos Islands,2007,
TCD,Chad,2007,0.671852923392407
TGO,Togo,2007,-4.01253675594127
THA,Thailand,2007,4.5949892120282
TJK,Tajikistan,2007,5.74856457778455
TKM,Turkmenistan,2007,9.00626645930463
TLS,Timor-Leste,2007,7.16092800232913
TON,Tonga,2007,-2.89657717629593
TTO,Trinidad and Tobago,2007,4.33268105297186
TUN,Tunisia,2007,5.73567938504127
TUR,Turkiye,2007,4.93924794926627
TUV,Tuvalu,2007,5.81698796194968
TZA,Tanzania,2007,3.83493311688827
UGA,Uganda,2007,5.27037575377261
UKR,Ukraine,2007,8.71227296398449
URY,Uruguay,2007,6.35892754413862
USA,United States,2007,1.03834382130532
UZB,Uzbekistan,2007,7.948870305745
VCT,St. Vincent and the Grenadines,2007,3.77042261406409
VEN,"Venezuela, RB",2007,7.08319155201518
VGB,British Virgin Islands,2007,
VIR,Virgin Islands (U.S.),2007,4.04131611143129
VNM,Viet Nam,2007,5.25231213341748
VUT,Vanuatu,2007,0.387169374214395
WSM,Samoa,2007,-0.0698092296218391
XKX,Kosovo,2007,
YEM,"Yemen, Rep.",2007,0.045109908702031
ZAF,South Africa,2007,4.25469604690063
ZMB,Zambia,2007,4.59671527144219
ZWE,Zimbabwe,2007,-4.91448916093475
ABW,Aruba,2008,1.06177235220186
AFE,Africa Eastern and Southern,2008,1.63141455651532
AFG,Afghanistan,2008,1.6772791560615
AFW,Africa Western and Central,2008,3.25123495143048
AGO,Angola,2008,6.67888592419779
ALB,Albania,2008,7.73056161381389
AND,Andorra,2008,-7.38929878788132
ARE,United Arab Emirates,2008,-7.90935166190489
ARG,Argentina,2008,3.00856892610517
ARM,Armenia,2008,7.60294775074826
ASM,American Samoa,2008,-2.16041177422564
ATG,Antigua and Barbuda,2008,-1.47076894898352
AUS,Australia,2008,1.56811983624921
AUT,Austria,2008,1.13621131218787
AZE,Azerbaijan,2008,8.29339095519384
BDI,Burundi,2008,0.668760370648471
BEL,Belgium,2008,-0.343476136908251
BEN,Benin,2008,1.77647069609412
BFA,Burkina Faso,2008,2.73663676272773
BGD,Bangladesh,2008,4.96057170242533
BGR,Bulgaria,2008,6.87712653095458
BHR,Bahrain,2008,0.0637144631576234
BHS,"Bahamas, The",2008,-3.62901783567871
BIH,Bosnia and Herzegovina,2008,7.20155128475226
BLR,Belarus,2008,10.581305038428
BLZ,Belize,2008,-4.29751566746636
BMU,Bermuda,2008,-2.31554307454078
BOL,Bolivia,2008,4.37162980865963
BRA,Brazil,2008,4.09221626871856
BRB,Barbados,2008,0.107256161300668
BRN,Brunei Darussalam,2008,-5.66095294794741
BTN,Bhutan,2008,3.35523609267926
BWA,Botswana,2008,1.1992313160418
CAF,Central African Republic,2008,-0.0996463174017777
CAN,Canada,2008,-0.0933427924909864
CHE,Switzerland,2008,1.50995075456851
CHI,Channel Islands,2008,
CHL,Chile,2008,2.75755699285021
CHN,China,2008,9.10974706584638
CIV,Cote d'Ivoire,2008,2.42600024388695
CMR,Cameroon,2008,-0.054684354254718
COD,"Congo, Dem. Rep.",2008,4.21104272850354
COG,"Congo, Rep.",2008,2.86698415150693
COL,Colombia,2008,2.04799051810861
COM,Comoros,2008,1.91937430669343
CPV,Cabo Verde,2008,5.93628669264135
CRI,Costa Rica,2008,3.32734114862421
CUB,Cuba,2008,4.07542754472641
CUW,Curacao,2008,0.910342294763453
CYM,Cayman Islands,2008,-3.20928627038711
CYP,Cyprus,2008,1.07674041142521
CZE,Czechia,2008,1.76470872925512
DEU,Germany,2008,1.07991595041742
DJI,Djibouti,2008,
DMA,Dominica,2008,7.11042175462228
DNK,Denmark,2008,-1.00055940971312
DOM,Dominican Republic,2008,2.00088270726057
DZA,Algeria,2008,0.652527943948144
EAR,Early-demographic dividend,2008,1.85264506975602
ECS,Europe & Central Asia,2008,0.617082477588411
ECU,Ecuador,2008,4.76318326284088
EGY,"Egypt, Arab Rep.",2008,5.17381069878276
ERI,Eritrea,2008,-12.1248431632963
ESP,Spain,2008,-0.827648476802253
EST,Estonia,2008,-4.87057915292706
ETH,Ethiopia,2008,7.62786742867665
FIN,Finland,2008,0.316320525705208
FJI,Fiji,2008,0.410201583535269
FRA,France,2008,-0.178410661195599
FRO,Faroe Islands,2008,
FSM,"Micronesia, Fed. Sts.",2008,-1.73931186268365
GAB,Gabon,2008,-6.37298501256997
GBR,United Kingdom,2008,-0.832967942760902
GEO,Georgia,2008,2.7332346709434
GHA,Ghana,2008,6.41466992518754
GIB,Gibraltar,2008,
GIN,Guinea,2008,1.64417388168144
GMB,"Gambia, The",2008,3.21187607038
GNB,Guinea-Bissau,2008,1.92082759963192
GNQ,Equatorial Guinea,2008,12.5326733451216
GRC,Greece,2008,-0.2077841521306
GRD,Grenada,2008,0.607094088064969
GRL,Greenland,2008,6.59397874864722
GTM,Guatemala,2008,1.1948125938613
GUM,Guam,2008,1.772255039884
GUY,Guyana,2008,2.05930009878752
HKG,"Hong Kong SAR, China",2008,1.51877053317028
HND,Honduras,2008,1.9188349629601
HRV,Croatia,2008,1.9849846109197
HTI,Haiti,2008,0.961802640900089
HUN,Hungary,2008,1.17042884387347
IDB,IDA blend,2008,1.48065028815239
IDN,Indonesia,2008,4.64721758277069
IMN,Isle of Man,2008,3.77208525293702
IND,India,2008,1.61413451702882
IRL,Ireland,2008,-6.41164613131696
IRN,"Iran, Islamic Rep.",2008,-0.959303455562093
IRQ,Iraq,2008,6.06351402987207
ISL,Iceland,2008,-0.174091482130947
ISR,Israel,2008,1.40446742128471
ITA,Italy,2008,-1.7836019705945
JAM,Jamaica,2008,-1.24242279776804
JOR,Jordan,2008,4.72560086199387
JPN,Japan,2008,-1.27210994875956
KAZ,Kazakhstan,2008,2.23526924918258
KEN,Kenya,2008,-2.7588645638462
KGZ,Kyrgyz Republic,2008,7.37554930252675
KHM,Cambodia,2008,5.85728555368171
KIR,Kiribati,2008,-4.98978666488051
KNA,St. Kitts and Nevis,2008,11.0104297068936
KOR,"Korea, Rep.",2008,2.22523680909987
KWT,Kuwait,2008,-3.06795857769427
LAO,Lao PDR,2008,6.19878841672832
LBN,Lebanon,2008,7.27020382429338
LBR,Liberia,2008,2.88473943454363
LBY,Libya,2008,-2.26034195363675
LCA,St. Lucia,2008,4.29652830468692
LCN,Latin America & Caribbean,2008,2.50697878056431
LIE,Liechtenstein,2008,1.19257451932671
LKA,Sri Lanka,2008,5.24732975759279
LSO,Lesotho,2008,4.81119838923493
LTE,Late-demographic dividend,2008,6.26255651519352
LTU,Lithuania,2008,3.66012476803633
LUX,Luxembourg,2008,-2.066473342352
LVA,Latvia,2008,-2.36803650613602
MAC,"Macao SAR, China",2008,-0.393635324657993
MAF,St. Martin (French part),2008,
MAR,Morocco,2008,4.24978033517071
MCO,Monaco,2008,0.750035773265338
MDA,Moldova,2008,8.00539195483559
MDG,Madagascar,2008,3.62579150838536
MDV,Maldives,2008,5.18657527149283
MEX,Mexico,2008,-0.519889925183975
MHL,Marshall Islands,2008,-7.5574639701523
MKD,North Macedonia,2008,6.08402471253315
MLI,Mali,2008,0.28826876189116
MLT,Malta,2008,3.73344869647698
MMR,Myanmar,2008,9.64981113277751
MNE,Montenegro,2008,6.70904934455439
MNG,Mongolia,2008,7.19669912596376
MNP,Northern Mariana Islands,2008,-8.28281999633768
MOZ,Mozambique,2008,4.27502296305138
MRT,Mauritania,2008,-3.15557609857845
MUS,Mauritius,2008,5.00653905530841
MWI,Malawi,2008,4.5585561584534
MYS,Malaysia,2008,2.65806478779189
NAM,Namibia,2008,1.22288329166788
NCL,New Caledonia,2008,
NER,Niger,2008,3.81608288917157
NGA,Nigeria,2008,3.83258898509833
NIC,Nicaragua,2008,1.96391791132177
NLD,Netherlands,2008,1.72005565007052
NOR,Norway,2008,-0.762647949902117
NPL,Nepal,2008,5.31231494291112
NRU,Nauru,2008,20.1318813068238
NZL,New Zealand,2008,-1.85355347358967
OMN,Oman,2008,6.61241844727729
PAK,Pakistan,2008,-0.577212099008804
PAN,Panama,2008,8.20927222938532
PER,Peru,2008,8.4109066563893
PHL,Philippines,2008,2.51657128580275
PLW,Palau,2008,-3.73360277889407
PNG,Papua New Guinea,2008,-3.34540325323914
POL,Poland,2008,4.36953645222033
PRI,Puerto Rico (US),2008,-1.26658342180474
PRK,"Korea, Dem. People's Rep.",2008,
PRT,Portugal,2008,0.174699975144293
PRY,Paraguay,2008,5.46828018341716
PSE,West Bank and Gaza,2008,4.51371143942183
PYF,French Polynesia,2008,-0.716512347599547
QAT,Qatar,2008,-0.340739470062928
ROU,Romania,2008,11.1442089014979
RUS,Russia,2008,5.24621001829865
RWA,Rwanda,2008,8.27757420238298
SAU,Saudi Arabia,2008,2.04298819113291
SDN,Sudan,2008,0.693530743818769
SEN,Senegal,2008,1.30518111750766
SGP,Singapore,2008,-3.41549269446281
SLB,Solomon Islands,2008,4.42328745185992
SLE,Sierra Leone,2008,1.12905319443597
SLV,El Salvador,2008,1.82447186659891
SMR,San Marino,2008,-1.91822422078984
SOM,"Somalia, Fed. Rep.",2008,3.5794262149137
SRB,Serbia,2008,5.60952327700927
SSD,South Sudan,2008,
STP,Sao Tome and Principe,2008,3.72699030635786
SUR,Suriname,2008,2.93593297564139
SVK,Slovak Republic,2008,5.27306126349816
SVN,Slovenia,2008,3.20889412209657
SWE,Sweden,2008,-1.6919565204184
SWZ,Eswatini,2008,0.758242258979109
SXM,Sint Maarten (Dutch part),2008,
SYC,Seychelles,2008,-4.87712623002744
SYR,Syrian Arab Republic,2008,0.843363715439807
TCA,Turks and Caicos Islands,2008,3.70447487476251
TCD,Chad,2008,-0.463468027675191
TGO,Togo,2008,1.08763807878243
THA,Thailand,2008,0.947280170156503
TJK,Tajikistan,2008,5.78378645390583
TKM,Turkmenistan,2008,12.5329864814578
TLS,Timor-Leste,2008,8.42335661758385
TON,Tonga,2008,4.57476736236848
TTO,Trinidad and Tobago,2008,2.96516094023625
TUN,Tunisia,2008,3.23983058347032
TUR,Turkiye,2008,-0.349081731358567
TUV,Tuvalu,2008,5.23011336110841
TZA,Tanzania,2008,2.87353898673082
UGA,Uganda,2008,5.5545038560267
UKR,Ukraine,2008,2.77550904646171
URY,Uruguay,2008,6.94817225721984
USA,United States,2008,-0.828888119464764
UZB,Uzbekistan,2008,7.36856523907177
VCT,St. Vincent and the Grenadines,2008,0.859512861875416
VEN,"Venezuela, RB",2008,3.7605028775954
VGB,British Virgin Islands,2008,
VIR,Virgin Islands (U.S.),2008,1.16259833481369
VNM,Viet Nam,2008,3.74838603993047
VUT,Vanuatu,2008,2.9853548158102
WSM,Samoa,2008,2.81854653180625
XKX,Kosovo,2008,
YEM,"Yemen, Rep.",2008,0.370978630255152
ZAF,South Africa,2008,2.00798658438173
ZMB,Zambia,2008,3.99773185138027
ZWE,Zimbabwe,2008,-18.6543102007687
ABW,Aruba,2009,-12.2749362798142
AFE,Africa Eastern and Southern,2009,-1.80546868048668
AFG,Afghanistan,2009,17.0438963216074
AFW,Africa Western and Central,2009,3.21833088001522
AGO,Angola,2009,-1.80906009330889
ALB,Albania,2009,3.38511539501225
AND,Andorra,2009,-5.74648545856505
ARE,United Arab Emirates,2009,-10.9561860264524
ARG,Argentina,2009,-6.9103121153056
ARM,Armenia,2009,-13.5088421403002
ASM,American Samoa,2009,-3.6489098592902
ATG,Antigua and Barbuda,2009,-13.2817680568047
AUS,Australia,2009,-0.124768741461196
AUT,Austria,2009,-3.83849307623562
AZE,Azerbaijan,2009,7.12223856098808
BDI,Burundi,2009,-1.33995105464051
BEL,Belgium,2009,-2.69253471722568
BEN,Benin,2009,-0.703743155603306
BFA,Burkina Faso,2009,-0.0002277735198674
BGD,Bangladesh,2009,4.07076421640669
BGR,Bulgaria,2009,-2.72241480587978
BHR,Bahrain,2009,-3.97919772562874
BHS,"Bahamas, The",2009,-5.41414044702256
BIH,Bosnia and Herzegovina,2009,-1.31069341204288
BLR,Belarus,2009,0.446705717445226
BLZ,Belize,2009,-3.07491344525414
BMU,Bermuda,2009,-6.02013631834608
BOL,Bolivia,2009,1.65007711075671
BRA,Brazil,2009,-1.01632362228523
BRB,Barbados,2009,-5.50548928278727
BRN,Brunei Darussalam,2009,-3.72462679896589
BTN,Bhutan,2009,6.48266406090858
BWA,Botswana,2009,-15.8997149078875
CAF,Central African Republic,2009,9.30502220176477
CAN,Canada,2009,-4.02008809742583
CHE,Switzerland,2009,-3.51055875649962
CHI,Channel Islands,2009,
CHL,Chile,2009,-2.11061042692428
CHN,China,2009,8.85990205362064
CIV,Cote d'Ivoire,2009,1.32618518113594
CMR,Cameroon,2009,-0.318334274636157
COD,"Congo, Dem. Rep.",2009,-2.49542488145794
COG,"Congo, Rep.",2009,7.26428280496805
COL,Colombia,2009,-0.0317051022677077
COM,Comoros,2009,1.20778430816443
CPV,Cabo Verde,2009,-2.43495532260619
CRI,Costa Rica,2009,-2.18936686159658
CUB,Cuba,2009,1.42474509664487
CUW,Curacao,2009,-1.17689651776027
CYM,Cayman Islands,2009,-9.78775124105034
CYP,Cyprus,2009,-4.61048255739776
CZE,Czechia,2009,-5.33917399896316
DEU,Germany,2009,-5.30491661723096
DJI,Djibouti,2009,
DMA,Dominica,2009,-1.15010790521457
DNK,Denmark,2009,-5.48158280998165
DOM,Dominican Republic,2009,-0.268926599782176
DZA,Algeria,2009,-0.72042057547074
EAR,Early-demographic dividend,2009,-0.924589276124323
ECS,Europe & Central Asia,2009,-4.81013054569085
ECU,Ecuador,2009,-0.618743696364604
EGY,"Egypt, Arab Rep.",2009,2.7155259206418
ERI,Eritrea,2009,1.3025781558331
ESP,Spain,2009,-4.61672962915983
EST,Estonia,2009,-14.4654981470721
ETH,Ethiopia,2009,5.7563855983106
FIN,Finland,2009,-8.51460466433139
FJI,Fiji,2009,-1.80343336104428
FRA,France,2009,-3.32212444604225
FRO,Faroe Islands,2009,-5.0306197804414
FSM,"Micronesia, Fed. Sts.",2009,2.01527053940008
GAB,Gabon,2009,-3.14683049052138
GBR,United Kingdom,2009,-5.30637777763782
GEO,Georgia,2009,-2.79118104819281
GHA,Ghana,2009,2.26068893513001
GIB,Gibraltar,2009,
GIN,Guinea,2009,-3.50758302722751
GMB,"Gambia, The",2009,3.61238687182772
GNB,Guinea-Bissau,2009,-0.124226604498276
GNQ,Equatorial Guinea,2009,-3.22046029526918
GRC,Greece,2009,-4.37113631022572
GRD,Grenada,2009,-6.91378690534548
GRL,Greenland,2009,0.874906570700134
GTM,Guatemala,2009,-1.50524953899686
GUM,Guam,2009,0.14856119478938
GUY,Guyana,2009,3.95757174257776
HKG,"Hong Kong SAR, China",2009,-2.66898437200337
HND,Honduras,2009,-4.54399131651867
HRV,Croatia,2009,-6.71438804670143
HTI,Haiti,2009,4.15489282064615
HUN,Hungary,2009,-6.59558642753552
IDB,IDA blend,2009,3.1825208799096
IDN,Indonesia,2009,3.31160021271401
IMN,Isle of Man,2009,0.979767326548526
IND,India,2009,6.31340985793889
IRL,Ireland,2009,-6.05481156494983
IRN,"Iran, Islamic Rep.",2009,-0.239219321569081
IRQ,Iraq,2009,-0.359808708496018
ISL,Iceland,2009,-8.63377661962879
ISR,Israel,2009,-1.15337011091322
ITA,Italy,2009,-5.85255775999181
JAM,Jamaica,2009,-4.74232025652036
JOR,Jordan,2009,2.79012172938629
JPN,Japan,2009,-5.68145234041657
KAZ,Kazakhstan,2009,0.0228479849101006
KEN,Kenya,2009,0.232598394599862
KGZ,Kyrgyz Republic,2009,1.53257250259469
KHM,Cambodia,2009,2.44674504763958
KIR,Kiribati,2009,-1.58315258146997
KNA,St. Kitts and Nevis,2009,-3.5715108939693
KOR,"Korea, Rep.",2009,0.302292304284919
KWT,Kuwait,2009,-11.8648164745831
LAO,Lao PDR,2009,5.90563851314371
LBN,Lebanon,2009,8.75424197439401
LBR,Liberia,2009,2.04180167202995
LBY,Libya,2009,-6.37107364350932
LCA,St. Lucia,2009,-3.43582922693658
LCN,Latin America & Caribbean,2009,-3.39483819090218
LIE,Liechtenstein,2009,-1.90138748845943
LKA,Sri Lanka,2009,2.90511614609032
LSO,Lesotho,2009,-1.96870088552072
LTE,Late-demographic dividend,2009,3.10178388686109
LTU,Lithuania,2009,-13.8877568111501
LUX,Luxembourg,2009,-5.01426307607777
LVA,Latvia,2009,-14.6423127971401
MAC,"Macao SAR, China",2009,2.37763323141643
MAF,St. Martin (French part),2009,
MAR,Morocco,2009,2.34392549842086
MCO,Monaco,2009,-12.7834725197235
MDA,Moldova,2009,-5.88123771461969
MDG,Madagascar,2009,-6.7569485520622
MDV,Maldives,2009,-11.5265024869526
MEX,Mexico,2009,-7.65517173118076
MHL,Marshall Islands,2009,3.68716247105003
MKD,North Macedonia,2009,0.287981674208055
MLI,Mali,2009,2.07458358612229
MLT,Malta,2009,-2.13584258309241
MMR,Myanmar,2009,9.93736426370333
MNE,Montenegro,2009,-6.19590190743681
MNG,Mongolia,2009,-3.02646374326369
MNP,Northern Mariana Islands,2009,-14.854218227401
MOZ,Mozambique,2009,3.21964861492762
MRT,Mauritania,2009,-2.98568728628379
MUS,Mauritius,2009,3.04110046320396
MWI,Malawi,2009,5.17234875360792
MYS,Malaysia,2009,-3.45602642616269
NAM,Namibia,2009,-1.16873879710282
NCL,New Caledonia,2009,
NER,Niger,2009,-1.75785643451498
NGA,Nigeria,2009,5.06718321393218
NIC,Nicaragua,2009,-4.66051140515347
NLD,Netherlands,2009,-4.15945322331045
NOR,Norway,2009,-3.16925631537788
NPL,Nepal,2009,3.82909610583356
NRU,Nauru,2009,-5.62156105786306
NZL,New Zealand,2009,-1.03184078096996
OMN,Oman,2009,3.68717578981379
PAK,Pakistan,2009,0.87615081009595
PAN,Panama,2009,-0.205009199670286
PER,Peru,2009,0.473893281807491
PHL,Philippines,2009,-0.362955289837316
PLW,Palau,2009,-5.03782795273666
PNG,Papua New Guinea,2009,3.57848686707685
POL,Poland,2009,2.54561682473884
PRI,Puerto Rico (US),2009,-1.41621092108605
PRK,"Korea, Dem. People's Rep.",2009,
PRT,Portugal,2009,-3.21438882343172
PRY,Paraguay,2009,-1.27522707846056
PSE,West Bank and Gaza,2009,5.73457681316152
PYF,French Polynesia,2009,-4.62302243249042
QAT,Qatar,2009,-0.705591683176323
ROU,Romania,2009,-4.72628859385392
RUS,Russia,2009,-7.8277499767233
RWA,Rwanda,2009,3.54291916809377
SAU,Saudi Arabia,2009,-4.86501611210622
SDN,Sudan,2009,-5.81042185394722
SEN,Senegal,2009,0.349911484355829
SGP,Singapore,2009,-2.84677194924208
SLB,Solomon Islands,2009,1.00843919853824
SLE,Sierra Leone,2009,-1.1672975048301
SLV,El Salvador,2009,-2.41599153160278
SMR,San Marino,2009,-14.1287766020679
SOM,"Somalia, Fed. Rep.",2009,4.03513734394411
SRB,Serbia,2009,-2.75343779759604
SSD,South Sudan,2009,0.201710077462366
STP,Sao Tome and Principe,2009,0.944228915067228
SUR,Suriname,2009,1.81540250702821
SVK,Slovak Republic,2009,-5.6311751026805
SVN,Slovenia,2009,-8.42208868943828
SWE,Sweden,2009,-5.06780005582803
SWZ,Eswatini,2009,0.784947122409747
SXM,Sint Maarten (Dutch part),2009,
SYC,Seychelles,2009,-2.86142425794473
SYR,Syrian Arab Republic,2009,4.27155320051828
TCA,Turks and Caicos Islands,2009,-22.8174275175901
TCD,Chad,2009,-4.86874608942905
TGO,Togo,2009,2.50752980203251
THA,Thailand,2009,-1.42135866699509
TJK,Tajikistan,2009,1.79394759926346
TKM,Turkmenistan,2009,4.02604918231428
TLS,Timor-Leste,2009,7.40540253023865
TON,Tonga,2009,-5.29112664808726
TTO,Trinidad and Tobago,2009,-4.50258208171535
TUN,Tunisia,2009,1.99812423215356
TUR,Turkiye,2009,-6.18658127732729
TUV,Tuvalu,2009,-7.50466016633209
TZA,Tanzania,2009,2.70936589724377
UGA,Uganda,2009,3.70592159085399
UKR,Ukraine,2009,-14.7807201233911
URY,Uruguay,2009,3.99426146565813
USA,United States,2009,-3.42683193789478
UZB,Uzbekistan,2009,6.33169102436078
VCT,St. Vincent and the Grenadines,2009,-0.914124585036191
VEN,"Venezuela, RB",2009,-4.5114030823229
VGB,British Virgin Islands,2009,
VIR,Virgin Islands (U.S.),2009,-6.60082033820244
VNM,Viet Nam,2009,3.83237459567542
VUT,Vanuatu,2009,0.453966271093378
WSM,Samoa,2009,-1.27185467227797
XKX,Kosovo,2009,5.39636701673933
YEM,"Yemen, Rep.",2009,0.598210143519466
ZAF,South Africa,2009,-2.70664075062311
ZMB,Zambia,2009,5.42272309461708
ZWE,Zimbabwe,2009,11.6893318173098
ABW,Aruba,2010,-2.95695264975568
AFE,Africa Eastern and Southern,2010,2.46724942908996
AFG,Afghanistan,2010,11.0550305527288
AFW,Africa Western and Central,2010,4.05981283645302
AGO,Angola,2010,1.31579076620976
ALB,Albania,2010,3.48564808644622
AND,Andorra,2010,1.88988084312282
ARE,United Arab Emirates,2010,-0.804617484632146
ARG,Argentina,2010,8.96819672899282
ARM,Armenia,2010,2.91158696816194
ASM,American Samoa,2010,0.84468159199173
ATG,Antigua and Barbuda,2010,-9.0794536101368
AUS,Australia,2010,0.632264496011231
AUT,Austria,2010,1.56453337880819
AZE,Azerbaijan,2010,3.54945543779385
BDI,Burundi,2010,0.287652254263818
BEL,Belgium,2010,1.77618341639121
BEN,Benin,2010,-0.888244805144353
BFA,Burkina Faso,2010,5.31934915891263
BGD,Bangladesh,2010,4.65046297355514
BGR,Bulgaria,2010,2.22607896520175
BHR,Bahrain,2010,0.0771669589062469
BHS,"Bahamas, The",2010,0.248837037553542
BIH,Bosnia and Herzegovina,2010,2.67372042856877
BLR,Belarus,2010,7.98573283435519
BLZ,Belize,2010,-0.999227091889964
BMU,Bermuda,2010,-2.74767294578886
BOL,Bolivia,2010,2.42845713052691
BRA,Brazil,2010,6.62782994929138
BRB,Barbados,2010,-2.61559986287286
BRN,Brunei Darussalam,2010,0.808737769071328
BTN,Bhutan,2010,10.7124208428696
BWA,Botswana,2010,7.82114699392078
CAF,Central African Republic,2010,5.47038096593693
CAN,Canada,2010,1.95144744690714
CHE,Switzerland,2010,2.17363798688378
CHI,Channel Islands,2010,-4.28117501896055
CHL,Chile,2010,4.79363748014636
CHN,China,2010,10.0634243207535
CIV,Cote d'Ivoire,2010,4.5193074547668
CMR,Cameroon,2010,0.0001364214844272
COD,"Congo, Dem. Rep.",2010,4.45970291691562
COG,"Congo, Rep.",2010,5.47046970435608
COL,Colombia,2010,3.31434936742798
COM,Comoros,2010,1.73524239121446
CPV,Cabo Verde,2010,1.10867941118087
CRI,Costa Rica,2010,4.06134325895124
CUB,Cuba,2010,2.36597236588088
CUW,Curacao,2010,-1.17626862745298
CYM,Cayman Islands,2010,-5.37886797123619
CYP,Cyprus,2010,-0.357614019094044
CZE,Czechia,2010,2.41582948883936
DEU,Germany,2010,4.29429269623485
DJI,Djibouti,2010,
DMA,Dominica,2010,-0.0983573113798997
DNK,Denmark,2010,1.13266938250023
DOM,Dominican Republic,2010,7.02231182986095
DZA,Algeria,2010,2.77921908194712
EAR,Early-demographic dividend,2010,4.74822369566223
ECS,Europe & Central Asia,2010,2.25804427566028
ECU,Ecuador,2010,2.2990259381485
EGY,"Egypt, Arab Rep.",2010,3.14977851168294
ERI,Eritrea,2010,0.205918877679608
ESP,Spain,2010,-0.365660089983677
EST,Estonia,2010,2.68366165094633
ETH,Ethiopia,2010,9.4043448666486
FIN,Finland,2010,2.69737665062684
FJI,Fiji,2010,2.59506233236984
FRA,France,2010,1.49872466177408
FRO,Faroe Islands,2010,-0.105466831279102
FSM,"Micronesia, Fed. Sts.",2010,2.46196280881719
GAB,Gabon,2010,3.45835073677657
GBR,United Kingdom,2010,1.46206947680976
GEO,Georgia,2010,7.02428366897674
GHA,Ghana,2010,5.30617508163762
GIB,Gibraltar,2010,
GIN,Guinea,2010,2.26713039266406
GMB,"Gambia, The",2010,2.87350950500529
GNB,Guinea-Bissau,2010,2.91052833964689
GNQ,Equatorial Guinea,2010,-13.0151718370352
GRC,Greece,2010,-5.81520524166056
GRD,Grenada,2010,-0.807153746059768
GRL,Greenland,2010,1.35611976495977
GTM,Guatemala,2010,0.865525448373077
GUM,Guam,2010,2.04892665177626
GUY,Guyana,2010,4.53289275994231
HKG,"Hong Kong SAR, China",2010,5.98640945097021
HND,Honduras,2010,1.5491216313325
HRV,Croatia,2010,-1.11200189628147
HTI,Haiti,2010,-6.7459038549499
HUN,Hungary,2010,1.2966366075499
IDB,IDA blend,2010,3.27375185202381
IDN,Indonesia,2010,4.89326246908787
IMN,Isle of Man,2010,2.24854803434695
IND,India,2010,6.93079780415253
IRL,Ireland,2010,1.13042386118924
IRN,"Iran, Islamic Rep.",2010,4.48194624429263
IRQ,Iraq,2010,3.01924651269078
ISL,Iceland,2010,-2.08101145067769
ISR,Israel,2010,3.62399103334153
ITA,Italy,2010,1.0811087798198
JAM,Jamaica,2010,-1.87206742708895
JOR,Jordan,2010,0.137449407888951
JPN,Japan,2010,4.07922304856318
KAZ,Kazakhstan,2010,5.91730119035698
KEN,Kenya,2010,4.96811299885232
KGZ,Kyrgyz Republic,2010,-1.88093371727501
KHM,Cambodia,2010,3.45435117133705
KIR,Kiribati,2010,-0.857158610176697
KNA,St. Kitts and Nevis,2010,0.0951505914335229
KOR,"Korea, Rep.",2010,6.44997750684229
KWT,Kuwait,2010,-7.27588260300011
LAO,Lao PDR,2010,6.94116593325336
LBN,Lebanon,2010,6.92562408092621
LBR,Liberia,2010,3.07117998186455
LBY,Libya,2010,2.90736772244718
LCA,St. Lucia,2010,-0.278750187807233
LCN,Latin America & Caribbean,2010,5.0131209995192
LIE,Liechtenstein,2010,
LKA,Sri Lanka,2010,7.38142864801097
LSO,Lesotho,2010,4.45925951436652
LTE,Late-demographic dividend,2010,7.42858360517738
LTU,Lithuania,2010,2.5553360476174
LUX,Luxembourg,2010,1.88354824324517
LVA,Latvia,2010,-1.63514379125596
MAC,"Macao SAR, China",2010,24.6371741633376
MAF,St. Martin (French part),2010,
MAR,Morocco,2010,2.07976488720576
MCO,Monaco,2010,-0.393849531303786
MDA,Moldova,2010,7.20697461136707
MDG,Madagascar,2010,-2.26580252727942
MDV,Maldives,2010,3.08074681818198
MEX,Mexico,2010,3.47084287436401
MHL,Marshall Islands,2010,5.48848970412462
MKD,North Macedonia,2010,4.02171749784563
MLI,Mali,2010,2.20222024869554
MLT,Malta,2010,5.6770062472165
MMR,Myanmar,2010,8.82058943535873
MNE,Montenegro,2010,2.58744435496348
MNG,Mongolia,2010,4.52004039651671
MNP,Northern Mariana Islands,2010,3.70912591649699
MOZ,Mozambique,2010,3.86194568743883
MRT,Mauritania,2010,-0.603277391963445
MUS,Mauritius,2010,4.12919884822152
MWI,Malawi,2010,3.76961752338009
MYS,Malaysia,2010,5.43424070379723
NAM,Namibia,2010,4.40996877603639
NCL,New Caledonia,2010,
NER,Niger,2010,4.60766589552573
NGA,Nigeria,2010,5.0285377931029
NIC,Nicaragua,2010,2.9388092403868
NLD,Netherlands,2010,0.800960653466348
NOR,Norway,2010,-0.460631240331892
NPL,Nepal,2010,4.16886489216166
NRU,Nauru,2010,-0.268843970925019
NZL,New Zealand,2010,0.336940895877831
OMN,Oman,2010,-0.232906393185388
PAK,Pakistan,2010,-0.97547471765489
PAN,Panama,2010,4.19797192886546
PER,Peru,2010,7.6277436246787
PHL,Philippines,2010,5.15869430276467
PLW,Palau,2010,-0.986778712066226
PNG,Papua New Guinea,2010,6.85231014831385
POL,Poland,2010,3.46400853867873
PRI,Puerto Rico (US),2010,0.0130918561743698
PRK,"Korea, Dem. People's Rep.",2010,
PRT,Portugal,2010,1.69092747575826
PRY,Paraguay,2010,9.80314731435514
PSE,West Bank and Gaza,2010,3.06565425625401
PYF,French Polynesia,2010,-2.86221244709949
QAT,Qatar,2010,19.0056903213096
ROU,Romania,2010,-3.33335291355054
RUS,Russia,2010,4.45309639834757
RWA,Rwanda,2010,4.65979796365141
SAU,Saudi Arabia,2010,6.08720360847519
SDN,Sudan,2010,0.758886048751407
SEN,Senegal,2010,0.952269607225944
SGP,Singapore,2010,12.5085215498552
SLB,Solomon Islands,2010,6.65612594404901
SLE,Sierra Leone,2010,3.5002192188053
SLV,El Salvador,2010,1.81801613607789
SMR,San Marino,2010,-6.05328650752219
SOM,"Somalia, Fed. Rep.",2010,4.07910489707555
SRB,Serbia,2010,2.02027708357562
SSD,South Sudan,2010,0.0553052206663267
STP,Sao Tome and Principe,2010,-0.755150615358019
SUR,Suriname,2010,3.95347703289852
SVK,Slovak Republic,2010,6.69110844613654
SVN,Slovenia,2010,0.672167911403392
SWE,Sweden,2010,4.85304553694191
SWZ,Eswatini,2010,3.21763655344279
SXM,Sint Maarten (Dutch part),2010,2.2746924085417
SYC,Seychelles,2010,1.62737013590673
SYR,Syrian Arab Republic,2010,2.82697106833621
TCA,Turks and Caicos Islands,2010,-2.92353368570767
TCD,Chad,2010,9.80713115149598
TGO,Togo,2010,3.0128532960463
THA,Thailand,2010,6.79479928649167
TJK,Tajikistan,2010,4.24657467143167
TKM,Turkmenistan,2010,6.98701634742274
TLS,Timor-Leste,2010,6.72117942930667
TON,Tonga,2010,0.639458308941471
TTO,Trinidad and Tobago,2010,2.72667409792857
TUN,Tunisia,2010,1.86835635362381
TUR,Turkiye,2010,6.90544093016851
TUV,Tuvalu,2010,-3.63168142704605
TZA,Tanzania,2010,3.67041498018565
UGA,Uganda,2010,2.57308463341826
UKR,Ukraine,2010,4.46782513515676
URY,Uruguay,2010,7.52764617823019
USA,United States,2010,1.82992369379657
UZB,Uzbekistan,2010,5.90590026943735
VCT,St. Vincent and the Grenadines,2010,-3.99351095016873
VEN,"Venezuela, RB",2010,-2.77023251504848
VGB,British Virgin Islands,2010,
VIR,Virgin Islands (U.S.),2010,0.640017045957947
VNM,Viet Nam,2010,5.21227683604808
VUT,Vanuatu,2010,-1.08593808514806
WSM,Samoa,2010,5.29451664588825
XKX,Kosovo,2010,5.28831482675317
YEM,"Yemen, Rep.",2010,4.3735077841587
ZAF,South Africa,2010,1.82804672464107
ZMB,Zambia,2010,6.54512358380669
ZWE,Zimbabwe,2010,17.7601242170416
ABW,Aruba,2011,2.61052505937265
AFE,Africa Eastern and Southern,2011,1.32056264735158
AFG,Afghanistan,2011,-3.21329500579925
AFW,Africa Western and Central,2011,2.00165680033342
AGO,Angola,2011,-0.356512141669299
ALB,Albania,2011,2.73953255678821
AND,Andorra,2011,3.7495175357235
ARE,United Arab Emirates,2011,3.21040480797836
ARG,Argentina,2011,4.88127252804149
ARM,Armenia,2011,5.28437530828725
ASM,American Samoa,2011,0.606612624100549
ATG,Antigua and Barbuda,2011,-3.10800074739414
AUS,Australia,2011,0.981771621515961
AUT,Austria,2011,2.5811033185299
AZE,Azerbaijan,2011,-2.84718268648209
BDI,Burundi,2011,0.368535841377152
BEL,Belgium,2011,0.613616927857308
BEN,Benin,2011,-0.0571230167535077
BFA,Burkina Faso,2011,3.51633623623128
BGD,Bangladesh,2011,5.501503282369
BGR,Bulgaria,2011,2.74691014250048
BHR,Bahrain,2011,4.78747209697194
BHS,"Bahamas, The",2011,-0.537416355238307
BIH,Bosnia and Herzegovina,2011,2.83942425948602
BLR,Belarus,2011,5.7975501732946
BLZ,Belize,2011,-2.28218512422295
BMU,Bermuda,2011,-3.75482688131365
BOL,Bolivia,2011,3.51064971722133
BRA,Brazil,2011,3.13169854409105
BRB,Barbados,2011,-0.633787547060066
BRN,Brunei Darussalam,2011,1.91129549119837
BTN,Bhutan,2011,7.30476940871061
BWA,Botswana,2011,4.75557328946104
CAF,Central African Republic,2011,2.55065326927321
CAN,Canada,2011,2.13607717133128
CHE,Switzerland,2011,0.687339980952387
CHI,Channel Islands,2011,0.438026517384117
CHL,Chile,2011,5.18104033334399
CHN,China,2011,8.86480747550642
CIV,Cote d'Ivoire,2011,-7.40424970030114
CMR,Cameroon,2011,0.496174364645441
COD,"Congo, Dem. Rep.",2011,4.1213329035411
COG,"Congo, Rep.",2011,-1.06295910259951
COL,Colombia,2011,5.80823503363762
COM,Comoros,2011,2.08269275960269
CPV,Cabo Verde,2011,3.58680088003479
CRI,Costa Rica,2011,3.18309278796906
CUB,Cuba,2011,2.76444210196216
CUW,Curacao,2011,-0.909566558660117
CYM,Cayman Islands,2011,-1.57275972465099
CYP,Cyprus,2011,-2.1129375771815
CZE,Czechia,2011,1.56218619113156
DEU,Germany,2011,5.69928311502757
DJI,Djibouti,2011,
DMA,Dominica,2011,-0.238324807305119
DNK,Denmark,2011,0.894526404293345
DOM,Dominican Republic,2011,1.89038252427819
DZA,Algeria,2011,1.00399237129356
EAR,Early-demographic dividend,2011,3.3373148760035
ECS,Europe & Central Asia,2011,2.09775339309826
ECU,Ecuador,2011,6.71524931054121
EGY,"Egypt, Arab Rep.",2011,-0.354646267702748
ERI,Eritrea,2011,6.74798297853228
ESP,Spain,2011,-0.992358604711711
EST,Estonia,2011,7.93414724975237
ETH,Ethiopia,2011,8.06141676362226
FIN,Finland,2011,1.91685338301681
FJI,Fiji,2011,2.41603525489221
FRA,France,2011,1.94433505424516
FRO,Faroe Islands,2011,3.80958187983906
FSM,"Micronesia, Fed. Sts.",2011,3.63146339591056
GAB,Gabon,2011,3.35937600321799
GBR,United Kingdom,2011,0.0663488911998797
GEO,Georgia,2011,8.8036288733672
GHA,Ghana,2011,11.3370417824575
GIB,Gibraltar,2011,
GIN,Guinea,2011,3.02826048764469
GMB,"Gambia, The",2011,-10.7772609082744
GNB,Guinea-Bissau,2011,5.28027330014127
GNQ,Equatorial Guinea,2011,1.99905762799257
GRC,Greece,2011,-9.74334160929287
GRD,Grenada,2011,0.321541246692931
GRL,Greenland,2011,-1.11918135533512
GTM,Guatemala,2011,2.10758860221354
GUM,Guam,2011,0.0650356763903517
GUY,Guyana,2011,5.63372747844741
HKG,"Hong Kong SAR, China",2011,4.11214756917033
HND,Honduras,2011,1.71164194817371
HRV,Croatia,2011,0.234570646490468
HTI,Haiti,2011,3.91514494215959
HUN,Hungary,2011,2.2059103447462
IDB,IDA blend,2011,1.68403729203021
IDN,Indonesia,2011,4.82294276512758
IMN,Isle of Man,2011,1.38472598626136
IND,India,2011,3.76074153145865
IRL,Ireland,2011,1.166742916706
IRN,"Iran, Islamic Rep.",2011,1.38495950276369
IRQ,Iraq,2011,3.81441942451566
ISL,Iceland,2011,1.07078538162074
ISR,Israel,2011,3.58663560932411
ITA,Italy,2011,0.347491108002188
JAM,Jamaica,2011,1.29087650393585
JOR,Jordan,2011,0.218599818569089
JPN,Japan,2011,0.209251802844406
KAZ,Kazakhstan,2011,5.95764573473487
KEN,Kenya,2011,2.26952218964762
KGZ,Kyrgyz Republic,2011,4.43705345314649
KHM,Cambodia,2011,5.66993084409259
KIR,Kiribati,2011,1.45038004681834
KNA,St. Kitts and Nevis,2011,1.52991480984264
KOR,"Korea, Rep.",2011,2.89375816160189
KWT,Kuwait,2011,2.99936488052495
LAO,Lao PDR,2011,6.48536557882839
LBN,Lebanon,2011,-0.215990101752055
LBR,Liberia,2011,4.04086635073222
LBY,Libya,2011,-49.1278565212286
LCA,St. Lucia,2011,3.78344996295867
LCN,Latin America & Caribbean,2011,3.28344806878529
LIE,Liechtenstein,2011,
LKA,Sri Lanka,2011,7.99726895717046
LSO,Lesotho,2011,3.69398595274109
LTE,Late-demographic dividend,2011,6.50336641178397
LTU,Lithuania,2011,8.75223892258067
LUX,Luxembourg,2011,-1.17679800508684
LVA,Latvia,2011,4.92957999064132
MAC,"Macao SAR, China",2011,18.8340221202044
MAF,St. Martin (French part),2011,
MAR,Morocco,2011,4.06561020586629
MCO,Monaco,2011,4.5537743299959
MDA,Moldova,2011,5.87938512338968
MDG,Madagascar,2011,-1.26548226968092
MDV,Maldives,2011,5.0911686527859
MEX,Mexico,2011,1.99026327799889
MHL,Marshall Islands,2011,-0.239905288671963
MKD,North Macedonia,2011,2.81001401364465
MLI,Mali,2011,-0.338811373050731
MLT,Malta,2011,0.565202297816086
MMR,Myanmar,2011,4.74658078594661
MNE,Montenegro,2011,3.25692677248162
MNG,Mongolia,2011,15.2830434931644
MNP,Northern Mariana Islands,2011,-6.54977616215164
MOZ,Mozambique,2011,4.19033881987379
MRT,Mauritania,2011,0.846509288912657
MUS,Mauritius,2011,3.91100124069837
MWI,Malawi,2011,1.91798932347378
MYS,Malaysia,2011,3.46597439015295
NAM,Namibia,2011,3.30348908465837
NCL,New Caledonia,2011,
NER,Niger,2011,-1.38136228282855
NGA,Nigeria,2011,2.39734841623091
NIC,Nicaragua,2011,4.82579847166105
NLD,Netherlands,2011,1.29975033814375
NOR,Norway,2011,-0.197405946610559
NPL,Nepal,2011,2.96035780817019
NRU,Nauru,2011,14.0811226451365
NZL,New Zealand,2011,1.31801414005311
OMN,Oman,2011,-7.78414520830087
PAK,Pakistan,2011,0.408754534144464
PAN,Panama,2011,9.94036228958628
PER,Peru,2011,5.53595626254707
PHL,Philippines,2011,1.83760514144211
PLW,Palau,2011,6.9406210208851
PNG,Papua New Guinea,2011,-1.79758471709076
POL,Poland,2011,5.19888222323388
PRI,Puerto Rico (US),2011,0.477827773852212
PRK,"Korea, Dem. People's Rep.",2011,
PRT,Portugal,2011,-1.56885655182528
PRY,Paraguay,2011,2.91154988839506
PSE,West Bank and Gaza,2011,6.86783487502541
PYF,French Polynesia,2011,-3.37156943541497
QAT,Qatar,2011,12.8219517991965
ROU,Romania,2011,5.01083371448033
RUS,Russia,2011,4.17697624368184
RWA,Rwanda,2011,5.34277697300234
SAU,Saudi Arabia,2011,6.79984191573597
SDN,Sudan,2011,5.87200118550977
SEN,Senegal,2011,-1.19544188286081
SGP,Singapore,2011,4.02338164865897
SLB,Solomon Islands,2011,3.54895845172413
SLE,Sierra Leone,2011,5.31595837430623
SLV,El Salvador,2011,3.40079170641816
SMR,San Marino,2011,-6.48781473647414
SOM,"Somalia, Fed. Rep.",2011,5.94202931699242
SRB,Serbia,2011,0.813571323609423
SSD,South Sudan,2011,-9.66551859182802
STP,Sao Tome and Principe,2011,-0.114189921572034
SUR,Suriname,2011,4.64182224452708
SVK,Slovak Republic,2011,2.43026958601608
SVN,Slovenia,2011,0.446560894988352
SWE,Sweden,2011,2.38777753247983
SWZ,Eswatini,2011,1.27643647351354
SXM,Sint Maarten (Dutch part),2011,3.15617110858607
SYC,Seychelles,2011,12.4265876590009
SYR,Syrian Arab Republic,2011,1.07121071780338
TCA,Turks and Caicos Islands,2011,0.865882697036824
TCD,Chad,2011,0.870883384911707
TGO,Togo,2011,3.00979901078473
THA,Thailand,2011,0.215045559628464
TJK,Tajikistan,2011,5.0303552095006
TKM,Turkmenistan,2011,12.2971678479084
TLS,Timor-Leste,2011,3.52215352261622
TON,Tonga,2011,6.53506653770044
TTO,Trinidad and Tobago,2011,-1.06803812728484
TUN,Tunisia,2011,-3.1268978636142
TUR,Turkiye,2011,9.36292358017863
TUV,Tuvalu,2011,5.17330072524878
TZA,Tanzania,2011,4.70485004341454
UGA,Uganda,2011,6.23090993981926
UKR,Ukraine,2011,5.78262206521443
URY,Uruguay,2011,4.90150561357953
USA,United States,2011,0.762796405429199
UZB,Uzbekistan,2011,5.89233420258107
VCT,St. Vincent and the Grenadines,2011,-0.0518118530617357
VEN,"Venezuela, RB",2011,2.84817755288964
VGB,British Virgin Islands,2011,
VIR,Virgin Islands (U.S.),2011,-8.14745069217943
VNM,Viet Nam,2011,5.1944977799937
VUT,Vanuatu,2011,0.92597879599046
WSM,Samoa,2011,2.94772599922624
XKX,Kosovo,2011,6.12959202990389
YEM,"Yemen, Rep.",2011,-15.3366875285688
ZAF,South Africa,2011,1.90092049729387
ZMB,Zambia,2011,2.11650829571791
ZWE,Zimbabwe,2011,12.187491621401
ABW,Aruba,2012,-2.4846479774957
AFE,Africa Eastern and Southern,2012,-0.810806958448879
AFG,Afghanistan,2012,8.27936899310519
AFW,Africa Western and Central,2012,2.24605754290037
AGO,Angola,2012,4.37008778613288
ALB,Albania,2012,2.5545386692104
AND,Andorra,2012,-3.80075429834201
ARE,United Arab Emirates,2012,0.619829719966987
ARG,Argentina,2012,-2.0383253093713
ARM,Armenia,2012,7.33470454115984
ASM,American Samoa,2012,-3.62202258510453
ATG,Antigua and Barbuda,2012,2.27378133147778
AUS,Australia,2012,2.15339832775771
AUT,Austria,2012,0.170488694211613
AZE,Azerbaijan,2012,0.85388594737168
BDI,Burundi,2012,0.762376963720541
BEL,Belgium,2012,-0.403775116080638
BEN,Benin,2012,1.74647753021327
BFA,Burkina Faso,2012,3.28878346500349
BGD,Bangladesh,2012,5.50548020192592
BGR,Bulgaria,2012,1.33406661288926
BHR,Bahrain,2012,2.60578123430011
BHS,"Bahamas, The",2012,3.47892776270808
BIH,Bosnia and Herzegovina,2012,1.11532015786369
BLR,Belarus,2012,1.86726973670382
BLZ,Belize,2012,1.73206971753382
BMU,Bermuda,2012,-5.17585752397146
BOL,Bolivia,2012,3.45406361160401
BRA,Brazil,2012,1.09733293754664
BRB,Barbados,2012,-3.69257089899511
BRN,Brunei Darussalam,2012,-0.62162371685136
BTN,Bhutan,2012,4.006257825918
BWA,Botswana,2012,-1.83175900387364
CAF,Central African Republic,2012,4.00963689358869
CAN,Canada,2012,0.658841956783917
CHE,Switzerland,2012,0.110596623356798
CHI,Channel Islands,2012,-6.37565059386247
CHL,Chile,2012,5.14158431251035
CHN,China,2012,7.12701272347094
CIV,Cote d'Ivoire,2012,5.39583595248281
CMR,Cameroon,2012,1.723811615485
COD,"Congo, Dem. Rep.",2012,5.10047276850003
COG,"Congo, Rep.",2012,6.91517273107118
COL,Colombia,2012,2.87569627540904
COM,Comoros,2012,1.11385857437342
CPV,Cabo Verde,2012,0.983345735610456
CRI,Costa Rica,2012,3.66596860469166
CUB,Cuba,2012,3.00028175038565
CUW,Curacao,2012,-1.17256148626109
CYM,Cayman Islands,2012,-1.48099826202056
CYP,Cyprus,2012,-4.90738549673117
CZE,Czechia,2012,-0.909418387644408
DEU,Germany,2012,0.275091009850499
DJI,Djibouti,2012,
DMA,Dominica,2012,-0.2512858516139
DNK,Denmark,2012,-0.380977125445526
DOM,Dominican Republic,2012,1.50210074555162
DZA,Algeria,2012,0.379563284418055
EAR,Early-demographic dividend,2012,2.68358566392817
ECS,Europe & Central Asia,2012,-0.0770417005690689
ECU,Ecuador,2012,4.11233799510666
EGY,"Egypt, Arab Rep.",2012,-0.0429670178954922
ERI,Eritrea,2012,
ESP,Spain,2012,-2.92815897770406
EST,Estonia,2012,4.04377186018716
ETH,Ethiopia,2012,5.64374376946701
FIN,Finland,2012,-1.99029082999297
FJI,Fiji,2012,1.19750021980838
FRA,France,2012,-0.299598729272304
FRO,Faroe Islands,2012,7.64027356784398
FSM,"Micronesia, Fed. Sts.",2012,-1.86916426162232
GAB,Gabon,2012,1.552307854364
GBR,United Kingdom,2012,0.807661642969506
GEO,Georgia,2012,7.36675215463949
GHA,Ghana,2012,6.67974740594653
GIB,Gibraltar,2012,
GIN,Guinea,2012,3.34759058991902
GMB,"Gambia, The",2012,2.18645897140155
GNB,Guinea-Bissau,2012,-4.29238918450449
GNQ,Equatorial Guinea,2012,3.98800386782088
GRC,Greece,2012,-7.83408943355501
GRD,Grenada,2012,-1.76486904539074
GRL,Greenland,2012,1.53697694464276
GTM,Guatemala,2012,0.944366952930409
GUM,Guam,2012,2.26402706379456
GUY,Guyana,2012,5.25728662587919
HKG,"Hong Kong SAR, China",2012,0.583751958193886
HND,Honduras,2012,2.04382616957031
HRV,Croatia,2012,-1.77266552955663
HTI,Haiti,2012,-1.04324222181728
HUN,Hungary,2012,-0.828646515876528
IDB,IDA blend,2012,2.14873683820251
IDN,Indonesia,2012,4.67540374198676
IMN,Isle of Man,2012,7.3636916765798
IND,India,2012,4.01726735836323
IRL,Ireland,2012,-0.826164036751607
IRN,"Iran, Islamic Rep.",2012,-4.94408603979183
IRQ,Iraq,2012,8.88055394419878
ISL,Iceland,2012,0.632418770044652
ISR,Israel,2012,0.573190077448643
ITA,Italy,2012,-3.38984189684089
JAM,Jamaica,2012,-1.04151903293869
JOR,Jordan,2012,0.988823291779653
JPN,Japan,2012,1.53678665868971
KAZ,Kazakhstan,2012,3.34601033412712
KEN,Kenya,2012,1.87670753904403
KGZ,Kyrgyz Republic,2012,-1.95288116304553
KHM,Cambodia,2012,6.04756982656951
KIR,Kiribati,2012,4.26113729441184
KNA,St. Kitts and Nevis,2012,-1.04787778946711
KOR,"Korea, Rep.",2012,2.00997301929048
KWT,Kuwait,2012,0.0983286715542846
LAO,Lao PDR,2012,6.49513527103458
LBN,Lebanon,2012,-0.172272058447192
LBR,Liberia,2012,4.24345556941776
LBY,Libya,2012,91.7813702690939
LCA,St. Lucia,2012,-0.563683330885993
LCN,Latin America & Caribbean,2012,1.56128317615645
LIE,Liechtenstein,2012,
LKA,Sri Lanka,2012,7.80902906849383
LSO,Lesotho,2012,5.27066659627468
LTE,Late-demographic dividend,2012,5.11202274988041
LTU,Lithuania,2012,5.74397608423232
LUX,Luxembourg,2012,-0.762183314011807
LVA,Latvia,2012,8.64449958601972
MAC,"Macao SAR, China",2012,5.6980527343963
MAF,St. Martin (French part),2012,
MAR,Morocco,2012,1.66384638357194
MCO,Monaco,2012,-1.21400229828895
MDA,Moldova,2012,-0.576700868382531
MDG,Madagascar,2012,0.20064094160324
MDV,Maldives,2012,-1.08988000428648
MEX,Mexico,2012,2.1573183045698
MHL,Marshall Islands,2012,-0.35386854623583
MKD,North Macedonia,2012,-0.0653472343038857
MLI,Mali,2012,-3.91930567411303
MLT,Malta,2012,3.16977820606121
MMR,Myanmar,2012,6.43324807639843
MNE,Montenegro,2012,-2.65570357284696
MNG,Mongolia,2012,10.2081460867694
MNP,Northern Mariana Islands,2012,1.51906574643922
MOZ,Mozambique,2012,4.93805479095479
MRT,Mauritania,2012,1.11502444521069
MUS,Mauritius,2012,3.20949947880025
MWI,Malawi,2012,-0.983601161818072
MYS,Malaysia,2012,3.69276569143121
NAM,Namibia,2012,2.74809367129893
NCL,New Caledonia,2012,
NER,Niger,2012,6.45537638540985
NGA,Nigeria,2012,1.37822146587332
NIC,Nicaragua,2012,5.0120845551519
NLD,Netherlands,2012,-1.34363605737404
NOR,Norway,2012,1.37764088326504
NPL,Nepal,2012,4.40244630730626
NRU,Nauru,2012,22.3119628983076
NZL,New Zealand,2012,1.80664874629129
OMN,Oman,2012,-5.57202783891576
PAK,Pakistan,2012,1.08227196914481
PAN,Panama,2012,7.70986516046257
PER,Peru,2012,5.25513020005759
PHL,Philippines,2012,4.8407653397621
PLW,Palau,2012,3.44620204916832
PNG,Papua New Guinea,2012,1.78156409666185
POL,Poland,2012,1.51202436704637
PRI,Puerto Rico (US),2012,0.915046581773325
PRK,"Korea, Dem. People's Rep.",2012,
PRT,Portugal,2012,-3.66111452137058
PRY,Paraguay,2012,-2.09516519053814
PSE,West Bank and Gaza,2012,3.51036746369036
PYF,French Polynesia,2012,-1.41984532236675
QAT,Qatar,2012,-1.20900847640003
ROU,Romania,2012,2.35828066727251
RUS,Russia,2012,3.76271915500016
RWA,Rwanda,2012,6.07172678530065
SAU,Saudi Arabia,2012,1.40889754697817
SDN,Sudan,2012,-7.20056369222739
SEN,Senegal,2012,1.2557464643975
SGP,Singapore,2012,1.90446223662212
SLB,Solomon Islands,2012,-1.22485253459861
SLE,Sierra Leone,2012,7.81299564274897
SLV,El Salvador,2012,2.48637921457058
SMR,San Marino,2012,-9.40251314800584
SOM,"Somalia, Fed. Rep.",2012,5.73256533810552
SRB,Serbia,2012,0.040200455150412
SSD,South Sudan,2012,-48.4287258315307
STP,Sao Tome and Principe,2012,0.883420959148197
SUR,Suriname,2012,1.52880858968571
SVK,Slovak Republic,2012,1.39646371759601
SVN,Slovenia,2012,-3.11922481726151
SWE,Sweden,2012,-1.14837721022437
SWZ,Eswatini,2012,3.53199247160502
SXM,Sint Maarten (Dutch part),2012,-0.798052973690176
SYC,Seychelles,2012,2.10412826503328
SYR,Syrian Arab Republic,2012,-25.9560309972065
TCA,Turks and Caicos Islands,2012,-6.54753243910046
TCD,Chad,2012,5.29734255122003
TGO,Togo,2012,3.54419025979273
THA,Thailand,2012,6.58038336266074
TJK,Tajikistan,2012,4.96076448659319
TKM,Turkmenistan,2012,8.70665885774136
TLS,Timor-Leste,2012,2.58043399760261
TON,Tonga,2012,1.02306619626815
TTO,Trinidad and Tobago,2012,6.13730928249969
TUN,Tunisia,2012,3.04657312459409
TUR,Turkiye,2012,3.48010432023058
TUV,Tuvalu,2012,-3.50614324243331
TZA,Tanzania,2012,1.53892032694513
UGA,Uganda,2012,0.865151267915266
UKR,Ukraine,2012,0.364275557578679
URY,Uruguay,2012,3.27196082931438
USA,United States,2012,1.47570596897309
UZB,Uzbekistan,2012,5.49671909783243
VCT,St. Vincent and the Grenadines,2012,1.73945379802912
VEN,"Venezuela, RB",2012,4.30852326939915
VGB,British Virgin Islands,2012,
VIR,Virgin Islands (U.S.),2012,-14.7321849465745
VNM,Viet Nam,2012,4.27630507146044
VUT,Vanuatu,2012,-1.1852141346526
WSM,Samoa,2012,-4.60663349940492
XKX,Kosovo,2012,0.857974394903721
YEM,"Yemen, Rep.",2012,-0.670663085005188
ZAF,South Africa,2012,0.897179683754416
ZMB,Zambia,2012,4.16438800509357
ZWE,Zimbabwe,2012,14.7871576858869
ABW,Aruba,2013,4.85525795729174
AFE,Africa Eastern and Southern,2013,1.52775556150408
AFG,Afghanistan,2013,2.0520682606117
AFW,Africa Western and Central,2013,3.18957889504057
AGO,Angola,2013,0.921826358320473
ALB,Albania,2013,3.28889031489732
AND,Andorra,2013,-1.44394540350855
ARE,United Arab Emirates,2013,0.805452996724028
ARG,Argentina,2013,1.39351266056681
ARM,Armenia,2013,3.37178358702843
ASM,American Samoa,2013,-1.62801355404956
ATG,Antigua and Barbuda,2013,-1.50846791062001
AUS,Australia,2013,0.902732553895234
AUT,Austria,2013,-0.836906795346636
AZE,Azerbaijan,2013,4.48320316777964
BDI,Burundi,2013,1.2220776240641
BEL,Belgium,2013,-0.166173060728624
BEN,Benin,2013,4.076668026964
BFA,Burkina Faso,2013,2.66508275857795
BGD,Bangladesh,2013,5.02341839695075
BGR,Bulgaria,2013,1.48366085514411
BHR,Bahrain,2013,1.5766868455926
BHS,"Bahamas, The",2013,-3.756252482479
BIH,Bosnia and Herzegovina,2013,4.02941435250273
BLR,Belarus,2013,1.03749004802856
BLZ,Belize,2013,1.86924052413502
BMU,Bermuda,2013,-0.166771480196203
BOL,Bolivia,2013,5.12847092655504
BRA,Brazil,2013,2.17333080616082
BRB,Barbados,2013,-2.02836384026963
BRN,Brunei Darussalam,2013,-3.46841841572171
BTN,Bhutan,2013,0.614996700864396
BWA,Botswana,2013,9.43871073960261
CAF,Central African Republic,2013,-36.8245466038613
CAN,Canada,2013,1.2535901034471
CHE,Switzerland,2013,0.628360626093993
CHI,Channel Islands,2013,-0.133468759749221
CHL,Chile,2013,2.32789256098182
CHN,China,2013,7.06322465705706
CIV,Cote d'Ivoire,2013,8.5732243032672
CMR,Cameroon,2013,2.08714719116143
COD,"Congo, Dem. Rep.",2013,5.95809677482721
COG,"Congo, Rep.",2013,-3.09694323656935
COL,Colombia,2013,4.14129387844136
COM,Comoros,2013,2.28108217474703
CPV,Cabo Verde,2013,0.579092309567969
CRI,Costa Rica,2013,1.36003489549176
CUB,Cuba,2013,2.79314623294214
CUW,Curacao,2013,-1.75580756838953
CYM,Cayman Islands,2013,-1.34352002810977
CYP,Cyprus,2013,-6.48031760121023
CZE,Czechia,2013,-0.0749629946207335
DEU,Germany,2013,0.12338547838786
DJI,Djibouti,2013,
DMA,Dominica,2013,-0.851878257402049
DNK,Denmark,2013,0.970845909690212
DOM,Dominican Republic,2013,3.66423400861591
DZA,Algeria,2013,0.548743629610698
EAR,Early-demographic dividend,2013,2.52888247042478
ECS,Europe & Central Asia,2013,0.484024424314484
ECU,Ecuador,2013,5.61780573490684
EGY,"Egypt, Arab Rep.",2013,-0.14323388107762
ERI,Eritrea,2013,
ESP,Spain,2013,-1.07017018206768
EST,Estonia,2013,2.1192820000981
ETH,Ethiopia,2013,7.61661454720691
FIN,Finland,2013,-1.43490157636175
FJI,Fiji,2013,4.57032082317075
FRA,France,2013,0.26214454973659
FRO,Faroe Islands,2013,5.95487801988345
FSM,"Micronesia, Fed. Sts.",2013,-3.88222427731633
GAB,Gabon,2013,1.98480609519432
GBR,United Kingdom,2013,1.03970154694078
GEO,Georgia,2013,5.44978265548417
GHA,Ghana,2013,4.75796338524816
GIB,Gibraltar,2013,
GIN,Guinea,2013,1.4353219620192
GMB,"Gambia, The",2013,-0.0966163079995681
GNB,Guinea-Bissau,2013,0.543365078897963
GNQ,Equatorial Guinea,2013,-7.8885603944365
GRC,Greece,2013,-1.56089629701783
GRD,Grenada,2013,1.70896295471954
GRL,Greenland,2013,-0.726861643140481
GTM,Guatemala,2013,1.68869465074424
GUM,Guam,2013,1.91405054312719
GUY,Guyana,2013,3.13748133371095
HKG,"Hong Kong SAR, China",2013,2.68790568876102
HND,Honduras,2013,0.777167217053545
HRV,Croatia,2013,0.490141287616666
HTI,Haiti,2013,2.767509667507
HUN,Hungary,2013,2.52439305270235
IDB,IDA blend,2013,3.44773291093739
IDN,Indonesia,2013,4.25603923226443
IMN,Isle of Man,2013,4.38197664616249
IND,India,2013,4.97769997302639
IRL,Ireland,2013,1.65624859275668
IRN,"Iran, Islamic Rep.",2013,-2.80061992960059
IRQ,Iraq,2013,2.6646473210161
ISL,Iceland,2013,2.62166783315034
ISR,Israel,2013,2.16142471851542
ITA,Italy,2013,-2.01397031609169
JAM,Jamaica,2013,0.111200802511547
JOR,Jordan,2013,-2.58592238614169
JPN,Japan,2013,2.15237106568597
KAZ,Kazakhstan,2013,4.48819679131283
KEN,Kenya,2013,1.26331129067221
KGZ,Kyrgyz Republic,2013,8.51417444984632
KHM,Cambodia,2013,6.25691498312409
KIR,Kiribati,2013,6.26028947416073
KNA,St. Kitts and Nevis,2013,5.64641698929439
KOR,"Korea, Rep.",2013,2.82226288554209
KWT,Kuwait,2013,-3.77371634598551
LAO,Lao PDR,2013,6.51642199042166
LBN,Lebanon,2013,-5.35004515636365
LBR,Liberia,2013,6.3241100027268
LBY,Libya,2013,-19.6276937990081
LCA,St. Lucia,2013,-2.26163327907432
LCN,Latin America & Caribbean,2013,1.6554196879446
LIE,Liechtenstein,2013,
LKA,Sri Lanka,2013,7.00602738719888
LSO,Lesotho,2013,0.696148188602265
LTE,Late-demographic dividend,2013,4.89509447579069
LTU,Lithuania,2013,5.026825169489
LUX,Luxembourg,2013,0.814651722760445
LVA,Latvia,2013,3.19545170389934
MAC,"Macao SAR, China",2013,6.28976356008269
MAF,St. Martin (French part),2013,
MAR,Morocco,2013,2.7578648778037
MCO,Monaco,2013,7.3019059415093
MDA,Moldova,2013,9.0730755766005
MDG,Madagascar,2013,-0.444341802421619
MDV,Maldives,2013,3.43150186988382
MEX,Mexico,2013,-0.447810738278491
MHL,Marshall Islands,2013,5.32061452634225
MKD,North Macedonia,2013,3.30559670350297
MLI,Mali,2013,0.317423676118025
MLT,Malta,2013,5.09582251827085
MMR,Myanmar,2013,7.50873881521075
MNE,Montenegro,2013,3.1920026066844
MNG,Mongolia,2013,9.36487841658389
MNP,Northern Mariana Islands,2013,3.60738653208077
MOZ,Mozambique,2013,3.53500457192386
MRT,Mauritania,2013,0.935521308544125
MUS,Mauritius,2013,3.11040555437714
MWI,Malawi,2013,2.46076368480048
MYS,Malaysia,2013,2.91923259894287
NAM,Namibia,2013,2.90208375663774
NCL,New Caledonia,2013,
NER,Niger,2013,1.43045373805732
NGA,Nigeria,2013,3.81449207685264
NIC,Nicaragua,2013,3.47943447123747
NLD,Netherlands,2013,-0.324530183160419
NOR,Norway,2013,-0.197883206152966
NPL,Nepal,2013,3.31847430980025
NRU,Nauru,2013,1.6485827070359
NZL,New Zealand,2013,1.80431778832353
OMN,Oman,2013,-2.64416002304453
PAK,Pakistan,2013,2.68232501000951
PAN,Panama,2013,4.48786620046779
PER,Peru,2013,4.90271487934022
PHL,Philippines,2013,4.76266633818079
PLW,Palau,2013,-1.90623711880076
PNG,Papua New Guinea,2013,1.05749757557005
POL,Poland,2013,0.745031977271424
PRI,Puerto Rico (US),2013,0.506273089098627
PRK,"Korea, Dem. People's Rep.",2013,
PRT,Portugal,2013,-0.439198387971658
PRY,Paraguay,2013,6.74651223746731
PSE,West Bank and Gaza,2013,2.21485047926886
PYF,French Polynesia,2013,-0.201995117223149
QAT,Qatar,2013,-5.12869057023956
ROU,Romania,2013,0.651822267051088
RUS,Russia,2013,1.45314767875932
RWA,Rwanda,2013,2.23301483103715
SAU,Saudi Arabia,2013,-2.47720466086211
SDN,Sudan,2013,-0.372546263586997
SEN,Senegal,2013,-0.578035528287558
SGP,Singapore,2013,3.13397914899265
SLB,Solomon Islands,2013,1.46287648550671
SLE,Sierra Leone,2013,11.8800866018127
SLV,El Salvador,2013,1.76908303690966
SMR,San Marino,2013,0.501232920728725
SOM,"Somalia, Fed. Rep.",2013,7.43785495856901
SRB,Serbia,2013,0.941379127713546
SSD,South Sudan,2013,8.97551236063792
STP,Sao Tome and Principe,2013,3.10107564312558
SUR,Suriname,2013,1.77805890287095
SVK,Slovak Republic,2013,0.595167879643
SVN,Slovenia,2013,-0.958293257973466
SWE,Sweden,2013,0.284298669472349
SWZ,Eswatini,2013,3.53016648859264
SXM,Sint Maarten (Dutch part),2013,-1.04128853057725
SYC,Seychelles,2013,-0.599133304568014
SYR,Syrian Arab Republic,2013,-22.5827773307621
TCA,Turks and Caicos Islands,2013,-3.51219274120511
TCD,Chad,2013,-0.767831669015877
TGO,Togo,2013,3.14131477096478
THA,Thailand,2013,2.08615316028128
TJK,Tajikistan,2013,4.75131202806213
TKM,Turkmenistan,2013,7.77319736128649
TLS,Timor-Leste,2013,0.985680210416689
TON,Tonga,2013,0.752077131516813
TTO,Trinidad and Tobago,2013,2.95466061754502
TUN,Tunisia,2013,1.2189966874892
TUR,Turkiye,2013,7.10372830173409
TUV,Tuvalu,2013,3.71231073854945
TZA,Tanzania,2013,3.62722794168234
UGA,Uganda,2013,0.656669463732158
UKR,Ukraine,2013,0.226082936004985
URY,Uruguay,2013,4.32675421961548
USA,United States,2013,1.34816252731798
UZB,Uzbekistan,2013,5.62825943062448
VCT,St. Vincent and the Grenadines,2013,3.0319570809024
VEN,"Venezuela, RB",2013,0.128922904421614
VGB,British Virgin Islands,2013,
VIR,Virgin Islands (U.S.),2013,-6.15764738406951
VNM,Viet Nam,2013,4.31498880369921
VUT,Vanuatu,2013,-1.74696050530071
WSM,Samoa,2013,-0.786395614806608
XKX,Kosovo,2013,4.70387084053738
YEM,"Yemen, Rep.",2013,1.67911232409898
ZAF,South Africa,2013,0.805658809846705
ZMB,Zambia,2013,1.74618059430358
ZWE,Zimbabwe,2013,0.563614570952865
ABW,Aruba,2014,0.35112842842166
AFE,Africa Eastern and Southern,2014,1.14792763944376
AFG,Afghanistan,2014,-0.939984755736006
AFW,Africa Western and Central,2014,2.84487672753886
AGO,Angola,2014,0.821220988941135
ALB,Albania,2014,3.83017022939833
AND,Andorra,2014,4.52989381717444
ARE,United Arab Emirates,2014,-0.124078023674471
ARG,Argentina,2014,-3.51326421042003
ARM,Armenia,2014,3.88187670110254
ASM,American Samoa,2014,2.79061243809868
ATG,Antigua and Barbuda,2014,1.39120573166151
AUS,Australia,2014,1.08218148890933
AUT,Austria,2014,-0.0285805465757676
AZE,Azerbaijan,2014,1.52243135535144
BDI,Burundi,2014,0.765722877623617
BEL,Belgium,2014,1.31477462306464
BEN,Benin,2014,3.26077217060734
BFA,Burkina Faso,2014,1.27047655599692
BGD,Bangladesh,2014,5.09905460197942
BGR,Bulgaria,2014,2.18296501943183
BHR,Bahrain,2014,-0.560855463138182
BHS,"Bahamas, The",2014,0.955837779605616
BIH,Bosnia and Herzegovina,2014,2.45997274934615
BLR,Belarus,2014,1.59406202466224
BLZ,Belize,2014,1.71986752597024
BMU,Bermuda,2014,-3.63285540773872
BOL,Bolivia,2014,3.84418416828554
BRA,Brazil,2014,-0.303163572469245
BRB,Barbados,2014,0.505392415183394
BRN,Brunei Darussalam,2014,-3.80575468176978
BTN,Bhutan,2014,4.74506543590765
BWA,Botswana,2014,4.17099012944411
CAF,Central African Republic,2014,0.497506544343594
CAN,Canada,2014,1.84840952337521
CHE,Switzerland,2014,1.10869373261926
CHI,Channel Islands,2014,1.8297582773701
CHL,Chile,2014,0.783002086375433
CHN,China,2014,6.78666987945924
CIV,Cote d'Ivoire,2014,6.75169825092141
CMR,Cameroon,2014,2.56873406379989
COD,"Congo, Dem. Rep.",2014,3.72497982298587
COG,"Congo, Rep.",2014,4.1002792779107
COL,Colombia,2014,3.5703066542077
COM,Comoros,2014,-0.0905881667515871
CPV,Cabo Verde,2014,0.676815488926465
CRI,Costa Rica,2014,2.43499498820891
CUB,Cuba,2014,1.15852883229009
CUW,Curacao,2014,-1.96746748586641
CYM,Cayman Islands,2014,0.0864597299432575
CYP,Cyprus,2014,-1.48883694697456
CZE,Czechia,2014,2.13762755318902
DEU,Germany,2014,1.75510660613023
DJI,Djibouti,2014,5.28018025983934
DMA,Dominica,2014,1.37836503321573
DNK,Denmark,2014,0.765766155124069
DOM,Dominican Republic,2014,5.84760695663518
DZA,Algeria,2014,2.00005200987388
EAR,Early-demographic dividend,2014,2.56072250150419
ECS,Europe & Central Asia,2014,1.51781802179238
ECU,Ecuador,2014,2.74412306472649
EGY,"Egypt, Arab Rep.",2014,0.599558564006458
ERI,Eritrea,2014,
ESP,Spain,2014,1.83396646193863
EST,Estonia,2014,3.59411590769302
ETH,Ethiopia,2014,7.33861859355025
FIN,Finland,2014,-0.888801631577977
FJI,Fiji,2014,5.4616102411598
FRA,France,2014,0.519383764691739
FRO,Faroe Islands,2014,5.03591158487879
FSM,"Micronesia, Fed. Sts.",2014,-2.83295569738213
GAB,Gabon,2014,0.869784891054778
GBR,United Kingdom,2014,2.39229911882015
GEO,Georgia,2014,4.04162752314514
GHA,Ghana,2014,0.452244093941871
GIB,Gibraltar,2014,
GIN,Guinea,2014,1.15630967477851
GMB,"Gambia, The",2014,-4.17258609769029
GNB,Guinea-Bissau,2014,-1.65358336592615
GNQ,Equatorial Guinea,2014,-3.43058595312914
GRC,Greece,2014,1.46585655106406
GRD,Grenada,2014,6.73549593358203
GRL,Greenland,2014,5.09192733313645
GTM,Guatemala,2014,2.48328449500936
GUM,Guam,2014,2.08830750386504
GUY,Guyana,2014,1.1191644103188
HKG,"Hong Kong SAR, China",2014,2.04318180024958
HND,Honduras,2014,1.0812751128465
HRV,Croatia,2014,0.207342945184919
HTI,Haiti,2014,1.39231187945737
HUN,Hungary,2014,4.75555169835647
IDB,IDA blend,2014,3.57212002326628
IDN,Indonesia,2014,3.77968595157438
IMN,Isle of Man,2014,5.46721088334894
IND,India,2014,6.06398074162718
IRL,Ireland,2014,8.58909717383906
IRN,"Iran, Islamic Rep.",2014,3.58412137758084
IRQ,Iraq,2014,-1.2842545257663
ISL,Iceland,2014,0.786303485429585
ISR,Israel,2014,1.80280307810176
ITA,Italy,2014,-0.0164634913490715
JAM,Jamaica,2014,0.327176684512608
JOR,Jordan,2014,-6.02217249989295
JPN,Japan,2014,0.429381122519686
KAZ,Kazakhstan,2014,2.6806378826727
KEN,Kenya,2014,2.59218353342239
KGZ,Kyrgyz Republic,2014,1.75718622899099
KHM,Cambodia,2014,6.41109251902618
KIR,Kiribati,2014,-0.0428972459236832
KNA,St. Kitts and Nevis,2014,7.53127511202617
KOR,"Korea, Rep.",2014,2.5683693516693
KWT,Kuwait,2014,-3.83157244878866
LAO,Lao PDR,2014,6.13842534644749
LBN,Lebanon,2014,-7.26145145442744
LBR,Liberia,2014,-1.37370786861489
LBY,Libya,2014,-24.5110536856449
LCA,St. Lucia,2014,0.880621538906311
LCN,Latin America & Caribbean,2014,0.177344508373139
LIE,Liechtenstein,2014,
LKA,Sri Lanka,2014,5.38986888056003
LSO,Lesotho,2014,0.557309193389017
LTE,Late-demographic dividend,2014,4.53382712976753
LTU,Lithuania,2014,4.62035286553186
LUX,Luxembourg,2014,0.232565199204004
LVA,Latvia,2014,3.06097381676449
MAC,"Macao SAR, China",2014,-6.73432773895128
MAF,St. Martin (French part),2014,
MAR,Morocco,2014,1.43852495314533
MCO,Monaco,2014,5.1665902777315
MDA,Moldova,2014,5.06366581042911
MDG,Madagascar,2014,0.605710119846222
MDV,Maldives,2014,4.32797689766733
MEX,Mexico,2014,1.27091420531951
MHL,Marshall Islands,2014,0.495281427303354
MKD,North Macedonia,2014,3.90792755780767
MLI,Mali,2014,3.18909645758293
MLT,Malta,2014,5.47839368855718
MMR,Myanmar,2014,7.27568618509038
MNE,Montenegro,2014,2.18041940678877
MNG,Mongolia,2014,5.5513088464518
MNP,Northern Mariana Islands,2014,5.33556203023453
MOZ,Mozambique,2014,4.62514159794316
MRT,Mauritania,2014,1.18070235725725
MUS,Mauritius,2014,3.63919007388208
MWI,Malawi,2014,2.70386402914775
MYS,Malaysia,2014,4.20447757863825
NAM,Namibia,2014,3.35635017944713
NCL,New Caledonia,2014,
NER,Niger,2014,2.77949866185601
NGA,Nigeria,2014,3.53757268118461
NIC,Nicaragua,2014,3.35791289379488
NLD,Netherlands,2014,1.24763624808071
NOR,Norway,2014,0.903762655946366
NPL,Nepal,2014,5.69591211662627
NRU,Nauru,2014,13.4151871712962
NZL,New Zealand,2014,2.11605987877432
OMN,Oman,2014,-2.97274165335905
PAK,Pakistan,2014,2.56600413102157
PAN,Panama,2014,2.83087716733978
PER,Peru,2014,1.36938882425959
PHL,Philippines,2014,4.61514068278228
PLW,Palau,2014,4.77040588838096
PNG,Papua New Guinea,2014,10.6031750853758
POL,Poland,2014,3.99831832124629
PRI,Puerto Rico (US),2014,0.0887811529566989
PRK,"Korea, Dem. People's Rep.",2014,
PRT,Portugal,2014,1.28604644379557
PRY,Paraguay,2014,3.78558222391715
PSE,West Bank and Gaza,2014,-2.47102630481804
PYF,French Polynesia,2014,-0.0102536380222915
QAT,Qatar,2014,-6.18522597672184
ROU,Romania,2014,4.50672544401942
RUS,Russia,2014,-1.12194041744186
RWA,Rwanda,2014,3.63164570583949
SAU,Saudi Arabia,2014,1.5065962283723
SDN,Sudan,2014,1.86452924090501
SEN,Senegal,2014,2.91207940579723
SGP,Singapore,2014,2.59472315486744
SLB,Solomon Islands,2014,-2.41306586755394
SLE,Sierra Leone,2014,-9.99126868436694
SLV,El Salvador,2014,1.33132680650547
SMR,San Marino,2014,0.471381910733299
SOM,"Somalia, Fed. Rep.",2014,5.13914593415699
SRB,Serbia,2014,-1.32558635982964
SSD,South Sudan,2014,2.7406396602203
STP,Sao Tome and Principe,2014,2.97674276212585
SUR,Suriname,2014,-0.851471419293389
SVK,Slovak Republic,2014,2.608326498525
SVN,Slovenia,2014,2.66181374029557
SWE,Sweden,2014,1.28579244857269
SWZ,Eswatini,2014,1.49073514248317
SXM,Sint Maarten (Dutch part),2014,-0.685454189827837
SYC,Seychelles,2014,2.45761243916046
SYR,Syrian Arab Republic,2014,-4.14663574302196
TCA,Turks and Caicos Islands,2014,4.37835200669825
TCD,Chad,2014,-1.51652756708047
TGO,Togo,2014,2.98962512799103
THA,Thailand,2014,0.45053655380589
TJK,Tajikistan,2014,4.0554323883913
TKM,Turkmenistan,2014,7.83190052629024
TLS,Timor-Leste,2014,2.42106373753114
TON,Tonga,2014,2.43921846288526
TTO,Trinidad and Tobago,2014,3.3020638436403
TUN,Tunisia,2014,1.87486431059185
TUR,Turkiye,2014,3.19911298885714
TUV,Tuvalu,2014,0.154770575382372
TZA,Tanzania,2014,3.51147946313948
UGA,Uganda,2014,2.04948459267207
UKR,Ukraine,2014,-5.08846879597155
URY,Uruguay,2014,2.9005302021196
USA,United States,2014,1.71094543857326
UZB,Uzbekistan,2014,5.109537480447
VCT,St. Vincent and the Grenadines,2014,1.71007773700347
VEN,"Venezuela, RB",2014,-4.98041137903969
VGB,British Virgin Islands,2014,
VIR,Virgin Islands (U.S.),2014,-1.62976237975002
VNM,Viet Nam,2014,5.13784099364456
VUT,Vanuatu,2014,0.305492659735435
WSM,Samoa,2014,-0.23024857506843
XKX,Kosovo,2014,3.65273027273803
YEM,"Yemen, Rep.",2014,-3.20471705643189
ZAF,South Africa,2014,-0.257188966137676
ZMB,Zambia,2014,1.42432240940171
ZWE,Zimbabwe,2014,0.982274048982148
ABW,Aruba,2015,2.55621874043514
AFE,Africa Eastern and Southern,2015,0.195170651571047
AFG,Afghanistan,2015,-1.66505744749013
AFW,Africa Western and Central,2015,0.191502169894335
AGO,Angola,2015,-2.80470818378251
ALB,Albania,2015,3.81743447071763
AND,Andorra,2015,3.63079793724701
ARE,United Arab Emirates,2015,1.47473600077311
ARG,Argentina,2015,1.66091253843923
ARM,Armenia,2015,3.51599547257022
ASM,American Samoa,2015,4.29662336687659
ATG,Antigua and Barbuda,2015,0.691094824520249
AUS,Australia,2015,0.704511799724457
AUT,Austria,2015,0.174259722821304
AZE,Azerbaijan,2015,-0.147024760133903
BDI,Burundi,2015,-2.63843207790325
BEL,Belgium,2015,0.887876358046185
BEN,Benin,2015,-1.18432043750336
BFA,Burkina Faso,2015,0.888259827767996
BGD,Bangladesh,2015,5.60449539732434
BGR,Bulgaria,2015,4.72028584001873
BHR,Bahrain,2015,-1.66329278716239
BHS,"Bahamas, The",2015,0.198544914739557
BIH,Bosnia and Herzegovina,2015,5.65603511201289
BLR,Belarus,2015,-3.9572512636508
BLZ,Belize,2015,0.623344723744751
BMU,Bermuda,2015,0.878744268938576
BOL,Bolivia,2015,3.27865155787241
BRA,Brazil,2015,-4.30639755989316
BRB,Barbados,2015,-1.39790250487843
BRN,Brunei Darussalam,2015,-1.68097052571925
BTN,Bhutan,2015,5.58370603464722
BWA,Botswana,2015,-6.19995412245493
CAF,Central African Republic,2015,4.19878078824811
CAN,Canada,2015,-0.11236916498423
CHE,Switzerland,2015,0.494129645915152
CHI,Channel Islands,2015,-0.0726855379298144
CHL,Chile,2015,1.11370445947465
CHN,China,2015,6.35855026398104
CIV,Cote d'Ivoire,2015,4.14232947521536
CMR,Cameroon,2015,2.40123368709621
COD,"Congo, Dem. Rep.",2015,2.90483865777841
COG,"Congo, Rep.",2015,-1.98214587471384
COL,Colombia,2015,2.06923227113727
COM,Comoros,2015,-0.965303682858504
CPV,Cabo Verde,2015,0.922631249857901
CRI,Costa Rica,2015,2.55664330007954
CUB,Cuba,2015,4.53753785531039
CUW,Curacao,2015,-0.858779715385708
CYM,Cayman Islands,2015,0.36080343256711
CYP,Cyprus,2015,3.19512275980128
CZE,Czechia,2015,4.75262406436026
DEU,Germany,2015,0.786705244581157
DJI,Djibouti,2015,5.45836831293627
DMA,Dominica,2015,-3.42415928778391
DNK,Denmark,2015,1.38566632188861
DOM,Dominican Republic,2015,5.76452490966611
DZA,Algeria,2015,1.09962061859601
EAR,Early-demographic dividend,2015,2.82086052831947
ECS,Europe & Central Asia,2015,1.62980421272351
ECU,Ecuador,2015,-1.30274985042635
EGY,"Egypt, Arab Rep.",2015,2.20415858015615
ERI,Eritrea,2015,
ESP,Spain,2015,4.14701193619516
EST,Estonia,2015,1.77141701957223
ETH,Ethiopia,2015,7.4680767605293
FIN,Finland,2015,0.136127693741741
FJI,Fiji,2015,4.38823265794895
FRA,France,2015,0.708030590350688
FRO,Faroe Islands,2015,-0.0144355164052712
FSM,"Micronesia, Fed. Sts.",2015,4.1262434088662
GAB,Gabon,2015,0.693296575495864
GBR,United Kingdom,2015,1.40598896714546
GEO,Georgia,2015,3.18839294862944
GHA,Ghana,2015,-0.208325820413904
GIB,Gibraltar,2015,
GIN,Guinea,2015,1.2305341257089
GMB,"Gambia, The",2015,1.25137248146628
GNB,Guinea-Bissau,2015,3.4407197814937
GNQ,Equatorial Guinea,2015,-12.4917142663428
GRC,Greece,2015,0.431225575747547
GRD,Grenada,2015,5.9402683055354
GRL,Greenland,2015,-2.2149188822392
GTM,Guatemala,2015,2.20204503621608
GUM,Guam,2015,1.18092123655293
GUY,Guyana,2015,0.0833711927134857
HKG,"Hong Kong SAR, China",2015,1.51995547711607
HND,Honduras,2015,1.88202222037501
HRV,Croatia,2015,3.54911571283303
HTI,Haiti,2015,-0.0454395053176881
HUN,Hungary,2015,4.03310873929586
IDB,IDA blend,2015,1.7546859479457
IDN,Indonesia,2015,3.70583428895539
IMN,Isle of Man,2015,-0.0295616197691402
IND,India,2015,6.71566734640226
IRL,Ireland,2015,23.4520270725761
IRN,"Iran, Islamic Rep.",2015,-2.75798228082138
IRQ,Iraq,2015,-0.153622231589026
ISL,Iceland,2015,2.69299664107407
ISR,Israel,2015,0.231915657737829
ITA,Italy,2015,1.03826511770654
JAM,Jamaica,2015,0.605132259299552
JOR,Jordan,2015,-5.58980174753611
JPN,Japan,2015,1.66846511717627
KAZ,Kazakhstan,2015,-0.299093532608879
KEN,Kenya,2015,2.65589352795405
KGZ,Kyrgyz Republic,2015,1.56807607660568
KHM,Cambodia,2015,5.652931676093
KIR,Kiribati,2015,9.84707092632536
KNA,St. Kitts and Nevis,2015,0.69841246781877
KOR,"Korea, Rep.",2015,2.37903405951899
KWT,Kuwait,2015,-3.83270102171981
LAO,Lao PDR,2015,5.71702901311374
LBN,Lebanon,2015,-1.48529943559267
LBR,Liberia,2015,-2.06002320038729
LBY,Libya,2015,-2.43005265175647
LCA,St. Lucia,2015,-0.337052867572226
LCN,Latin America & Caribbean,2015,-0.736675500628351
LIE,Liechtenstein,2015,
LKA,Sri Lanka,2015,3.25185230562724
LSO,Lesotho,2015,1.92251059472272
LTE,Late-demographic dividend,2015,4.01152074611161
LTU,Lithuania,2015,3.75632420325671
LUX,Luxembourg,2015,-0.11547655084216
LVA,Latvia,2015,4.63645212679371
MAC,"Macao SAR, China",2015,-24.3342148018188
MAF,St. Martin (French part),2015,1.21892477722176
MAR,Morocco,2015,3.10634719191513
MCO,Monaco,2015,3.11510490897003
MDA,Moldova,2015,0.429158887977096
MDG,Madagascar,2015,0.445748708056158
MDV,Maldives,2015,0.341527920426657
MEX,Mexico,2015,1.60971010585429
MHL,Marshall Islands,2015,3.96521735177255
MKD,North Macedonia,2015,4.13429050530651
MLI,Mali,2015,2.96620762317433
MLT,Malta,2015,6.97062722408066
MMR,Myanmar,2015,6.13960007817474
MNE,Montenegro,2015,2.37419874424694
MNG,Mongolia,2015,0.223539088154311
MNP,Northern Mariana Islands,2015,4.71604040189382
MOZ,Mozambique,2015,4.32231286612486
MRT,Mauritania,2015,2.25580164537985
MUS,Mauritius,2015,3.55335696562737
MWI,Malawi,2015,0.0079251828197612
MYS,Malaysia,2015,3.28578556272301
NAM,Namibia,2015,1.53445826192009
NCL,New Caledonia,2015,
NER,Niger,2015,0.604320140159473
NGA,Nigeria,2015,0.081979577825436
NIC,Nicaragua,2015,3.37914204919937
NLD,Netherlands,2015,1.66898777013176
NOR,Norway,2015,0.848799114123295
NPL,Nepal,2015,3.4108030002933
NRU,Nauru,2015,1.4172709809001
NZL,New Zealand,2015,1.60054496622324
OMN,Oman,2015,0.438450329868957
PAK,Pakistan,2015,2.76648640710329
PAN,Panama,2015,3.46107394258979
PER,Peru,2015,2.09361990664132
PHL,Philippines,2015,4.7872505574235
PLW,Palau,2015,7.58608327744872
PNG,Papua New Guinea,2015,3.8989789371627
POL,Poland,2015,4.50138467634895
PRI,Puerto Rico (US),2015,0.346031006728381
PRK,"Korea, Dem. People's Rep.",2015,
PRT,Portugal,2015,2.01139554784055
PRY,Paraguay,2015,1.46452361944058
PSE,West Bank and Gaza,2015,1.37258508832343
PYF,French Polynesia,2015,1.26147120448255
QAT,Qatar,2015,-3.86139446926616
ROU,Romania,2015,3.64306941096366
RUS,Russia,2015,-2.2762114110788
RWA,Rwanda,2015,6.28259221925458
SAU,Saudi Arabia,2015,-0.634810334471936
SDN,Sudan,2015,-1.14810293147822
SEN,Senegal,2015,3.15103873013858
SGP,Singapore,2015,1.76232468638902
SLB,Solomon Islands,2015,-1.90313667351086
SLE,Sierra Leone,2015,-6.55487587621558
SLV,El Salvador,2015,2.05686593954016
SMR,San Marino,2015,1.53901918424206
SOM,"Somalia, Fed. Rep.",2015,6.72219258601305
SRB,Serbia,2015,1.81545266180656
SSD,South Sudan,2015,-9.76929494253935
STP,Sao Tome and Principe,2015,-0.246825905363622
SUR,Suriname,2015,-4.45160318607753
SVK,Slovak Republic,2015,5.07697290945579
SVN,Slovenia,2015,2.31634491842804
SWE,Sweden,2015,3.29020421290397
SWZ,Eswatini,2015,1.12454682394791
SXM,Sint Maarten (Dutch part),2015,-2.02875877780978
SYC,Seychelles,2015,6.51232550996488
SYR,Syrian Arab Republic,2015,0.0084650386573628
TCA,Turks and Caicos Islands,2015,6.58611583730091
TCD,Chad,2015,0.0674074942708955
TGO,Togo,2015,2.84283067512166
THA,Thailand,2015,2.65971785318402
TJK,Tajikistan,2015,3.34193519398252
TKM,Turkmenistan,2015,4.09291832714018
TLS,Timor-Leste,2015,0.50481165896521
TON,Tonga,2015,1.6036112932528
TTO,Trinidad and Tobago,2015,-0.725356979544244
TUN,Tunisia,2015,-0.165402101671091
TUR,Turkiye,2015,4.4033792666971
TUV,Tuvalu,2015,10.6281735534677
TZA,Tanzania,2015,2.77038211960942
UGA,Uganda,2015,2.00429943099081
UKR,Ukraine,2015,-9.27686663817931
URY,Uruguay,2015,0.0225745559950212
USA,United States,2015,2.12741138123612
UZB,Uzbekistan,2015,5.38345590914129
VCT,St. Vincent and the Grenadines,2015,3.33765430602968
VEN,"Venezuela, RB",2015,-7.20256924845928
VGB,British Virgin Islands,2015,
VIR,Virgin Islands (U.S.),2015,-0.26792231561096
VNM,Viet Nam,2015,5.66896478541561
VUT,Vanuatu,2015,1.67602106503972
WSM,Samoa,2015,2.95226941311462
XKX,Kosovo,2015,7.36815111994392
YEM,"Yemen, Rep.",2015,-30.1507550992904
ZAF,South Africa,2015,-0.694265293924985
ZMB,Zambia,2015,-0.241301067013211
ZWE,Zimbabwe,2015,0.425141539219794
ABW,Aruba,2016,0.469912651203259
AFE,Africa Eastern and Southern,2016,-0.531578202025244
AFG,Afghanistan,2016,-0.300121027406746
AFW,Africa Western and Central,2016,-2.448315415498
AGO,Angola,2016,-5.15402904669538
ALB,Albania,2016,5.52482598081943
AND,Andorra,2016,3.69962046811506
ARE,United Arab Emirates,2016,0.574841518832997
ARG,Argentina,2016,-3.02450095578762
ARM,Armenia,2016,0.611877151180408
ASM,American Samoa,2016,-0.488137584297121
ATG,Antigua and Barbuda,2016,3.47228425039911
AUS,Australia,2016,1.16312811538609
AUT,Austria,2016,1.01887723192984
AZE,Azerbaijan,2016,-4.14117487259738
BDI,Burundi,2016,1.43842311150118
BEL,Belgium,2016,0.682454832714654
BEN,Benin,2016,0.361166139903119
BFA,Burkina Faso,2016,2.9035090911533
BGD,Bangladesh,2016,6.16181560014782
BGR,Bulgaria,2016,4.37288163509066
BHR,Bahrain,2016,-0.0791098754103388
BHS,"Bahamas, The",2016,-1.84653148444181
BIH,Bosnia and Herzegovina,2016,4.59597025623206
BLR,Belarus,2016,-2.61191381567238
BLZ,Belize,2016,-2.31386521552362
BMU,Bermuda,2016,-0.633720640096868
BOL,Bolivia,2016,2.7222071569043
BRA,Brazil,2016,-4.01012719205779
BRB,Barbados,2016,1.27579693620899
BRN,Brunei Darussalam,2016,-3.69864300009469
BTN,Bhutan,2016,7.42464056841786
BWA,Botswana,2016,5.69319455388396
CAF,Central African Republic,2016,2.87598768927953
CAN,Canada,2016,-0.0982963624127819
CHE,Switzerland,2016,0.960131696221239
CHI,Channel Islands,2016,0.948076599842508
CHL,Chile,2016,0.52983351729867
CHN,China,2016,6.16542718232793
CIV,Cote d'Ivoire,2016,4.10858359182184
CMR,Cameroon,2016,1.45711722669677
COD,"Congo, Dem. Rep.",2016,-3.09891686152069
COG,"Congo, Rep.",2016,-10.8700508595295
COL,Colombia,2016,1.08114925712198
COM,Comoros,2016,1.22276485365785
CPV,Cabo Verde,2016,4.24816232606327
CRI,Costa Rica,2016,3.1560705780562
CUB,Cuba,2016,0.597183645134152
CUW,Curacao,2016,-2.1111613286577
CYM,Cayman Islands,2016,0.854492132236558
CYP,Cyprus,2016,6.01835711404337
CZE,Czechia,2016,2.3840542545404
DEU,Germany,2016,1.40038690062336
DJI,Djibouti,2016,5.33331529745931
DMA,Dominica,2016,2.6190351438682
DNK,Denmark,2016,2.27180151789635
DOM,Dominican Republic,2016,5.54040978660888
DZA,Algeria,2016,1.78594064734014
EAR,Early-demographic dividend,2016,2.76043398851446
ECS,Europe & Central Asia,2016,1.45264957117041
ECU,Ecuador,2016,-2.12550882201938
EGY,"Egypt, Arab Rep.",2016,2.24497375649698
ERI,Eritrea,2016,
ESP,Spain,2016,2.83577124069477
EST,Estonia,2016,3.06301090349199
ETH,Ethiopia,2016,6.5099145630674
FIN,Finland,2016,2.27754373131673
FJI,Fiji,2016,2.38011625327333
FRA,France,2016,0.594243752389232
FRO,Faroe Islands,2016,0.228366463809365
FSM,"Micronesia, Fed. Sts.",2016,0.61049232202113
GAB,Gabon,2016,-0.79183198007
GBR,United Kingdom,2016,1.39799087279013
GEO,Georgia,2016,3.38835328316745
GHA,Ghana,2016,1.04704406736222
GIB,Gibraltar,2016,
GIN,Guinea,2016,8.01216245351651
GMB,"Gambia, The",2016,-0.701007891119758
GNB,Guinea-Bissau,2016,2.81765698941554
GNQ,Equatorial Guinea,2016,-12.0971098998986
GRC,Greece,2016,0.384851865059588
GRD,Grenada,2016,3.33052048330798
GRL,Greenland,2016,4.54780858066064
GTM,Guatemala,2016,0.803225184137091
GUM,Guam,2016,0.591903022530076
GUY,Guyana,2016,3.15936322443832
HKG,"Hong Kong SAR, China",2016,1.54454440525488
HND,Honduras,2016,1.96051068302054
HRV,Croatia,2016,4.59659233874163
HTI,Haiti,2016,0.398402974127237
HUN,Hungary,2016,2.83749039789862
IDB,IDA blend,2016,0.283386002644619
IDN,Indonesia,2016,3.91054275495577
IMN,Isle of Man,2016,7.11503908245226
IND,India,2016,6.97394690929247
IRL,Ireland,2016,-0.0687294094505688
IRN,"Iran, Islamic Rep.",2016,7.26636493161325
IRQ,Iraq,2016,11.0984155585203
ISL,Iceland,2016,4.75387973177391
ISR,Israel,2016,2.4319477135746
ITA,Italy,2016,1.42884453159633
JAM,Jamaica,2016,2.49050959451111
JOR,Jordan,2016,-2.71126216102509
JPN,Japan,2016,0.805362824501671
KAZ,Kazakhstan,2016,-0.438395201172128
KEN,Kenya,2016,1.93794795580835
KGZ,Kyrgyz Republic,2016,2.04985149948004
KHM,Cambodia,2016,6.34300627617029
KIR,Kiribati,2016,5.58490333887225
KNA,St. Kitts and Nevis,2016,3.95919692482656
KOR,"Korea, Rep.",2016,2.76290075939411
KWT,Kuwait,2016,-1.43152053599024
LAO,Lao PDR,2016,5.36288912313843
LBN,Lebanon,2016,3.95420458700914
LBR,Liberia,2016,-3.54590251888713
LBY,Libya,2016,-2.98083261952721
LCA,St. Lucia,2016,2.9915396739198
LCN,Latin America & Caribbean,2016,-1.66242880660764
LIE,Liechtenstein,2016,
LKA,Sri Lanka,2016,3.86979649875681
LSO,Lesotho,2016,2.35363981271321
LTE,Late-demographic dividend,2016,3.77408848981567
LTU,Lithuania,2016,3.87744054624235
LUX,Luxembourg,2016,2.73979148676671
LVA,Latvia,2016,3.49318640044002
MAC,"Macao SAR, China",2016,-2.16245351057516
MAF,St. Martin (French part),2016,5.54794889038332
MAR,Morocco,2016,-0.693616602037565
MCO,Monaco,2016,1.57423975069067
MDA,Moldova,2016,5.87017576429136
MDG,Madagascar,2016,1.31063593376801
MDV,Maldives,2016,2.73896015037067
MEX,Mexico,2016,0.790955216102532
MHL,Marshall Islands,2016,4.84812588584671
MKD,North Macedonia,2016,3.1782257470099
MLI,Mali,2016,2.70047363998611
MLT,Malta,2016,1.72282096153398
MMR,Myanmar,2016,5.02652118853597
MNE,Montenegro,2016,3.32318817615919
MNG,Mongolia,2016,-0.547071462431205
MNP,Northern Mariana Islands,2016,31.097890849885
MOZ,Mozambique,2016,1.67319789859388
MRT,Mauritania,2016,-1.72979667450247
MUS,Mauritius,2016,3.79113070734437
MWI,Malawi,2016,-0.256367435160101
MYS,Malaysia,2016,2.62004557566016
NAM,Namibia,2016,-2.62833210419717
NCL,New Caledonia,2016,
NER,Niger,2016,1.92620628769158
NGA,Nigeria,2016,-4.01892534268501
NIC,Nicaragua,2016,3.16650951067395
NLD,Netherlands,2016,1.88065314524779
NOR,Norway,2016,0.277407788765373
NPL,Nepal,2016,-0.0405110299060141
NRU,Nauru,2016,2.30174554349074
NZL,New Zealand,2016,1.47418017961533
OMN,Oman,2016,0.118553614303224
PAK,Pakistan,2016,5.19506859858923
PAN,Panama,2016,2.77979898980544
PER,Peru,2016,2.57623039728159
PHL,Philippines,2016,5.7212148588973
PLW,Palau,2016,1.17313151858609
PNG,Papua New Guinea,2016,2.91791021651957
POL,Poland,2016,3.07547528252388
PRI,Puerto Rico (US),2016,0.289081770174349
PRK,"Korea, Dem. People's Rep.",2016,
PRT,Portugal,2016,2.32643063621838
PRY,Paraguay,2016,2.76597250767421
PSE,West Bank and Gaza,2016,6.44666146094556
PYF,French Polynesia,2016,1.82142796079958
QAT,Qatar,2016,-2.45109169349175
ROU,Romania,2016,3.45169541464914
RUS,Russia,2016,-0.0904862004782103
RWA,Rwanda,2016,3.48878829333981
SAU,Saudi Arabia,2016,-2.03439520588341
SDN,Sudan,2016,0.369473161527822
SEN,Senegal,2016,3.23503572393487
SGP,Singapore,2016,2.41021443466256
SLB,Solomon Islands,2016,1.8954619438627
SLE,Sierra Leone,2016,3.96056326178993
SLV,El Salvador,2016,2.25589267443243
SMR,San Marino,2016,1.7136618106599
SOM,"Somalia, Fed. Rep.",2016,2.99347020739935
SRB,Serbia,2016,3.5158880281917
SSD,South Sudan,2016,
STP,Sao Tome and Principe,2016,3.42223386315462
SUR,Suriname,2016,-5.90338246401519
SVK,Slovak Republic,2016,1.81646959957402
SVN,Slovenia,2016,2.95902414777296
SWE,Sweden,2016,0.855975824436371
SWZ,Eswatini,2016,2.34965752297238
SXM,Sint Maarten (Dutch part),2016,-1.0859663357852
SYC,Seychelles,2016,10.6277900412689
SYR,Syrian Arab Republic,2016,-5.28022453338099
TCA,Turks and Caicos Islands,2016,2.46456149346457
TCD,Chad,2016,-7.0850619018951
TGO,Togo,2016,1.62761006802251
THA,Thailand,2016,2.96944155296718
TJK,Tajikistan,2016,4.2256886170877
TKM,Turkmenistan,2016,3.79096200658724
TLS,Timor-Leste,2016,1.06590529631157
TON,Tonga,2016,7.1755196846192
TTO,Trinidad and Tobago,2016,-7.82511237114002
TUN,Tunisia,2016,0.0084982715857364
TUR,Turkiye,2016,1.9428315705164
TUV,Tuvalu,2016,5.97938856186022
TZA,Tanzania,2016,3.30400665890222
UGA,Uganda,2016,1.35743312909598
UKR,Ukraine,2016,2.94151228987063
URY,Uruguay,2016,1.35078037686081
USA,United States,2016,1.02266589117943
UZB,Uzbekistan,2016,4.11984456589953
VCT,St. Vincent and the Grenadines,2016,4.74804540016839
VEN,"Venezuela, RB",2016,-17.557382467255
VGB,British Virgin Islands,2016,
VIR,Virgin Islands (U.S.),2016,1.78607056891147
VNM,Viet Nam,2016,5.35427097241221
VUT,Vanuatu,2016,1.19513802690024
WSM,Samoa,2016,7.07276114056432
XKX,Kosovo,2016,6.20761650241487
YEM,"Yemen, Rep.",2016,-12.0553743505045
ZAF,South Africa,2016,-0.277781475736276
ZMB,Zambia,2016,0.593979723633794
ZWE,Zimbabwe,2016,-0.633234613329265
ABW,Aruba,2017,3.48581549286742
AFE,Africa Eastern and Southern,2017,0.000238209279459
AFG,Afghanistan,2017,-0.195569548342789
AFW,Africa Western and Central,2017,-0.35528342283655
AGO,Angola,2017,-3.62286501702881
ALB,Albania,2017,4.88935288088643
AND,Andorra,2017,-1.80605703312767
ARE,United Arab Emirates,2017,-4.15218113866617
ARG,Argentina,2017,1.91639608148853
ARM,Armenia,2017,7.96544606461424
ASM,American Samoa,2017,-5.79936404816848
ATG,Antigua and Barbuda,2017,2.1461875762954
AUS,Australia,2017,0.62251098729871
AUT,Austria,2017,1.56430689663536
AZE,Azerbaijan,2017,-0.824348468311783
BDI,Burundi,2017,1.41976303921598
BEL,Belgium,2017,1.08431151262542
BEN,Benin,2017,2.67041720047298
BFA,Burkina Faso,2017,3.21640521697573
BGD,Bangladesh,2017,5.68710307010265
BGR,Bulgaria,2017,4.1152395764986
BHR,Bahrain,2017,-0.457057166110175
BHS,"Bahamas, The",2017,2.728115494957
BIH,Bosnia and Herzegovina,2017,4.57868807789549
BLR,Belarus,2017,2.64480751685403
BLZ,Belize,2017,-4.06828153670182
BMU,Bermuda,2017,3.40119187834931
BOL,Bolivia,2017,2.68372843487559
BRA,Brazil,2017,0.587668928601474
BRB,Barbados,2017,0.50241999615892
BRN,Brunei Darussalam,2017,0.109331621558866
BTN,Bhutan,2017,1.21137239128886
BWA,Botswana,2017,2.6459126098983
CAF,Central African Republic,2017,2.7861131027974
CAN,Canada,2017,1.8094644720755
CHE,Switzerland,2017,0.421326259922779
CHI,Channel Islands,2017,1.5363504960191
CHL,Chile,2017,-0.235110167425177
CHN,China,2017,6.24626618729064
CIV,Cote d'Ivoire,2017,4.42161228468103
CMR,Cameroon,2017,0.647004976201075
COD,"Congo, Dem. Rep.",2017,0.498126250776636
COG,"Congo, Rep.",2017,-7.86139425991523
COL,Colombia,2017,-0.101221554133033
COM,Comoros,2017,1.76756640070596
CPV,Cabo Verde,2017,4.48221093147532
CRI,Costa Rica,2017,3.17871970343413
CUB,Cuba,2017,1.97075471516408
CUW,Curacao,2017,-1.591163940253
CYM,Cayman Islands,2017,0.889647247053603
CYP,Cyprus,2017,4.85340888107815
CZE,Czechia,2017,4.8945501951199
DEU,Germany,2017,2.4144426920242
DJI,Djibouti,2017,3.73971530980459
DMA,Dominica,2017,-6.04609004192379
DNK,Denmark,2017,2.39559065097636
DOM,Dominican Republic,2017,2.80931921775627
DZA,Algeria,2017,-0.541667024495979
EAR,Early-demographic dividend,2017,3.17780003225532
ECS,Europe & Central Asia,2017,2.56223783714005
ECU,Ecuador,2017,4.36195467405905
EGY,"Egypt, Arab Rep.",2017,2.12015477172733
ERI,Eritrea,2017,
ESP,Spain,2017,2.64617061107108
EST,Estonia,2017,5.50685731354206
ETH,Ethiopia,2017,6.61862070026751
FIN,Finland,2017,3.06123169296772
FJI,Fiji,2017,5.40003492628165
FRA,France,2017,1.78779549384231
FRO,Faroe Islands,2017,2.03503874879401
FSM,"Micronesia, Fed. Sts.",2017,1.79684086925374
GAB,Gabon,2017,-2.16361774149249
GBR,United Kingdom,2017,2.46254947655839
GEO,Georgia,2017,5.14582677562736
GHA,Ghana,2017,5.78094585817396
GIB,Gibraltar,2017,
GIN,Guinea,2017,7.51589992127235
GMB,"Gambia, The",2017,2.20807546707253
GNB,Guinea-Bissau,2017,2.14454305364472
GNQ,Equatorial Guinea,2017,-8.94053555047577
GRC,Greece,2017,1.67402014860588
GRD,Grenada,2017,4.16002295455056
GRL,Greenland,2017,0.0776647739674274
GTM,Guatemala,2017,1.22202117929733
GUM,Guam,2017,1.34860712204592
GUY,Guyana,2017,3.06887182440371
HKG,"Hong Kong SAR, China",2017,3.00148096033243
HND,Honduras,2017,2.92107278326836
HRV,Croatia,2017,4.95688757968964
HTI,Haiti,2017,1.12394427912376
HUN,Hungary,2017,4.47743568209606
IDB,IDA blend,2017,0.764984608084958
IDN,Indonesia,2017,4.00109865179923
IMN,Isle of Man,2017,2.66187031478451
IND,India,2017,5.561185034605
IRL,Ireland,2017,8.63259519638329
IRN,"Iran, Islamic Rep.",2017,1.55521443456146
IRQ,Iraq,2017,-3.98546687274897
ISL,Iceland,2017,1.08598544714937
ISR,Israel,2017,2.34341452190721
ITA,Italy,2017,1.79499729937032
JAM,Jamaica,2017,2.08054717136154
JOR,Jordan,2017,0.192083988017671
JPN,Japan,2017,1.75861180168305
KAZ,Kazakhstan,2017,2.49076945691363
KEN,Kenya,2017,1.60475183361922
KGZ,Kyrgyz Republic,2017,2.55837834194257
KHM,Cambodia,2017,6.59196495590379
KIR,Kiribati,2017,2.19903908915526
KNA,St. Kitts and Nevis,2017,0.274193507101955
KOR,"Korea, Rep.",2017,3.14298545917306
KWT,Kuwait,2017,-8.16879129164303
LAO,Lao PDR,2017,5.2271106715724
LBN,Lebanon,2017,3.57185811074811
LBR,Liberia,2017,0.48341831127135
LBY,Libya,2017,30.3950611263495
LCA,St. Lucia,2017,2.97179882236796
LCN,Latin America & Caribbean,2017,0.638754446536055
LIE,Liechtenstein,2017,
LKA,Sri Lanka,2017,5.24982935111058
LSO,Lesotho,2017,-4.33655999292874
LTE,Late-demographic dividend,2017,4.57016804205641
LTU,Lithuania,2017,5.88872606993294
LUX,Luxembourg,2017,-1.11611347517193
LVA,Latvia,2017,4.31935869681359
MAC,"Macao SAR, China",2017,10.6136017665803
MAF,St. Martin (French part),2017,-7.15585200915483
MAR,Morocco,2017,3.78371209116371
MCO,Monaco,2017,-4.23891093966274
MDA,Moldova,2017,5.99041199822246
MDG,Madagascar,2017,1.26236994297058
MDV,Maldives,2017,3.57472677178792
MEX,Mexico,2017,0.923425358691205
MHL,Marshall Islands,2017,6.18444127953049
MKD,North Macedonia,2017,1.48936718625188
MLI,Mali,2017,2.06891771144161
MLT,Malta,2017,9.92374326439017
MMR,Myanmar,2017,5.31957403505668
MNE,Montenegro,2017,3.11297073146422
MNG,Mongolia,2017,3.6220070103727
MNP,Northern Mariana Islands,2017,25.1775968489283
MOZ,Mozambique,2017,-0.38371430909207
MRT,Mauritania,2017,3.14237147997393
MUS,Mauritius,2017,3.84430800639895
MWI,Malawi,2017,1.22138049385239
MYS,Malaysia,2017,3.96186564548185
NAM,Namibia,2017,-3.69773452685817
NCL,New Caledonia,2017,
NER,Niger,2017,1.33285572403285
NGA,Nigeria,2017,-1.61585537268604
NIC,Nicaragua,2017,3.24691576299918
NLD,Netherlands,2017,2.17569091526914
NOR,Norway,2017,1.63950712591077
NPL,Nepal,2017,8.76020605401564
NRU,Nauru,2017,-7.78820653423327
NZL,New Zealand,2017,1.24183177643995
OMN,Oman,2017,-2.93490377016138
PAK,Pakistan,2017,2.96623678403046
PAN,Panama,2017,3.94788151319156
PER,Peru,2017,1.01943141648242
PHL,Philippines,2017,5.56223020665776
PLW,Palau,2017,-3.07119789167072
PNG,Papua New Guinea,2017,1.08692627161339
POL,Poland,2017,5.13933542172569
PRI,Puerto Rico (US),2017,-0.903680354883278
PRK,"Korea, Dem. People's Rep.",2017,
PRT,Portugal,2017,3.56700126187077
PRY,Paraguay,2017,3.32962942295241
PSE,West Bank and Gaza,2017,-0.577622802403482
PYF,French Polynesia,2017,3.95416021395157
QAT,Qatar,2017,-4.15596174260121
ROU,Romania,2017,8.82266657090874
RUS,Russia,2017,1.61387325924203
RWA,Rwanda,2017,1.50906456900377
SAU,Saudi Arabia,2017,1.10646877226159
SDN,Sudan,2017,-2.71987452387332
SEN,Senegal,2017,4.3502357301897
SGP,Singapore,2017,4.38437834929044
SLB,Solomon Islands,2017,-0.426120235207534
SLE,Sierra Leone,2017,0.774679247758442
SLV,El Salvador,2017,2.0380895055328
SMR,San Marino,2017,-1.88769119879011
SOM,"Somalia, Fed. Rep.",2017,10.3677043802939
SRB,Serbia,2017,2.90962447502095
SSD,South Sudan,2017,
STP,Sao Tome and Principe,2017,2.46252459071385
SUR,Suriname,2017,0.547149370341614
SVK,Slovak Republic,2017,2.71521709643727
SVN,Slovenia,2017,5.10589384792048
SWE,Sweden,2017,0.519214362381689
SWZ,Eswatini,2017,2.74440888521023
SXM,Sint Maarten (Dutch part),2017,-9.30645194996998
SYC,Seychelles,2017,5.65298679577909
SYR,Syrian Arab Republic,2017,-0.882509407808485
TCA,Turks and Caicos Islands,2017,67.5979946960904
TCD,Chad,2017,-4.81719581978666
TGO,Togo,2017,1.44098718199137
THA,Thailand,2017,3.73797800283087
TJK,Tajikistan,2017,4.50305161526772
TKM,Turkmenistan,2017,4.09374782222559
TLS,Timor-Leste,2017,-4.99167831534328
TON,Tonga,2017,3.36688225938528
TTO,Trinidad and Tobago,2017,-5.06473832096466
TUN,Tunisia,2017,1.18340493178839
TUR,Turkiye,2017,6.43664614092381
TUV,Tuvalu,2017,3.02336313631166
TZA,Tanzania,2017,3.23688527604725
UGA,Uganda,2017,-0.406390812740796
UKR,Ukraine,2017,2.86027869650954
URY,Uruguay,2017,1.46549073530204
USA,United States,2017,1.75014094923958
UZB,Uzbekistan,2017,2.64127716153368
VCT,St. Vincent and the Grenadines,2017,2.20738641850942
VEN,"Venezuela, RB",2017,-15.1185209906493
VGB,British Virgin Islands,2017,
VIR,Virgin Islands (U.S.),2017,-0.517853882355141
VNM,Viet Nam,2017,5.61787865063133
VUT,Vanuatu,2017,2.00579895676259
WSM,Samoa,2017,0.460419453590006
XKX,Kosovo,2017,4.03838879864328
YEM,"Yemen, Rep.",2017,-7.88861205244282
ZAF,South Africa,2017,0.49869596172698
ZMB,Zambia,2017,0.398377780872721
ZWE,Zimbabwe,2017,3.23409642689352
ABW,Aruba,2018,3.0485184481057
AFE,Africa Eastern and Southern,2018,-0.0649911495143698
AFG,Afghanistan,2018,-1.71374269254262
AFW,Africa Western and Central,2018,0.330201879420301
AGO,Angola,2018,-3.96852454312942
ALB,Albania,2018,5.28357949627288
AND,Andorra,2018,-0.30211930399588
ARE,United Arab Emirates,2018,0.195794810557288
ARG,Argentina,2018,-3.41553683867816
ARM,Armenia,2018,5.56850117850011
ASM,American Samoa,2018,4.03850712136055
ATG,Antigua and Barbuda,2018,6.17448976886325
AUS,Australia,2018,1.3466306507712
AUT,Austria,2018,1.98626296400239
AZE,Azerbaijan,2018,0.62488437469257
BDI,Burundi,2018,2.20950781918904
BEL,Belgium,2018,1.41528937457539
BEN,Benin,2018,3.73701554279164
BFA,Burkina Faso,2018,3.76772678322459
BGD,Bangladesh,2018,6.44197494702485
BGR,Bulgaria,2018,3.74323820792699
BHR,Bahrain,2018,1.91849572888873
BHS,"Bahamas, The",2018,1.8159781736959
BIH,Bosnia and Herzegovina,2018,5.10677209046635
BLR,Belarus,2018,3.36999150781449
BLZ,Belize,2018,-1.04044004654376
BMU,Bermuda,2018,-0.827444988688441
BOL,Bolivia,2018,1.40411994190022
BRA,Brazil,2018,1.09040860420944
BRB,Barbados,2018,-1.46593817049695
BRN,Brunei Darussalam,2018,-1.09895909064488
BTN,Bhutan,2018,2.76296102776938
BWA,Botswana,2018,2.72071433079989
CAF,Central African Republic,2018,1.9780319759616
CAN,Canada,2018,1.28092659672814
CHE,Switzerland,2018,2.10552471989985
CHI,Channel Islands,2018,0.736021076194476
CHL,Chile,2018,2.14988195463914
CHN,China,2018,6.25861232477357
CIV,Cote d'Ivoire,2018,2.05334874793748
CMR,Cameroon,2018,1.11514946861584
COD,"Congo, Dem. Rep.",2018,2.57995294310305
COG,"Congo, Rep.",2018,-4.6581397485937
COL,Colombia,2018,0.695264947238812
COM,Comoros,2018,1.63835635175063
CPV,Cabo Verde,2018,3.60152349643896
CRI,Costa Rica,2018,1.69193410358987
CUB,Cuba,2018,2.43656837458022
CUW,Curacao,2018,-1.58863061888974
CYM,Cayman Islands,2018,2.04406954881368
CYP,Cyprus,2018,5.05105337795295
CZE,Czechia,2018,2.48698770067625
DEU,Germany,2018,0.832212527052548
DJI,Djibouti,2018,3.10861540140996
DMA,Dominica,2018,3.45033107598908
DNK,Denmark,2018,1.35619600199787
DOM,Dominican Republic,2018,5.95314205477773
DZA,Algeria,2018,-0.546019580108478
EAR,Early-demographic dividend,2018,2.35174594329315
ECS,Europe & Central Asia,2018,1.75609559522336
ECU,Ecuador,2018,-0.674558960176682
EGY,"Egypt, Arab Rep.",2018,3.35166753247044
ERI,Eritrea,2018,
ESP,Spain,2018,1.93406292039191
EST,Estonia,2018,3.33940936378892
ETH,Ethiopia,2018,3.97407545942133
FIN,Finland,2018,1.05884315705418
FJI,Fiji,2018,3.99107263181943
FRA,France,2018,1.28216603702126
FRO,Faroe Islands,2018,1.11936120181572
FSM,"Micronesia, Fed. Sts.",2018,-0.389413059895006
GAB,Gabon,2018,-1.68804743568779
GBR,United Kingdom,2018,1.05651160071312
GEO,Georgia,2018,6.10344745087359
GHA,Ghana,2018,4.01895338314475
GIB,Gibraltar,2018,
GIN,Guinea,2018,3.68700873912611
GMB,"Gambia, The",2018,4.66787430455537
GNB,Guinea-Bissau,2018,1.32710524004433
GNQ,Equatorial Guinea,2018,-9.37041905185943
GRC,Greece,2018,2.27195132202993
GRD,Grenada,2018,4.13321655238465
GRL,Greenland,2018,0.89068474112419
GTM,Guatemala,2018,1.69836306771796
GUM,Guam,2018,-0.333833095467511
GUY,Guyana,2018,1.39604562755792
HKG,"Hong Kong SAR, China",2018,2.0272229246582
HND,Honduras,2018,1.96196872528638
HRV,Croatia,2018,4.26899051902303
HTI,Haiti,2018,0.326678559605597
HUN,Hungary,2018,5.82146361803679
IDB,IDA blend,2018,1.80525454130611
IDN,Indonesia,2018,4.15930013909383
IMN,Isle of Man,2018,1.97434466746698
IND,India,2018,5.29211971914722
IRL,Ireland,2018,6.13694267880518
IRN,"Iran, Islamic Rep.",2018,-4.96761764341849
IRQ,Iraq,2018,0.267762550620816
ISL,Iceland,2018,1.89500633642427
ISR,Israel,2018,2.01931484013397
ITA,Italy,2018,0.581227670101029
JAM,Jamaica,2018,2.35833186418979
JOR,Jordan,2018,-0.302781677584093
JPN,Japan,2018,0.771168471505248
KAZ,Kazakhstan,2018,2.5560669084423
KEN,Kenya,2018,3.52404781491717
KGZ,Kyrgyz Republic,2018,1.54586820248004
KHM,Cambodia,2018,7.43177030242717
KIR,Kiribati,2018,1.94611498374204
KNA,St. Kitts and Nevis,2018,2.09466207201663
KOR,"Korea, Rep.",2018,2.72979572830845
KWT,Kuwait,2018,-1.26570110779524
LAO,Lao PDR,2018,4.60986171989208
LBN,Lebanon,2018,1.00112836973221
LBR,Liberia,2018,-0.802290167584516
LBY,Libya,2018,6.20327204937865
LCA,St. Lucia,2018,2.49445186760282
LCN,Latin America & Caribbean,2018,0.364091241474497
LIE,Liechtenstein,2018,
LKA,Sri Lanka,2018,1.28556702964238
LSO,Lesotho,2018,-2.67593907523207
LTE,Late-demographic dividend,2018,4.86524591602885
LTU,Lithuania,2018,5.79066548228593
LUX,Luxembourg,2018,-0.329840314332458
LVA,Latvia,2018,5.12560422080688
MAC,"Macao SAR, China",2018,4.66426775869004
MAF,St. Martin (French part),2018,-5.8923641662807
MAR,Morocco,2018,1.91410663270995
MCO,Monaco,2018,4.37923997124996
MDA,Moldova,2018,5.92036718190722
MDG,Madagascar,2018,0.542519018708518
MDV,Maldives,2018,5.16982903680598
MEX,Mexico,2018,1.01136621686764
MHL,Marshall Islands,2018,8.38496134170197
MKD,North Macedonia,2018,3.40375411089484
MLI,Mali,2018,1.64097526491582
MLT,Malta,2018,3.46851614170217
MMR,Myanmar,2018,5.50179746363222
MNE,Montenegro,2018,4.65668340285264
MNG,Mongolia,2018,5.75427016552706
MNP,Northern Mariana Islands,2018,-18.0505598698509
MOZ,Mozambique,2018,0.445674338631605
MRT,Mauritania,2018,1.70257047246483
MUS,Mauritius,2018,3.9500354872734
MWI,Malawi,2018,1.60299745635619
MYS,Malaysia,2018,3.07401779071937
NAM,Namibia,2018,-1.70342664632669
NCL,New Caledonia,2018,0.401770467057673
NER,Niger,2018,3.57478885227313
NGA,Nigeria,2018,-0.406836852099559
NIC,Nicaragua,2018,-4.62941675714166
NLD,Netherlands,2018,1.66335743670078
NOR,Norway,2018,0.165560788690883
NPL,Nepal,2018,7.36009731523737
NRU,Nauru,2018,-2.16926114572468
NZL,New Zealand,2018,1.6336762235868
OMN,Oman,2018,-0.0452382355009746
PAK,Pakistan,2018,4.44201942237108
PAN,Panama,2018,2.19399066127643
PER,Peru,2018,2.1018453903506
PHL,Philippines,2018,5.03429067114457
PLW,Palau,2018,-1.25499460640414
PNG,Papua New Guinea,2018,-2.56991254975047
POL,Poland,2018,6.24607110540019
PRI,Puerto Rico (US),2018,-0.869549149955759
PRK,"Korea, Dem. People's Rep.",2018,
PRT,Portugal,2018,3.11123658697107
PRY,Paraguay,2018,1.77964425721512
PSE,West Bank and Gaza,2018,-1.30481419195327
PYF,French Polynesia,2018,1.90583847677253
QAT,Qatar,2018,-0.134744639831709
ROU,Romania,2018,6.01553045118388
RUS,Russia,2018,2.71659271660542
RWA,Rwanda,2018,6.03177996523696
SAU,Saudi Arabia,2018,5.89707730206987
SDN,Sudan,2018,-6.01716755998106
SEN,Senegal,2018,3.27615846996514
SGP,Singapore,2018,2.96719699276471
SLB,Solomon Islands,2018,-0.648914414273463
SLE,Sierra Leone,2018,0.50674429876733
SLV,El Salvador,2018,2.30913946286621
SMR,San Marino,2018,-0.555259040981809
SOM,"Somalia, Fed. Rep.",2018,-1.48470237917039
SRB,Serbia,2018,5.22266888313776
SSD,South Sudan,2018,
STP,Sao Tome and Principe,2018,2.78057714923384
SUR,Suriname,2018,3.93294702617604
SVK,Slovak Republic,2018,3.91808506492153
SVN,Slovenia,2018,4.00130649890984
SWE,Sweden,2018,0.594886136077946
SWZ,Eswatini,2018,-0.853481330729949
SXM,Sint Maarten (Dutch part),2018,-8.53633432632274
SYC,Seychelles,2018,3.94280692985572
SYR,Syrian Arab Republic,2018,-0.435918888364867
TCA,Turks and Caicos Islands,2018,2.52456646348665
TCD,Chad,2018,2.24768972082788
TGO,Togo,2018,2.23660975297031
THA,Thailand,2018,3.90762624173355
TJK,Tajikistan,2018,5.04059320866072
TKM,Turkmenistan,2018,3.83102484770528
TLS,Timor-Leste,2018,-2.35863567554246
TON,Tonga,2018,0.326899215374226
TTO,Trinidad and Tobago,2018,-1.13201603020309
TUN,Tunisia,2018,1.60391587948506
TUR,Turkiye,2018,2.07704135618785
TUV,Tuvalu,2018,2.5000826037985
TZA,Tanzania,2018,2.24213027557943
UGA,Uganda,2018,2.75300382511665
UKR,Ukraine,2018,4.09937975447431
URY,Uruguay,2018,-0.0151011267874139
USA,United States,2018,2.36444249943987
UZB,Uzbekistan,2018,3.7517684514097
VCT,St. Vincent and the Grenadines,2018,3.90031671690731
VEN,"Venezuela, RB",2018,-17.6129210502629
VGB,British Virgin Islands,2018,
VIR,Virgin Islands (U.S.),2018,2.14490182532539
VNM,Viet Nam,2018,6.28095828201967
VUT,Vanuatu,2018,0.464610871247203
WSM,Samoa,2018,-1.6472076564482
XKX,Kosovo,2018,3.05752931278261
YEM,"Yemen, Rep.",2018,-2.186490192267
ZAF,South Africa,2018,-0.1374850396532
ZMB,Zambia,2018,0.9537337347912
ZWE,Zimbabwe,2018,3.45954562738599
ABW,Aruba,2019,0.951663645650427
AFE,Africa Eastern and Southern,2019,-0.709406765771149
AFG,Afghanistan,2019,0.856294729087764
AFW,Africa Western and Central,2019,0.792057670409577
AGO,Angola,2019,-3.52900012504749
ALB,Albania,2019,3.64975808463876
AND,Andorra,2019,0.265352820614368
ARE,United Arab Emirates,2019,0.209030520233554
ARG,Argentina,2019,-2.69506723533574
ARM,Armenia,2019,7.83608438672164
ASM,American Samoa,2019,0.897584681397618
ATG,Antigua and Barbuda,2019,2.67761319425004
AUS,Australia,2019,0.695209563773375
AUT,Austria,2019,1.30350317565873
AZE,Azerbaijan,2019,1.61582943287135
BDI,Burundi,2019,1.08494176938687
BEL,Belgium,2019,1.89071932044187
BEN,Benin,2019,3.98211326561793
BFA,Burkina Faso,2019,3.24391866186016
BGD,Bangladesh,2019,6.97264399779152
BGR,Bulgaria,2019,5.26897872493906
BHR,Bahrain,2019,3.38274086937953
BHS,"Bahamas, The",2019,-1.33052999956263
BIH,Bosnia and Herzegovina,2019,4.16109545157208
BLR,Belarus,2019,1.6513675093432
BLZ,Belize,2019,2.74257530356437
BMU,Bermuda,2019,-0.124745932153232
BOL,Bolivia,2019,0.0889440250061426
BRA,Brazil,2019,0.562970836695342
BRB,Barbados,2019,0.050927970591033
BRN,Brunei Darussalam,2019,2.72616506285996
BTN,Bhutan,2019,5.05479153201512
BWA,Botswana,2019,1.57639094067899
CAF,Central African Republic,2019,1.72290159793216
CAN,Canada,2019,0.429657601305934
CHE,Switzerland,2019,0.423089633793808
CHI,Channel Islands,2019,1.15023329351136
CHL,Chile,2019,-0.962096016030856
CHN,China,2019,5.6929006014863
CIV,Cote d'Ivoire,2019,3.96244737490909
CMR,Cameroon,2019,0.636415290549962
COD,"Congo, Dem. Rep.",2019,-2.58176822938702
COG,"Congo, Rep.",2019,-1.27988440285151
COL,Colombia,2019,1.36014067984289
COM,Comoros,2019,-0.178316983862871
CPV,Cabo Verde,2019,6.80449531732363
CRI,Costa Rica,2019,1.56255641347028
CUB,Cuba,2019,0.0532186639248664
CUW,Curacao,2019,-2.04109605237927
CYM,Cayman Islands,2019,1.77641924268777
CYP,Cyprus,2019,4.46826562163456
CZE,Czechia,2019,3.15874802851988
DEU,Germany,2019,0.750266426253219
DJI,Djibouti,2019,3.91378440928256
DMA,Dominica,2019,4.3983147374291
DNK,Denmark,2019,1.34779245340653
DOM,Dominican Republic,2019,3.81572682273033
DZA,Algeria,2019,-0.939992962004737
EAR,Early-demographic dividend,2019,1.02710133608998
ECS,Europe & Central Asia,2019,1.46521348747058
ECU,Ecuador,2019,-1.51253154807527
EGY,"Egypt, Arab Rep.",2019,3.71584088573542
ERI,Eritrea,2019,
ESP,Spain,2019,1.23303741249605
EST,Estonia,2019,3.3419636171697
ETH,Ethiopia,2019,5.48664148021712
FIN,Finland,2019,1.23812097519217
FJI,Fiji,2019,-0.33408046448406
FRA,France,2019,1.68870844116209
FRO,Faroe Islands,2019,2.93184025686803
FSM,"Micronesia, Fed. Sts.",2019,3.72960377273995
GAB,Gabon,2019,1.38257599119697
GBR,United Kingdom,2019,0.736576132017404
GEO,Georgia,2019,5.56167165873158
GHA,Ghana,2019,4.39063133478864
GIB,Gibraltar,2019,
GIN,Guinea,2019,2.9464024435663
GMB,"Gambia, The",2019,3.74848295956672
GNB,Guinea-Bissau,2019,2.89045755858285
GNQ,Equatorial Guinea,2019,-8.52391282041842
GRC,Greece,2019,2.38497557963629
GRD,Grenada,2019,0.424779227477273
GRL,Greenland,2019,2.46273159433217
GTM,Guatemala,2019,2.44813633260803
GUM,Guam,2019,3.07547868580322
GUY,Guyana,2019,3.25156178245531
HKG,"Hong Kong SAR, China",2019,-2.39668495991923
HND,Honduras,2019,0.71936151617345
HRV,Croatia,2019,4.12969919836404
HTI,Haiti,2019,-2.98683711868885
HUN,Hungary,2019,5.2087641343076
IDB,IDA blend,2019,0.998562412035241
IDN,Indonesia,2019,4.0413041818536
IMN,Isle of Man,2019,0.0733713448695283
IND,India,2019,2.79675759965889
IRL,Ireland,2019,3.31840085150145
IRN,"Iran, Islamic Rep.",2019,-3.40863263146464
IRQ,Iraq,2019,3.14043943264693
ISL,Iceland,2019,-1.06147502015334
ISR,Israel,2019,1.74945844686911
ITA,Italy,2019,1.13464411867925
JAM,Jamaica,2019,1.69497447065874
JOR,Jordan,2019,-0.247049289948436
JPN,Japan,2019,-0.262170828573062
KAZ,Kazakhstan,2019,2.99405538115775
KEN,Kenya,2019,3.07004769448449
KGZ,Kyrgyz Republic,2019,2.28120088774463
KHM,Cambodia,2019,6.58272364852731
KIR,Kiribati,2019,1.73347401094057
KNA,St. Kitts and Nevis,2019,3.06102179372833
KOR,"Korea, Rep.",2019,1.95849636720857
KWT,Kuwait,2019,-0.471027490632153
LAO,Lao PDR,2019,3.86091278109465
LBN,Lebanon,2019,-3.87037166908469
LBR,Liberia,2019,-4.38160849244818
LBY,Libya,2019,-12.4989174222368
LCA,St. Lucia,2019,-1.06027192026241
LCN,Latin America & Caribbean,2019,-0.499274095704138
LIE,Liechtenstein,2019,
LKA,Sri Lanka,2019,-0.829146715022418
LSO,Lesotho,2019,-2.56925986092637
LTE,Late-demographic dividend,2019,4.27142710168278
LTU,Lithuania,2019,4.97938353929399
LUX,Luxembourg,2019,0.752174049392224
LVA,Latvia,2019,1.37774612596324
MAC,"Macao SAR, China",2019,-4.36234107753577
MAF,St. Martin (French part),2019,11.9233703264347
MAR,Morocco,2019,1.81642055572905
MCO,Monaco,2019,7.24738037567747
MDA,Moldova,2019,5.22280984962049
MDG,Madagascar,2019,1.73013722889858
MDV,Maldives,2019,3.71535274800274
MEX,Mexico,2019,-1.33462176883367
MHL,Marshall Islands,2019,13.6597363046024
MKD,North Macedonia,2019,4.61869501137757
MLI,Mali,2019,1.87829272937594
MLT,Malta,2019,-0.0478838227421505
MMR,Myanmar,2019,5.83309474734135
MNE,Montenegro,2019,4.34144828521134
MNG,Mongolia,2019,3.67988421239794
MNP,Northern Mariana Islands,2019,-9.70326849241671
MOZ,Mozambique,2019,-0.646283515954551
MRT,Mauritania,2019,0.139308524548838
MUS,Mauritius,2019,2.85812532389771
MWI,Malawi,2019,2.9515101541935
MYS,Malaysia,2019,2.75950122381441
NAM,Namibia,2019,-3.57649160039189
NCL,New Caledonia,2019,-1.42259825250524
NER,Niger,2019,2.43270218960372
NGA,Nigeria,2019,-0.0100047593980293
NIC,Nicaragua,2019,-4.14856907147293
NLD,Netherlands,2019,1.63214291771632
NOR,Norway,2019,0.44339856309783
NPL,Nepal,2019,5.40192160337148
NRU,Nauru,2019,7.51652861776262
NZL,New Zealand,2019,0.882643007578949
OMN,Oman,2019,-0.985733221362153
PAK,Pakistan,2019,0.778096107046181
PAN,Panama,2019,1.47570139893878
PER,Peru,2019,0.502286291227506
PHL,Philippines,2019,4.83577546655691
PLW,Palau,2019,-0.272456364116394
PNG,Papua New Guinea,2019,2.14824964998061
POL,Poland,2019,4.60600727341085
PRI,Puerto Rico (US),2019,1.30600530158883
PRK,"Korea, Dem. People's Rep.",2019,
PRT,Portugal,2019,2.72130207848775
PRY,Paraguay,2019,-1.74219112721019
PSE,West Bank and Gaza,2019,-1.15161366535136
PYF,French Polynesia,2019,2.97688844901971
QAT,Qatar,2019,-1.52202223094245
ROU,Romania,2019,4.50941296110349
RUS,Russia,2019,2.14202624717367
RWA,Rwanda,2019,6.97929630145144
SAU,Saudi Arabia,2019,2.09953683085793
SDN,Sudan,2019,-5.00795943799888
SEN,Senegal,2019,1.80892290260792
SGP,Singapore,2019,0.15539750940367
SLB,Solomon Islands,2019,-0.912183037350545
SLE,Sierra Leone,2019,3.08171137743476
SLV,El Salvador,2019,2.39613321946494
SMR,San Marino,2019,1.6505086881123
SOM,"Somalia, Fed. Rep.",2019,-0.909258009902032
SRB,Serbia,2019,5.31381889246718
SSD,South Sudan,2019,
STP,Sao Tome and Principe,2019,0.482132360625684
SUR,Suriname,2019,0.12296002295291
SVK,Slovak Republic,2019,2.13758470717096
SVN,Slovenia,2019,2.78704541391961
SWE,Sweden,2019,1.57332206499805
SWZ,Eswatini,2019,5.4445627805287
SXM,Sint Maarten (Dutch part),2019,9.11581322620327
SYC,Seychelles,2019,4.58155113586345
SYR,Syrian Arab Republic,2019,-2.63689452644155
TCA,Turks and Caicos Islands,2019,1.07340727929571
TCD,Chad,2019,2.04363651475524
TGO,Togo,2019,2.39010092347198
THA,Thailand,2019,1.90583495758329
TJK,Tajikistan,2019,4.89098971791482
TKM,Turkmenistan,2019,3.98119112698603
TLS,Timor-Leste,2019,21.8272415651768
TON,Tonga,2019,-0.381461325779526
TTO,Trinidad and Tobago,2019,0.114767755861862
TUN,Tunisia,2019,0.613127731689971
TUR,Turkiye,2019,-0.136378469205951
TUV,Tuvalu,2019,15.650825095542
TZA,Tanzania,2019,2.71005881950599
UGA,Uganda,2019,2.88958690241905
UKR,Ukraine,2019,3.87284698333255
URY,Uruguay,2019,0.848968097010115
USA,United States,2019,2.05676590328193
UZB,Uzbekistan,2019,4.86486140745366
VCT,St. Vincent and the Grenadines,2019,1.40193657114291
VEN,"Venezuela, RB",2019,-25.4843294022527
VGB,British Virgin Islands,2019,
VIR,Virgin Islands (U.S.),2019,3.22863068505148
VNM,Viet Nam,2019,6.32464886581907
VUT,Vanuatu,2019,0.86298251414631
WSM,Samoa,2019,3.35744960284687
XKX,Kosovo,2019,5.23669676312298
YEM,"Yemen, Rep.",2019,
ZAF,South Africa,2019,-1.3803610544763
ZMB,Zambia,2019,-1.51894951073589
ZWE,Zimbabwe,2019,-7.78558358121073
ABW,Aruba,2020,-23.4662729790643
AFE,Africa Eastern and Southern,2020,-5.40593357050348
AFG,Afghanistan,2020,-5.38251464221077
AFW,Africa Western and Central,2020,-6.00341571014458
AGO,Angola,2020,-7.1276148271679
ALB,Albania,2020,-1.81016536329729
AND,Andorra,2020,-12.2238384935431
ARE,United Arab Emirates,2020,-8.258825738052
ARG,Argentina,2020,-10.3361096878518
ARM,Armenia,2020,-7.16866452731679
ASM,American Samoa,2020,5.3517874262504
ATG,Antigua and Barbuda,2020,-19.2945462845167
AUS,Australia,2020,-1.35774770320791
AUT,Austria,2020,-6.70639361073974
AZE,Azerbaijan,2020,-4.85235140794201
BDI,Burundi,2020,-2.56910007625271
BEL,Belgium,2020,-5.20244011003201
BEN,Benin,2020,1.12020264806804
BFA,Burkina Faso,2020,-0.443420002406739
BGD,Bangladesh,2020,2.58647816564581
BGR,Bulgaria,2020,-2.15683103882644
BHR,Bahrain,2020,-5.17307400932464
BHS,"Bahamas, The",2020,-20.3291813559269
BIH,Bosnia and Herzegovina,2020,-1.65750707667169
BLR,Belarus,2020,-0.251224685296094
BLZ,Belize,2020,-14.6255152617956
BMU,Bermuda,2020,-7.22554789447419
BOL,Bolivia,2020,-13.7898619967426
BRA,Brazil,2020,-3.83550546624957
BRB,Barbados,2020,-14.5139743585979
BRN,Brunei Darussalam,2020,0.0657353317528475
BTN,Bhutan,2020,-10.8226112381065
BWA,Botswana,2020,-10.0332383222742
CAF,Central African Republic,2020,-0.744488614542561
CAN,Canada,2020,-6.06240642306676
CHE,Switzerland,2020,-2.85415823647342
CHI,Channel Islands,2020,-9.22341035779262
CHL,Chile,2020,-6.98113061984451
CHN,China,2020,2.09686667315867
CIV,Cote d'Ivoire,2020,-1.81621061689408
CMR,Cameroon,2020,-2.43476031121681
COD,"Congo, Dem. Rep.",2020,-2.41880983949436
COG,"Congo, Rep.",2020,-8.48578578986992
COL,Colombia,2020,-8.50949477621059
COM,Comoros,2020,-2.13464959719172
CPV,Cabo Verde,2020,-20.8937523404244
CRI,Costa Rica,2020,-4.93444227198336
CUB,Cuba,2020,-10.7383538682124
CUW,Curacao,2020,-17.4108334756387
CYM,Cayman Islands,2020,-6.83262932515115
CYP,Cyprus,2020,-4.51403585865228
CZE,Czechia,2020,-5.53491969820153
DEU,Germany,2020,-4.21020011825779
DJI,Djibouti,2020,-0.306867602824667
DMA,Dominica,2020,-15.323436855213
DNK,Denmark,2020,-2.06613837683189
DOM,Dominican Republic,2020,-8.88467221699831
DZA,Algeria,2020,-6.61247509707083
EAR,Early-demographic dividend,2020,-5.45931124778201
ECS,Europe & Central Asia,2020,-5.55834990681196
ECU,Ecuador,2020,-10.3108339169142
EGY,"Egypt, Arab Rep.",2020,1.88111975917718
ERI,Eritrea,2020,
ESP,Spain,2020,-11.3931290455953
EST,Estonia,2020,-3.07548007766944
ETH,Ethiopia,2020,3.22311599492807
FIN,Finland,2020,-2.63099855258851
FJI,Fiji,2020,-17.1893281212242
FRA,France,2020,-7.74056751254994
FRO,Faroe Islands,2020,-3.08380364431427
FSM,"Micronesia, Fed. Sts.",2020,-2.2349823183628
GAB,Gabon,2020,-4.15528083293282
GBR,United Kingdom,2020,-10.2001887936603
GEO,Georgia,2020,-6.35478715206467
GHA,Ghana,2020,-1.46830801654092
GIB,Gibraltar,2020,
GIN,Guinea,2020,2.06694997562413
GMB,"Gambia, The",2020,-1.7631871131438
GNB,Guinea-Bissau,2020,0.563014905333631
GNQ,Equatorial Guinea,2020,-7.35874657366674
GRC,Greece,2020,-9.00116455331775
GRD,Grenada,2020,-14.0234896211443
GRL,Greenland,2020,-0.0017624785013197
GTM,Guatemala,2020,-3.22007713683627
GUM,Guam,2020,-10.7119946566793
GUY,Guyana,2020,43.5123463015091
HKG,"Hong Kong SAR, China",2020,-6.20876017979512
HND,Honduras,2020,-10.5484174868395
HRV,Croatia,2020,-7.48668905832953
HTI,Haiti,2020,-4.49816442182016
HUN,Hungary,2020,-4.09730738033811
IDB,IDA blend,2020,-5.21174570136725
IDN,Indonesia,2020,-2.89423403981894
IMN,Isle of Man,2020,-8.952853097019
IND,India,2020,-6.69047102833747
IRL,Ireland,2020,5.80801946810749
IRN,"Iran, Islamic Rep.",2020,3.64198271829557
IRQ,Iraq,2020,-13.9675322686437
ISL,Iceland,2020,-8.14886569197427
ISR,Israel,2020,-3.73449084409626
ITA,Italy,2020,-8.42323993924451
JAM,Jamaica,2020,-8.54632871499803
JOR,Jordan,2020,-2.86253982856009
JPN,Japan,2020,-3.88641911578898
KAZ,Kazakhstan,2020,-3.86406094514987
KEN,Kenya,2020,-2.2103217118529
KGZ,Kyrgyz Republic,2020,-9.03157714073227
KHM,Cambodia,2020,-4.96368199399319
KIR,Kiribati,2020,-3.16991324997066
KNA,St. Kitts and Nevis,2020,-15.1537081395497
KOR,"Korea, Rep.",2020,-0.837051834035137
KWT,Kuwait,2020,-3.90774915473197
LAO,Lao PDR,2020,-0.986715601107164
LBN,Lebanon,2020,-20.1290983815185
LBR,Liberia,2020,-4.97470394166794
LBY,Libya,2020,-30.4001717408883
LCA,St. Lucia,2020,-24.6114092144696
LCN,Latin America & Caribbean,2020,-7.51510968982349
LIE,Liechtenstein,2020,
LKA,Sri Lanka,2020,-5.12926234602416
LSO,Lesotho,2020,-9.23727005298078
LTE,Late-demographic dividend,2020,-0.0787494561824644
LTU,Lithuania,2020,0.068446214406265
LUX,Luxembourg,2020,-2.15417448261604
LVA,Latvia,2020,-2.78996380720736
MAC,"Macao SAR, China",2020,-55.2935602758164
MAF,St. Martin (French part),2020,-5.67034471115365
MAR,Morocco,2020,-8.13866950405836
MCO,Monaco,2020,-13.1045741376188
MDA,Moldova,2020,-7.26326976771907
MDG,Madagascar,2020,-9.49182579621846
MDV,Maldives,2020,-34.8311671109222
MEX,Mexico,2020,-9.10287154605422
MHL,Marshall Islands,2020,0.18904949035759
MKD,North Macedonia,2020,-3.65436823824773
MLI,Mali,2020,-4.1067984565496
MLT,Malta,2020,-5.62564990910049
MMR,Myanmar,2020,-9.69306034482335
MNE,Montenegro,2020,-14.970505034482
MNG,Mongolia,2020,-6.26542378289111
MNP,Northern Mariana Islands,2020,-28.1627780007682
MOZ,Mozambique,2020,-4.10527399484737
MRT,Mauritania,2020,-3.22895410596585
MUS,Mauritius,2020,-14.5484955921362
MWI,Malawi,2020,-1.82835240679078
MYS,Malaysia,2020,-6.7093351308522
NAM,Namibia,2020,-10.7372931134497
NCL,New Caledonia,2020,-2.59576600416644
NER,Niger,2020,0.189464640804786
NGA,Nigeria,2020,-8.34242347930724
NIC,Nicaragua,2020,-3.4517971097024
NLD,Netherlands,2020,-4.40052537279003
NOR,Norway,2020,-1.85769609648001
NPL,Nepal,2020,-4.23182776858643
NRU,Nauru,2020,1.08625303568498
NZL,New Zealand,2020,-2.31391634084866
OMN,Oman,2020,-1.91104857604375
PAK,Pakistan,2020,-3.03889328268374
PAN,Panama,2020,-18.9421659787374
PER,Peru,2020,-11.989123385761
PHL,Philippines,2020,-10.5488615065624
PLW,Palau,2020,-6.84092605925699
PNG,Papua New Guinea,2020,-5.20688760573694
POL,Poland,2020,-0.861202002378917
PRI,Puerto Rico (US),2020,-3.56474634356229
PRK,"Korea, Dem. People's Rep.",2020,
PRT,Portugal,2020,-8.30107079726919
PRY,Paraguay,2020,-2.15166731598009
PSE,West Bank and Gaza,2020,-13.4963869730477
PYF,French Polynesia,2020,-10.6298635700059
QAT,Qatar,2020,-8.92441265745882
ROU,Romania,2020,-3.06561724934225
RUS,Russia,2020,-2.52680431743222
RWA,Rwanda,2020,-5.51636902603423
SAU,Saudi Arabia,2020,-8.3434729070232
SDN,Sudan,2020,-6.18595807947966
SEN,Senegal,2020,-1.29147593329481
SGP,Singapore,2020,-3.51423380533573
SLB,Solomon Islands,2020,-5.50324350800385
SLE,Sierra Leone,2020,-3.50677788869559
SLV,El Salvador,2020,-8.07562588564387
SMR,San Marino,2020,-6.93518932061002
SOM,"Somalia, Fed. Rep.",2020,-6.38636194168187
SRB,Serbia,2020,-0.288042264925664
SSD,South Sudan,2020,
STP,Sao Tome and Principe,2020,0.716646434339125
SUR,Suriname,2020,-16.8738740468232
SVK,Slovak Republic,2020,-2.66902849173539
SVN,Slovenia,2020,-4.72524968037921
SWE,Sweden,2020,-2.63997048116038
SWZ,Eswatini,2020,-3.9978006899122
SXM,Sint Maarten (Dutch part),2020,-14.6336937315718
SYC,Seychelles,2020,-12.4901374474458
SYR,Syrian Arab Republic,2020,-3.98011071488936
TCA,Turks and Caicos Islands,2020,-35.6362101547339
TCD,Chad,2020,-3.51319644461273
TGO,Togo,2020,-0.272860217710488
THA,Thailand,2020,-6.20637326420599
TJK,Tajikistan,2020,2.05116680370303
TKM,Turkmenistan,2020,3.67579761156229
TLS,Timor-Leste,2020,29.2315968537651
TON,Tonga,2020,1.77247797101046
TTO,Trinidad and Tobago,2020,-8.97165770967038
TUN,Tunisia,2020,-9.72752601384167
TUR,Turkiye,2020,0.819957444576985
TUV,Tuvalu,2020,-2.59958228889671
TZA,Tanzania,2020,-0.998987836780785
UGA,Uganda,2020,-0.423922683361482
UKR,Ukraine,2020,-3.08458576352871
URY,Uruguay,2020,-7.40535234478858
USA,United States,2020,-2.56180738534749
UZB,Uzbekistan,2020,-0.316556159759102
VCT,St. Vincent and the Grenadines,2020,-3.67618803165428
VEN,"Venezuela, RB",2020,-28.7827745677021
VGB,British Virgin Islands,2020,
VIR,Virgin Islands (U.S.),2020,-1.26412494613658
VNM,Viet Nam,2020,1.91581434772165
VUT,Vanuatu,2020,-7.17743078607894
WSM,Samoa,2020,-4.09792925699939
XKX,Kosovo,2020,-5.40690184268419
YEM,"Yemen, Rep.",2020,
ZAF,South Africa,2020,-7.67873309598839
ZMB,Zambia,2020,-5.56773502453288
ZWE,Zimbabwe,2020,-9.33397144870511
ABW,Aruba,2021,15.6755189518506
AFE,Africa Eastern and Southern,2021,1.8444037839531
AFG,Afghanistan,2021,-22.5844818732987
AFW,Africa Western and Central,2021,0.154017883433298
AGO,Angola,2021,-1.0943408561201
ALB,Albania,2021,10.6641494274411
AND,Andorra,2021,6.92704485233561
ARE,United Arab Emirates,2021,2.65160401509495
ARG,Argentina,2021,10.1485599877349
ARM,Armenia,2021,5.77142760758333
ASM,American Samoa,2021,0.297884820349225
ATG,Antigua and Barbuda,2021,7.58367481372255
AUS,Australia,2021,1.86332687000336
AUT,Austria,2021,4.4669658436443
AZE,Azerbaijan,2021,5.15148935903709
BDI,Burundi,2021,0.462596741612089
BEL,Belgium,2021,5.8180102265206
BEN,Benin,2021,4.41335435119757
BFA,Burkina Faso,2021,4.43100540861892
BGD,Bangladesh,2021,6.07069417020969
BGR,Bulgaria,2021,8.54724211432547
BHR,Bahrain,2021,2.11919822497499
BHS,"Bahamas, The",2021,17.434844816468
BIH,Bosnia and Herzegovina,2021,9.19342480517756
BLR,Belarus,2021,3.29081749370279
BLZ,Belize,2021,16.6367646067625
BMU,Bermuda,2021,4.17701251227291
BOL,Bolivia,2021,8.91320528866063
BRA,Brazil,2021,4.3179316178023
BRB,Barbados,2021,-0.255760855683505
BRN,Brunei Darussalam,2021,-2.53123842091919
BTN,Bhutan,2021,3.68935319221934
BWA,Botswana,2021,10.2596472128547
CAF,Central African Republic,2021,-0.705468755505223
CAN,Canada,2021,5.36528781293082
CHE,Switzerland,2021,4.75464519304134
CHI,Channel Islands,2021,9.60318203511517
CHL,Chile,2021,10.824550522267
CHN,China,2021,8.47322717245602
CIV,Cote d'Ivoire,2021,4.44709198559022
CMR,Cameroon,2021,0.631351991581198
COD,"Congo, Dem. Rep.",2021,3.03871005349485
COG,"Congo, Rep.",2021,-1.37465389510481
COL,Colombia,2021,9.5929782838861
COM,Comoros,2021,0.0041312853108195
CPV,Cabo Verde,2021,6.62540765957627
CRI,Costa Rica,2021,7.38823226408623
CUB,Cuba,2021,1.74778827156759
CUW,Curacao,2021,5.2218404810947
CYM,Cayman Islands,2021,2.73935936787683
CYP,Cyprus,2021,9.74651161533515
CZE,Czechia,2021,5.93106968937249
DEU,Germany,2021,3.86602720371127
DJI,Djibouti,2021,2.91169899255628
DMA,Dominica,2021,5.96160559948913
DNK,Denmark,2021,6.03966577353796
DOM,Dominican Republic,2021,12.8319080410071
DZA,Algeria,2021,2.13263632683078
EAR,Early-demographic dividend,2021,6.38306600309679
ECS,Europe & Central Asia,2021,6.71686624708425
ECU,Ecuador,2021,8.57789544186942
EGY,"Egypt, Arab Rep.",2021,1.76220484283698
ERI,Eritrea,2021,
ESP,Spain,2021,6.49336738803039
EST,Estonia,2021,8.14019436008853
ETH,Ethiopia,2021,2.85565763078523
FIN,Finland,2021,2.46373050011893
FJI,Fiji,2021,-4.52835673234897
FRA,France,2021,6.50155219757207
FRO,Faroe Islands,2021,3.62528832707658
FSM,"Micronesia, Fed. Sts.",2021,2.445766552558
GAB,Gabon,2021,-0.845244789196116
GBR,United Kingdom,2021,8.15420782581518
GEO,Georgia,2021,11.0650780067831
GHA,Ghana,2021,3.03800270044563
GIB,Gibraltar,2021,
GIN,Guinea,2021,2.96921009369555
GMB,"Gambia, The",2021,2.79304588389131
GNB,Guinea-Bissau,2021,2.72457259949626
GNQ,Equatorial Guinea,2021,-1.56652040015599
GRC,Greece,2021,9.98468495798464
GRD,Grenada,2021,4.38638000986352
GRL,Greenland,2021,1.12101711638257
GTM,Guatemala,2021,6.56016035862335
GUM,Guam,2021,1.07830501841417
GUY,Guyana,2021,18.8820438552858
HKG,"Hong Kong SAR, China",2021,7.42950941492767
HND,Honduras,2021,10.7029903655951
HRV,Croatia,2021,13.6550314478241
HTI,Haiti,2021,-2.92695804339543
HUN,Hungary,2021,7.66253175353751
IDB,IDA blend,2021,2.21278970215491
IDN,Indonesia,2021,2.97476192227879
IMN,Isle of Man,2021,3.78598283934312
IND,India,2021,8.79093447676263
IRL,Ireland,2021,14.6467292457005
IRN,"Iran, Islamic Rep.",2021,3.26912440288719
IRQ,Iraq,2021,-0.74745630947109
ISL,Iceland,2021,3.47038534143127
ISR,Israel,2021,7.56395048301559
ITA,Italy,2021,9.49416108466208
JAM,Jamaica,2021,5.44605052451513
JOR,Jordan,2021,1.77173055809841
JPN,Japan,2021,3.17001738751661
KAZ,Kazakhstan,2021,2.91864170117744
KEN,Kenya,2021,5.5651365159048
KGZ,Kyrgyz Republic,2021,3.58776993335192
KHM,Cambodia,2021,1.57862051550094
KIR,Kiribati,2021,6.55480705923502
KNA,St. Kitts and Nevis,2021,0.597261391032816
KOR,"Korea, Rep.",2021,4.747751556973
KWT,Kuwait,2021,2.59077518987651
LAO,Lao PDR,2021,1.06109059992194
LBN,Lebanon,2021,-7.25697163046323
LBR,Liberia,2021,2.7936852774608
LBY,Libya,2021,26.6853936559494
LCA,St. Lucia,2021,11.4287492509851
LCN,Latin America & Caribbean,2021,6.44763628230977
LIE,Liechtenstein,2021,
LKA,Sri Lanka,2021,3.09278196860629
LSO,Lesotho,2021,1.09935782526551
LTE,Late-demographic dividend,2021,7.4083115375976
LTU,Lithuania,2021,6.45535837727842
LUX,Luxembourg,2021,5.31843087794495
LVA,Latvia,2021,7.8481957927218
MAC,"Macao SAR, China",2021,22.9825542159725
MAF,St. Martin (French part),2021,11.2897229582813
MAR,Morocco,2021,7.0606299574828
MCO,Monaco,2021,20.7188673661029
MDA,Moldova,2021,15.6557976122015
MDG,Madagascar,2021,2.05115869903585
MDV,Maldives,2021,33.7685588624398
MEX,Mexico,2021,5.34306679586261
MHL,Marshall Islands,2021,5.46615805932551
MKD,North Macedonia,2021,5.59213007924724
MLI,Mali,2021,-0.0065243104385217
MLT,Malta,2021,12.829488461795
MMR,Myanmar,2021,-12.627100008178
MNE,Montenegro,2021,13.3242405343679
MNG,Mongolia,2021,-0.0614212834574062
MNP,Northern Mariana Islands,2021,6.19656514048702
MOZ,Mozambique,2021,-0.606316436997986
MRT,Mauritania,2021,-2.12417721486563
MUS,Mauritius,2021,3.37766873430745
MWI,Malawi,2021,1.88076432929152
MYS,Malaysia,2021,2.13146199778431
NAM,Namibia,2021,0.588992664401843
NCL,New Caledonia,2021,-2.45629457179525
NER,Niger,2021,-1.86257596023195
NGA,Nigeria,2021,-0.988127022973842
NIC,Nicaragua,2021,9.13330681920195
NLD,Netherlands,2021,5.72193522957718
NOR,Norway,2021,3.35449506555356
NPL,Nepal,2021,3.02971971240495
NRU,Nauru,2021,7.14457374271909
NZL,New Zealand,2021,4.28458318360995
OMN,Oman,2021,3.08530454964595
PAK,Pakistan,2021,4.52304565172781
PAN,Panama,2021,15.0695424121278
PER,Peru,2021,12.2777396432111
PHL,Philippines,2021,4.76163916254069
PLW,Palau,2021,-13.2161327171514
PNG,Papua New Guinea,2021,-2.47024589818922
POL,Poland,2021,8.47171799983406
PRI,Puerto Rico (US),2021,0.966080975048015
PRK,"Korea, Dem. People's Rep.",2021,
PRT,Portugal,2021,4.89913107175563
PRY,Paraguay,2021,2.7649134745394
PSE,West Bank and Gaza,2021,4.41469534491321
PYF,French Polynesia,2021,3.1505198503273
QAT,Qatar,2021,13.3616375901992
ROU,Romania,2021,6.37801653902932
RUS,Russia,2021,6.21857740869952
RWA,Rwanda,2021,8.45600930488553
SAU,Saudi Arabia,2021,9.17745692710805
SDN,Sudan,2021,-4.47700779563793
SEN,Senegal,2021,3.8734325976821
SGP,Singapore,2021,14.4308159309526
SLB,Solomon Islands,2021,-2.59513572745166
SLE,Sierra Leone,2021,3.51527957069044
SLV,El Salvador,2021,11.5271594106656
SMR,San Marino,2021,15.6202890686695
SOM,"Somalia, Fed. Rep.",2021,-0.267727633939771
SRB,Serbia,2021,8.97258082321535
SSD,South Sudan,2021,
STP,Sao Tome and Principe,2021,-0.17852659147141
SUR,Suriname,2021,-3.31629942420831
SVK,Slovak Republic,2021,5.88046673143569
SVN,Slovenia,2021,8.12577517618843
SWE,Sweden,2021,4.5957806799404
SWZ,Eswatini,2021,3.03852368946784
SXM,Sint Maarten (Dutch part),2021,3.16129245692684
SYC,Seychelles,2021,-0.254097866449726
SYR,Syrian Arab Republic,2021,-0.874333294023842
TCA,Turks and Caicos Islands,2021,27.1739181653097
TCD,Chad,2021,-3.10209208601812
TGO,Togo,2021,2.65816955613427
THA,Thailand,2021,1.43062175645008
TJK,Tajikistan,2021,7.01157366120653
TKM,Turkmenistan,2021,4.07165530742274
TLS,Timor-Leste,2021,3.49004182057652
TON,Tonga,2021,-0.733960091098751
TTO,Trinidad and Tobago,2021,-0.777215541824603
TUN,Tunisia,2021,4.08785924151975
TUR,Turkiye,2021,10.797736075363
TUV,Tuvalu,2021,3.8514037023984
TZA,Tanzania,2021,1.25401761079502
UGA,Uganda,2021,0.258075577364949
UKR,Ukraine,2021,4.41050883289091
URY,Uruguay,2021,5.91510198505092
USA,United States,2021,5.88834103890834
UZB,Uzbekistan,2021,5.960906100364
VCT,St. Vincent and the Grenadines,2021,2.77342166309265
VEN,"Venezuela, RB",2021,1.69281877474855
VGB,British Virgin Islands,2021,
VIR,Virgin Islands (U.S.),2021,4.07886990081306
VNM,Viet Nam,2021,1.66651604176819
VUT,Vanuatu,2021,-3.80855711163811
WSM,Samoa,2021,-5.858576704261
XKX,Kosovo,2021,10.9981400491097
YEM,"Yemen, Rep.",2021,
ZAF,South Africa,2021,3.25562042833964
ZMB,Zambia,2021,3.28575461102756
ZWE,Zimbabwe,2021,6.61191108683749
ABW,Aruba,2022,11.0385203097525
AFE,Africa Eastern and Southern,2022,1.06800535315368
AFG,Afghanistan,2022,-7.57666891152213
AFW,Africa Western and Central,2022,2.06440092156687
AGO,Angola,2022,0.991406795873331
ALB,Albania,2022,6.45698822084806
AND,Andorra,2022,7.72123800096536
ARE,United Arab Emirates,2022,2.18063316393284
ARG,Argentina,2022,5.79747980169367
ARM,Armenia,2022,12.3383335576379
ASM,American Samoa,2022,3.59327606262792
ATG,Antigua and Barbuda,2022,8.53077119658229
AUS,Australia,2022,2.91752727950202
AUT,Austria,2022,4.32849751156559
AZE,Azerbaijan,2022,4.673317967871
BDI,Burundi,2022,-0.413741363752337
BEL,Belgium,2022,3.11948540770641
BEN,Benin,2022,3.58043408047179
BFA,Burkina Faso,2022,-0.693015914774818
BGD,Bangladesh,2022,6.00847462887278
BGR,Bulgaria,2022,4.76332108962356
BHR,Bahrain,2022,4.76451212539493
BHS,"Bahamas, The",2022,10.5529690990486
BIH,Bosnia and Herzegovina,2022,5.53111118093285
BLR,Belarus,2022,-3.88854008026519
BLZ,Belize,2022,7.24662103489808
BMU,Bermuda,2022,6.31013667887972
BOL,Bolivia,2022,2.54653335522636
BRA,Brazil,2022,2.64631532426549
BRB,Barbados,2022,17.1554586161249
BRN,Brunei Darussalam,2022,-2.41660968862067
BTN,Bhutan,2022,4.47661599603487
BWA,Botswana,2022,3.82363084321453
CAF,Central African Republic,2022,0.730965726740934
CAN,Canada,2022,2.32641594463436
CHE,Switzerland,2022,2.1924092887961
CHI,Channel Islands,2022,5.0433512927915
CHL,Chile,2022,1.64877813218645
CHN,China,2022,3.14769982133814
CIV,Cote d'Ivoire,2022,3.75602084648943
CMR,Cameroon,2022,1.04502997524601
COD,"Congo, Dem. Rep.",2022,5.84381468903847
COG,"Congo, Rep.",2022,-0.927744025174505
COL,Colombia,2022,6.18779953705864
COM,Comoros,2022,0.633328895842794
CPV,Cabo Verde,2022,15.1545081084513
CRI,Costa Rica,2022,4.10345495842361
CUB,Cuba,2022,2.34839091134221
CUW,Curacao,2022,7.34318774336195
CYM,Cayman Islands,2022,3.58453531400384
CYP,Cyprus,2022,6.27933971497492
CZE,Czechia,2022,1.24409473190281
DEU,Germany,2022,1.83161439976671
DJI,Djibouti,2022,3.70080389886223
DMA,Dominica,2022,11.0179611001056
DNK,Denmark,2022,-0.344058639271637
DOM,Dominican Republic,2022,4.2328919676722
DZA,Algeria,2022,1.96825188100587
EAR,Early-demographic dividend,2022,4.84146548742568
ECS,Europe & Central Asia,2022,3.4072763937732
ECU,Ecuador,2022,5.0282959697896
EGY,"Egypt, Arab Rep.",2022,5.01555864991792
ERI,Eritrea,2022,
ESP,Spain,2022,5.60841068844668
EST,Estonia,2022,-2.53754963208853
ETH,Ethiopia,2022,2.59539967644373
FIN,Finland,2022,0.489394588644501
FJI,Fiji,2022,17.3979446832272
FRA,France,2022,2.20208858513766
FRO,Faroe Islands,2022,2.67428116616695
FSM,"Micronesia, Fed. Sts.",2022,-3.33024479737753
GAB,Gabon,2022,0.747533658794609
GBR,United Kingdom,2022,4.18537017111771
GEO,Georgia,2022,10.8422088053808
GHA,Ghana,2022,1.8305124767942
GIB,Gibraltar,2022,
GIN,Guinea,2022,1.423063279934
GMB,"Gambia, The",2022,3.07381399019251
GNB,Guinea-Bissau,2022,3.18985313939591
GNQ,Equatorial Guinea,2022,0.661786258781987
GRC,Greece,2022,6.85985632812138
GRD,Grenada,2022,7.10371866166386
GRL,Greenland,2022,1.99015372527471
GTM,Guatemala,2022,2.72968996454634
GUM,Guam,2022,4.17726586538778
GUY,Guyana,2022,62.1110713145037
HKG,"Hong Kong SAR, China",2022,-2.80533347557801
HND,Honduras,2022,2.41184551052402
HRV,Croatia,2022,7.94395699321689
HTI,Haiti,2022,-2.7846808475344
HUN,Hungary,2022,4.43277115645731
IDB,IDA blend,2022,2.75662207523193
IDN,Indonesia,2022,4.52447576618876
IMN,Isle of Man,2022,-4.19501000433891
IND,India,2022,6.76238601727897
IRL,Ireland,2022,5.40228269492256
IRN,"Iran, Islamic Rep.",2022,3.10702656058911
IRQ,Iraq,2022,5.51097802061808
ISL,Iceland,2022,6.11928417467047
ISR,Israel,2022,4.19414564339442
ITA,Italy,2022,5.0334454866795
JAM,Jamaica,2022,6.38449296229192
JOR,Jordan,2022,0.915646680170994
JPN,Japan,2022,1.39102754851621
KAZ,Kazakhstan,2022,1.70100297910589
KEN,Kenya,2022,2.86281276489714
KGZ,Kyrgyz Republic,2022,7.03042869604123
KHM,Cambodia,2022,3.74000920039251
KIR,Kiribati,2022,2.88966132985202
KNA,St. Kitts and Nevis,2022,10.6082200037537
KOR,"Korea, Rep.",2022,2.92034561376229
KWT,Kuwait,2022,1.43711284054184
LAO,Lao PDR,2022,1.2697005231296
LBN,Lebanon,2022,-1.07782192621244
LBR,Liberia,2022,2.585058275666
LBY,Libya,2022,-9.42490206992071
LCA,St. Lucia,2022,20.2140364685689
LCN,Latin America & Caribbean,2022,3.46781438228972
LIE,Liechtenstein,2022,
LKA,Sri Lanka,2022,-7.45361888091261
LSO,Lesotho,2022,1.28745564005285
LTE,Late-demographic dividend,2022,3.12379475861798
LTU,Lithuania,2022,1.695285500032
LUX,Luxembourg,2022,-3.07197647023996
LVA,Latvia,2022,2.18545852350196
MAC,"Macao SAR, China",2022,-18.3347299128809
MAF,St. Martin (French part),2022,
MAR,Morocco,2022,0.779078150413596
MCO,Monaco,2022,10.1116479795959
MDA,Moldova,2022,-2.06640428713339
MDG,Madagascar,2022,1.6026818003365
MDV,Maldives,2022,12.0990628027296
MEX,Mexico,2022,2.93163505458958
MHL,Marshall Islands,2022,2.4956900977942
MKD,North Macedonia,2022,3.06193588427661
MLI,Mali,2022,0.628812173551424
MLT,Malta,2022,-0.0182292034453724
MMR,Myanmar,2022,3.32202841461704
MNE,Montenegro,2022,7.99214069071184
MNG,Mongolia,2022,3.50307766866899
MNP,Northern Mariana Islands,2022,18.9235637680801
MOZ,Mozambique,2022,1.33335997379926
MRT,Mauritania,2022,3.71273074709404
MUS,Mauritius,2022,9.02116317337462
MWI,Malawi,2022,-1.63749399398691
MYS,Malaysia,2022,7.73357563754043
NAM,Namibia,2022,2.51308808227621
NCL,New Caledonia,2022,2.81185763592613
NER,Niger,2022,8.3198637261773
NGA,Nigeria,2022,2.15831410306673
NIC,Nicaragua,2022,2.22853832012306
NLD,Netherlands,2022,4.0109788096194
NOR,Norway,2022,2.32282354360895
NPL,Nepal,2022,4.77665725235042
NRU,Nauru,2022,2.07566850510726
NZL,New Zealand,2022,3.55544968252481
OMN,Oman,2022,2.73958764672784
PAK,Pakistan,2022,2.96250287218002
PAN,Panama,2022,9.64152425334943
PER,Peru,2022,1.82762015025182
PHL,Philippines,2022,6.76595410569132
PLW,Palau,2022,1.64986606087638
PNG,Papua New Guinea,2022,3.73630441950243
POL,Poland,2022,5.7122759744731
PRI,Puerto Rico (US),2022,4.31830960037016
PRK,"Korea, Dem. People's Rep.",2022,
PRT,Portugal,2022,6.24247031136021
PRY,Paraguay,2022,-0.954302474160954
PSE,West Bank and Gaza,2022,1.58856471383393
PYF,French Polynesia,2022,2.7222043522178
QAT,Qatar,2022,-1.79101615520977
ROU,Romania,2022,4.59004052061825
RUS,Russia,2022,-1.09717176252111
RWA,Rwanda,2022,5.81773274151854
SAU,Saudi Arabia,2022,7.15912905732745
SDN,Sudan,2022,-3.59800846557803
SEN,Senegal,2022,1.31913435017567
SGP,Singapore,2022,0.719821622511958
SLB,Solomon Islands,2022,-4.88870843999941
SLE,Sierra Leone,2022,2.99519003006155
SLV,El Salvador,2022,2.55237486650837
SMR,San Marino,2022,9.48711055571971
SOM,"Somalia, Fed. Rep.",2022,-0.342614533940647
SRB,Serbia,2022,5.32139169050186
SSD,South Sudan,2022,
STP,Sao Tome and Principe,2022,-1.75407310474412
SUR,Suriname,2022,1.54051769500568
SVK,Slovak Republic,2022,0.831412246801008
SVN,Slovenia,2022,2.47421045586167
SWE,Sweden,2022,0.568648782156174
SWZ,Eswatini,2022,-0.628894036514311
SXM,Sint Maarten (Dutch part),2022,12.364719143786
SYC,Seychelles,2022,-6.67665692527599
SYR,Syrian Arab Republic,2022,-3.00434829701605
TCA,Turks and Caicos Islands,2022,12.5841107323701
TCD,Chad,2022,0.591759077197977
TGO,Togo,2022,3.82282707918289
THA,Thailand,2022,2.56894316437668
TJK,Tajikistan,2022,5.71622455034235
TKM,Turkmenistan,2022,4.17079684424029
TLS,Timor-Leste,2022,-21.6343437136427
TON,Tonga,2022,-1.71112661451836
TTO,Trinidad and Tobago,2022,0.990715463329252
TUN,Tunisia,2022,2.15276458662672
TUR,Turkiye,2022,4.40815937187469
TUV,Tuvalu,2022,2.71261925845695
TZA,Tanzania,2022,1.54299792361155
UGA,Uganda,2022,1.48927085105888
UKR,Ukraine,2022,-22.7456813021158
URY,Uruguay,2022,4.66439124923403
USA,United States,2022,1.92386172918107
UZB,Uzbekistan,2022,3.89199511169356
VCT,St. Vincent and the Grenadines,2022,3.91412869594379
VEN,"Venezuela, RB",2022,8.09588326352406
VGB,British Virgin Islands,2022,
VIR,Virgin Islands (U.S.),2022,-0.883383819313323
VNM,Viet Nam,2022,7.7256990880817
VUT,Vanuatu,2022,2.77435704923444
WSM,Samoa,2022,1.56297610835598
XKX,Kosovo,2022,5.33909761737917
YEM,"Yemen, Rep.",2022,
ZAF,South Africa,2022,0.62521727101273
ZMB,Zambia,2022,2.34336450166037
ZWE,Zimbabwe,2022,4.34366718315964
ABW,Aruba,2023,7.65763965694018
AFE,Africa Eastern and Southern,2023,-0.604581556777575
AFG,Afghanistan,2023,0.10609280092082
AFW,Africa Western and Central,2023,1.21811016774997
AGO,Angola,2023,-1.80870334166293
ALB,Albania,2023,5.63293544264612
AND,Andorra,2023,1.1232590791063
ARE,United Arab Emirates,2023,0.234354339957449
ARG,Argentina,2023,-2.13703473540124
ARM,Armenia,2023,8.47902034166535
ASM,American Samoa,2023,
ATG,Antigua and Barbuda,2023,1.90488641843235
AUS,Australia,2023,1.09251403364293
AUT,Austria,2023,-1.76308859891033
AZE,Azerbaijan,2023,1.23267992863603
BDI,Burundi,2023,0.476410171242918
BEL,Belgium,2023,0.852949954251983
BEN,Benin,2023,3.70332512754182
BFA,Burkina Faso,2023,0.688770925071964
BGD,Bangladesh,2023,4.4907040939439
BGR,Bulgaria,2023,1.97332516316222
BHR,Bahrain,2023,0.42885937985659
BHS,"Bahamas, The",2023,2.55756046187126
BIH,Bosnia and Herzegovina,2023,2.62616849156352
BLR,Belarus,2023,4.69120797390816
BLZ,Belize,2023,-1.54675916595728
BMU,Bermuda,2023,4.99991948921101
BOL,Bolivia,2023,1.11808728662825
BRA,Brazil,2023,2.83370012768067
BRB,Barbados,2023,2.90779617567229
BRN,Brunei Darussalam,2023,0.339025318690261
BTN,Bhutan,2023,3.90421522133049
BWA,Botswana,2023,1.52893817984001
CAF,Central African Republic,2023,-0.362884514707787
CAN,Canada,2023,-1.37792078609685
CHE,Switzerland,2023,-0.582278335714477
CHI,Channel Islands,2023,3.42060523333167
CHL,Chile,2023,-0.0196132258928543
CHN,China,2023,5.52431494678926
CIV,Cote d'Ivoire,2023,3.96403768538988
CMR,Cameroon,2023,0.652417560279119
COD,"Congo, Dem. Rep.",2023,5.05273224713814
COG,"Congo, Rep.",2023,-0.528875412706213
COL,Colombia,2023,-0.410230298426796
COM,Comoros,2023,1.03326243771184
CPV,Cabo Verde,2023,4.2751322057766
CRI,Costa Rica,2023,4.6227538695518
CUB,Cuba,2023,-1.5743835905819
CUW,Curacao,2023,3.30385791508765
CYM,Cayman Islands,2023,3.71921512688289
CYP,Cyprus,2023,1.63941638797075
CZE,Czechia,2023,-1.71985869478267
DEU,Germany,2023,-0.999929288913975
DJI,Djibouti,2023,5.33919577490653
DMA,Dominica,2023,4.14467889969342
DNK,Denmark,2023,-0.138322294600371
DOM,Dominican Republic,2023,1.28564825764879
DZA,Algeria,2023,2.55120301943617
EAR,Early-demographic dividend,2023,3.37497313326635
ECS,Europe & Central Asia,2023,0.987474710094375
ECU,Ecuador,2023,1.10230591349449
EGY,"Egypt, Arab Rep.",2023,2.02315842412948
ERI,Eritrea,2023,
ESP,Spain,2023,1.26057958891062
EST,Estonia,2023,-4.26634480137913
ETH,Ethiopia,2023,3.85475025230436
FIN,Finland,2023,-1.43236573890965
FJI,Fiji,2023,8.88313429271439
FRA,France,2023,1.16054609449012
FRO,Faroe Islands,2023,2.20704087275618
FSM,"Micronesia, Fed. Sts.",2023,-0.0070949463165703
GAB,Gabon,2023,0.21097885846288
GBR,United Kingdom,2023,-1.02837368059031
GEO,Georgia,2023,7.74568551727566
GHA,Ghana,2023,1.19022304172192
GIB,Gibraltar,2023,
GIN,Guinea,2023,2.9750250246767
GMB,"Gambia, The",2023,3.50722684136977
GNB,Guinea-Bissau,2023,3.47783594462953
GNQ,Equatorial Guinea,2023,-7.34984419720533
GRC,Greece,2023,2.42572335736084
GRD,Grenada,2023,4.37658936970584
GRL,Greenland,2023,0.504111002291438
GTM,Guatemala,2023,1.95109389659021
GUM,Guam,2023,
GUY,Guyana,2023,33.0314424322445
HKG,"Hong Kong SAR, China",2023,0.621382102439426
HND,Honduras,2023,1.8148973269289
HRV,Croatia,2023,3.65290188342374
HTI,Haiti,2023,-2.99212843762332
HUN,Hungary,2023,-0.683845867847779
IDB,IDA blend,2023,0.891054477124868
IDN,Indonesia,2023,4.16753001019646
IMN,Isle of Man,2023,
IND,India,2023,8.23053143349361
IRL,Ireland,2023,-4.34749825420604
IRN,"Iran, Islamic Rep.",2023,4.07166849975252
IRQ,Iraq,2023,-1.72015237086252
ISL,Iceland,2023,4.18792511132344
ISR,Israel,2023,-1.18723021329285
ITA,Italy,2023,1.02611231433292
JAM,Jamaica,2023,2.72311612642515
JOR,Jordan,2023,1.23863426474166
JPN,Japan,2023,1.97080161121153
KAZ,Kazakhstan,2023,3.57238732741942
KEN,Kenya,2023,3.64425548577437
KGZ,Kyrgyz Republic,2023,7.10119376613466
KHM,Cambodia,2023,3.66847775428445
KIR,Kiribati,2023,1.05564933854352
KNA,St. Kitts and Nevis,2023,2.91331421745427
KOR,"Korea, Rep.",2023,1.50434142529414
KWT,Kuwait,2023,-7.01146413379739
LAO,Lao PDR,2023,2.31116087572821
LBN,Lebanon,2023,-1.25912842069158
LBR,Liberia,2023,2.40186206516404
LBY,Libya,2023,8.96534736140164
LCA,St. Lucia,2023,1.9225537588581
LCN,Latin America & Caribbean,2023,1.54855373459959
LIE,Liechtenstein,2023,
LKA,Sri Lanka,2023,-1.69162602435424
LSO,Lesotho,2023,0.709359727084816
LTE,Late-demographic dividend,2023,4.31595235454851
LTU,Lithuania,2023,-1.05357687282228
LUX,Luxembourg,2023,-1.90230848156084
LVA,Latvia,2023,-1.16914941176928
MAC,"Macao SAR, China",2023,74.9210250474262
MAF,St. Martin (French part),2023,
MAR,Morocco,2023,2.58793464682357
MCO,Monaco,2023,5.37628226810594
MDA,Moldova,2023,4.11813611077881
MDG,Madagascar,2023,1.66887506096856
MDV,Maldives,2023,4.56618167112615
MEX,Mexico,2023,2.45603364564664
MHL,Marshall Islands,2023,-1.94973398748974
MKD,North Macedonia,2023,2.77356173391705
MLI,Mali,2023,1.65672929216636
MLT,Malta,2023,6.29189585161325
MMR,Myanmar,2023,0.255328677987336
MNE,Montenegro,2023,6.48895040768953
MNG,Mongolia,2023,5.95952333228973
MNP,Northern Mariana Islands,2023,
MOZ,Mozambique,2023,2.41156866266468
MRT,Mauritania,2023,3.6874901052298
MUS,Mauritius,2023,6.17485400645448
MWI,Malawi,2023,-0.642220906290575
MYS,Malaysia,2023,2.26723785284469
NAM,Namibia,2023,1.85444870324957
NCL,New Caledonia,2023,1.82579915134372
NER,Niger,2023,-1.62761880925538
NGA,Nigeria,2023,1.18123657085347
NIC,Nicaragua,2023,3.00511061205397
NLD,Netherlands,2023,-1.57745734337647
NOR,Norway,2023,-1.06055299614016
NPL,Nepal,2023,2.05405906860061
NRU,Nauru,2023,0.0717850570483023
NZL,New Zealand,2023,-0.912467413170035
OMN,Oman,2023,-4.99392969767024
PAK,Pakistan,2023,-1.94543125066376
PAN,Panama,2023,5.77263521106902
PER,Peru,2023,-1.49255980889144
PHL,Philippines,2023,4.66769736279124
PLW,Palau,2023,2.40051382141797
PNG,Papua New Guinea,2023,1.94776007385025
POL,Poland,2023,0.616853101336787
PRI,Puerto Rico (US),2023,1.24540069820311
PRK,"Korea, Dem. People's Rep.",2023,
PRT,Portugal,2023,1.69802567248595
PRY,Paraguay,2023,3.71542341761371
PSE,West Bank and Gaza,2023,-6.81291948696484
PYF,French Polynesia,2023,2.50230703778058
QAT,Qatar,2023,1.58952825429188
ROU,Romania,2023,2.19035297025793
RUS,Russia,2023,4.37751097028844
RWA,Rwanda,2023,5.8960009035884
SAU,Saudi Arabia,2023,-4.01429387790023
SDN,Sudan,2023,-30.363173571103
SEN,Senegal,2023,1.79788238969797
SGP,Singapore,2023,-3.00715571486563
SLB,Solomon Islands,2023,0.406498798558516
SLE,Sierra Leone,2023,3.41471641633679
SLV,El Salvador,2023,3.05826987824165
SMR,San Marino,2023,0.0905880817326192
SOM,"Somalia, Fed. Rep.",2023,1.01616806512138
SRB,Serbia,2023,4.3943385787905
SSD,South Sudan,2023,
STP,Sao Tome and Principe,2023,-1.6128371937285
SUR,Suriname,2023,1.48474172349111
SVK,Slovak Republic,2023,2.20694498399155
SVN,Slovenia,2023,1.97100496138407
SWE,Sweden,2023,-0.674701257933236
SWZ,Eswatini,2023,2.55749887128813
SXM,Sint Maarten (Dutch part),2023,2.31884254602448
SYC,Seychelles,2023,2.34889965056195
SYR,Syrian Arab Republic,2023,
TCA,Turks and Caicos Islands,2023,12.8670493869653
TCD,Chad,2023,-0.668864501806979
TGO,Togo,2023,3.74285776726366
THA,Thailand,2023,2.06455231923211
TJK,Tajikistan,2023,6.13628181088259
TKM,Turkmenistan,2023,4.36243135913014
TLS,Timor-Leste,2023,-19.0224448140371
TON,Tonga,2023,3.22745653546359
TTO,Trinidad and Tobago,2023,1.33995194217194
TUN,Tunisia,2023,-0.481913639518325
TUR,Turkiye,2023,4.61909774991381
TUV,Tuvalu,2023,5.71488075368194
TZA,Tanzania,2023,2.08099243052513
UGA,Uganda,2023,2.42759459782118
UKR,Ukraine,2023,15.4480219876898
URY,Uruguay,2023,0.826336249281525
USA,United States,2023,2.03559987540991
UZB,Uzbekistan,2023,4.16467615314973
VCT,St. Vincent and the Grenadines,2023,6.07793111453327
VEN,"Venezuela, RB",2023,3.6788972037278
VGB,British Virgin Islands,2023,
VIR,Virgin Islands (U.S.),2023,
VNM,Viet Nam,2023,4.36194957647844
VUT,Vanuatu,2023,-0.252371345822354
WSM,Samoa,2023,14.4879479256995
XKX,Kosovo,2023,9.35107522909426
YEM,"Yemen, Rep.",2023,
ZAF,South Africa,2023,-0.523851146279725
ZMB,Zambia,2023,2.46464031100994
ZWE,Zimbabwe,2023,3.59876695621327
ABW,Aruba,2024,6.1817507755927
AFE,Africa Eastern and Southern,2024,0.253854331195157
AFG,Afghanistan,2024,
AFW,Africa Western and Central,2024,2.10705761976354
AGO,Angola,2024,1.29293270746824
ALB,Albania,2024,5.66395904797913
AND,Andorra,2024,2.00678445056737
ARE,United Arab Emirates,2024,-0.766018786578641
ARG,Argentina,2024,-1.68352700528746
ARM,Armenia,2024,3.48421625230606
ASM,American Samoa,2024,
ATG,Antigua and Barbuda,2024,3.15232127757128
AUS,Australia,2024,-0.62779626326919
AUT,Austria,2024,-1.15937778694629
AZE,Azerbaijan,2024,3.5728955022992
BDI,Burundi,2024,1.45654027332857
BEL,Belgium,2024,0.400004034972383
BEN,Benin,2024,4.84017869082697
BFA,Burkina Faso,2024,2.47226549746027
BGD,Bangladesh,2024,2.96499837954917
BGR,Bulgaria,2024,3.47015122309477
BHR,Bahrain,2024,1.85390359869062
BHS,"Bahamas, The",2024,2.90387123462988
BIH,Bosnia and Herzegovina,2024,3.64904450955625
BLR,Belarus,2024,4.52996444880654
BLZ,Belize,2024,2.02408347328358
BMU,Bermuda,2024,6.07418333747786
BOL,Bolivia,2024,-2.47074604396363
BRA,Brazil,2024,3.00083291987643
BRB,Barbados,2024,2.43473383953297
BRN,Brunei Darussalam,2024,3.20430381881549
BTN,Bhutan,2024,
BWA,Botswana,2024,-4.56345490621125
CAF,Central African Republic,2024,-1.89436423949913
CAN,Canada,2024,-1.40934525428779
CHE,Switzerland,2024,-0.0110810035101565
CHI,Channel Islands,2024,
CHL,Chile,2024,2.09415451485827
CHN,China,2024,5.10662482837367
CIV,Cote d'Ivoire,2024,3.4679130572198
CMR,Cameroon,2024,0.854978148597212
COD,"Congo, Dem. Rep.",2024,2.74070877266892
COG,"Congo, Rep.",2024,0.148777085583603
COL,Colombia,2024,0.512522429942436
COM,Comoros,2024,1.40149842299931
CPV,Cabo Verde,2024,6.72368173800109
CRI,Costa Rica,2024,3.82533390959907
CUB,Cuba,2024,-0.699961142159495
CUW,Curacao,2024,4.14273655709235
CYM,Cayman Islands,2024,
CYP,Cyprus,2024,2.29692759392108
CZE,Czechia,2024,0.852606650391238
DEU,Germany,2024,-0.769070552658818
DJI,Djibouti,2024,5.53622497099775
DMA,Dominica,2024,2.52288551933697
DNK,Denmark,2024,2.95776259160623
DOM,Dominican Republic,2024,4.06915239840208
DZA,Algeria,2024,2.25996527082104
EAR,Early-demographic dividend,2024,2.48201111834069
ECS,Europe & Central Asia,2024,1.18442333299471
ECU,Ecuador,2024,-2.84096326274179
EGY,"Egypt, Arab Rep.",2024,0.639636335125445
ERI,Eritrea,2024,
ESP,Spain,2024,2.40413218623925
EST,Estonia,2024,-0.239652154313688
ETH,Ethiopia,2024,4.86819977515492
FIN,Finland,2024,-0.227073487020519
FJI,Fiji,2024,3.01375309468594
FRA,France,2024,0.925700761599856
FRO,Faroe Islands,2024,0.351310487189679
FSM,"Micronesia, Fed. Sts.",2024,0.247259311366733
GAB,Gabon,2024,1.18835281747864
GBR,United Kingdom,2024,0.0541839994899789
GEO,Georgia,2024,10.1519478105331
GHA,Ghana,2024,3.62907892202038
GIB,Gibraltar,2024,
GIN,Guinea,2024,2.85590233664557
GMB,"Gambia, The",2024,3.17470253855478
GNB,Guinea-Bissau,2024,1.87480874655408
GNQ,Equatorial Guinea,2024,-1.49035168546814
GRC,Greece,2024,2.10832570957629
GRD,Grenada,2024,3.85156239409045
GRL,Greenland,2024,
GTM,Guatemala,2024,2.06653256614987
GUM,Guam,2024,
GUY,Guyana,2024,43.0000937802239
HKG,"Hong Kong SAR, China",2024,2.66847024053622
HND,Honduras,2024,1.82401839948827
HRV,Croatia,2024,3.65195341396083
HTI,Haiti,2024,-5.26984833324718
HUN,Hungary,2024,0.8768874226772
IDB,IDA blend,2024,2.12493970654644
IDN,Indonesia,2024,4.1790017564892
IMN,Isle of Man,2024,
IND,India,2024,5.55042158511394
IRL,Ireland,2024,0.997438539135004
IRN,"Iran, Islamic Rep.",2024,2.57740906823993
IRQ,Iraq,2024,-3.6151190083088
ISL,Iceland,2024,-1.18666721611689
ISR,Israel,2024,-0.396212603094554
ITA,Italy,2024,0.746500224061592
JAM,Jamaica,2024,-0.51363387005874
JOR,Jordan,2024,1.48055685000026
JPN,Japan,2024,0.541366477991744
KAZ,Kazakhstan,2024,3.66170013445029
KEN,Kenya,2024,2.6946724258593
KGZ,Kyrgyz Republic,2024,7.19632406056586
KHM,Cambodia,2024,4.68384949204055
KIR,Kiribati,2024,3.71119049431697
KNA,St. Kitts and Nevis,2024,0.130203089601792
KOR,"Korea, Rep.",2024,1.92783227201599
KWT,Kuwait,2024,-3.43244663969313
LAO,Lao PDR,2024,2.725327025989
LBN,Lebanon,2024,
LBR,Liberia,2024,1.8018710155725
LBY,Libya,2024,0.859500182813605
LCA,St. Lucia,2024,3.62644896169468
LCN,Latin America & Caribbean,2024,1.5479797758326
LIE,Liechtenstein,2024,
LKA,Sri Lanka,2024,5.58848090094126
LSO,Lesotho,2024,1.71259070592455
LTE,Late-demographic dividend,2024,4.38292871418244
LTU,Lithuania,2024,2.17864980259621
LUX,Luxembourg,2024,-1.2100374075406
LVA,Latvia,2024,0.89583858235207
MAC,"Macao SAR, China",2024,6.56231424335874
MAF,St. Martin (French part),2024,
MAR,Morocco,2024,2.77494467917541
MCO,Monaco,2024,9.42342942977361
MDA,Moldova,2024,2.41476213011262
MDG,Madagascar,2024,1.69312025320663
MDV,Maldives,2024,3.14046759606626
MEX,Mexico,2024,0.558373546635821
MHL,Marshall Islands,2024,5.99345708321974
MKD,North Macedonia,2024,3.18889944421623
MLI,Mali,2024,1.94925730152001
MLT,Malta,2024,3.77715973676817
MMR,Myanmar,2024,-1.63760945284048
MNE,Montenegro,2024,3.16476067540844
MNG,Mongolia,2024,3.82045181254634
MNP,Northern Mariana Islands,2024,
MOZ,Mozambique,2024,-0.791001789666225
MRT,Mauritania,2024,3.2855217223692
MUS,Mauritius,2024,5.16667893688918
MWI,Malawi,2024,-0.912638164593119
MYS,Malaysia,2024,3.83035137439249
NAM,Namibia,2024,1.41712041604308
NCL,New Caledonia,2024,-14.3184777148637
NER,Niger,2024,6.73976595652603
NGA,Nigeria,2024,1.91718752367555
NIC,Nicaragua,2024,2.20198911444788
NLD,Netherlands,2024,0.427291768689813
NOR,Norway,2024,1.13204599317447
NPL,Nepal,2024,3.81766783822374
NRU,Nauru,2024,0.77785683063172
NZL,New Zealand,2024,-0.387550970211336
OMN,Oman,2024,-2.83787602327396
PAK,Pakistan,2024,1.50503969652753
PAN,Panama,2024,1.45504306659862
PER,Peru,2024,2.18017278753871
PHL,Philippines,2024,4.82301240715314
PLW,Palau,2024,
PNG,Papua New Guinea,2024,1.96584743874992
POL,Poland,2024,3.38947422901255
PRI,Puerto Rico (US),2024,3.19308375394527
PRK,"Korea, Dem. People's Rep.",2024,
PRT,Portugal,2024,1.02697035140542
PRY,Paraguay,2024,2.97101932232356
PSE,West Bank and Gaza,2024,-28.2706767006663
PYF,French Polynesia,2024,0.879141456817294
QAT,Qatar,2024,-4.86788389922177
ROU,Romania,2024,0.965042709085722
RUS,Russia,2024,4.55626099351906
RWA,Rwanda,2024,6.58326731079626
SAU,Saudi Arabia,2024,-2.61945058525819
SDN,Sudan,2024,-14.6570236407403
SEN,Senegal,2024,3.62766288039693
SGP,Singapore,2024,2.32663656705263
SLB,Solomon Islands,2024,0.584428781115449
SLE,Sierra Leone,2024,2.10273334346427
SLV,El Salvador,2024,2.13954811058277
SMR,San Marino,2024,
SOM,"Somalia, Fed. Rep.",2024,0.548466776307393
SRB,Serbia,2024,4.52924814890834
SSD,South Sudan,2024,
STP,Sao Tome and Principe,2024,-0.902376020183738
SUR,Suriname,2024,0.831904488689332
SVK,Slovak Republic,2024,2.02649250952174
SVN,Slovenia,2024,1.39957708502673
SWE,Sweden,2024,0.504564017875396
SWZ,Eswatini,2024,1.95346963066669
SXM,Sint Maarten (Dutch part),2024,1.57201845444075
SYC,Seychelles,2024,2.11772970143255
SYR,Syrian Arab Republic,2024,
TCA,Turks and Caicos Islands,2024,4.87181797375062
TCD,Chad,2024,-0.831570679019237
TGO,Togo,2024,4.17083175833358
THA,Thailand,2024,2.59107416696065
TJK,Tajikistan,2024,6.34141937002055
TKM,Turkmenistan,2024,4.45469950237209
TLS,Timor-Leste,2024,-10.161913982094
TON,Tonga,2024,
TTO,Trinidad and Tobago,2024,2.44755276913735
TUN,Tunisia,2024,0.979801739421518
TUR,Turkiye,2024,3.09479882124933
TUV,Tuvalu,2024,
TZA,Tanzania,2024,2.5538482690819
UGA,Uganda,2024,3.17493921238938
UKR,Ukraine,2024,2.53118166051888
URY,Uruguay,2024,3.15371074530447
USA,United States,2024,1.79419235153047
UZB,Uzbekistan,2024,4.42179800265912
VCT,St. Vincent and the Grenadines,2024,4.79304780177681
VEN,"Venezuela, RB",2024,4.91191547368044
VGB,British Virgin Islands,2024,
VIR,Virgin Islands (U.S.),2024,
VNM,Viet Nam,2024,6.4172854315141
VUT,Vanuatu,2024,-1.32686347809192
WSM,Samoa,2024,4.09688706632852
XKX,Kosovo,2024,10.3656494300073
YEM,"Yemen, Rep.",2024,
ZAF,South Africa,2024,-0.713538079423742
ZMB,Zambia,2024,0.941472566904864
ZWE,Zimbabwe,2024,-0.0530786093100204
ABW,Aruba,2025,
AFE,Africa Eastern and Southern,2025,
AFG,Afghanistan,2025,
AFW,Africa Western and Central,2025,
AGO,Angola,2025,
ALB,Albania,2025,
AND,Andorra,2025,
ARE,United Arab Emirates,2025,
ARG,Argentina,2025,
ARM,Armenia,2025,
ASM,American Samoa,2025,
ATG,Antigua and Barbuda,2025,
AUS,Australia,2025,
AUT,Austria,2025,
AZE,Azerbaijan,2025,
BDI,Burundi,2025,
BEL,Belgium,2025,
BEN,Benin,2025,
BFA,Burkina Faso,2025,
BGD,Bangladesh,2025,
BGR,Bulgaria,2025,
BHR,Bahrain,2025,
BHS,"Bahamas, The",2025,
BIH,Bosnia and Herzegovina,2025,
BLR,Belarus,2025,
BLZ,Belize,2025,
BMU,Bermuda,2025,
BOL,Bolivia,2025,
BRA,Brazil,2025,
BRB,Barbados,2025,
BRN,Brunei Darussalam,2025,
BTN,Bhutan,2025,
BWA,Botswana,2025,
CAF,Central African Republic,2025,
CAN,Canada,2025,
CHE,Switzerland,2025,
CHI,Channel Islands,2025,
CHL,Chile,2025,
CHN,China,2025,
CIV,Cote d'Ivoire,2025,
CMR,Cameroon,2025,
COD,"Congo, Dem. Rep.",2025,
COG,"Congo, Rep.",2025,
COL,Colombia,2025,
COM,Comoros,2025,
CPV,Cabo Verde,2025,
CRI,Costa Rica,2025,
CUB,Cuba,2025,
CUW,Curacao,2025,
CYM,Cayman Islands,2025,
CYP,Cyprus,2025,
CZE,Czechia,2025,
DEU,Germany,2025,
DJI,Djibouti,2025,
DMA,Dominica,2025,
DNK,Denmark,2025,
DOM,Dominican Republic,2025,
DZA,Algeria,2025,
EAR,Early-demographic dividend,2025,
ECS,Europe & Central Asia,2025,
ECU,Ecuador,2025,
EGY,"Egypt, Arab Rep.",2025,
ERI,Eritrea,2025,
ESP,Spain,2025,
EST,Estonia,2025,
ETH,Ethiopia,2025,
FIN,Finland,2025,
FJI,Fiji,2025,
FRA,France,2025,
FRO,Faroe Islands,2025,
FSM,"Micronesia, Fed. Sts.",2025,
GAB,Gabon,2025,
GBR,United Kingdom,2025,
GEO,Georgia,2025,
GHA,Ghana,2025,
GIB,Gibraltar,2025,
GIN,Guinea,2025,
GMB,"Gambia, The",2025,
GNB,Guinea-Bissau,2025,
GNQ,Equatorial Guinea,2025,
GRC,Greece,2025,
GRD,Grenada,2025,
GRL,Greenland,2025,
GTM,Guatemala,2025,
GUM,Guam,2025,
GUY,Guyana,2025,
HKG,"Hong Kong SAR, China",2025,
HND,Honduras,2025,
HRV,Croatia,2025,
HTI,Haiti,2025,
HUN,Hungary,2025,
IDB,IDA blend,2025,
IDN,Indonesia,2025,
IMN,Isle of Man,2025,
IND,India,2025,
IRL,Ireland,2025,
IRN,"Iran, Islamic Rep.",2025,
IRQ,Iraq,2025,
ISL,Iceland,2025,
ISR,Israel,2025,
ITA,Italy,2025,
JAM,Jamaica,2025,
JOR,Jordan,2025,
JPN,Japan,2025,
KAZ,Kazakhstan,2025,
KEN,Kenya,2025,
KGZ,Kyrgyz Republic,2025,
KHM,Cambodia,2025,
KIR,Kiribati,2025,
KNA,St. Kitts and Nevis,2025,
KOR,"Korea, Rep.",2025,
KWT,Kuwait,2025,
LAO,Lao PDR,2025,
LBN,Lebanon,2025,
LBR,Liberia,2025,
LBY,Libya,2025,
LCA,St. Lucia,2025,
LCN,Latin America & Caribbean,2025,
LIE,Liechtenstein,2025,
LKA,Sri Lanka,2025,
LSO,Lesotho,2025,
LTE,Late-demographic dividend,2025,
LTU,Lithuania,2025,
LUX,Luxembourg,2025,
LVA,Latvia,2025,
MAC,"Macao SAR, China",2025,
MAF,St. Martin (French part),2025,
MAR,Morocco,2025,
MCO,Monaco,2025,
MDA,Moldova,2025,
MDG,Madagascar,2025,
MDV,Maldives,2025,
MEX,Mexico,2025,
MHL,Marshall Islands,2025,
MKD,North Macedonia,2025,
MLI,Mali,2025,
MLT,Malta,2025,
MMR,Myanmar,2025,
MNE,Montenegro,2025,
MNG,Mongolia,2025,
MNP,Northern Mariana Islands,2025,
MOZ,Mozambique,2025,
MRT,Mauritania,2025,
MUS,Mauritius,2025,
MWI,Malawi,2025,
MYS,Malaysia,2025,
NAM,Namibia,2025,
NCL,New Caledonia,2025,
NER,Niger,2025,
NGA,Nigeria,2025,
NIC,Nicaragua,2025,
NLD,Netherlands,2025,
NOR,Norway,2025,
NPL,Nepal,2025,
NRU,Nauru,2025,
NZL,New Zealand,2025,
OMN,Oman,2025,
PAK,Pakistan,2025,
PAN,Panama,2025,
PER,Peru,2025,
PHL,Philippines,2025,
PLW,Palau,2025,
PNG,Papua New Guinea,2025,
POL,Poland,2025,
PRI,Puerto Rico (US),2025,
PRK,"Korea, Dem. People's Rep.",2025,
PRT,Portugal,2025,
PRY,Paraguay,2025,
PSE,West Bank and Gaza,2025,
PYF,French Polynesia,2025,
QAT,Qatar,2025,
ROU,Romania,2025,
RUS,Russia,2025,
RWA,Rwanda,2025,
SAU,Saudi Arabia,2025,
SDN,Sudan,2025,
SEN,Senegal,2025,
SGP,Singapore,2025,
SLB,Solomon Islands,2025,
SLE,Sierra Leone,2025,
SLV,El Salvador,2025,
SMR,San Marino,2025,
SOM,"Somalia, Fed. Rep.",2025,
SRB,Serbia,2025,
SSD,South Sudan,2025,
STP,Sao Tome and Principe,2025,
SUR,Suriname,2025,
SVK,Slovak Republic,2025,
SVN,Slovenia,2025,
SWE,Sweden,2025,
SWZ,Eswatini,2025,
SXM,Sint Maarten (Dutch part),2025,
SYC,Seychelles,2025,
SYR,Syrian Arab Republic,2025,
TCA,Turks and Caicos Islands,2025,
TCD,Chad,2025,
TGO,Togo,2025,
THA,Thailand,2025,
TJK,Tajikistan,2025,
TKM,Turkmenistan,2025,
TLS,Timor-Leste,2025,
TON,Tonga,2025,
TTO,Trinidad and Tobago,2025,
TUN,Tunisia,2025,
TUR,Turkiye,2025,
TUV,Tuvalu,2025,
TZA,Tanzania,2025,
UGA,Uganda,2025,
UKR,Ukraine,2025,
URY,Uruguay,2025,
USA,United States,2025,
UZB,Uzbekistan,2025,
VCT,St. Vincent and the Grenadines,2025,
VEN,"Venezuela, RB",2025,
VGB,British Virgin Islands,2025,
VIR,Virgin Islands (U.S.),2025,
VNM,Viet Nam,2025,
VUT,Vanuatu,2025,
WSM,Samoa,2025,
XKX,Kosovo,2025,
YEM,"Yemen, Rep.",2025,
ZAF,South Africa,2025,
ZMB,Zambia,2025,
ZWE,Zimbabwe,2025,
