Country_Code,Standard_Country,Year,GDP_Current_USD
ABW,Aruba,1960,
AFE,Africa Eastern and Southern,1960,24205688712.3759
AFG,Afghanistan,1960,
AFW,Africa Western and Central,1960,11904805741.6831
AGO,Angola,1960,
ALB,Albania,1960,
AND,Andorra,1960,
ARE,United Arab Emirates,1960,
ARG,Argentina,1960,15865474315.4056
ARM,Armenia,1960,
ASM,American Samoa,1960,
ATG,Antigua and Barbuda,1960,
AUS,Australia,1960,18635682981.7093
AUT,Austria,1960,6624086313.14334
AZE,Azerbaijan,1960,
BDI,Burundi,1960,195999990.0
BEL,Belgium,1960,11810619368.3874
BEN,Benin,1960,226195578.434497
BFA,Burkina Faso,1960,330442815.821186
BGD,Bangladesh,1960,4274894083.33333
BGR,Bulgaria,1960,
BHR,Bahrain,1960,
BHS,"Bahamas, The",1960,169736027.157764
BIH,Bosnia and Herzegovina,1960,
BLR,Belarus,1960,
BLZ,Belize,1960,28072478.0724781
BMU,Bermuda,1960,72400000.0
BOL,Bolivia,1960,377020202.020202
BRA,Brazil,1960,17030465539.3906
BRB,Barbados,1960,80021846.9453826
BRN,Brunei Darussalam,1960,
BTN,Bhutan,1960,
BWA,Botswana,1960,30411413.6552828
CAF,Central African Republic,1960,112155598.492157
CAN,Canada,1960,40563768946.9503
CHE,Switzerland,1960,10412232620.5258
CHI,Channel Islands,1960,
CHL,Chile,1960,4211103676.74027
CHN,China,1960,59846235024.7318
CIV,Cote d'Ivoire,1960,546203559.344361
CMR,Cameroon,1960,614206068.497266
COD,"Congo, Dem. Rep.",1960,3359404117.64706
COG,"Congo, Rep.",1960,131731862.783017
COL,Colombia,1960,4031152976.63904
COM,Comoros,1960,
CPV,Cabo Verde,1960,
CRI,Costa Rica,1960,507513829.994855
CUB,Cuba,1960,
CUW,Curacao,1960,
CYM,Cayman Islands,1960,
CYP,Cyprus,1960,
CZE,Czechia,1960,
DEU,Germany,1960,84619845881.2608
DJI,Djibouti,1960,
DMA,Dominica,1960,
DNK,Denmark,1960,6361166544.50349
DOM,Dominican Republic,1960,672399700.0
DZA,Algeria,1960,2723615451.30098
EAR,Early-demographic dividend,1960,144721677770.045
ECS,Europe & Central Asia,1960,426666341076.386
ECU,Ecuador,1960,2069464937.19791
EGY,"Egypt, Arab Rep.",1960,4206270352.22633
ERI,Eritrea,1960,
ESP,Spain,1960,12424514013.7604
EST,Estonia,1960,
ETH,Ethiopia,1960,1610511693.84215
FIN,Finland,1960,5279481824.12983
FJI,Fiji,1960,112328422.113084
FRA,France,1960,61959085885.3427
FRO,Faroe Islands,1960,
FSM,"Micronesia, Fed. Sts.",1960,
GAB,Gabon,1960,141468977.799846
GBR,United Kingdom,1960,73233967692.1028
GEO,Georgia,1960,
GHA,Ghana,1960,1217230094.97205
GIB,Gibraltar,1960,
GIN,Guinea,1960,
GMB,"Gambia, The",1960,
GNB,Guinea-Bissau,1960,
GNQ,Equatorial Guinea,1960,
GRC,Greece,1960,4274890306.82895
GRD,Grenada,1960,
GRL,Greenland,1960,
GTM,Guatemala,1960,1043599900.0
GUM,Guam,1960,
GUY,Guyana,1960,170216241.126064
HKG,"Hong Kong SAR, China",1960,1320796651.69457
HND,Honduras,1960,475650000.0
HRV,Croatia,1960,
HTI,Haiti,1960,273187200.0
HUN,Hungary,1960,
IDB,IDA blend,1960,12401501561.7854
IDN,Indonesia,1960,
IMN,Isle of Man,1960,
IND,India,1960,37029883876.1839
IRL,Ireland,1960,1998550221.80554
IRN,"Iran, Islamic Rep.",1960,4199134389.9037
IRQ,Iraq,1960,1537252193.09912
ISL,Iceland,1960,260984498.826389
ISR,Israel,1960,3070585807.33625
ITA,Italy,1960,42012422612.3955
JAM,Jamaica,1960,699064380.374248
JOR,Jordan,1960,
JPN,Japan,1960,47419238274.4619
KAZ,Kazakhstan,1960,
KEN,Kenya,1960,791265459.493816
KGZ,Kyrgyz Republic,1960,
KHM,Cambodia,1960,
KIR,Kiribati,1960,
KNA,St. Kitts and Nevis,1960,12366635.7500773
KOR,"Korea, Rep.",1960,3973069306.93069
KWT,Kuwait,1960,
LAO,Lao PDR,1960,
LBN,Lebanon,1960,
LBR,Liberia,1960,190495600.0
LBY,Libya,1960,401644248.9423
LCA,St. Lucia,1960,
LCN,Latin America & Caribbean,1960,79218932628.4884
LIE,Liechtenstein,1960,
LKA,Sri Lanka,1960,1409873949.57983
LSO,Lesotho,1960,34579986.1680055
LTE,Late-demographic dividend,1960,183858546617.435
LTU,Lithuania,1960,
LUX,Luxembourg,1960,709941874.044355
LVA,Latvia,1960,
MAC,"Macao SAR, China",1960,
MAF,St. Martin (French part),1960,
MAR,Morocco,1960,2037154741.93211
MCO,Monaco,1960,
MDA,Moldova,1960,
MDG,Madagascar,1960,673081724.751168
MDV,Maldives,1960,
MEX,Mexico,1960,13040000000.0
MHL,Marshall Islands,1960,
MKD,North Macedonia,1960,
MLI,Mali,1960,
MLT,Malta,1960,
MMR,Myanmar,1960,545098447.640862
MNE,Montenegro,1960,
MNG,Mongolia,1960,
MNP,Northern Mariana Islands,1960,
MOZ,Mozambique,1960,
MRT,Mauritania,1960,
MUS,Mauritius,1960,162089563.829564
MWI,Malawi,1960,
MYS,Malaysia,1960,1916229477.13657
NAM,Namibia,1960,
NCL,New Caledonia,1960,
NER,Niger,1960,449526873.29589
NGA,Nigeria,1960,4196174501.5302
NIC,Nicaragua,1960,227223322.141537
NLD,Netherlands,1960,13282979014.563
NOR,Norway,1960,5197398721.41367
NPL,Nepal,1960,508334413.965087
NRU,Nauru,1960,
NZL,New Zealand,1960,5536098360.49526
OMN,Oman,1960,44234656.4535004
PAK,Pakistan,1960,3749265014.69971
PAN,Panama,1960,537147100.0
PER,Peru,1960,2571986572.12719
PHL,Philippines,1960,7515894110.56487
PLW,Palau,1960,
PNG,Papua New Guinea,1960,230496036.879366
POL,Poland,1960,
PRI,Puerto Rico (US),1960,1691900000.0
PRK,"Korea, Dem. People's Rep.",1960,
PRT,Portugal,1960,3339150157.85605
PRY,Paraguay,1960,288884368.016934
PSE,West Bank and Gaza,1960,
PYF,French Polynesia,1960,
QAT,Qatar,1960,
ROU,Romania,1960,
RUS,Russia,1960,
RWA,Rwanda,1960,119000024.0
SAU,Saudi Arabia,1960,1748124063.55556
SDN,Sudan,1960,1126364161.7644
SEN,Senegal,1960,1003692370.46869
SGP,Singapore,1960,704751700.302494
SLB,Solomon Islands,1960,
SLE,Sierra Leone,1960,322009961.547048
SLV,El Salvador,1960,
SMR,San Marino,1960,
SOM,"Somalia, Fed. Rep.",1960,180459936.776025
SRB,Serbia,1960,
SSD,South Sudan,1960,
STP,Sao Tome and Principe,1960,
SUR,Suriname,1960,99650000.0
SVK,Slovak Republic,1960,
SVN,Slovenia,1960,
SWE,Sweden,1960,15930075466.8898
SWZ,Eswatini,1960,35076845.9692616
SXM,Sint Maarten (Dutch part),1960,
SYC,Seychelles,1960,12012024.6246505
SYR,Syrian Arab Republic,1960,857704413.407821
TCA,Turks and Caicos Islands,1960,
TCD,Chad,1960,313582728.147574
TGO,Togo,1960,171057069.137772
THA,Thailand,1960,2760750860.62197
TJK,Tajikistan,1960,
TKM,Turkmenistan,1960,
TLS,Timor-Leste,1960,
TON,Tonga,1960,
TTO,Trinidad and Tobago,1960,535673252.483535
TUN,Tunisia,1960,
TUR,Turkiye,1960,7566666666.66667
TUV,Tuvalu,1960,
TZA,Tanzania,1960,2651729807.38808
UGA,Uganda,1960,423145605.043164
UKR,Ukraine,1960,
URY,Uruguay,1960,1242289239.20493
USA,United States,1960,541988586206.897
UZB,Uzbekistan,1960,
VCT,St. Vincent and the Grenadines,1960,13066634.0000817
VEN,"Venezuela, RB",1960,7663938303.07171
VGB,British Virgin Islands,1960,
VIR,Virgin Islands (U.S.),1960,
VNM,Viet Nam,1960,
VUT,Vanuatu,1960,
WSM,Samoa,1960,
XKX,Kosovo,1960,
YEM,"Yemen, Rep.",1960,
ZAF,South Africa,1960,8748596500.5614
ZMB,Zambia,1960,698739720.783607
ZWE,Zimbabwe,1960,1053528036.42755
ABW,Aruba,1961,
AFE,Africa Eastern and Southern,1961,24958886027.4641
AFG,Afghanistan,1961,
AFW,Africa Western and Central,1961,12707719290.6273
AGO,Angola,1961,
ALB,Albania,1961,
AND,Andorra,1961,
ARE,United Arab Emirates,1961,
ARG,Argentina,1961,20132220374.9093
ARM,Armenia,1961,
ASM,American Samoa,1961,
ATG,Antigua and Barbuda,1961,
AUS,Australia,1961,19713123154.0997
AUT,Austria,1961,7346566037.83392
AZE,Azerbaijan,1961,
BDI,Burundi,1961,202999992.0
BEL,Belgium,1961,12561701694.3319
BEN,Benin,1961,235668220.508202
BFA,Burkina Faso,1961,350247234.260712
BGD,Bangladesh,1961,4817580375.0
BGR,Bulgaria,1961,
BHR,Bahrain,1961,
BHS,"Bahamas, The",1961,190022030.403525
BIH,Bosnia and Herzegovina,1961,
BLR,Belarus,1961,
BLZ,Belize,1961,29964999.965
BMU,Bermuda,1961,76500000.0
BOL,Bolivia,1961,410101010.10101
BRA,Brazil,1961,17275940449.3837
BRB,Barbados,1961,85363759.3406016
BRN,Brunei Darussalam,1961,
BTN,Bhutan,1961,
BWA,Botswana,1961,32902612.8664855
CAF,Central African Republic,1961,123134583.463559
CAN,Canada,1961,41038192837.9035
CHE,Switzerland,1961,11713348834.3069
CHI,Channel Islands,1961,
CHL,Chile,1961,4948564550.91046
CHN,China,1961,50162299349.7871
CIV,Cote d'Ivoire,1961,618245634.179831
CMR,Cameroon,1961,652777608.320492
COD,"Congo, Dem. Rep.",1961,3086746857.14286
COG,"Congo, Rep.",1961,151675738.926342
COL,Colombia,1961,4540447761.19403
COM,Comoros,1961,
CPV,Cabo Verde,1961,
CRI,Costa Rica,1961,490325181.614275
CUB,Cuba,1961,
CUW,Curacao,1961,
CYM,Cayman Islands,1961,
CYP,Cyprus,1961,
CZE,Czechia,1961,
DEU,Germany,1961,96558204043.1028
DJI,Djibouti,1961,
DMA,Dominica,1961,
DNK,Denmark,1961,7058361229.35415
DOM,Dominican Republic,1961,654100200.0
DZA,Algeria,1961,2434747055.94018
EAR,Early-demographic dividend,1961,157593209302.864
ECS,Europe & Central Asia,1961,469524853748.684
ECU,Ecuador,1961,1753850955.05808
EGY,"Egypt, Arab Rep.",1961,4494575611.21289
ERI,Eritrea,1961,
ESP,Spain,1961,14238126759.7335
EST,Estonia,1961,
ETH,Ethiopia,1961,1680859514.1016
FIN,Finland,1961,5984433774.41601
FJI,Fiji,1961,116987784.913739
FRA,France,1961,67158050215.0488
FRO,Faroe Islands,1961,
FSM,"Micronesia, Fed. Sts.",1961,
GAB,Gabon,1961,167637907.122782
GBR,United Kingdom,1961,77741965703.3544
GEO,Georgia,1961,
GHA,Ghana,1961,1302674324.88378
GIB,Gibraltar,1961,
GIN,Guinea,1961,
GMB,"Gambia, The",1961,
GNB,Guinea-Bissau,1961,
GNQ,Equatorial Guinea,1961,
GRC,Greece,1961,4892397431.33292
GRD,Grenada,1961,
GRL,Greenland,1961,
GTM,Guatemala,1961,1076699900.0
GUM,Guam,1961,
GUY,Guyana,1961,185849535.376162
HKG,"Hong Kong SAR, China",1961,1383681651.13776
HND,Honduras,1961,503300000.0
HRV,Croatia,1961,
HTI,Haiti,1961,271066000.0
HUN,Hungary,1961,
IDB,IDA blend,1961,13314688264.5775
IDN,Indonesia,1961,
IMN,Isle of Man,1961,
IND,India,1961,39232435784.0358
IRL,Ireland,1961,2151772979.96956
IRN,"Iran, Islamic Rep.",1961,4426949094.8403
IRQ,Iraq,1961,1671960965.21561
ISL,Iceland,1961,266711460.241466
ISR,Israel,1961,3708586471.46387
ITA,Italy,1961,46649487320.4225
JAM,Jamaica,1961,748043500.7826
JOR,Jordan,1961,
JPN,Japan,1961,57266758179.5883
KAZ,Kazakhstan,1961,
KEN,Kenya,1961,792959472.816211
KGZ,Kyrgyz Republic,1961,
KHM,Cambodia,1961,
KIR,Kiribati,1961,
KNA,St. Kitts and Nevis,1961,12483302.125078
KOR,"Korea, Rep.",1961,2427244760.66918
KWT,Kuwait,1961,
LAO,Lao PDR,1961,
LBN,Lebanon,1961,
LBR,Liberia,1961,183920900.0
LBY,Libya,1961,443905612.037755
LCA,St. Lucia,1961,
LCN,Latin America & Caribbean,1961,87692579907.1773
LIE,Liechtenstein,1961,
LKA,Sri Lanka,1961,1444327731.09244
LSO,Lesotho,1961,35699985.7200057
LTE,Late-demographic dividend,1961,170881037955.18
LTU,Lithuania,1961,
LUX,Luxembourg,1961,710163719.406917
LVA,Latvia,1961,
MAC,"Macao SAR, China",1961,
MAF,St. Martin (French part),1961,
MAR,Morocco,1961,2025693539.55842
MCO,Monaco,1961,
MDA,Moldova,1961,
MDG,Madagascar,1961,699161944.558097
MDV,Maldives,1961,
MEX,Mexico,1961,14160000000.0
MHL,Marshall Islands,1961,
MKD,North Macedonia,1961,
MLI,Mali,1961,
MLT,Malta,1961,
MMR,Myanmar,1961,605581577.287066
MNE,Montenegro,1961,
MNG,Mongolia,1961,
MNP,Northern Mariana Islands,1961,
MOZ,Mozambique,1961,
MRT,Mauritania,1961,159213430.204754
MUS,Mauritius,1961,191757729.477729
MWI,Malawi,1961,
MYS,Malaysia,1961,1901856122.72231
NAM,Namibia,1961,
NCL,New Caledonia,1961,
NER,Niger,1961,485785230.978987
NGA,Nigeria,1961,4467287893.08484
NIC,Nicaragua,1961,244144236.65331
NLD,Netherlands,1961,14599836396.388
NOR,Norway,1961,5669689210.3186
NPL,Nepal,1961,531959561.62226
NRU,Nauru,1961,
NZL,New Zealand,1961,5721994864.23066
OMN,Oman,1961,45634487.3539276
PAK,Pakistan,1961,4118647627.04746
PAN,Panama,1961,599026300.0
PER,Peru,1961,2897852693.27494
PHL,Philippines,1961,8171194424.94498
PLW,Palau,1961,
PNG,Papua New Guinea,1961,244832039.173126
POL,Poland,1961,
PRI,Puerto Rico (US),1961,1865100000.0
PRK,"Korea, Dem. People's Rep.",1961,
PRT,Portugal,1961,3573719084.53354
PRY,Paraguay,1961,322053713.15873
PSE,West Bank and Gaza,1961,
PYF,French Polynesia,1961,
QAT,Qatar,1961,
ROU,Romania,1961,
RUS,Russia,1961,
RWA,Rwanda,1961,122000016.0
SAU,Saudi Arabia,1961,1920811284.22222
SDN,Sudan,1961,1222860428.55503
SEN,Senegal,1961,1058975256.97025
SGP,Singapore,1961,764629788.123689
SLB,Solomon Islands,1961,
SLE,Sierra Leone,1961,327834190.577094
SLV,El Salvador,1961,
SMR,San Marino,1961,
SOM,"Somalia, Fed. Rep.",1961,191659914.376034
SRB,Serbia,1961,
SSD,South Sudan,1961,
STP,Sao Tome and Principe,1961,
SUR,Suriname,1961,107700000.0
SVK,Slovak Republic,1961,
SVN,Slovenia,1961,
SWE,Sweden,1961,17329620584.6147
SWZ,Eswatini,1961,43026042.7895829
SXM,Sint Maarten (Dutch part),1961,
SYC,Seychelles,1961,11592023.7636487
SYR,Syrian Arab Republic,1961,945244972.067039
TCA,Turks and Caicos Islands,1961,
TCD,Chad,1961,333975336.110722
TGO,Togo,1961,178497098.264275
THA,Thailand,1961,3034037810.96795
TJK,Tajikistan,1961,
TKM,Turkmenistan,1961,
TLS,Timor-Leste,1961,
TON,Tonga,1961,
TTO,Trinidad and Tobago,1961,584964620.921781
TUN,Tunisia,1961,866155428.571429
TUR,Turkiye,1961,7988888888.88889
TUV,Tuvalu,1961,
TZA,Tanzania,1961,2826179031.22839
UGA,Uganda,1961,441667334.611947
UKR,Ukraine,1961,
URY,Uruguay,1961,1547388781.43133
USA,United States,1961,561940310344.828
UZB,Uzbekistan,1961,
VCT,St. Vincent and the Grenadines,1961,13999965.0000875
VEN,"Venezuela, RB",1961,8067267030.61862
VGB,British Virgin Islands,1961,
VIR,Virgin Islands (U.S.),1961,
VNM,Viet Nam,1961,
VUT,Vanuatu,1961,
WSM,Samoa,1961,
XKX,Kosovo,1961,
YEM,"Yemen, Rep.",1961,
ZAF,South Africa,1961,9225996309.60148
ZMB,Zambia,1961,682359727.329053
ZWE,Zimbabwe,1961,1097206526.43457
ABW,Aruba,1962,
AFE,Africa Eastern and Southern,1962,27073233856.5389
AFG,Afghanistan,1962,
AFW,Africa Western and Central,1962,13630588814.3032
AGO,Angola,1962,
ALB,Albania,1962,
AND,Andorra,1962,
ARE,United Arab Emirates,1962,
ARG,Argentina,1962,18337691145.3688
ARM,Armenia,1962,
ASM,American Samoa,1962,
ATG,Antigua and Barbuda,1962,
AUS,Australia,1962,19953923192.6277
AUT,Austria,1962,7793042529.15992
AZE,Azerbaijan,1962,
BDI,Burundi,1962,213500006.0
BEL,Belgium,1962,13436827166.5187
BEN,Benin,1962,236434954.038578
BFA,Burkina Faso,1962,379567099.249422
BGD,Bangladesh,1962,5081413541.66667
BGR,Bulgaria,1962,
BHR,Bahrain,1962,
BHS,"Bahamas, The",1962,212170033.947205
BIH,Bosnia and Herzegovina,1962,
BLR,Belarus,1962,
BLZ,Belize,1962,31857591.8575919
BMU,Bermuda,1962,80700000.0
BOL,Bolivia,1962,448400673.400673
BRA,Brazil,1962,19231747851.5332
BRB,Barbados,1962,88782583.460208
BRN,Brunei Darussalam,1962,
BTN,Bhutan,1962,
BWA,Botswana,1962,35644956.6430429
CAF,Central African Republic,1962,124482773.83306
CAN,Canada,1962,42336211555.8268
CHE,Switzerland,1962,12989649694.2812
CHI,Channel Islands,1962,
CHL,Chile,1962,5765971144.47142
CHN,China,1962,47310737754.2287
CIV,Cote d'Ivoire,1962,645284473.733691
CMR,Cameroon,1962,694247864.3789
COD,"Congo, Dem. Rep.",1962,3779841428.57143
COG,"Congo, Rep.",1962,166521239.650243
COL,Colombia,1962,4955543963.36869
COM,Comoros,1962,
CPV,Cabo Verde,1962,
CRI,Costa Rica,1962,479180824.348506
CUB,Cuba,1962,
CUW,Curacao,1962,
CYM,Cayman Islands,1962,
CYP,Cyprus,1962,
CZE,Czechia,1962,
DEU,Germany,1962,105895435234.343
DJI,Djibouti,1962,
DMA,Dominica,1962,
DNK,Denmark,1962,7953274741.29303
DOM,Dominican Republic,1962,824100000.0
DZA,Algeria,1962,2001444543.91885
EAR,Early-demographic dividend,1962,159435896119.118
ECS,Europe & Central Asia,1962,513405546288.519
ECU,Ecuador,1962,1518207703.48997
EGY,"Egypt, Arab Rep.",1962,4035462027.39753
ERI,Eritrea,1962,
ESP,Spain,1962,16609632790.5843
EST,Estonia,1962,
ETH,Ethiopia,1962,1747566307.0997
FIN,Finland,1962,6407796042.70357
FJI,Fiji,1962,122906434.957814
FRA,France,1962,75196980365.0325
FRO,Faroe Islands,1962,
FSM,"Micronesia, Fed. Sts.",1962,
GAB,Gabon,1962,182796536.266025
GBR,United Kingdom,1962,81247564156.8246
GEO,Georgia,1962,
GHA,Ghana,1962,1382515654.47343
GIB,Gibraltar,1962,
GIN,Guinea,1962,
GMB,"Gambia, The",1962,
GNB,Guinea-Bissau,1962,
GNQ,Equatorial Guinea,1962,37253333.3333333
GRC,Greece,1962,5140542929.42067
GRD,Grenada,1962,
GRL,Greenland,1962,
GTM,Guatemala,1962,1143600000.0
GUM,Guam,1962,
GUY,Guyana,1962,194949512.626218
HKG,"Hong Kong SAR, China",1962,1612346412.26475
HND,Honduras,1962,532450000.0
HRV,Croatia,1962,
HTI,Haiti,1962,281896800.0
HUN,Hungary,1962,
IDB,IDA blend,1962,14222416055.5102
IDN,Indonesia,1962,
IMN,Isle of Man,1962,
IND,India,1962,42161481858.0819
IRL,Ireland,1962,2329372971.89171
IRN,"Iran, Islamic Rep.",1962,4693566416.48346
IRQ,Iraq,1962,1784174540.73018
ISL,Iceland,1962,299309938.066264
ISR,Israel,1962,2966154031.33123
ITA,Italy,1962,52413872628.0045
JAM,Jamaica,1962,777727688.908924
JOR,Jordan,1962,
JPN,Japan,1962,64987857541.6256
KAZ,Kazakhstan,1962,
KEN,Kenya,1962,868111400.75544
KGZ,Kyrgyz Republic,1962,
KHM,Cambodia,1962,
KIR,Kiribati,1962,
KNA,St. Kitts and Nevis,1962,12541635.3125784
KOR,"Korea, Rep.",1962,2826923076.92308
KWT,Kuwait,1962,1828107502.79955
LAO,Lao PDR,1962,
LBN,Lebanon,1962,
LBR,Liberia,1962,191861800.0
LBY,Libya,1962,619725784.909686
LCA,St. Lucia,1962,
LCN,Latin America & Caribbean,1962,92148671651.0748
LIE,Liechtenstein,1962,
LKA,Sri Lanka,1962,1434156378.60082
LSO,Lesotho,1962,41859983.2560067
LTE,Late-demographic dividend,1962,174094667934.865
LTU,Lithuania,1962,
LUX,Luxembourg,1962,747846862.209673
LVA,Latvia,1962,
MAC,"Macao SAR, China",1962,
MAF,St. Martin (French part),1962,
MAR,Morocco,1962,2379611124.61442
MCO,Monaco,1962,
MDA,Moldova,1962,
MDG,Madagascar,1962,739286907.592778
MDV,Maldives,1962,
MEX,Mexico,1962,15200000000.0
MHL,Marshall Islands,1962,
MKD,North Macedonia,1962,
MLI,Mali,1962,
MLT,Malta,1962,
MMR,Myanmar,1962,634528872.02036
MNE,Montenegro,1962,
MNG,Mongolia,1962,
MNP,Northern Mariana Islands,1962,
MOZ,Mozambique,1962,
MRT,Mauritania,1962,164271557.513473
MUS,Mauritius,1962,197738207.858208
MWI,Malawi,1962,
MYS,Malaysia,1962,2001489602.18475
NAM,Namibia,1962,
NCL,New Caledonia,1962,
NER,Niger,1962,531736599.250464
NGA,Nigeria,1962,4909399176.24033
NIC,Nicaragua,1962,269283803.686825
NLD,Netherlands,1962,15847582341.1664
NOR,Norway,1962,6107076928.63372
NPL,Nepal,1962,574091101.194382
NRU,Nauru,1962,
NZL,New Zealand,1962,6133158532.21667
OMN,Oman,1962,56273202.1971746
PAK,Pakistan,1962,4310163796.72407
PAN,Panama,1962,652120900.0
PER,Peru,1962,3284322201.27831
PHL,Philippines,1962,4954593071.82796
PLW,Palau,1962,
PNG,Papua New Guinea,1962,261184041.789447
POL,Poland,1962,
PRI,Puerto Rico (US),1962,2094400000.0
PRK,"Korea, Dem. People's Rep.",1962,
PRT,Portugal,1962,3835883663.25123
PRY,Paraguay,1962,360698412.698413
PSE,West Bank and Gaza,1962,
PYF,French Polynesia,1962,
QAT,Qatar,1962,
ROU,Romania,1962,
RUS,Russia,1962,
RWA,Rwanda,1962,125000008.0
SAU,Saudi Arabia,1962,2130606531.77778
SDN,Sudan,1962,1328259624.72217
SEN,Senegal,1962,1085475790.59112
SGP,Singapore,1962,826239211.817511
SLB,Solomon Islands,1962,
SLE,Sierra Leone,1962,342721416.490967
SLV,El Salvador,1962,
SMR,San Marino,1962,
SOM,"Somalia, Fed. Rep.",1962,203531927.547229
SRB,Serbia,1962,
SSD,South Sudan,1962,
STP,Sao Tome and Principe,1962,
SUR,Suriname,1962,116150000.0
SVK,Slovak Republic,1962,
SVN,Slovenia,1962,
SWE,Sweden,1962,18794066990.0612
SWZ,Eswatini,1962,45927961.6288154
SXM,Sint Maarten (Dutch part),1962,
SYC,Seychelles,1962,12642025.9161531
SYR,Syrian Arab Republic,1962,1110565880.75881
TCA,Turks and Caicos Islands,1962,
TCD,Chad,1962,357635713.41932
TGO,Togo,1962,186745757.859216
THA,Thailand,1962,3308912796.93487
TJK,Tajikistan,1962,
TKM,Turkmenistan,1962,
TLS,Timor-Leste,1962,
TON,Tonga,1962,
TTO,Trinidad and Tobago,1962,619322810.026308
TUN,Tunisia,1962,880027733.333333
TUR,Turkiye,1962,8922222222.22222
TUV,Tuvalu,1962,
TZA,Tanzania,1962,3101589992.664
UGA,Uganda,1962,449158233.391351
UKR,Ukraine,1962,
URY,Uruguay,1962,1710004407.22785
USA,United States,1962,603639413793.103
UZB,Uzbekistan,1962,
VCT,St. Vincent and the Grenadines,1962,14524963.6875908
VEN,"Venezuela, RB",1962,8814309884.21165
VGB,British Virgin Islands,1962,
VIR,Virgin Islands (U.S.),1962,
VNM,Viet Nam,1962,
VUT,Vanuatu,1962,
WSM,Samoa,1962,
XKX,Kosovo,1962,
YEM,"Yemen, Rep.",1962,
ZAF,South Africa,1962,9813996074.40157
ZMB,Zambia,1962,679279728.55982
ZWE,Zimbabwe,1962,1118172225.65019
ABW,Aruba,1963,
AFE,Africa Eastern and Southern,1963,31769135008.6453
AFG,Afghanistan,1963,
AFW,Africa Western and Central,1963,14468913698.0467
AGO,Angola,1963,
ALB,Albania,1963,
AND,Andorra,1963,
ARE,United Arab Emirates,1963,
ARG,Argentina,1963,18272123664.4715
ARM,Armenia,1963,
ASM,American Samoa,1963,
ATG,Antigua and Barbuda,1963,
AUS,Australia,1963,21573443451.751
AUT,Austria,1963,8414050621.01716
AZE,Azerbaijan,1963,
BDI,Burundi,1963,232749998.0
BEL,Belgium,1963,14445805381.3872
BEN,Benin,1963,253927697.25805
BFA,Burkina Faso,1963,394040667.106335
BGD,Bangladesh,1963,5319458562.5
BGR,Bulgaria,1963,
BHR,Bahrain,1963,
BHS,"Bahamas, The",1963,237650038.024006
BIH,Bosnia and Herzegovina,1963,
BLR,Belarus,1963,
BLZ,Belize,1963,33750113.7501138
BMU,Bermuda,1963,82600000.0
BOL,Bolivia,1963,482828282.828283
BRA,Brazil,1963,23287712878.2002
BRB,Barbados,1963,99893761.2655968
BRN,Brunei Darussalam,1963,
BTN,Bhutan,1963,
BWA,Botswana,1963,38091842.8546863
CAF,Central African Republic,1963,129379123.76305
CAN,Canada,1963,45140337826.9869
CHE,Switzerland,1963,14283872299.0456
CHI,Channel Islands,1963,
CHL,Chile,1963,5702520146.03167
CHN,China,1963,50812227918.5753
CIV,Cote d'Ivoire,1963,761047198.029653
CMR,Cameroon,1963,718320845.044338
COD,"Congo, Dem. Rep.",1963,6213185742.57426
COG,"Congo, Rep.",1963,172233430.657858
COL,Colombia,1963,4836166666.66667
COM,Comoros,1963,
CPV,Cabo Verde,1963,
CRI,Costa Rica,1963,511902136.809973
CUB,Cuba,1963,
CUW,Curacao,1963,
CYM,Cayman Islands,1963,
CYP,Cyprus,1963,
CZE,Czechia,1963,
DEU,Germany,1963,112232503744.1
DJI,Djibouti,1963,
DMA,Dominica,1963,
DNK,Denmark,1963,8466044979.87996
DOM,Dominican Republic,1963,940799900.0
DZA,Algeria,1963,2702982017.63803
EAR,Early-demographic dividend,1963,175994009911.133
ECS,Europe & Central Asia,1963,561372802906.338
ECU,Ecuador,1963,1824343870.71407
EGY,"Egypt, Arab Rep.",1963,4187146231.56839
ERI,Eritrea,1963,
ESP,Spain,1963,19631714759.6491
EST,Estonia,1963,
ETH,Ethiopia,1963,1825058827.83853
FIN,Finland,1963,6958916548.12933
FJI,Fiji,1963,129454728.623599
FRA,France,1963,84227606649.8725
FRO,Faroe Islands,1963,
FSM,"Micronesia, Fed. Sts.",1963,
GAB,Gabon,1963,154480244.055222
GBR,United Kingdom,1963,86561961812.3249
GEO,Georgia,1963,
GHA,Ghana,1963,1540797588.57221
GIB,Gibraltar,1963,
GIN,Guinea,1963,
GMB,"Gambia, The",1963,
GNB,Guinea-Bissau,1963,
GNQ,Equatorial Guinea,1963,44266666.6666667
GRC,Greece,1963,5813285626.64404
GRD,Grenada,1963,
GRL,Greenland,1963,
GTM,Guatemala,1963,1262800000.0
GUM,Guam,1963,
GUY,Guyana,1963,175757893.938598
HKG,"Hong Kong SAR, China",1963,1935298266.45384
HND,Honduras,1963,553500000.0
HRV,Croatia,1963,
HTI,Haiti,1963,294883400.0
HUN,Hungary,1963,
IDB,IDA blend,1963,15145197244.7816
IDN,Indonesia,1963,
IMN,Isle of Man,1963,
IND,India,1963,48421923459.1235
IRL,Ireland,1963,2505073357.88508
IRN,"Iran, Islamic Rep.",1963,4928628018.38759
IRQ,Iraq,1963,1805901510.0394
ISL,Iceland,1963,357240895.712432
ISR,Israel,1963,3535949088.90947
ITA,Italy,1963,60035924617.9277
JAM,Jamaica,1963,826706669.317332
JOR,Jordan,1963,
JPN,Japan,1963,74379284603.3875
KAZ,Kazakhstan,1963,
KEN,Kenya,1963,926589349.36426
KGZ,Kyrgyz Republic,1963,
KHM,Cambodia,1963,
KIR,Kiribati,1963,
KNA,St. Kitts and Nevis,1963,12833301.2500802
KOR,"Korea, Rep.",1963,4007692307.69231
KWT,Kuwait,1963,1900895856.66293
LAO,Lao PDR,1963,
LBN,Lebanon,1963,
LBR,Liberia,1963,200229600.0
LBY,Libya,1963,892327910.668836
LCA,St. Lucia,1963,
LCN,Latin America & Caribbean,1963,100158104358.281
LIE,Liechtenstein,1963,
LKA,Sri Lanka,1963,1240672268.90756
LSO,Lesotho,1963,47039981.1840075
LTE,Late-demographic dividend,1963,189931663020.203
LTU,Lithuania,1963,
LUX,Luxembourg,1963,797902154.238122
LVA,Latvia,1963,
MAC,"Macao SAR, China",1963,
MAF,St. Martin (French part),1963,
MAR,Morocco,1963,2657252578.30763
MCO,Monaco,1963,
MDA,Moldova,1963,
MDG,Madagascar,1963,759345863.732667
MDV,Maldives,1963,
MEX,Mexico,1963,16960000000.0
MHL,Marshall Islands,1963,
MKD,North Macedonia,1963,
MLI,Mali,1963,
MLT,Malta,1963,
MMR,Myanmar,1963,598998418.724583
MNE,Montenegro,1963,
MNG,Mongolia,1963,
MNP,Northern Mariana Islands,1963,
MOZ,Mozambique,1963,
MRT,Mauritania,1963,168186297.281077
MUS,Mauritius,1963,253839557.949558
MWI,Malawi,1963,
MYS,Malaysia,1963,2510110348.16184
NAM,Namibia,1963,
NCL,New Caledonia,1963,
NER,Niger,1963,586294878.744643
NGA,Nigeria,1963,5165590253.7639
NIC,Nicaragua,1963,297324163.095513
NLD,Netherlands,1963,17193744109.0367
NOR,Norway,1963,6553269535.51009
NPL,Nepal,1963,496947904.443033
NRU,Nauru,1963,
NZL,New Zealand,1963,6699741645.07827
OMN,Oman,1963,59912762.5382854
PAK,Pakistan,1963,4630827383.45233
PAN,Panama,1963,722784500.0
PER,Peru,1963,3598272493.3109
PHL,Philippines,1963,5505023238.40669
PLW,Palau,1963,
PNG,Papua New Guinea,1963,275968044.154887
POL,Poland,1963,
PRI,Puerto Rico (US),1963,2333600000.0
PRK,"Korea, Dem. People's Rep.",1963,
PRT,Portugal,1963,4084251592.81599
PRY,Paraguay,1963,383904761.904762
PSE,West Bank and Gaza,1963,
PYF,French Polynesia,1963,
QAT,Qatar,1963,
ROU,Romania,1963,
RUS,Russia,1963,
RWA,Rwanda,1963,128000000.0
SAU,Saudi Arabia,1963,2207393171.55556
SDN,Sudan,1963,1351234926.33899
SEN,Senegal,1963,1122139861.67805
SGP,Singapore,1963,917608012.491752
SLB,Solomon Islands,1963,
SLE,Sierra Leone,1963,348547278.787707
SLV,El Salvador,1963,
SMR,San Marino,1963,
SOM,"Somalia, Fed. Rep.",1963,216145935.941626
SRB,Serbia,1963,
SSD,South Sudan,1963,
STP,Sao Tome and Principe,1963,
SUR,Suriname,1963,125950000.0
SVK,Slovak Republic,1963,
SVN,Slovenia,1963,
SWE,Sweden,1963,20342131881.5074
SWZ,Eswatini,1963,54129438.3482247
SXM,Sint Maarten (Dutch part),1963,
SYC,Seychelles,1963,13923028.5422085
SYR,Syrian Arab Republic,1963,1200447408.37696
TCA,Turks and Caicos Islands,1963,
TCD,Chad,1963,371767002.194886
TGO,Togo,1963,202305865.235908
THA,Thailand,1963,3540403456.55305
TJK,Tajikistan,1963,
TKM,Turkmenistan,1963,
TLS,Timor-Leste,1963,
TON,Tonga,1963,
TTO,Trinidad and Tobago,1963,678239329.401676
TUN,Tunisia,1963,1026737600.0
TUR,Turkiye,1963,10355555555.5556
TUV,Tuvalu,1963,
TZA,Tanzania,1963,3456579293.44828
UGA,Uganda,1963,516315231.449087
UKR,Ukraine,1963,
URY,Uruguay,1963,1539681490.78174
USA,United States,1963,637058551724.138
UZB,Uzbekistan,1963,
VCT,St. Vincent and the Grenadines,1963,13708299.0625857
VEN,"Venezuela, RB",1963,9608717288.17057
VGB,British Virgin Islands,1963,
VIR,Virgin Islands (U.S.),1963,
VNM,Viet Nam,1963,
VUT,Vanuatu,1963,
WSM,Samoa,1963,
XKX,Kosovo,1963,
YEM,"Yemen, Rep.",1963,
ZAF,South Africa,1963,10854195658.3217
ZMB,Zambia,1963,704339718.545848
ZWE,Zimbabwe,1963,1160103724.1325
ABW,Aruba,1964,
AFE,Africa Eastern and Southern,1964,30279553206.6418
AFG,Afghanistan,1964,
AFW,Africa Western and Central,1964,15803564796.4118
AGO,Angola,1964,
ALB,Albania,1964,
AND,Andorra,1964,
ARE,United Arab Emirates,1964,
ARG,Argentina,1964,25605249381.7597
ARM,Armenia,1964,
ASM,American Samoa,1964,
ATG,Antigua and Barbuda,1964,
AUS,Australia,1964,23835843813.735
AUT,Austria,1964,9213648655.97511
AZE,Azerbaijan,1964,
BDI,Burundi,1964,260750008.0
BEL,Belgium,1964,16168044450.2523
BEN,Benin,1964,269819005.87814
BFA,Burkina Faso,1964,410321644.964911
BGD,Bangladesh,1964,5386054833.33333
BGR,Bulgaria,1964,
BHR,Bahrain,1964,
BHS,"Bahamas, The",1964,266560042.649607
BIH,Bosnia and Herzegovina,1964,
BLR,Belarus,1964,
BLZ,Belize,1964,36194586.1945862
BMU,Bermuda,1964,92200000.0
BOL,Bolivia,1964,544023569.023569
BRA,Brazil,1964,20963733694.9749
BRB,Barbados,1964,99252731.4515047
BRN,Brunei Darussalam,1964,
BTN,Bhutan,1964,
BWA,Botswana,1964,41616347.7906865
CAF,Central African Republic,1964,142025078.735754
CAN,Canada,1964,49503663836.3665
CHE,Switzerland,1964,15833133857.6281
CHI,Channel Islands,1964,
CHL,Chile,1964,6065708668.32735
CHN,China,1964,59821862703.4023
CIV,Cote d'Ivoire,1964,921063326.589918
CMR,Cameroon,1964,776650176.904453
COD,"Congo, Dem. Rep.",1964,2881545272.72727
COG,"Congo, Rep.",1964,185693724.905233
COL,Colombia,1964,5973366666.66667
COM,Comoros,1964,
CPV,Cabo Verde,1964,
CRI,Costa Rica,1964,542578367.242598
CUB,Cuba,1964,
CUW,Curacao,1964,
CYM,Cayman Islands,1964,
CYP,Cyprus,1964,
CZE,Czechia,1964,
DEU,Germany,1964,123330404665.086
DJI,Djibouti,1964,
DMA,Dominica,1964,
DNK,Denmark,1964,9677401337.17309
DOM,Dominican Republic,1964,1025599900.0
DZA,Algeria,1964,2909316435.2874
EAR,Early-demographic dividend,1964,201822394409.762
ECS,Europe & Central Asia,1964,620449239016.733
ECU,Ecuador,1964,2244146102.98333
EGY,"Egypt, Arab Rep.",1964,4709245761.67881
ERI,Eritrea,1964,
ESP,Spain,1964,21966876027.2517
EST,Estonia,1964,
ETH,Ethiopia,1964,1984129185.6
FIN,Finland,1964,7848987792.54261
FJI,Fiji,1964,140032741.468329
FRA,France,1964,93424179943.3453
FRO,Faroe Islands,1964,
FSM,"Micronesia, Fed. Sts.",1964,
GAB,Gabon,1964,215679855.342091
GBR,United Kingdom,1964,94407558351.1616
GEO,Georgia,1964,
GHA,Ghana,1964,1731296199.52296
GIB,Gibraltar,1964,
GIN,Guinea,1964,
GMB,"Gambia, The",1964,
GNB,Guinea-Bissau,1964,
GNQ,Equatorial Guinea,1964,51915000.0
GRC,Greece,1964,6576906345.11518
GRD,Grenada,1964,
GRL,Greenland,1964,
GTM,Guatemala,1964,1299099900.0
GUM,Guam,1964,
GUY,Guyana,1964,194774513.063717
HKG,"Hong Kong SAR, China",1964,2206466461.26434
HND,Honduras,1964,591100000.0
HRV,Croatia,1964,
HTI,Haiti,1964,325281200.0
HUN,Hungary,1964,
IDB,IDA blend,1964,16626632979.2211
IDN,Indonesia,1964,
IMN,Isle of Man,1964,
IND,India,1964,56480289940.9899
IRL,Ireland,1964,2851091646.43165
IRN,"Iran, Islamic Rep.",1964,5379845647.70139
IRQ,Iraq,1964,2136408197.83672
ISL,Iceland,1964,456206298.792753
ISR,Israel,1964,4024344852.54797
ITA,Italy,1964,65720771779.4768
JAM,Jamaica,1964,897949000.8204
JOR,Jordan,1964,
JPN,Japan,1964,87490590817.9803
KAZ,Kazakhstan,1964,
KEN,Kenya,1964,998759334.496266
KGZ,Kyrgyz Republic,1964,
KHM,Cambodia,1964,
KIR,Kiribati,1964,
KNA,St. Kitts and Nevis,1964,13416633.1250839
KOR,"Korea, Rep.",1964,3476789681.58031
KWT,Kuwait,1964,2071668533.03471
LAO,Lao PDR,1964,
LBN,Lebanon,1964,
LBR,Liberia,1964,218929100.0
LBY,Libya,1964,1341395421.44183
LCA,St. Lucia,1964,
LCN,Latin America & Caribbean,1964,111297635699.786
LIE,Liechtenstein,1964,
LKA,Sri Lanka,1964,1309747899.15966
LSO,Lesotho,1964,51939979.2240083
LTE,Late-demographic dividend,1964,208296557346.014
LTU,Lithuania,1964,
LUX,Luxembourg,1964,910877686.268584
LVA,Latvia,1964,
MAC,"Macao SAR, China",1964,
MAF,St. Martin (French part),1964,
MAR,Morocco,1964,2798345298.57781
MCO,Monaco,1964,
MDA,Moldova,1964,
MDG,Madagascar,1964,802482183.728778
MDV,Maldives,1964,
MEX,Mexico,1964,20080000000.0
MHL,Marshall Islands,1964,
MKD,North Macedonia,1964,
MLI,Mali,1964,
MLT,Malta,1964,
MMR,Myanmar,1964,411419905.846621
MNE,Montenegro,1964,
MNG,Mongolia,1964,
MNP,Northern Mariana Islands,1964,
MOZ,Mozambique,1964,
MRT,Mauritania,1964,224495743.865038
MUS,Mauritius,1964,218914569.184569
MWI,Malawi,1964,
MYS,Malaysia,1964,2674423922.48842
NAM,Namibia,1964,
NCL,New Caledonia,1964,
NER,Niger,1964,582816396.404409
NGA,Nigeria,1964,5552931318.82747
NIC,Nicaragua,1964,347119918.158577
NLD,Netherlands,1964,20232048552.8327
NOR,Norway,1964,7206522121.80418
NPL,Nepal,1964,496098775.308642
NRU,Nauru,1964,
NZL,New Zealand,1964,7340766415.01868
OMN,Oman,1964,61872525.7988835
PAK,Pakistan,1964,5204955900.88198
PAN,Panama,1964,776137500.0
PER,Peru,1964,4353664866.67985
PHL,Philippines,1964,5953756194.80988
PLW,Palau,1964,
PNG,Papua New Guinea,1964,305312048.849928
POL,Poland,1964,
PRI,Puerto Rico (US),1964,2570500000.0
PRK,"Korea, Dem. People's Rep.",1964,
PRT,Portugal,1964,4429202656.90741
PRY,Paraguay,1964,408349206.349206
PSE,West Bank and Gaza,1964,
PYF,French Polynesia,1964,
QAT,Qatar,1964,
ROU,Romania,1964,
RUS,Russia,1964,
RWA,Rwanda,1964,129999994.0
SAU,Saudi Arabia,1964,2371808712.88889
SDN,Sudan,1964,1388282600.1961
SEN,Senegal,1964,1188930645.34423
SGP,Singapore,1964,894153311.424857
SLB,Solomon Islands,1964,
SLE,Sierra Leone,1964,371847461.441278
SLV,El Salvador,1964,
SMR,San Marino,1964,
SOM,"Somalia, Fed. Rep.",1964,229529912.668035
SRB,Serbia,1964,
SSD,South Sudan,1964,
STP,Sao Tome and Principe,1964,
SUR,Suriname,1964,134400000.0
SVK,Slovak Republic,1964,
SVN,Slovenia,1964,
SWE,Sweden,1964,22685490195.3119
SWZ,Eswatini,1964,64980554.0077784
SXM,Sint Maarten (Dutch part),1964,
SYC,Seychelles,1964,15393031.5557147
SYR,Syrian Arab Republic,1964,1339494267.01571
TCA,Turks and Caicos Islands,1964,
TCD,Chad,1964,392247517.728482
TGO,Togo,1964,234572186.455851
THA,Thailand,1964,3889129942.30769
TJK,Tajikistan,1964,
TKM,Turkmenistan,1964,
TLS,Timor-Leste,1964,
TON,Tonga,1964,
TTO,Trinidad and Tobago,1964,711897520.256199
TUN,Tunisia,1964,1025866792.15686
TUR,Turkiye,1964,11177777777.7778
TUV,Tuvalu,1964,
TZA,Tanzania,1964,3748840925.06363
UGA,Uganda,1964,589247687.30035
UKR,Ukraine,1964,
URY,Uruguay,1964,1975701816.46615
USA,United States,1964,684144620689.655
UZB,Uzbekistan,1964,
VCT,St. Vincent and the Grenadines,1964,14758296.4375922
VEN,"Venezuela, RB",1964,8192413793.10345
VGB,British Virgin Islands,1964,
VIR,Virgin Islands (U.S.),1964,
VNM,Viet Nam,1964,
VUT,Vanuatu,1964,
WSM,Samoa,1964,
XKX,Kosovo,1964,
YEM,"Yemen, Rep.",1964,
ZAF,South Africa,1964,11955995217.6019
ZMB,Zambia,1964,822639671.273187
ZWE,Zimbabwe,1964,1217759447.00099
ABW,Aruba,1965,
AFE,Africa Eastern and Southern,1965,33806176716.8471
AFG,Afghanistan,1965,
AFW,Africa Western and Central,1965,16920876929.6607
AGO,Angola,1965,
ALB,Albania,1965,
AND,Andorra,1965,
ARE,United Arab Emirates,1965,
ARG,Argentina,1965,28344705966.6389
ARM,Armenia,1965,
ASM,American Samoa,1965,
ATG,Antigua and Barbuda,1965,
AUS,Australia,1965,26014244162.2791
AUT,Austria,1965,10041659445.118
AZE,Azerbaijan,1965,
BDI,Burundi,1965,158994962.962963
BEL,Belgium,1965,17597783297.4583
BEN,Benin,1965,289908680.426395
BFA,Burkina Faso,1965,422916789.7483
BGD,Bangladesh,1965,5906636791.66667
BGR,Bulgaria,1965,
BHR,Bahrain,1965,
BHS,"Bahamas, The",1965,300272048.043528
BIH,Bosnia and Herzegovina,1965,
BLR,Belarus,1965,
BLZ,Belize,1965,40110040.1100401
BMU,Bermuda,1965,98000000.0
BOL,Bolivia,1965,604377104.377104
BRA,Brazil,1965,22465522884.0988
BRB,Barbados,1965,105021996.861675
BRN,Brunei Darussalam,1965,114039500.591268
BTN,Bhutan,1965,
BWA,Botswana,1965,45788696.3343915
CAF,Central African Republic,1965,150574795.409863
CAN,Canada,1965,54649410478.5226
CHE,Switzerland,1965,16780226225.085
CHI,Channel Islands,1965,
CHL,Chile,1965,6183988944.34606
CHN,China,1965,70565994356.1828
CIV,Cote d'Ivoire,1965,919771228.816095
CMR,Cameroon,1965,814083265.511426
COD,"Congo, Dem. Rep.",1965,4043901818.18182
COG,"Congo, Rep.",1965,198318064.028924
COL,Colombia,1965,5760761904.7619
COM,Comoros,1965,
CPV,Cabo Verde,1965,
CRI,Costa Rica,1965,592981162.264151
CUB,Cuba,1965,
CUW,Curacao,1965,
CYM,Cayman Islands,1965,
CYP,Cyprus,1965,
CZE,Czechia,1965,
DEU,Germany,1965,134774688191.161
DJI,Djibouti,1965,
DMA,Dominica,1965,
DNK,Denmark,1965,10870670865.3211
DOM,Dominican Republic,1965,888100000.0
DZA,Algeria,1965,3136284306.85469
EAR,Early-demographic dividend,1965,218951522604.693
ECS,Europe & Central Asia,1965,676603823141.806
ECU,Ecuador,1965,2387047395.70254
EGY,"Egypt, Arab Rep.",1965,4948667540.41066
ERI,Eritrea,1965,
ESP,Spain,1965,25479619606.5284
EST,Estonia,1965,
ETH,Ethiopia,1965,2159998591.2
FIN,Finland,1965,8680393838.88018
FJI,Fiji,1965,147084750.031482
FRA,France,1965,100927668584.29
FRO,Faroe Islands,1965,57954522.4217259
FSM,"Micronesia, Fed. Sts.",1965,
GAB,Gabon,1965,226474285.779063
GBR,United Kingdom,1965,101824755078.991
GEO,Georgia,1965,
GHA,Ghana,1965,2053462968.0426
GIB,Gibraltar,1965,
GIN,Guinea,1965,
GMB,"Gambia, The",1965,
GNB,Guinea-Bissau,1965,
GNQ,Equatorial Guinea,1965,64748333.3333333
GRC,Greece,1965,7582209670.27425
GRD,Grenada,1965,
GRL,Greenland,1965,
GTM,Guatemala,1965,1331399900.0
GUM,Guam,1965,
GUY,Guyana,1965,213235294.117647
HKG,"Hong Kong SAR, China",1965,2435078534.03141
HND,Honduras,1965,651050000.0
HRV,Croatia,1965,
HTI,Haiti,1965,353251800.0
HUN,Hungary,1965,
IDB,IDA blend,1965,17977186457.6129
IDN,Indonesia,1965,
IMN,Isle of Man,1965,
IND,India,1965,59556105229.0052
IRL,Ireland,1965,3035655793.5247
IRN,"Iran, Islamic Rep.",1965,6197319929.04038
IRQ,Iraq,1965,2335785506.0858
ISL,Iceland,1965,550150987.996732
ISR,Israel,1965,4329084428.62583
ITA,Italy,1965,70717012186.1774
JAM,Jamaica,1965,972159611.136156
JOR,Jordan,1965,599759760.096096
JPN,Japan,1965,97338107605.8236
KAZ,Kazakhstan,1965,
KEN,Kenya,1965,997919320.832272
KGZ,Kyrgyz Republic,1965,
KHM,Cambodia,1965,
KIR,Kiribati,1965,
KNA,St. Kitts and Nevis,1965,13593932.3220537
KOR,"Korea, Rep.",1965,3141131708.31319
KWT,Kuwait,1965,2097199161.12034
LAO,Lao PDR,1965,
LBN,Lebanon,1965,
LBR,Liberia,1965,229260800.0
LBY,Libya,1965,1804979680.40813
LCA,St. Lucia,1965,
LCN,Latin America & Caribbean,1965,119597691837.21
LIE,Liechtenstein,1965,
LKA,Sri Lanka,1965,1698319327.73109
LSO,Lesotho,1965,54879978.0480088
LTE,Late-demographic dividend,1965,233446890704.184
LTU,Lithuania,1965,
LUX,Luxembourg,1965,929477284.788002
LVA,Latvia,1965,
MAC,"Macao SAR, China",1965,
MAF,St. Martin (French part),1965,
MAR,Morocco,1965,2948331090.46752
MCO,Monaco,1965,
MDA,Moldova,1965,
MDG,Madagascar,1965,833563472.9981
MDV,Maldives,1965,
MEX,Mexico,1965,21840000000.0
MHL,Marshall Islands,1965,
MKD,North Macedonia,1965,
MLI,Mali,1965,
MLT,Malta,1965,
MMR,Myanmar,1965,367053117.224523
MNE,Montenegro,1965,
MNG,Mongolia,1965,
MNP,Northern Mariana Islands,1965,
MOZ,Mozambique,1965,
MRT,Mauritania,1965,255340474.997828
MUS,Mauritius,1965,230024160.524161
MWI,Malawi,1965,
MYS,Malaysia,1965,2956337669.29525
NAM,Namibia,1965,
NCL,New Caledonia,1965,159594492.463655
NER,Niger,1965,673383510.812866
NGA,Nigeria,1965,5874537650.18494
NIC,Nicaragua,1965,564290020.384288
NLD,Netherlands,1965,22721869808.1438
NOR,Norway,1965,8111945661.21624
NPL,Nepal,1965,735267082.294264
NRU,Nauru,1965,
NZL,New Zealand,1965,5706251400.19577
OMN,Oman,1965,63279974.6880101
PAK,Pakistan,1965,5929231415.37169
PAN,Panama,1965,852485300.0
PER,Peru,1965,5163008077.37371
PHL,Philippines,1965,6517349771.93386
PLW,Palau,1965,
PNG,Papua New Guinea,1965,344176055.068169
POL,Poland,1965,
PRI,Puerto Rico (US),1965,2881500000.0
PRK,"Korea, Dem. People's Rep.",1965,
PRT,Portugal,1965,4901711247.81592
PRY,Paraguay,1965,443587301.587302
PSE,West Bank and Gaza,1965,
PYF,French Polynesia,1965,176534588.403052
QAT,Qatar,1965,
ROU,Romania,1965,
RUS,Russia,1965,
RWA,Rwanda,1965,148799980.0
SAU,Saudi Arabia,1965,2647955557.55556
SDN,Sudan,1965,1446869619.31898
SEN,Senegal,1965,1210058228.17112
SGP,Singapore,1965,974644096.144674
SLB,Solomon Islands,1965,
SLE,Sierra Leone,1965,359379856.248058
SLV,El Salvador,1965,877720000.0
SMR,San Marino,1965,
SOM,"Somalia, Fed. Rep.",1965,243725898.029641
SRB,Serbia,1965,
SSD,South Sudan,1965,
STP,Sao Tome and Principe,1965,
SUR,Suriname,1965,154150000.0
SVK,Slovak Republic,1965,
SVN,Slovenia,1965,
SWE,Sweden,1965,24963947414.6983
SWZ,Eswatini,1965,70279971.8880112
SXM,Sint Maarten (Dutch part),1965,
SYC,Seychelles,1965,15603031.9862156
SYR,Syrian Arab Republic,1965,1472036540.13329
TCA,Turks and Caicos Islands,1965,
TCD,Chad,1965,416926303.316872
TGO,Togo,1965,264505506.022433
THA,Thailand,1965,4388937649.03846
TJK,Tajikistan,1965,
TKM,Turkmenistan,1965,
TLS,Timor-Leste,1965,
TON,Tonga,1965,
TTO,Trinidad and Tobago,1965,736573158.567104
TUN,Tunisia,1965,991047619.047619
TUR,Turkiye,1965,11966666666.6667
TUV,Tuvalu,1965,
TZA,Tanzania,1965,3817226546.22938
UGA,Uganda,1965,884502309.953801
UKR,Ukraine,1965,
URY,Uruguay,1965,1890767155.52622
USA,United States,1965,741904862068.965
UZB,Uzbekistan,1965,
VCT,St. Vincent and the Grenadines,1965,15108295.5625944
VEN,"Venezuela, RB",1965,8427777777.77778
VGB,British Virgin Islands,1965,
VIR,Virgin Islands (U.S.),1965,
VNM,Viet Nam,1965,
VUT,Vanuatu,1965,
WSM,Samoa,1965,
XKX,Kosovo,1965,
YEM,"Yemen, Rep.",1965,
ZAF,South Africa,1965,13068994772.4021
ZMB,Zambia,1965,1061199575.94465
ZWE,Zimbabwe,1965,1312105393.62448
ABW,Aruba,1966,
AFE,Africa Eastern and Southern,1966,36927249593.1569
AFG,Afghanistan,1966,
AFW,Africa Western and Central,1966,18033947666.935
AGO,Angola,1966,
ALB,Albania,1966,
AND,Andorra,1966,
ARE,United Arab Emirates,1966,
ARG,Argentina,1966,28630474727.9023
ARM,Armenia,1966,
ASM,American Samoa,1966,
ATG,Antigua and Barbuda,1966,
AUS,Australia,1966,27349284375.8855
AUT,Austria,1966,10939526218.6393
AZE,Azerbaijan,1966,
BDI,Burundi,1966,165444571.428571
BEL,Belgium,1966,18894891312.2977
BEN,Benin,1966,302925235.151997
BFA,Burkina Faso,1966,433889766.239436
BGD,Bangladesh,1966,6439687854.16667
BGR,Bulgaria,1966,
BHR,Bahrain,1966,
BHS,"Bahamas, The",1966,346800000.0
BIH,Bosnia and Herzegovina,1966,
BLR,Belarus,1966,
BLZ,Belize,1966,44450044.4500445
BMU,Bermuda,1966,115000000.0
BOL,Bolivia,1966,669191919.191919
BRA,Brazil,1966,28283323733.1114
BRB,Barbados,1966,113195122.762193
BRN,Brunei Darussalam,1966,132757528.044374
BTN,Bhutan,1966,
BWA,Botswana,1966,51465655.3921083
CAF,Central African Republic,1966,157930018.091087
CAN,Canada,1966,61252415404.686
CHE,Switzerland,1966,18019402373.5388
CHI,Channel Islands,1966,
CHL,Chile,1966,7256882086.19585
CHN,China,1966,76854053259.209
CIV,Cote d'Ivoire,1966,1024102880.05862
CMR,Cameroon,1966,851112534.552636
COD,"Congo, Dem. Rep.",1966,4532660181.81818
COG,"Congo, Rep.",1966,220613581.972601
COL,Colombia,1966,5428518518.51852
COM,Comoros,1966,
CPV,Cabo Verde,1966,
CRI,Costa Rica,1966,647305630.188679
CUB,Cuba,1966,
CUW,Curacao,1966,
CYM,Cayman Islands,1966,
CYP,Cyprus,1966,
CZE,Czechia,1966,
DEU,Germany,1966,143304275683.979
DJI,Djibouti,1966,
DMA,Dominica,1966,
DNK,Denmark,1966,11931740293.0378
DOM,Dominican Republic,1966,983900000.0
DZA,Algeria,1966,3039859187.45164
EAR,Early-demographic dividend,1966,216877873081.118
ECS,Europe & Central Asia,1966,731699507285.095
ECU,Ecuador,1966,2429308638.838
EGY,"Egypt, Arab Rep.",1966,5278005611.91453
ERI,Eritrea,1966,
ESP,Spain,1966,29559436182.9186
EST,Estonia,1966,
ETH,Ethiopia,1966,2324466416.0
FIN,Finland,1966,9306142171.60056
FJI,Fiji,1966,150603925.515853
FRA,France,1966,109306730313.216
FRO,Faroe Islands,1966,64397131.0846457
FSM,"Micronesia, Fed. Sts.",1966,
GAB,Gabon,1966,245849781.273234
GBR,United Kingdom,1966,108572752102.045
GEO,Georgia,1966,
GHA,Ghana,1966,2126300672.22965
GIB,Gibraltar,1966,
GIN,Guinea,1966,
GMB,"Gambia, The",1966,44212081.3502297
GNB,Guinea-Bissau,1966,
GNQ,Equatorial Guinea,1966,69110000.0
GRC,Greece,1966,8472021466.86847
GRD,Grenada,1966,
GRL,Greenland,1966,
GTM,Guatemala,1966,1390700000.0
GUM,Guam,1966,
GUY,Guyana,1966,228705882.352941
HKG,"Hong Kong SAR, China",1966,2489845016.64894
HND,Honduras,1966,692150000.0
HRV,Croatia,1966,
HTI,Haiti,1966,368948600.0
HUN,Hungary,1966,
IDB,IDA blend,1966,19605545864.4967
IDN,Indonesia,1966,
IMN,Isle of Man,1966,
IND,India,1966,45581230504.071
IRL,Ireland,1966,3198820903.82796
IRN,"Iran, Islamic Rep.",1966,6789938671.75094
IRQ,Iraq,1966,2530306095.87756
ISL,Iceland,1966,660663763.278256
ISR,Israel,1966,4703300098.0703
ITA,Italy,1966,76622444787.3696
JAM,Jamaica,1966,1096759561.29618
JOR,Jordan,1966,657999736.800105
JPN,Japan,1966,113046784179.289
KAZ,Kazakhstan,1966,
KEN,Kenya,1966,1164519674.19213
KGZ,Kyrgyz Republic,1966,
KHM,Cambodia,1966,
KIR,Kiribati,1966,
KNA,St. Kitts and Nevis,1966,14469078.1796966
KOR,"Korea, Rep.",1966,3957064541.39218
KWT,Kuwait,1966,2391199043.52038
LAO,Lao PDR,1966,
LBN,Lebanon,1966,
LBR,Liberia,1966,244459500.0
LBY,Libya,1966,2312438535.82459
LCA,St. Lucia,1966,
LCN,Latin America & Caribbean,1966,131678790598.877
LIE,Liechtenstein,1966,
LKA,Sri Lanka,1966,1751470588.23529
LSO,Lesotho,1966,56699977.3200091
LTE,Late-demographic dividend,1966,259994255595.183
LTU,Lithuania,1966,
LUX,Luxembourg,1966,976717015.461454
LVA,Latvia,1966,
MAC,"Macao SAR, China",1966,
MAF,St. Martin (French part),1966,
MAR,Morocco,1966,2876401297.10759
MCO,Monaco,1966,
MDA,Moldova,1966,
MDG,Madagascar,1966,900264584.590829
MDV,Maldives,1966,
MEX,Mexico,1966,24320000000.0
MHL,Marshall Islands,1966,
MKD,North Macedonia,1966,
MLI,Mali,1966,
MLT,Malta,1966,
MMR,Myanmar,1966,293103478.548483
MNE,Montenegro,1966,
MNG,Mongolia,1966,
MNP,Northern Mariana Islands,1966,
MOZ,Mozambique,1966,
MRT,Mauritania,1966,266533605.185831
MUS,Mauritius,1966,227534083.454083
MWI,Malawi,1966,
MYS,Malaysia,1966,3143517943.82632
NAM,Namibia,1966,
NCL,New Caledonia,1966,164206536.445162
NER,Niger,1966,702296078.593173
NGA,Nigeria,1966,6366917453.23302
NIC,Nicaragua,1966,607140010.475682
NLD,Netherlands,1966,24741480717.0389
NOR,Norway,1966,8753940266.90184
NPL,Nepal,1966,906811943.824649
NRU,Nauru,1966,
NZL,New Zealand,1966,5917437693.37459
OMN,Oman,1966,67759972.8960108
PAK,Pakistan,1966,6561108777.82444
PAN,Panama,1966,928833000.0
PER,Peru,1966,6109048736.61853
PHL,Philippines,1966,7189017887.69231
PLW,Palau,1966,
PNG,Papua New Guinea,1966,390992062.55873
POL,Poland,1966,
PRI,Puerto Rico (US),1966,3170500000.0
PRK,"Korea, Dem. People's Rep.",1966,
PRT,Portugal,1966,5370108031.12859
PRY,Paraguay,1966,465888888.888889
PSE,West Bank and Gaza,1966,
PYF,French Polynesia,1966,215659453.550939
QAT,Qatar,1966,
ROU,Romania,1966,
RUS,Russia,1966,
RWA,Rwanda,1966,124525702.857143
SAU,Saudi Arabia,1966,2920555557.11111
SDN,Sudan,1966,1484491675.71652
SEN,Senegal,1966,1246908185.96343
SGP,Singapore,1966,1096425608.09089
SLB,Solomon Islands,1966,
SLE,Sierra Leone,1966,375479849.80806
SLV,El Salvador,1966,929520000.0
SMR,San Marino,1966,
SOM,"Somalia, Fed. Rep.",1966,257375897.049641
SRB,Serbia,1966,
SSD,South Sudan,1966,
STP,Sao Tome and Principe,1966,
SUR,Suriname,1966,190350000.0
SVK,Slovak Republic,1966,
SVN,Slovenia,1966,
SWE,Sweden,1966,27154716721.2854
SWZ,Eswatini,1966,76859969.2560123
SXM,Sint Maarten (Dutch part),1966,
SYC,Seychelles,1966,16443033.7082191
SYR,Syrian Arab Republic,1966,1342287553.19149
TCA,Turks and Caicos Islands,1966,
TCD,Chad,1966,432794921.680489
TGO,Togo,1966,305227594.821437
THA,Thailand,1966,5279230817.30769
TJK,Tajikistan,1966,
TKM,Turkmenistan,1966,
TLS,Timor-Leste,1966,
TON,Tonga,1966,
TTO,Trinidad and Tobago,1966,723739857.317023
TUN,Tunisia,1966,1040952380.95238
TUR,Turkiye,1966,14100000000.0
TUV,Tuvalu,1966,
TZA,Tanzania,1966,4377998825.12047
UGA,Uganda,1966,925381492.370153
UKR,Ukraine,1966,
URY,Uruguay,1966,1809185093.55188
USA,United States,1966,813032758620.69
UZB,Uzbekistan,1966,
VCT,St. Vincent and the Grenadines,1966,16099959.7501006
VEN,"Venezuela, RB",1966,8781333333.33333
VGB,British Virgin Islands,1966,
VIR,Virgin Islands (U.S.),1966,
VNM,Viet Nam,1966,
VUT,Vanuatu,1966,
WSM,Samoa,1966,
XKX,Kosovo,1966,
YEM,"Yemen, Rep.",1966,
ZAF,South Africa,1966,14211394315.4423
ZMB,Zambia,1966,1238999504.8958
ZWE,Zimbabwe,1966,1282403936.37681
ABW,Aruba,1967,
AFE,Africa Eastern and Southern,1967,38444163573.9168
AFG,Afghanistan,1967,
AFW,Africa Western and Central,1967,16493541543.816
AGO,Angola,1967,
ALB,Albania,1967,
AND,Andorra,1967,
ARE,United Arab Emirates,1967,
ARG,Argentina,1967,24256667553.2569
ARM,Armenia,1967,
ASM,American Samoa,1967,
ATG,Antigua and Barbuda,1967,
AUS,Australia,1967,30487524878.004
AUT,Austria,1967,11634569521.9273
AZE,Azerbaijan,1967,
BDI,Burundi,1967,178297142.857143
BEL,Belgium,1967,20252508995.4745
BEN,Benin,1967,306221953.104911
BFA,Burkina Faso,1967,450753923.548048
BGD,Bangladesh,1967,7253575687.5
BGR,Bulgaria,1967,
BHR,Bahrain,1967,
BHS,"Bahamas, The",1967,398000000.0
BIH,Bosnia and Herzegovina,1967,
BLR,Belarus,1967,
BLZ,Belize,1967,47431255.747674
BMU,Bermuda,1967,134800000.0
BOL,Bolivia,1967,755808080.808081
BRA,Brazil,1967,31086389194.961
BRB,Barbados,1967,125554008.718721
BRN,Brunei Darussalam,1967,139029537.243321
BTN,Bhutan,1967,
BWA,Botswana,1967,58642354.089673
CAF,Central African Republic,1967,163820513.562432
CAN,Canada,1967,65856924423.9721
CHE,Switzerland,1967,19397044714.0963
CHI,Channel Islands,1967,
CHL,Chile,1967,7145068067.64138
CHN,China,1967,73011350596.2485
CIV,Cote d'Ivoire,1967,1082922724.87189
CMR,Cameroon,1967,936175260.030919
COD,"Congo, Dem. Rep.",1967,3384063371.75792
COG,"Congo, Rep.",1967,237397428.13501
COL,Colombia,1967,5825170438.48704
COM,Comoros,1967,
CPV,Cabo Verde,1967,
CRI,Costa Rica,1967,699456618.867925
CUB,Cuba,1967,
CUW,Curacao,1967,
CYM,Cayman Islands,1967,
CYP,Cyprus,1967,
CZE,Czechia,1967,
DEU,Germany,1967,145100667772.69
DJI,Djibouti,1967,
DMA,Dominica,1967,
DNK,Denmark,1967,13059064805.8774
DOM,Dominican Republic,1967,1034800000.0
DZA,Algeria,1967,3370870376.29682
EAR,Early-demographic dividend,1967,228982484399.536
ECS,Europe & Central Asia,1967,777321336439.052
ECU,Ecuador,1967,2553595172.08743
EGY,"Egypt, Arab Rep.",1967,5605484298.98275
ERI,Eritrea,1967,
ESP,Spain,1967,32570905397.2885
EST,Estonia,1967,
ETH,Ethiopia,1967,2461762002.8
FIN,Finland,1967,9468272357.09549
FJI,Fiji,1967,162625885.863484
FRA,France,1967,118088635380.954
FRO,Faroe Islands,1967,66225403.5588069
FSM,"Micronesia, Fed. Sts.",1967,
GAB,Gabon,1967,271543680.048895
GBR,United Kingdom,1967,113116888210.787
GEO,Georgia,1967,
GHA,Ghana,1967,1747187644.9031
GIB,Gibraltar,1967,
GIN,Guinea,1967,
GMB,"Gambia, The",1967,46695006.9579374
GNB,Guinea-Bissau,1967,
GNQ,Equatorial Guinea,1967,72317446.9327193
GRC,Greece,1967,9146592855.683
GRD,Grenada,1967,
GRL,Greenland,1967,
GTM,Guatemala,1967,1453500000.0
GUM,Guam,1967,
GUY,Guyana,1967,250176470.588235
HKG,"Hong Kong SAR, China",1967,2692474989.12571
HND,Honduras,1967,750950000.0
HRV,Croatia,1967,
HTI,Haiti,1967,369124200.0
HUN,Hungary,1967,
IDB,IDA blend,1967,19795254777.9829
IDN,Indonesia,1967,5667756627.92093
IMN,Isle of Man,1967,
IND,India,1967,50134942204.0
IRL,Ireland,1967,3445739914.73101
IRN,"Iran, Islamic Rep.",1967,7555383690.16
IRQ,Iraq,1967,2551522656.19094
ISL,Iceland,1967,652609075.682946
ISR,Israel,1967,4762386782.7194
ITA,Italy,1967,84401995573.2456
JAM,Jamaica,1967,1148014310.8255
JOR,Jordan,1967,631679747.328101
JPN,Japan,1967,132475614226.519
KAZ,Kazakhstan,1967,
KEN,Kenya,1967,1232559506.9762
KGZ,Kyrgyz Republic,1967,
KHM,Cambodia,1967,
KIR,Kiribati,1967,
KNA,St. Kitts and Nevis,1967,16742338.2519864
KOR,"Korea, Rep.",1967,4895076717.9993
KWT,Kuwait,1967,2441599023.36039
LAO,Lao PDR,1967,
LBN,Lebanon,1967,
LBR,Liberia,1967,261024300.0
LBY,Libya,1967,2726986912.80523
LCA,St. Lucia,1967,
LCN,Latin America & Caribbean,1967,134312213003.602
LIE,Liechtenstein,1967,
LKA,Sri Lanka,1967,1859465020.57613
LSO,Lesotho,1967,59261976.2952095
LTE,Late-demographic dividend,1967,261259999430.176
LTU,Lithuania,1967,
LUX,Luxembourg,1967,983052314.930267
LVA,Latvia,1967,
MAC,"Macao SAR, China",1967,
MAF,St. Martin (French part),1967,
MAR,Morocco,1967,3046345314.38655
MCO,Monaco,1967,
MDA,Moldova,1967,
MDG,Madagascar,1967,956436932.101291
MDV,Maldives,1967,
MEX,Mexico,1967,26560000000.0
MHL,Marshall Islands,1967,
MKD,North Macedonia,1967,
MLI,Mali,1967,275494477.586098
MLT,Malta,1967,
MMR,Myanmar,1967,420359035.897436
MNE,Montenegro,1967,
MNG,Mongolia,1967,
MNP,Northern Mariana Islands,1967,
MOZ,Mozambique,1967,
MRT,Mauritania,1967,282615310.216284
MUS,Mauritius,1967,238439290.867222
MWI,Malawi,1967,
MYS,Malaysia,1967,3188924677.08953
NAM,Namibia,1967,
NCL,New Caledonia,1967,180036767.648861
NER,Niger,1967,665586872.274446
NGA,Nigeria,1967,5203237918.70483
NIC,Nicaragua,1967,657140010.747554
NLD,Netherlands,1967,27143828098.7481
NOR,Norway,1967,9577383653.18303
NPL,Nepal,1967,841974025.462659
NRU,Nauru,1967,
NZL,New Zealand,1967,6016017227.09124
OMN,Oman,1967,107151832.489651
PAK,Pakistan,1967,7464510709.7858
PAN,Panama,1967,1034376400.0
PER,Peru,1967,6194340079.8786
PHL,Philippines,1967,7724873935.12821
PLW,Palau,1967,
PNG,Papua New Guinea,1967,441728182.676509
POL,Poland,1967,
PRI,Puerto Rico (US),1967,3532700000.0
PRK,"Korea, Dem. People's Rep.",1967,
PRT,Portugal,1967,6002607029.64663
PRY,Paraguay,1967,492674603.174603
PSE,West Bank and Gaza,1967,
PYF,French Polynesia,1967,220984367.626581
QAT,Qatar,1967,
ROU,Romania,1967,
RUS,Russia,1967,
RWA,Rwanda,1967,159560018.0
SAU,Saudi Arabia,1967,3257022222.66667
SDN,Sudan,1967,1607409539.36648
SEN,Senegal,1967,1246480765.97984
SGP,Singapore,1967,1238035815.78586
SLB,Solomon Islands,1967,25203524.0325638
SLE,Sierra Leone,1967,348795303.000385
SLV,El Salvador,1967,976200000.0
SMR,San Marino,1967,
SOM,"Somalia, Fed. Rep.",1967,271781886.807245
SRB,Serbia,1967,
SSD,South Sudan,1967,
STP,Sao Tome and Principe,1967,
SUR,Suriname,1967,220700000.0
SVK,Slovak Republic,1967,
SVN,Slovenia,1967,
SWE,Sweden,1967,29474881505.9928
SWZ,Eswatini,1967,74759970.096012
SXM,Sint Maarten (Dutch part),1967,
SYC,Seychelles,1967,16632032.1339974
SYR,Syrian Arab Republic,1967,1580229799.42693
TCA,Turks and Caicos Islands,1967,
TCD,Chad,1967,449826322.613453
TGO,Togo,1967,327215843.636336
THA,Thailand,1967,5638461442.30769
TJK,Tajikistan,1967,
TKM,Turkmenistan,1967,
TLS,Timor-Leste,1967,
TON,Tonga,1967,
TTO,Trinidad and Tobago,1967,761981912.42271
TUN,Tunisia,1967,1085714285.71429
TUR,Turkiye,1967,15644444444.4444
TUV,Tuvalu,1967,
TZA,Tanzania,1967,4565132047.52718
UGA,Uganda,1967,967240655.186896
UKR,Ukraine,1967,
URY,Uruguay,1967,1597713469.09611
USA,United States,1967,859620034482.759
UZB,Uzbekistan,1967,
VCT,St. Vincent and the Grenadines,1967,15835106.0327781
VEN,"Venezuela, RB",1967,9250000000.0
VGB,British Virgin Islands,1967,
VIR,Virgin Islands (U.S.),1967,
VNM,Viet Nam,1967,
VUT,Vanuatu,1967,
WSM,Samoa,1967,
XKX,Kosovo,1967,
YEM,"Yemen, Rep.",1967,
ZAF,South Africa,1967,15821393671.4425
ZMB,Zambia,1967,1340639464.28047
ZWE,Zimbabwe,1967,1397715282.06274
ABW,Aruba,1968,
AFE,Africa Eastern and Southern,1968,41742001495.4024
AFG,Afghanistan,1968,
AFW,Africa Western and Central,1968,17022596883.7037
AGO,Angola,1968,
ALB,Albania,1968,
AND,Andorra,1968,
ARE,United Arab Emirates,1968,
ARG,Argentina,1968,26436857247.4982
ARM,Armenia,1968,
ASM,American Samoa,1968,
ATG,Antigua and Barbuda,1968,
AUS,Australia,1968,32763365242.1384
AUT,Austria,1968,12499863917.1003
AZE,Azerbaijan,1968,
BDI,Burundi,1968,183200000.0
BEL,Belgium,1968,21654856965.4281
BEN,Benin,1968,326323105.26476
BFA,Burkina Faso,1968,460442689.376378
BGD,Bangladesh,1968,7483685770.83333
BGR,Bulgaria,1968,
BHR,Bahrain,1968,
BHS,"Bahamas, The",1968,453800000.0
BIH,Bosnia and Herzegovina,1968,
BLR,Belarus,1968,
BLZ,Belize,1968,44999910.00018
BMU,Bermuda,1968,150000000.0
BOL,Bolivia,1968,857912457.912458
BRA,Brazil,1968,33930457425.2613
BRB,Barbados,1968,125733668.5
BRN,Brunei Darussalam,1968,160818235.866746
BTN,Bhutan,1968,
BWA,Botswana,1968,66248441.4182466
CAF,Central African Republic,1968,191767441.604577
CAN,Canada,1968,72048833006.1602
CHE,Switzerland,1968,20712102793.8026
CHI,Channel Islands,1968,
CHL,Chile,1968,7286820526.02462
CHN,China,1968,70980323818.7853
CIV,Cote d'Ivoire,1968,1281281276.72357
CMR,Cameroon,1968,1046191217.79942
COD,"Congo, Dem. Rep.",1968,3909780538.92216
COG,"Congo, Rep.",1968,251247457.765525
COL,Colombia,1968,5960212869.12968
COM,Comoros,1968,
CPV,Cabo Verde,1968,
CRI,Costa Rica,1968,773841494.339623
CUB,Cuba,1968,
CUW,Curacao,1968,
CYM,Cayman Islands,1968,
CYP,Cyprus,1968,
CZE,Czechia,1968,
DEU,Germany,1968,156527292653.157
DJI,Djibouti,1968,
DMA,Dominica,1968,
DNK,Denmark,1968,13505574133.3333
DOM,Dominican Republic,1968,1079100000.0
DZA,Algeria,1968,3852147026.77302
EAR,Early-demographic dividend,1968,249635352315.78
ECS,Europe & Central Asia,1968,818734190049.157
ECU,Ecuador,1968,2582179864.15493
EGY,"Egypt, Arab Rep.",1968,5932242990.65421
ERI,Eritrea,1968,
ESP,Spain,1968,32394326463.759
EST,Estonia,1968,
ETH,Ethiopia,1968,2619948864.8
FIN,Finland,1968,8916565040.54632
FJI,Fiji,1968,166952937.135005
FRA,France,1968,128710572572.436
FRO,Faroe Islands,1968,65186666.6666667
FSM,"Micronesia, Fed. Sts.",1968,
GAB,Gabon,1968,294468564.245272
GBR,United Kingdom,1968,107759910067.889
GEO,Georgia,1968,
GHA,Ghana,1968,1666909517.65205
GIB,Gibraltar,1968,
GIN,Guinea,1968,
GMB,"Gambia, The",1968,41160065.8561054
GNB,Guinea-Bissau,1968,
GNQ,Equatorial Guinea,1968,67514285.7142857
GRC,Greece,1968,9950331205.83108
GRD,Grenada,1968,
GRL,Greenland,1968,
GTM,Guatemala,1968,1610500000.0
GUM,Guam,1968,
GUY,Guyana,1968,229750000.0
HKG,"Hong Kong SAR, China",1968,2716964388.42418
HND,Honduras,1968,815450000.0
HRV,Croatia,1968,
HTI,Haiti,1968,367968800.0
HUN,Hungary,1968,4886222554.66355
IDB,IDA blend,1968,21047483665.4866
IDN,Indonesia,1968,7076465299.81141
IMN,Isle of Man,1968,
IND,India,1968,53085455870.6667
IRL,Ireland,1968,3378701146.84197
IRN,"Iran, Islamic Rep.",1968,8623172959.89803
IRQ,Iraq,1968,2896598841.36046
ISL,Iceland,1968,498365199.686946
ISR,Israel,1968,5458427927.8861
ITA,Italy,1968,91485448147.84
JAM,Jamaica,1968,1083839132.92869
JOR,Jordan,1968,561119775.55209
JPN,Japan,1968,156897496759.128
KAZ,Kazakhstan,1968,
KEN,Kenya,1968,1353295458.68182
KGZ,Kyrgyz Republic,1968,
KHM,Cambodia,1968,
KIR,Kiribati,1968,
KNA,St. Kitts and Nevis,1968,14600000.0
KOR,"Korea, Rep.",1968,6167109472.42856
KWT,Kuwait,1968,2662798934.88043
LAO,Lao PDR,1968,
LBN,Lebanon,1968,
LBR,Liberia,1968,276820700.0
LBY,Libya,1968,3850623094.95076
LCA,St. Lucia,1968,
LCN,Latin America & Caribbean,1968,144144177278.735
LIE,Liechtenstein,1968,
LKA,Sri Lanka,1968,1801344537.81513
LSO,Lesotho,1968,61445975.4216098
LTE,Late-demographic dividend,1968,265793115767.977
LTU,Lithuania,1968,
LUX,Luxembourg,1968,1075561622.81321
LVA,Latvia,1968,
MAC,"Macao SAR, China",1968,
MAF,St. Martin (French part),1968,
MAR,Morocco,1968,3271422332.61996
MCO,Monaco,1968,
MDA,Moldova,1968,
MDG,Madagascar,1968,1031669637.39553
MDV,Maldives,1968,
MEX,Mexico,1968,29360000000.0
MHL,Marshall Islands,1968,
MKD,North Macedonia,1968,
MLI,Mali,1968,343771972.993855
MLT,Malta,1968,
MMR,Myanmar,1968,559956130.283622
MNE,Montenegro,1968,
MNG,Mongolia,1968,
MNP,Northern Mariana Islands,1968,
MOZ,Mozambique,1968,
MRT,Mauritania,1968,311395937.322956
MUS,Mauritius,1968,206576630.576631
MWI,Malawi,1968,
MYS,Malaysia,1968,3330371551.21161
NAM,Namibia,1968,
NCL,New Caledonia,1968,215507162.56893
NER,Niger,1968,641214226.209493
NGA,Nigeria,1968,5200997919.60083
NIC,Nicaragua,1968,692859984.612158
NLD,Netherlands,1968,30097635750.982
NOR,Norway,1968,10227087165.2414
NPL,Nepal,1968,772231386.914829
NRU,Nauru,1968,
NZL,New Zealand,1968,5228045415.27318
OMN,Oman,1968,188879848.896121
PAK,Pakistan,1968,8041999160.0168
PAN,Panama,1968,1112791100.0
PER,Peru,1968,5736083835.29034
PHL,Philippines,1968,8632749269.48718
PLW,Palau,1968,
PNG,Papua New Guinea,1968,485184189.62947
POL,Poland,1968,
PRI,Puerto Rico (US),1968,3941700000.0
PRK,"Korea, Dem. People's Rep.",1968,
PRT,Portugal,1968,6644693214.18343
PRY,Paraguay,1968,517650793.650794
PSE,West Bank and Gaza,1968,
PYF,French Polynesia,1968,259590074.527934
QAT,Qatar,1968,
ROU,Romania,1968,
RUS,Russia,1968,
RWA,Rwanda,1968,172200018.0
SAU,Saudi Arabia,1968,4187777711.11111
SDN,Sudan,1968,1677771400.56798
SEN,Senegal,1968,1309384861.92219
SGP,Singapore,1968,1425706091.0356
SLB,Solomon Islands,1968,28084252.7582748
SLE,Sierra Leone,1968,329859731.943893
SLV,El Salvador,1968,1009760100.0
SMR,San Marino,1968,
SOM,"Somalia, Fed. Rep.",1968,286719885.312046
SRB,Serbia,1968,
SSD,South Sudan,1968,
STP,Sao Tome and Principe,1968,
SUR,Suriname,1968,241350000.0
SVK,Slovak Republic,1968,
SVN,Slovenia,1968,
SWE,Sweden,1968,31277871668.8452
SWZ,Eswatini,1968,79799968.0800128
SXM,Sint Maarten (Dutch part),1968,
SYC,Seychelles,1968,16074027.6473276
SYR,Syrian Arab Republic,1968,1753746429.62092
TCA,Turks and Caicos Islands,1968,
TCD,Chad,1968,453980096.208711
TGO,Togo,1968,341691567.465593
THA,Thailand,1968,6081009427.88461
TJK,Tajikistan,1968,
TKM,Turkmenistan,1968,
TLS,Timor-Leste,1968,
TON,Tonga,1968,
TTO,Trinidad and Tobago,1968,758899950.0
TUN,Tunisia,1968,1214666666.66667
TUR,Turkiye,1968,17500000000.0
TUV,Tuvalu,1968,
TZA,Tanzania,1968,4895251824.05927
UGA,Uganda,1968,1037379252.41495
UKR,Ukraine,1968,
URY,Uruguay,1968,1593674184.56285
USA,United States,1968,940225000000.0
UZB,Uzbekistan,1968,
VCT,St. Vincent and the Grenadines,1968,15350000.0
VEN,"Venezuela, RB",1968,10034444444.4444
VGB,British Virgin Islands,1968,
VIR,Virgin Islands (U.S.),1968,
VNM,Viet Nam,1968,
VUT,Vanuatu,1968,
WSM,Samoa,1968,
XKX,Kosovo,1968,
YEM,"Yemen, Rep.",1968,
ZAF,South Africa,1968,17124793150.0827
ZMB,Zambia,1968,1573739371.13375
ZWE,Zimbabwe,1968,1480355354.94474
ABW,Aruba,1969,
AFE,Africa Eastern and Southern,1969,47048523178.8515
AFG,Afghanistan,1969,
AFW,Africa Western and Central,1969,19301191937.1478
AGO,Angola,1969,
ALB,Albania,1969,
AND,Andorra,1969,
ARE,United Arab Emirates,1969,
ARG,Argentina,1969,31256284543.6155
ARM,Armenia,1969,
ASM,American Samoa,1969,
ATG,Antigua and Barbuda,1969,
AUS,Australia,1969,36738245878.1193
AUT,Austria,1969,13647475854.0287
AZE,Azerbaijan,1969,
BDI,Burundi,1969,190205714.285714
BEL,Belgium,1969,24019653474.9959
BEN,Benin,1969,330748244.539574
BFA,Burkina Faso,1969,478298645.39382
BGD,Bangladesh,1969,8471006437.5
BGR,Bulgaria,1969,
BHR,Bahrain,1969,
BHS,"Bahamas, The",1969,538700000.0
BIH,Bosnia and Herzegovina,1969,
BLR,Belarus,1969,
BLZ,Belize,1969,47399905.2001896
BMU,Bermuda,1969,164900000.0
BOL,Bolivia,1969,929629629.62963
BRA,Brazil,1969,37171640818.5863
BRB,Barbados,1969,141393142.0
BRN,Brunei Darussalam,1969,161210236.44168
BTN,Bhutan,1969,
BWA,Botswana,1969,77361546.5067537
CAF,Central African Republic,1969,188039210.130379
CAN,Canada,1969,79405011124.8208
CHE,Switzerland,1969,22442043274.074
CHI,Channel Islands,1969,
CHL,Chile,1969,8456519044.38223
CHN,China,1969,79847786729.1898
CIV,Cote d'Ivoire,1969,1361360293.42665
CMR,Cameroon,1969,1100551488.62689
COD,"Congo, Dem. Rep.",1969,5032434970.05988
COG,"Congo, Rep.",1969,265040036.417215
COL,Colombia,1969,6450175213.74923
COM,Comoros,1969,
CPV,Cabo Verde,1969,
CRI,Costa Rica,1969,853630203.773585
CUB,Cuba,1969,
CUW,Curacao,1969,
CYM,Cayman Islands,1969,
CYP,Cyprus,1969,
CZE,Czechia,1969,
DEU,Germany,1969,177733486326.06
DJI,Djibouti,1969,
DMA,Dominica,1969,
DNK,Denmark,1969,15414902666.6667
DOM,Dominican Republic,1969,1230500000.0
DZA,Algeria,1969,4257253264.08834
EAR,Early-demographic dividend,1969,278946058537.51
ECS,Europe & Central Asia,1969,907972467404.46
ECU,Ecuador,1969,3112165727.38342
EGY,"Egypt, Arab Rep.",1969,6524455205.81114
ERI,Eritrea,1969,
ESP,Spain,1969,37090689287.8552
EST,Estonia,1969,
ETH,Ethiopia,1969,2768987372.0
FIN,Finland,1969,10177524838.9004
FJI,Fiji,1969,182182067.703568
FRA,France,1969,140660914840.59
FRO,Faroe Islands,1969,70106666.6666667
FSM,"Micronesia, Fed. Sts.",1969,
GAB,Gabon,1969,318124701.478771
GBR,United Kingdom,1969,116464702803.218
GEO,Georgia,1969,
GHA,Ghana,1969,1962050555.7775
GIB,Gibraltar,1969,
GIN,Guinea,1969,
GMB,"Gambia, The",1969,45168072.2689156
GNB,Guinea-Bissau,1969,
GNQ,Equatorial Guinea,1969,67225714.2857143
GRC,Greece,1969,11454106327.0756
GRD,Grenada,1969,
GRL,Greenland,1969,
GTM,Guatemala,1969,1715399900.0
GUM,Guam,1969,
GUY,Guyana,1969,249300000.0
HKG,"Hong Kong SAR, China",1969,3189740055.13982
HND,Honduras,1969,844400000.0
HRV,Croatia,1969,
HTI,Haiti,1969,391820400.0
HUN,Hungary,1969,5429812386.53195
IDB,IDA blend,1969,23960732153.6781
IDN,Indonesia,1969,8337423312.88344
IMN,Isle of Man,1969,
IND,India,1969,58447995017.3333
IRL,Ireland,1969,3902721631.54663
IRN,"Iran, Islamic Rep.",1969,9743089607.49587
IRQ,Iraq,1969,3007758796.89648
ISL,Iceland,1969,435659609.943615
ISR,Israel,1969,6297852761.13463
ITA,Italy,1969,100996667239.335
JAM,Jamaica,1969,1191239047.00876
JOR,Jordan,1969,698879720.448112
JPN,Japan,1969,184298841304.667
KAZ,Kazakhstan,1969,
KEN,Kenya,1969,1458379416.64823
KGZ,Kyrgyz Republic,1969,
KHM,Cambodia,1969,
KIR,Kiribati,1969,
KNA,St. Kitts and Nevis,1969,15850000.0
KOR,"Korea, Rep.",1969,7743940188.95006
KWT,Kuwait,1969,2769198892.32044
LAO,Lao PDR,1969,
LBN,Lebanon,1969,
LBR,Liberia,1969,306961800.0
LBY,Libya,1969,4380987481.20501
LCA,St. Lucia,1969,
LCN,Latin America & Caribbean,1969,160995419131.459
LIE,Liechtenstein,1969,
LKA,Sri Lanka,1969,1965546218.48739
LSO,Lesotho,1969,65967973.6128106
LTE,Late-demographic dividend,1969,296283576150.945
LTU,Lithuania,1969,
LUX,Luxembourg,1969,1245432991.34271
LVA,Latvia,1969,
MAC,"Macao SAR, China",1969,
MAF,St. Martin (French part),1969,
MAR,Morocco,1969,3651622668.95103
MCO,Monaco,1969,
MDA,Moldova,1969,
MDG,Madagascar,1969,1056391055.59617
MDV,Maldives,1969,
MEX,Mexico,1969,32480000000.0
MHL,Marshall Islands,1969,
MKD,North Macedonia,1969,
MLI,Mali,1969,339913867.092785
MLT,Malta,1969,
MMR,Myanmar,1969,571854214.589142
MNE,Montenegro,1969,
MNG,Mongolia,1969,
MNP,Northern Mariana Islands,1969,
MOZ,Mozambique,1969,
MRT,Mauritania,1969,295062308.474696
MUS,Mauritius,1969,221553612.873613
MWI,Malawi,1969,
MYS,Malaysia,1969,3664552041.34299
NAM,Namibia,1969,
NCL,New Caledonia,1969,263108841.338416
NER,Niger,1969,625867985.273798
NGA,Nigeria,1969,6634317346.27306
NIC,Nicaragua,1969,750000002.894903
NLD,Netherlands,1969,34086038090.3986
NOR,Norway,1969,11136187439.8326
NPL,Nepal,1969,788641965.432099
NRU,Nauru,1969,
NZL,New Zealand,1969,5814357708.51005
OMN,Oman,1969,239999808.000154
PAK,Pakistan,1969,8683116337.67325
PAN,Panama,1969,1221305700.0
PER,Peru,1969,6420909789.83
PHL,Philippines,1969,9571800652.5641
PLW,Palau,1969,
PNG,Papua New Guinea,1969,551263864.202218
POL,Poland,1969,
PRI,Puerto Rico (US),1969,4460700000.0
PRK,"Korea, Dem. People's Rep.",1969,
PRT,Portugal,1969,7287555035.34403
PRY,Paraguay,1969,556293650.793651
PSE,West Bank and Gaza,1969,
PYF,French Polynesia,1969,242943783.142736
QAT,Qatar,1969,
ROU,Romania,1969,
RUS,Russia,1969,
RWA,Rwanda,1969,188700037.0
SAU,Saudi Arabia,1969,4485777644.44444
SDN,Sudan,1969,1847501441.26221
SEN,Senegal,1969,1245234931.43233
SGP,Singapore,1969,1659893767.84419
SLB,Solomon Islands,1969,28606411.398041
SLE,Sierra Leone,1969,408690163.476065
SLV,El Salvador,1969,1049400000.0
SMR,San Marino,1969,
SOM,"Somalia, Fed. Rep.",1969,306357284.571429
SRB,Serbia,1969,
SSD,South Sudan,1969,
STP,Sao Tome and Principe,1969,
SUR,Suriname,1969,259650000.0
SVK,Slovak Republic,1969,
SVN,Slovenia,1969,
SWE,Sweden,1969,33967301561.0634
SWZ,Eswatini,1969,105419957.832017
SXM,Sint Maarten (Dutch part),1969,
SYC,Seychelles,1969,16452028.2974887
SYR,Syrian Arab Republic,1969,2245011514.55676
TCA,Turks and Caicos Islands,1969,
TCD,Chad,1969,471635621.561599
TGO,Togo,1969,378091809.602636
THA,Thailand,1969,6695336567.30769
TJK,Tajikistan,1969,
TKM,Turkmenistan,1969,
TLS,Timor-Leste,1969,
TON,Tonga,1969,
TTO,Trinidad and Tobago,1969,779200000.0
TUN,Tunisia,1969,1289904761.90476
TUR,Turkiye,1969,19466666666.6667
TUV,Tuvalu,1969,
TZA,Tanzania,1969,5142066811.47328
UGA,Uganda,1969,1168556628.86742
UKR,Ukraine,1969,
URY,Uruguay,1969,2004435483.87097
USA,United States,1969,1017438172413.79
UZB,Uzbekistan,1969,
VCT,St. Vincent and the Grenadines,1969,16650000.0
VEN,"Venezuela, RB",1969,10285111111.1111
VGB,British Virgin Islands,1969,
VIR,Virgin Islands (U.S.),1969,
VNM,Viet Nam,1969,
VUT,Vanuatu,1969,
WSM,Samoa,1969,
XKX,Kosovo,1969,
YEM,"Yemen, Rep.",1969,
ZAF,South Africa,1969,19256992297.2031
ZMB,Zambia,1969,1926399230.21087
ZWE,Zimbabwe,1969,1748891294.20526
ABW,Aruba,1970,
AFE,Africa Eastern and Southern,1970,47593907819.7874
AFG,Afghanistan,1970,
AFW,Africa Western and Central,1970,26696924213.8055
AGO,Angola,1970,
ALB,Albania,1970,
AND,Andorra,1970,78617711.0965325
ARE,United Arab Emirates,1970,685986701.316701
ARG,Argentina,1970,31584210365.5447
ARM,Armenia,1970,
ASM,American Samoa,1970,
ATG,Antigua and Barbuda,1970,
AUS,Australia,1970,41395206623.2331
AUT,Austria,1970,15312791743.8476
AZE,Azerbaijan,1970,
BDI,Burundi,1970,242732571.428571
BEL,Belgium,1970,26706196046.7931
BEN,Benin,1970,333627713.494438
BFA,Burkina Faso,1970,458404268.761971
BGD,Bangladesh,1970,8992722166.66667
BGR,Bulgaria,1970,
BHR,Bahrain,1970,391577364.077364
BHS,"Bahamas, The",1970,539500000.0
BIH,Bosnia and Herzegovina,1970,
BLR,Belarus,1970,
BLZ,Belize,1970,53339893.3202134
BMU,Bermuda,1970,186300000.0
BOL,Bolivia,1970,1017003367.00337
BRA,Brazil,1970,42327664793.6934
BRB,Barbados,1970,166210203.0
BRN,Brunei Darussalam,1970,179078929.315763
BTN,Bhutan,1970,61812113.0666667
BWA,Botswana,1970,96243233.6609837
CAF,Central African Republic,1970,189106529.207011
CAN,Canada,1970,88192257632.3093
CHE,Switzerland,1970,24998066773.3821
CHI,Channel Islands,1970,
CHL,Chile,1970,9261006540.15907
CHN,China,1970,92752930873.1912
CIV,Cote d'Ivoire,1970,1455482795.40691
CMR,Cameroon,1970,1151216992.88095
COD,"Congo, Dem. Rep.",1970,4877684910.17964
COG,"Congo, Rep.",1970,274960699.885255
COL,Colombia,1970,7198360460.19887
COM,Comoros,1970,
CPV,Cabo Verde,1970,
CRI,Costa Rica,1970,984830158.490566
CUB,Cuba,1970,5693005200.0
CUW,Curacao,1970,
CYM,Cayman Islands,1970,
CYP,Cyprus,1970,
CZE,Czechia,1970,
DEU,Germany,1970,216629229947.096
DJI,Djibouti,1970,
DMA,Dominica,1970,
DNK,Denmark,1970,17075457733.3333
DOM,Dominican Republic,1970,1485500000.0
DZA,Algeria,1970,4863526896.57407
EAR,Early-demographic dividend,1970,296902005244.168
ECS,Europe & Central Asia,1970,1020812176391.15
ECU,Ecuador,1970,2862503139.00358
EGY,"Egypt, Arab Rep.",1970,8042200452.1477
ERI,Eritrea,1970,
ESP,Spain,1970,40963715236.5106
EST,Estonia,1970,
ETH,Ethiopia,1970,3045354454.8
FIN,Finland,1970,11358529161.9479
FJI,Fiji,1970,219878482.173564
FRA,France,1970,147312861698.358
FRO,Faroe Islands,1970,84933333.3333333
FSM,"Micronesia, Fed. Sts.",1970,19885926.0
GAB,Gabon,1970,323802475.512425
GBR,United Kingdom,1970,130671946244.3
GEO,Georgia,1970,
GHA,Ghana,1970,2215028588.45646
GIB,Gibraltar,1970,
GIN,Guinea,1970,3220224607.81851
GMB,"Gambia, The",1970,52296083.6737339
GNB,Guinea-Bissau,1970,204670550.76064
GNQ,Equatorial Guinea,1970,66331428.5714286
GRC,Greece,1970,12957113636.3636
GRD,Grenada,1970,
GRL,Greenland,1970,69520026.6666667
GTM,Guatemala,1970,1904000000.0
GUM,Guam,1970,
GUY,Guyana,1970,267800000.0
HKG,"Hong Kong SAR, China",1970,3800766535.62088
HND,Honduras,1970,904400000.0
HRV,Croatia,1970,
HTI,Haiti,1970,331200000.0
HUN,Hungary,1970,5780929202.60333
IDB,IDA blend,1970,32356563895.3398
IDN,Indonesia,1970,9150684931.50685
IMN,Isle of Man,1970,
IND,India,1970,62422483054.6667
IRL,Ireland,1970,4395995085.99509
IRN,"Iran, Islamic Rep.",1970,10976245153.5894
IRQ,Iraq,1970,3281318687.47253
ISL,Iceland,1970,545115909.090909
ISR,Israel,1970,7406712876.3832
ITA,Italy,1970,113656669764.56
JAM,Jamaica,1970,1404720441.88818
JOR,Jordan,1970,639519744.192102
JPN,Japan,1970,217223652719.444
KAZ,Kazakhstan,1970,
KEN,Kenya,1970,1603447358.62106
KGZ,Kyrgyz Republic,1970,
KHM,Cambodia,1970,
KIR,Kiribati,1970,11560877.2811451
KNA,St. Kitts and Nevis,1970,16300000.0
KOR,"Korea, Rep.",1970,9085001793.55852
KWT,Kuwait,1970,2873638850.54446
LAO,Lao PDR,1970,
LBN,Lebanon,1970,
LBR,Liberia,1970,323099700.0
LBY,Libya,1970,4601649451.34022
LCA,St. Lucia,1970,
LCN,Latin America & Caribbean,1970,175637927080.04
LIE,Liechtenstein,1970,90099360.8433666
LKA,Sri Lanka,1970,2296470588.23529
LSO,Lesotho,1970,68739972.504011
LTE,Late-demographic dividend,1970,336904804054.143
LTU,Lithuania,1970,
LUX,Luxembourg,1970,1457768455.02219
LVA,Latvia,1970,
MAC,"Macao SAR, China",1970,
MAF,St. Martin (French part),1970,
MAR,Morocco,1970,3956336244.11865
MCO,Monaco,1970,293127333.238065
MDA,Moldova,1970,
MDG,Madagascar,1970,1111859570.88252
MDV,Maldives,1970,19328038.3157895
MEX,Mexico,1970,35520000000.0
MHL,Marshall Islands,1970,8408486.0
MKD,North Macedonia,1970,
MLI,Mali,1970,359772315.102198
MLT,Malta,1970,250728796.288378
MMR,Myanmar,1970,563555630.769545
MNE,Montenegro,1970,
MNG,Mongolia,1970,
MNP,Northern Mariana Islands,1970,
MOZ,Mozambique,1970,
MRT,Mauritania,1970,309405315.98667
MUS,Mauritius,1970,224125805.005805
MWI,Malawi,1970,
MYS,Malaysia,1970,3864145667.41365
NAM,Namibia,1970,
NCL,New Caledonia,1970,358815684.071892
NER,Niger,1970,649916621.242978
NGA,Nigeria,1970,12546094981.562
NIC,Nicaragua,1970,778569938.824225
NLD,Netherlands,1970,38220884519.3888
NOR,Norway,1970,12814123115.2613
NPL,Nepal,1970,865975308.641975
NRU,Nauru,1970,17570366.2224213
NZL,New Zealand,1970,6495605330.94411
OMN,Oman,1970,256319794.944164
PAK,Pakistan,1970,10027509449.811
PAN,Panama,1970,1351006400.0
PER,Peru,1970,7432223176.93623
PHL,Philippines,1970,7559115516.69532
PLW,Palau,1970,11563041.0
PNG,Papua New Guinea,1970,645568215.290914
POL,Poland,1970,
PRI,Puerto Rico (US),1970,5034700000.0
PRK,"Korea, Dem. People's Rep.",1970,
PRT,Portugal,1970,8108235704.32357
PRY,Paraguay,1970,594611111.111111
PSE,West Bank and Gaza,1970,
PYF,French Polynesia,1970,254036000.752587
QAT,Qatar,1970,301791301.791302
ROU,Romania,1970,
RUS,Russia,1970,
RWA,Rwanda,1970,219900006.0
SAU,Saudi Arabia,1970,5377333333.33333
SDN,Sudan,1970,2100229759.04718
SEN,Senegal,1970,1297407654.92832
SGP,Singapore,1970,1920574150.17542
SLB,Solomon Islands,1970,
SLE,Sierra Leone,1970,434410973.76439
SLV,El Salvador,1970,1132920000.0
SMR,San Marino,1970,
SOM,"Somalia, Fed. Rep.",1970,347985394.285714
SRB,Serbia,1970,
SSD,South Sudan,1970,
STP,Sao Tome and Principe,1970,37211826.0869565
SUR,Suriname,1970,274900000.0
SVK,Slovak Republic,1970,
SVN,Slovenia,1970,
SWE,Sweden,1970,38037226668.2131
SWZ,Eswatini,1970,112139955.144018
SXM,Sint Maarten (Dutch part),1970,
SYC,Seychelles,1970,18432031.7030945
SYR,Syrian Arab Republic,1970,2140384010.0724
TCA,Turks and Caicos Islands,1970,
TCD,Chad,1970,469266736.650677
TGO,Togo,1970,358665753.909298
THA,Thailand,1970,7086538437.5
TJK,Tajikistan,1970,
TKM,Turkmenistan,1970,
TLS,Timor-Leste,1970,
TON,Tonga,1970,
TTO,Trinidad and Tobago,1970,821850000.0
TUN,Tunisia,1970,1439238095.2381
TUR,Turkiye,1970,17863636363.6364
TUV,Tuvalu,1970,2585955.87411804
TZA,Tanzania,1970,2851419386.07225
UGA,Uganda,1970,1259554808.90382
UKR,Ukraine,1970,
URY,Uruguay,1970,2137096774.19355
USA,United States,1970,1073303000000.0
UZB,Uzbekistan,1970,
VCT,St. Vincent and the Grenadines,1970,18450000.0
VEN,"Venezuela, RB",1970,11561111111.1111
VGB,British Virgin Islands,1970,
VIR,Virgin Islands (U.S.),1970,
VNM,Viet Nam,1970,
VUT,Vanuatu,1970,
WSM,Samoa,1970,45208337.609386
XKX,Kosovo,1970,
YEM,"Yemen, Rep.",1970,
ZAF,South Africa,1970,21218391512.6434
ZMB,Zambia,1970,1788779285.2038
ZWE,Zimbabwe,1970,1885168339.10681
ABW,Aruba,1971,
AFE,Africa Eastern and Southern,1971,52188685166.5557
AFG,Afghanistan,1971,
AFW,Africa Western and Central,1971,24496786001.8079
AGO,Angola,1971,
ALB,Albania,1971,
AND,Andorra,1971,89406608.1458151
ARE,United Arab Emirates,1971,939893599.634201
ARG,Argentina,1971,33293199095.4881
ARM,Armenia,1971,
ASM,American Samoa,1971,
ATG,Antigua and Barbuda,1971,
AUS,Australia,1971,45283847245.4156
AUT,Austria,1971,17788536733.1204
AZE,Azerbaijan,1971,
BDI,Burundi,1971,252842285.714286
BEL,Belgium,1971,29821661869.912
BEN,Benin,1971,335073027.54117
BFA,Burkina Faso,1971,482411179.121178
BGD,Bangladesh,1971,8751843187.5
BGR,Bulgaria,1971,
BHR,Bahrain,1971,422181562.186708
BHS,"Bahamas, The",1971,573400000.0
BIH,Bosnia and Herzegovina,1971,
BLR,Belarus,1971,
BLZ,Belize,1971,59074687.1961851
BMU,Bermuda,1971,211100000.0
BOL,Bolivia,1971,1095622895.6229
BRA,Brazil,1971,48869830901.7878
BRB,Barbados,1971,186826503.031076
BRN,Brunei Darussalam,1971,197525767.791735
BTN,Bhutan,1971,66289450.3252986
BWA,Botswana,1971,127448613.505061
CAF,Central African Republic,1971,201450799.82635
CAN,Canada,1971,99606454743.5136
CHE,Switzerland,1971,30040171750.6471
CHI,Channel Islands,1971,
CHL,Chile,1971,10999807567.1235
CHN,China,1971,99959013879.6308
CIV,Cote d'Ivoire,1971,1584128509.46873
CMR,Cameroon,1971,1236941394.11447
COD,"Congo, Dem. Rep.",1971,5594770359.28144
COG,"Congo, Rep.",1971,322128018.955444
COL,Colombia,1971,7820380970.53674
COM,Comoros,1971,
CPV,Cabo Verde,1971,
CRI,Costa Rica,1971,1077147537.52472
CUB,Cuba,1971,6914658400.0
CUW,Curacao,1971,
CYM,Cayman Islands,1971,
CYP,Cyprus,1971,
CZE,Czechia,1971,
DEU,Germany,1971,250900942396.699
DJI,Djibouti,1971,
DMA,Dominica,1971,
DNK,Denmark,1971,19086192720.4664
DOM,Dominican Republic,1971,1666500000.0
DZA,Algeria,1971,5077183093.88968
EAR,Early-demographic dividend,1971,319666547823.284
ECS,Europe & Central Asia,1971,1152050722008.06
ECU,Ecuador,1971,2754219271.03082
EGY,"Egypt, Arab Rep.",1971,8609283346.08518
ERI,Eritrea,1971,
ESP,Spain,1971,46586119760.479
EST,Estonia,1971,
ETH,Ethiopia,1971,3224280834.97092
FIN,Finland,1971,12528522307.4737
FJI,Fiji,1971,247749327.721267
FRA,France,1971,164694210962.472
FRO,Faroe Islands,1971,99219082.8537991
FSM,"Micronesia, Fed. Sts.",1971,21783158.0
GAB,Gabon,1971,381687072.622379
GBR,United Kingdom,1971,148113896325.14
GEO,Georgia,1971,
GHA,Ghana,1971,2417108577.52739
GIB,Gibraltar,1971,
GIN,Guinea,1971,3594302908.06164
GMB,"Gambia, The",1971,55728663.222684
GNB,Guinea-Bissau,1971,204167296.856603
GNQ,Equatorial Guinea,1971,64946954.756798
GRC,Greece,1971,14388806818.1818
GRD,Grenada,1971,
GRL,Greenland,1971,88466738.2497268
GTM,Guatemala,1971,1984800000.0
GUM,Guam,1971,
GUY,Guyana,1971,282050000.0
HKG,"Hong Kong SAR, China",1971,4476001946.01486
HND,Honduras,1971,958450000.0
HRV,Croatia,1971,
HTI,Haiti,1971,362800000.0
HUN,Hungary,1971,6291568220.79393
IDB,IDA blend,1971,30392833455.942
IDN,Indonesia,1971,9333536369.94567
IMN,Isle of Man,1971,
IND,India,1971,67351404351.833
IRL,Ireland,1971,5098250287.46646
IRN,"Iran, Islamic Rep.",1971,13731802833.0363
IRQ,Iraq,1971,3865346534.65347
ISL,Iceland,1971,693679545.454545
ISR,Israel,1971,7052544000.09352
ITA,Italy,1971,124959712858.926
JAM,Jamaica,1971,1539861815.89381
JOR,Jordan,1971,678159728.736109
JPN,Japan,1971,245364056622.363
KAZ,Kazakhstan,1971,
KEN,Kenya,1971,1778391288.64348
KGZ,Kyrgyz Republic,1971,
KHM,Cambodia,1971,
KIR,Kiribati,1971,12356134.3838676
KNA,St. Kitts and Nevis,1971,19624746.4503043
KOR,"Korea, Rep.",1971,10005257131.3347
KWT,Kuwait,1971,3880392195.40688
LAO,Lao PDR,1971,
LBN,Lebanon,1971,
LBR,Liberia,1971,341543100.0
LBY,Libya,1971,5260185125.41886
LCA,St. Lucia,1971,
LCN,Latin America & Caribbean,1971,195901356042.972
LIE,Liechtenstein,1971,104889795.333846
LKA,Sri Lanka,1971,2369308600.33727
LSO,Lesotho,1971,76480285.0044113
LTE,Late-demographic dividend,1971,374774456804.477
LTU,Lithuania,1971,
LUX,Luxembourg,1971,1518773421.37846
LVA,Latvia,1971,
MAC,"Macao SAR, China",1971,
MAF,St. Martin (French part),1971,
MAR,Morocco,1971,4356669034.34266
MCO,Monaco,1971,327706210.435217
MDA,Moldova,1971,
MDG,Madagascar,1971,1199507631.07603
MDV,Maldives,1971,21566404.0169133
MEX,Mexico,1971,39200000000.0
MHL,Marshall Islands,1971,9116810.0
MKD,North Macedonia,1971,
MLI,Mali,1971,395218628.920694
MLT,Malta,1971,264578484.770195
MMR,Myanmar,1971,587448405.488773
MNE,Montenegro,1971,
MNG,Mongolia,1971,
MNP,Northern Mariana Islands,1971,
MOZ,Mozambique,1971,
MRT,Mauritania,1971,335568907.051937
MUS,Mauritius,1971,251437337.841491
MWI,Malawi,1971,
MYS,Malaysia,1971,4244395955.78358
NAM,Namibia,1971,
NCL,New Caledonia,1971,413985778.589656
NER,Niger,1971,693573703.630273
NGA,Nigeria,1971,9181769911.50443
NIC,Nicaragua,1971,828569953.4744
NLD,Netherlands,1971,44644730576.4411
NOR,Norway,1971,14583114840.0629
NPL,Nepal,1971,882765471.604938
NRU,Nauru,1971,19009433.3072013
NZL,New Zealand,1971,7911136757.06867
OMN,Oman,1971,301010587.102984
PAK,Pakistan,1971,10665896682.0664
PAN,Panama,1971,1523917200.0
PER,Peru,1971,8289582883.67673
PHL,Philippines,1971,8375075629.8327
PLW,Palau,1971,12706874.0
PNG,Papua New Guinea,1971,717750278.105664
POL,Poland,1971,
PRI,Puerto Rico (US),1971,5646800000.0
PRK,"Korea, Dem. People's Rep.",1971,
PRT,Portugal,1971,9201604240.28269
PRY,Paraguay,1971,664571428.571429
PSE,West Bank and Gaza,1971,
PYF,French Polynesia,1971,296865513.746817
QAT,Qatar,1971,387703105.521252
ROU,Romania,1971,
RUS,Russia,1971,
RWA,Rwanda,1971,222952504.40607
SAU,Saudi Arabia,1971,7184806909.28939
SDN,Sudan,1971,2288340041.03486
SEN,Senegal,1971,1339549032.83782
SGP,Singapore,1971,2263785443.61688
SLB,Solomon Islands,1971,50056882.8213879
SLE,Sierra Leone,1971,419549304.72479
SLV,El Salvador,1971,1186120000.0
SMR,San Marino,1971,
SOM,"Somalia, Fed. Rep.",1971,347039445.705569
SRB,Serbia,1971,
SSD,South Sudan,1971,
STP,Sao Tome and Principe,1971,37288845.210287
SUR,Suriname,1971,301000000.0
SVK,Slovak Republic,1971,
SVN,Slovenia,1971,
SWE,Sweden,1971,41506151114.9262
SWZ,Eswatini,1971,136462080.739132
SXM,Sint Maarten (Dutch part),1971,
SYC,Seychelles,1971,21965950.7711142
SYR,Syrian Arab Republic,1971,2589851325.14544
TCA,Turks and Caicos Islands,1971,
TCD,Chad,1971,501866730.148987
TGO,Togo,1971,404648367.76644
THA,Thailand,1971,7375000024.03846
TJK,Tajikistan,1971,
TKM,Turkmenistan,1971,
TLS,Timor-Leste,1971,
TON,Tonga,1971,
TTO,Trinidad and Tobago,1971,896765214.626133
TUN,Tunisia,1971,1685162272.40652
TUR,Turkiye,1971,16166666666.6667
TUV,Tuvalu,1971,2716989.58449994
TZA,Tanzania,1971,3050673517.33059
UGA,Uganda,1971,1417191656.16688
UKR,Ukraine,1971,
URY,Uruguay,1971,2807258064.51613
USA,United States,1971,1164850000000.0
UZB,Uzbekistan,1971,
VCT,St. Vincent and the Grenadines,1971,20051922.3261445
VEN,"Venezuela, RB",1971,12986590909.0909
VGB,British Virgin Islands,1971,
VIR,Virgin Islands (U.S.),1971,
VNM,Viet Nam,1971,
VUT,Vanuatu,1971,
WSM,Samoa,1971,53719568.9655172
XKX,Kosovo,1971,
YEM,"Yemen, Rep.",1971,
ZAF,South Africa,1971,23411076638.279
ZMB,Zambia,1971,1653259341.29113
ZWE,Zimbabwe,1971,2179828710.18738
ABW,Aruba,1972,
AFE,Africa Eastern and Southern,1972,56726057494.0768
AFG,Afghanistan,1972,
AFW,Africa Western and Central,1972,29489425515.7538
AGO,Angola,1972,
ALB,Albania,1972,
AND,Andorra,1972,113414397.365635
ARE,United Arab Emirates,1972,1415086929.3006
ARG,Argentina,1972,34733000536.2862
ARM,Armenia,1972,
ASM,American Samoa,1972,
ATG,Antigua and Barbuda,1972,
AUS,Australia,1972,52117990654.2056
AUT,Austria,1972,21973207929.0434
AZE,Azerbaijan,1972,
BDI,Burundi,1972,246804571.428571
BEL,Belgium,1972,37209418018.5134
BEN,Benin,1972,410331856.991218
BFA,Burkina Faso,1972,578595521.990135
BGD,Bangladesh,1972,6288245866.66667
BGR,Bulgaria,1972,
BHR,Bahrain,1972,534081183.680728
BHS,"Bahamas, The",1972,590900000.0
BIH,Bosnia and Herzegovina,1972,
BLR,Belarus,1972,
BLZ,Belize,1972,65998069.3847631
BMU,Bermuda,1972,235400000.0
BOL,Bolivia,1972,1257615644.97932
BRA,Brazil,1972,58434858374.8696
BRB,Barbados,1972,213725216.665339
BRN,Brunei Darussalam,1972,270822782.026674
BTN,Bhutan,1972,70139866.8083136
BWA,Botswana,1972,164460914.977201
CAF,Central African Republic,1972,230317883.36443
CAN,Canada,1972,113463848873.624
CHE,Switzerland,1972,36844318854.2403
CHI,Channel Islands,1972,
CHL,Chile,1972,12057501634.979
CHN,China,1972,113871930713.841
CIV,Cote d'Ivoire,1972,1849400401.64724
CMR,Cameroon,1972,1498251889.66287
COD,"Congo, Dem. Rep.",1972,6173712814.37126
COG,"Congo, Rep.",1972,410669263.651798
COL,Colombia,1972,8671358732.68486
COM,Comoros,1972,
CPV,Cabo Verde,1972,
CRI,Costa Rica,1972,1238251695.55388
CUB,Cuba,1972,8135150891.92025
CUW,Curacao,1972,
CYM,Cayman Islands,1972,
CYP,Cyprus,1972,
CZE,Czechia,1972,
DEU,Germany,1972,300899944795.436
DJI,Djibouti,1972,
DMA,Dominica,1972,
DNK,Denmark,1972,23230667549.2496
DOM,Dominican Republic,1972,1987400000.0
DZA,Algeria,1972,6766743956.88889
EAR,Early-demographic dividend,1972,352709582632.978
ECS,Europe & Central Asia,1972,1381315333741.31
ECU,Ecuador,1972,3185986087.33583
EGY,"Egypt, Arab Rep.",1972,9299638055.84281
ERI,Eritrea,1972,
ESP,Spain,1972,59090176028.993
EST,Estonia,1972,
ETH,Ethiopia,1972,3520252938.26087
FIN,Finland,1972,14744499569.8308
FJI,Fiji,1972,316656648.698957
FRA,France,1972,201738881664.499
FRO,Faroe Islands,1972,119335897.815202
FSM,"Micronesia, Fed. Sts.",1972,25100928.0
GAB,Gabon,1972,430508358.514204
GBR,United Kingdom,1972,169965034965.035
GEO,Georgia,1972,
GHA,Ghana,1972,2112293279.98507
GIB,Gibraltar,1972,
GIN,Guinea,1972,4203069035.01427
GMB,"Gambia, The",1972,59160569.4804413
GNB,Guinea-Bissau,1972,227986203.29754
GNQ,Equatorial Guinea,1972,65429198.238708
GRC,Greece,1972,16650659090.9091
GRD,Grenada,1972,
GRL,Greenland,1972,106101297.801272
GTM,Guatemala,1972,2101300000.0
GUM,Guam,1972,
GUY,Guyana,1972,285380952.380952
HKG,"Hong Kong SAR, China",1972,5710090213.15035
HND,Honduras,1972,1030645362.09587
HRV,Croatia,1972,
HTI,Haiti,1972,371998958.402916
HUN,Hungary,1972,7379313742.13684
IDB,IDA blend,1972,34167082608.5479
IDN,Indonesia,1972,10997590361.4458
IMN,Isle of Man,1972,
IND,India,1972,71464700666.9869
IRL,Ireland,1972,6318060582.21873
IRN,"Iran, Islamic Rep.",1972,17153463263.1086
IRQ,Iraq,1972,4113848002.40312
ISL,Iceland,1972,869002945.841831
ISR,Israel,1972,9222557538.58382
ITA,Italy,1972,145594833997.344
JAM,Jamaica,1972,1875146587.4443
JOR,Jordan,1972,788479684.608126
JPN,Japan,1972,324933841268.585
KAZ,Kazakhstan,1972,
KEN,Kenya,1972,2107279157.08834
KGZ,Kyrgyz Republic,1972,
KHM,Cambodia,1972,
KIR,Kiribati,1972,15314346.4925323
KNA,St. Kitts and Nevis,1972,22944849.1155047
KOR,"Korea, Rep.",1972,10990490569.7259
KWT,Kuwait,1972,4450537925.33189
LAO,Lao PDR,1972,
LBN,Lebanon,1972,
LBR,Liberia,1972,368098000.0
LBY,Libya,1972,6299395543.96301
LCA,St. Lucia,1972,
LCN,Latin America & Caribbean,1972,220380603348.14
LIE,Liechtenstein,1972,124940289.32382
LKA,Sri Lanka,1972,2553936348.40871
LSO,Lesotho,1972,80913200.4292822
LTE,Late-demographic dividend,1972,431342028444.513
LTU,Lithuania,1972,
LUX,Luxembourg,1972,1901697369.62698
LVA,Latvia,1972,
MAC,"Macao SAR, China",1972,
MAF,St. Martin (French part),1972,
MAR,Morocco,1972,5074117544.77482
MCO,Monaco,1972,402451900.821288
MDA,Moldova,1972,
MDG,Madagascar,1972,1341590690.41365
MDV,Maldives,1972,25177137.5286041
MEX,Mexico,1972,45200000000.0
MHL,Marshall Islands,1972,9973652.0
MKD,North Macedonia,1972,
MLI,Mali,1972,486617280.255549
MLT,Malta,1972,295106628.339343
MMR,Myanmar,1972,662213082.741535
MNE,Montenegro,1972,
MNG,Mongolia,1972,
MNP,Northern Mariana Islands,1972,
MOZ,Mozambique,1972,
MRT,Mauritania,1972,391669449.290746
MUS,Mauritius,1972,318664899.637091
MWI,Malawi,1972,
MYS,Malaysia,1972,5043347250.41815
NAM,Namibia,1972,
NCL,New Caledonia,1972,506808996.694661
NER,Niger,1972,742779660.818693
NGA,Nigeria,1972,12274416017.7976
NIC,Nicaragua,1972,878570045.450998
NLD,Netherlands,1972,54787070173.0294
NOR,Norway,1972,17358610849.701
NPL,Nepal,1972,1024098400.35619
NRU,Nauru,1972,21734268.6915888
NZL,New Zealand,1972,9567331064.65727
OMN,Oman,1972,366883548.347591
PAK,Pakistan,1972,9415016359.56604
PAN,Panama,1972,1673411700.0
PER,Peru,1972,9189413409.28138
PHL,Philippines,1972,9067815521.3262
PLW,Palau,1972,13956474.0
PNG,Papua New Guinea,1972,858761926.08968
POL,Poland,1972,
PRI,Puerto Rico (US),1972,6328900000.0
PRK,"Korea, Dem. People's Rep.",1972,
PRT,Portugal,1972,11239117865.0852
PRY,Paraguay,1972,769039682.539683
PSE,West Bank and Gaza,1972,
PYF,French Polynesia,1972,326433558.076079
QAT,Qatar,1972,510262500.1767
ROU,Romania,1972,
RUS,Russia,1972,
RWA,Rwanda,1972,246457838.336681
SAU,Saudi Arabia,1972,9664267086.60323
SDN,Sudan,1972,2483055722.23738
SEN,Senegal,1972,1620857103.53492
SGP,Singapore,1972,2721440980.75851
SLB,Solomon Islands,1972,40606712.050639
SLE,Sierra Leone,1972,465381339.740404
SLV,El Salvador,1972,1263720000.0
SMR,San Marino,1972,
SOM,"Somalia, Fed. Rep.",1972,447883941.190165
SRB,Serbia,1972,
SSD,South Sudan,1972,
STP,Sao Tome and Principe,1972,41430256.8067496
SUR,Suriname,1972,311950000.0
SVK,Slovak Republic,1972,
SVN,Slovenia,1972,
SWE,Sweden,1972,48883173399.9664
SWZ,Eswatini,1972,146736479.235097
SXM,Sint Maarten (Dutch part),1972,
SYC,Seychelles,1972,30645122.9204727
SYR,Syrian Arab Republic,1972,3059681697.61273
TCA,Turks and Caicos Islands,1972,
TCD,Chad,1972,585427546.798272
TGO,Togo,1972,474043921.843537
THA,Thailand,1972,8177873151.04224
TJK,Tajikistan,1972,
TKM,Turkmenistan,1972,
TLS,Timor-Leste,1972,
TON,Tonga,1972,
TTO,Trinidad and Tobago,1972,1083391757.89486
TUN,Tunisia,1972,2237556148.51085
TUR,Turkiye,1972,20650000000.0
TUV,Tuvalu,1972,2968457.94392523
TZA,Tanzania,1972,3472787266.0964
UGA,Uganda,1972,1490970180.59639
UKR,Ukraine,1972,
URY,Uruguay,1972,2189418688.80408
USA,United States,1972,1279110000000.0
UZB,Uzbekistan,1972,
VCT,St. Vincent and the Grenadines,1972,27585804.8653032
VEN,"Venezuela, RB",1972,13977727272.7273
VGB,British Virgin Islands,1972,
VIR,Virgin Islands (U.S.),1972,
VNM,Viet Nam,1972,
VUT,Vanuatu,1972,
WSM,Samoa,1972,62566116.3754812
XKX,Kosovo,1972,
YEM,"Yemen, Rep.",1972,
ZAF,South Africa,1972,24515919216.8851
ZMB,Zambia,1972,1872416680.07912
ZWE,Zimbabwe,1972,2679096596.57517
ABW,Aruba,1973,
AFE,Africa Eastern and Southern,1973,73083598128.6821
AFG,Afghanistan,1973,
AFW,Africa Western and Central,1973,36890633234.1126
AGO,Angola,1973,
ALB,Albania,1973,
AND,Andorra,1973,150841639.297444
ARE,United Arab Emirates,1973,4231243615.86089
ARG,Argentina,1973,52544000116.9037
ARM,Armenia,1973,
ASM,American Samoa,1973,
ATG,Antigua and Barbuda,1973,
AUS,Australia,1973,63923126201.1531
AUT,Austria,1973,29399860144.7748
AZE,Azerbaijan,1973,
BDI,Burundi,1973,304339523.902476
BEL,Belgium,1973,47743801490.3747
BEN,Benin,1973,504376074.185709
BFA,Burkina Faso,1973,674773569.877548
BGD,Bangladesh,1973,8086725729.3407
BGR,Bulgaria,1973,
BHR,Bahrain,1973,761132545.104221
BHS,"Bahamas, The",1973,670900000.0
BIH,Bosnia and Herzegovina,1973,
BLR,Belarus,1973,
BLZ,Belize,1973,78214767.8301496
BMU,Bermuda,1973,269500000.0
BOL,Bolivia,1973,1262968515.74213
BRA,Brazil,1973,83592275862.9982
BRB,Barbados,1973,260767827.621284
BRN,Brunei Darussalam,1973,433095526.686136
BTN,Bhutan,1973,78900289.3165483
BWA,Botswana,1973,244124164.042218
CAF,Central African Republic,1973,271183082.043062
CAN,Canada,1973,131764343565.643
CHE,Switzerland,1973,49550006319.5147
CHI,Channel Islands,1973,
CHL,Chile,1973,17237336172.7878
CHN,China,1973,138764340892.0
CIV,Cote d'Ivoire,1973,2508421426.17572
CMR,Cameroon,1973,1901393361.02282
COD,"Congo, Dem. Rep.",1973,7870239461.07784
COG,"Congo, Rep.",1973,541973362.610423
COL,Colombia,1973,10315760000.3394
COM,Comoros,1973,
CPV,Cabo Verde,1973,
CRI,Costa Rica,1973,1528925846.25467
CUB,Cuba,1973,9987709650.18094
CUW,Curacao,1973,
CYM,Cayman Islands,1973,
CYP,Cyprus,1973,
CZE,Czechia,1973,
DEU,Germany,1973,399833571167.215
DJI,Djibouti,1973,
DMA,Dominica,1973,
DNK,Denmark,1973,30718181337.3006
DOM,Dominican Republic,1973,2344800000.0
DZA,Algeria,1973,8707858912.12481
EAR,Early-demographic dividend,1973,451330007897.131
ECS,Europe & Central Asia,1973,1757146541396.18
ECU,Ecuador,1973,3891754150.23796
EGY,"Egypt, Arab Rep.",1973,10098534613.4411
ERI,Eritrea,1973,
ESP,Spain,1973,78583355225.5854
EST,Estonia,1973,
ETH,Ethiopia,1973,4070570549.8642
FIN,Finland,1973,19474098335.1486
FJI,Fiji,1973,425950487.519894
FRA,France,1973,261970536240.424
FRO,Faroe Islands,1973,161236465.823622
FSM,"Micronesia, Fed. Sts.",1973,34821467.0
GAB,Gabon,1973,722780701.295854
GBR,United Kingdom,1973,192537971582.558
GEO,Georgia,1973,
GHA,Ghana,1973,3006766758.43977
GIB,Gibraltar,1973,
GIN,Guinea,1973,5152080387.55572
GMB,"Gambia, The",1973,75187749.0961317
GNB,Guinea-Bissau,1973,232331281.355932
GNQ,Equatorial Guinea,1973,81203226.9138345
GRC,Greece,1973,22037019562.7158
GRD,Grenada,1973,
GRL,Greenland,1973,140153748.243656
GTM,Guatemala,1973,2569200100.0
GUM,Guam,1973,
GUY,Guyana,1973,307047619.047619
HKG,"Hong Kong SAR, China",1973,8030117555.62033
HND,Honduras,1973,1128299435.85028
HRV,Croatia,1973,
HTI,Haiti,1973,466798973.042259
HUN,Hungary,1973,9138292402.1882
IDB,IDA blend,1973,37107988872.5557
IDN,Indonesia,1973,16273253012.0482
IMN,Isle of Man,1973,
IND,India,1973,85517673172.5513
IRL,Ireland,1973,7481173065.79201
IRN,"Iran, Islamic Rep.",1973,27081698249.5083
IRQ,Iraq,1973,5134367778.1446
ISL,Iceland,1973,1194794186.17552
ISR,Israel,1973,11902574258.9313
ITA,Italy,1973,175896529392.229
JAM,Jamaica,1973,1905917553.19149
JOR,Jordan,1973,943783839.718052
JPN,Japan,1973,441460582535.921
KAZ,Kazakhstan,1973,
KEN,Kenya,1973,2509001324.34591
KGZ,Kyrgyz Republic,1973,
KHM,Cambodia,1973,
KIR,Kiribati,1973,25645040.4712955
KNA,St. Kitts and Nevis,1973,24196018.3767228
KOR,"Korea, Rep.",1973,14067523813.0386
KWT,Kuwait,1973,5408804607.3129
LAO,Lao PDR,1973,
LBN,Lebanon,1973,
LBR,Liberia,1973,386968300.0
LBY,Libya,1973,8625889429.58277
LCA,St. Lucia,1973,
LCN,Latin America & Caribbean,1973,293150378387.262
LIE,Liechtenstein,1973,165928881.55552
LKA,Sri Lanka,1973,2875625000.0
LSO,Lesotho,1973,121188715.759865
LTE,Late-demographic dividend,1973,560342627217.068
LTU,Lithuania,1973,
LUX,Luxembourg,1973,2609875802.11136
LVA,Latvia,1973,
MAC,"Macao SAR, China",1973,
MAF,St. Martin (French part),1973,
MAR,Morocco,1973,6242145880.08876
MCO,Monaco,1973,523554039.203208
MDA,Moldova,1973,
MDG,Madagascar,1973,1653062335.00286
MDV,Maldives,1973,30862041.60401
MEX,Mexico,1973,55280000000.0
MHL,Marshall Islands,1973,11607366.0
MKD,North Macedonia,1973,
MLI,Mali,1973,563683703.304705
MLT,Malta,1973,345616105.882558
MMR,Myanmar,1973,719754655.358964
MNE,Montenegro,1973,
MNG,Mongolia,1973,
MNP,Northern Mariana Islands,1973,
MOZ,Mozambique,1973,
MRT,Mauritania,1973,493237876.273031
MUS,Mauritius,1973,404285775.079719
MWI,Malawi,1973,
MYS,Malaysia,1973,7662902677.9027
NAM,Namibia,1973,
NCL,New Caledonia,1973,542293399.862618
NER,Niger,1973,946385105.193732
NGA,Nigeria,1973,15162871287.1287
NIC,Nicaragua,1973,1092900014.79168
NLD,Netherlands,1973,71946639602.7117
NOR,Norway,1973,22534253702.8686
NPL,Nepal,1973,972101724.995368
NRU,Nauru,1973,26529816.7841127
NZL,New Zealand,1973,12802281897.8712
OMN,Oman,1973,483066990.612417
PAK,Pakistan,1973,6383429490.21091
PAN,Panama,1973,1913793400.0
PER,Peru,1973,10994381895.1161
PHL,Philippines,1973,11412449735.3056
PLW,Palau,1973,15331889.0
PNG,Papua New Guinea,1973,1299079410.43638
POL,Poland,1973,
PRI,Puerto Rico (US),1973,7002400000.0
PRK,"Korea, Dem. People's Rep.",1973,
PRT,Portugal,1973,15090564186.4268
PRY,Paraguay,1973,995531746.031746
PSE,West Bank and Gaza,1973,
PYF,French Polynesia,1973,431252938.061046
QAT,Qatar,1973,793885559.971313
ROU,Romania,1973,
RUS,Russia,1973,
RWA,Rwanda,1973,290746157.145921
SAU,Saudi Arabia,1973,14947435499.323
SDN,Sudan,1973,3077254460.30228
SEN,Senegal,1973,1863398590.4556
SGP,Singapore,1973,3696213333.33333
SLB,Solomon Islands,1973,55272108.8435374
SLE,Sierra Leone,1973,575230724.377773
SLV,El Salvador,1973,1442320000.0
SMR,San Marino,1973,
SOM,"Somalia, Fed. Rep.",1973,483699610.602563
SRB,Serbia,1973,
SSD,South Sudan,1973,
STP,Sao Tome and Principe,1973,56011244.7398414
SUR,Suriname,1973,339450000.0
SVK,Slovak Republic,1973,
SVN,Slovenia,1973,
SWE,Sweden,1973,59318842992.2378
SWZ,Eswatini,1973,221915127.550763
SXM,Sint Maarten (Dutch part),1973,
SYC,Seychelles,1973,36896280.4764104
SYR,Syrian Arab Republic,1973,3239487516.42576
TCA,Turks and Caicos Islands,1973,
TCD,Chad,1973,647199482.982537
TGO,Togo,1973,574030983.980053
THA,Thailand,1973,10838587357.7466
TJK,Tajikistan,1973,
TKM,Turkmenistan,1973,
TLS,Timor-Leste,1973,
TON,Tonga,1973,
TTO,Trinidad and Tobago,1973,1308785430.53591
TUN,Tunisia,1973,2730813385.32624
TUR,Turkiye,1973,26000000000.0
TUV,Tuvalu,1973,3411915.43882127
TZA,Tanzania,1973,4144104535.49655
UGA,Uganda,1973,1701829789.02127
UKR,Ukraine,1973,
URY,Uruguay,1973,3964296443.35254
USA,United States,1973,1425376000000.0
UZB,Uzbekistan,1973,
VCT,St. Vincent and the Grenadines,1973,30165081.0858817
VEN,"Venezuela, RB",1973,17035581395.3488
VGB,British Virgin Islands,1973,
VIR,Virgin Islands (U.S.),1973,
VNM,Viet Nam,1973,
VUT,Vanuatu,1973,
WSM,Samoa,1973,82452985.3658537
XKX,Kosovo,1973,
YEM,"Yemen, Rep.",1973,
ZAF,South Africa,1973,33262772008.1446
ZMB,Zambia,1973,2434255236.99935
ZWE,Zimbabwe,1973,3311043291.61257
ABW,Aruba,1974,
AFE,Africa Eastern and Southern,1974,89535976340.3865
AFG,Afghanistan,1974,
AFW,Africa Western and Central,1974,49687223643.2392
AGO,Angola,1974,
ALB,Albania,1974,
AND,Andorra,1974,186557081.998137
ARE,United Arab Emirates,1974,11651505689.4244
ARG,Argentina,1974,72436777342.4554
ARM,Armenia,1974,
ASM,American Samoa,1974,
ATG,Antigua and Barbuda,1974,
AUS,Australia,1974,89086219602.0634
AUT,Austria,1974,35051468639.576
AZE,Azerbaijan,1974,
BDI,Burundi,1974,345263492.063492
BEL,Belgium,1974,56033077879.0389
BEN,Benin,1974,554654860.702577
BFA,Burkina Faso,1974,751133430.449301
BGD,Bangladesh,1974,12512460519.7088
BGR,Bulgaria,1974,
BHR,Bahrain,1974,1042176883.51827
BHS,"Bahamas, The",1974,632400000.0
BIH,Bosnia and Herzegovina,1974,
BLR,Belarus,1974,
BLZ,Belize,1974,103160450.445869
BMU,Bermuda,1974,312600000.0
BOL,Bolivia,1974,2100249875.06247
BRA,Brazil,1974,109794519727.538
BRB,Barbados,1974,311804629.873599
BRN,Brunei Darussalam,1974,2319576214.21329
BTN,Bhutan,1974,92901784.4986973
BWA,Botswana,1974,306044207.530203
CAF,Central African Republic,1974,281398705.570596
CAN,Canada,1974,160949188139.059
CHE,Switzerland,1974,57103011445.6416
CHI,Channel Islands,1974,
CHL,Chile,1974,16584311220.1384
CHN,China,1974,144418433058.472
CIV,Cote d'Ivoire,1974,3070152309.21903
CMR,Cameroon,1974,2157415532.54796
COD,"Congo, Dem. Rep.",1974,9596960179.64072
COG,"Congo, Rep.",1974,585364634.473977
COL,Colombia,1974,12370029583.6419
COM,Comoros,1974,
CPV,Cabo Verde,1974,
CRI,Costa Rica,1974,1666544754.09836
CUB,Cuba,1974,11405957317.0732
CUW,Curacao,1974,
CYM,Cayman Islands,1974,
CYP,Cyprus,1974,
CZE,Czechia,1974,
DEU,Germany,1974,446934971657.471
DJI,Djibouti,1974,
DMA,Dominica,1974,
DNK,Denmark,1974,34125712480.9267
DOM,Dominican Republic,1974,2925700000.0
DZA,Algeria,1974,13209871625.9044
EAR,Early-demographic dividend,1974,632677956824.657
ECS,Europe & Central Asia,1974,1985792691039.95
ECU,Ecuador,1974,6599257044.12414
EGY,"Egypt, Arab Rep.",1974,9228963224.60004
ERI,Eritrea,1974,
ESP,Spain,1974,97204522642.0536
EST,Estonia,1974,
ETH,Ethiopia,1974,4577209966.18358
FIN,Finland,1974,24851036710.2568
FJI,Fiji,1974,558587097.382833
FRA,France,1974,282739225313.693
FRO,Faroe Islands,1974,196771070.895339
FSM,"Micronesia, Fed. Sts.",1974,46095175.0
GAB,Gabon,1974,1544216001.66059
GBR,United Kingdom,1974,206131369798.971
GEO,Georgia,1974,
GHA,Ghana,1974,2894409937.8882
GIB,Gibraltar,1974,
GIN,Guinea,1974,5691417541.33871
GMB,"Gambia, The",1974,95796021.6888272
GNB,Guinea-Bissau,1974,256769730.263158
GNQ,Equatorial Guinea,1974,94159862.7073691
GRC,Greece,1974,24998715909.0909
GRD,Grenada,1974,
GRL,Greenland,1974,169918948.629182
GTM,Guatemala,1974,3161499900.0
GUM,Guam,1974,
GUY,Guyana,1974,433954545.454545
HKG,"Hong Kong SAR, China",1974,9388695366.84578
HND,Honduras,1974,1243000000.0
HRV,Croatia,1974,
HTI,Haiti,1974,565399321.520814
HUN,Hungary,1974,10016338178.9993
IDB,IDA blend,1974,52754115653.5642
IDN,Indonesia,1974,25802409638.5542
IMN,Isle of Man,1974,
IND,India,1974,99526597933.6331
IRL,Ireland,1974,7896860614.98803
IRN,"Iran, Islamic Rep.",1974,46209092072.1383
IRQ,Iraq,1974,11516762614.2906
ISL,Iceland,1974,1568154077.03852
ISR,Israel,1974,17172607138.122
ITA,Italy,1974,200024444775.231
JAM,Jamaica,1974,2375122375.12238
JOR,Jordan,1974,1197483948.68547
JPN,Japan,1974,490035789970.299
KAZ,Kazakhstan,1974,
KEN,Kenya,1974,2969958812.01648
KGZ,Kyrgyz Republic,1974,
KHM,Cambodia,1974,
KIR,Kiribati,1974,69256488.5160763
KNA,St. Kitts and Nevis,1974,31514856.3078422
KOR,"Korea, Rep.",1974,19860929976.698
KWT,Kuwait,1974,13006948296.2705
LAO,Lao PDR,1974,
LBN,Lebanon,1974,
LBR,Liberia,1974,486955000.0
LBY,Libya,1974,15112543717.1298
LCA,St. Lucia,1974,
LCN,Latin America & Caribbean,1974,379786194845.66
LIE,Liechtenstein,1974,193980464.882101
LKA,Sri Lanka,1974,3574586466.16541
LSO,Lesotho,1974,150851316.52727
LTE,Late-demographic dividend,1974,673221564295.668
LTU,Lithuania,1974,
LUX,Luxembourg,1974,3183637116.81856
LVA,Latvia,1974,
MAC,"Macao SAR, China",1974,
MAF,St. Martin (French part),1974,
MAR,Morocco,1974,7675466449.35531
MCO,Monaco,1974,563949254.114034
MDA,Moldova,1974,
MDG,Madagascar,1974,1917508190.04689
MDV,Maldives,1974,39120171.2468193
MEX,Mexico,1974,72000000000.0
MHL,Marshall Islands,1974,15217532.0
MKD,North Macedonia,1974,
MLI,Mali,1974,538747339.956033
MLT,Malta,1974,376081124.273469
MMR,Myanmar,1974,1225589878.06809
MNE,Montenegro,1974,
MNG,Mongolia,1974,
MNP,Northern Mariana Islands,1974,
MOZ,Mozambique,1974,
MRT,Mauritania,1974,613010552.500776
MUS,Mauritius,1974,669894029.624369
MWI,Malawi,1974,
MYS,Malaysia,1974,9496204301.74981
NAM,Namibia,1974,
NCL,New Caledonia,1974,637403478.492486
NER,Niger,1974,1026137110.89309
NGA,Nigeria,1974,24846641318.1242
NIC,Nicaragua,1974,1521400011.53463
NLD,Netherlands,1974,87371810804.1643
NOR,Norway,1974,27145693810.1341
NPL,Nepal,1974,1217953546.97604
NRU,Nauru,1974,35994511.422255
NZL,New Zealand,1974,13940981798.1247
OMN,Oman,1974,1645917776.49102
PAK,Pakistan,1974,8899191919.19192
PAN,Panama,1974,2188307600.0
PER,Peru,1974,13858441211.4692
PHL,Philippines,1974,15607882555.2916
PLW,Palau,1974,16848759.0
PNG,Papua New Guinea,1974,1467417672.17002
POL,Poland,1974,
PRI,Puerto Rico (US),1974,7684800000.0
PRK,"Korea, Dem. People's Rep.",1974,
PRT,Portugal,1974,17512391475.9274
PRY,Paraguay,1974,1333475396.8254
PSE,West Bank and Gaza,1974,
PYF,French Polynesia,1974,555340842.860311
QAT,Qatar,1974,2401403227.44085
ROU,Romania,1974,
RUS,Russia,1974,
RWA,Rwanda,1974,308458423.183854
SAU,Saudi Arabia,1974,45412957746.4789
SDN,Sudan,1974,3958931659.84759
SEN,Senegal,1974,2099325228.95651
SGP,Singapore,1974,5221534955.64418
SLB,Solomon Islands,1974,84539332.282562
SLE,Sierra Leone,1974,648590642.939889
SLV,El Salvador,1974,1665880000.0
SMR,San Marino,1974,
SOM,"Somalia, Fed. Rep.",1974,572504035.901509
SRB,Serbia,1974,
SSD,South Sudan,1974,
STP,Sao Tome and Principe,1974,57817591.4570048
SUR,Suriname,1974,409850000.0
SVK,Slovak Republic,1974,
SVN,Slovenia,1974,
SWE,Sweden,1974,65917634590.2599
SWZ,Eswatini,1974,264320940.959002
SXM,Sint Maarten (Dutch part),1974,
SYC,Seychelles,1974,43134496.1645367
SYR,Syrian Arab Republic,1974,5159557147.50895
TCA,Turks and Caicos Islands,1974,
TCD,Chad,1974,652532795.084805
TGO,Togo,1974,791450308.362944
THA,Thailand,1974,13702998512.4492
TJK,Tajikistan,1974,
TKM,Turkmenistan,1974,
TLS,Timor-Leste,1974,
TON,Tonga,1974,
TTO,Trinidad and Tobago,1974,2042001070.5079
TUN,Tunisia,1974,3545868575.14639
TUR,Turkiye,1974,35414285714.2857
TUV,Tuvalu,1974,4122328.66617539
TZA,Tanzania,1974,4977337978.35959
UGA,Uganda,1974,2098944967.20844
UKR,Ukraine,1974,
URY,Uruguay,1974,4090209681.97172
USA,United States,1974,1545243000000.0
UZB,Uzbekistan,1974,
VCT,St. Vincent and the Grenadines,1974,32923702.7281866
VEN,"Venezuela, RB",1974,26100930232.5581
VGB,British Virgin Islands,1974,
VIR,Virgin Islands (U.S.),1974,
VNM,Viet Nam,1974,
VUT,Vanuatu,1974,
WSM,Samoa,1974,93549610.93343
XKX,Kosovo,1974,
YEM,"Yemen, Rep.",1974,
ZAF,South Africa,1974,41389186094.5992
ZMB,Zambia,1974,2910981262.10018
ZWE,Zimbabwe,1974,3984194614.19552
ABW,Aruba,1975,
AFE,Africa Eastern and Southern,1975,95295754526.8723
AFG,Afghanistan,1975,
AFW,Africa Western and Central,1975,57280116275.6847
AGO,Angola,1975,
ALB,Albania,1975,
AND,Andorra,1975,220112572.205331
ARE,United Arab Emirates,1975,14720728248.5355
ARG,Argentina,1975,52438647921.9226
ARM,Armenia,1975,
ASM,American Samoa,1975,
ATG,Antigua and Barbuda,1975,
AUS,Australia,1975,97440939505.6671
AUT,Austria,1975,39902300703.1682
AZE,Azerbaijan,1975,
BDI,Burundi,1975,420986666.666667
BEL,Belgium,1975,65678189097.2908
BEN,Benin,1975,676870140.341529
BFA,Burkina Faso,1975,939972703.463021
BGD,Bangladesh,1975,19448348073.4565
BGR,Bulgaria,1975,
BHR,Bahrain,1975,1099107600.50569
BHS,"Bahamas, The",1975,596200000.0
BIH,Bosnia and Herzegovina,1975,
BLR,Belarus,1975,
BLZ,Belize,1975,118194026.251574
BMU,Bermuda,1975,345000000.0
BOL,Bolivia,1975,2404697651.17441
BRA,Brazil,1975,129203555238.827
BRB,Barbados,1975,402178605.019554
BRN,Brunei Darussalam,1975,2496420257.54042
BTN,Bhutan,1975,86820762.4931172
BWA,Botswana,1975,355168571.536751
CAF,Central African Republic,1975,378660016.265936
CAN,Canada,1975,174419757176.563
CHE,Switzerland,1975,65466081819.2384
CHI,Channel Islands,1975,
CHL,Chile,1975,7812161793.11971
CHN,China,1975,163687619735.857
CIV,Cote d'Ivoire,1975,3893839190.26806
CMR,Cameroon,1975,2857037371.05886
COD,"Congo, Dem. Rep.",1975,10237343173.6527
COG,"Congo, Rep.",1975,767102680.239967
COL,Colombia,1975,13098633901.8673
COM,Comoros,1975,
CPV,Cabo Verde,1975,
CRI,Costa Rica,1975,1960863465.5776
CUB,Cuba,1975,13027415243.9024
CUW,Curacao,1975,
CYM,Cayman Islands,1975,
CYP,Cyprus,1975,489912574.305146
CZE,Czechia,1975,
DEU,Germany,1975,492434094920.105
DJI,Djibouti,1975,
DMA,Dominica,1975,
DNK,Denmark,1975,40418967665.5877
DOM,Dominican Republic,1975,3599200000.0
DZA,Algeria,1975,15557902754.033
EAR,Early-demographic dividend,1975,677326175290.985
ECS,Europe & Central Asia,1975,2319533111918.75
ECU,Ecuador,1975,7731674472.07212
EGY,"Egypt, Arab Rep.",1975,11632178868.9171
ERI,Eritrea,1975,
ESP,Spain,1975,114695060869.565
EST,Estonia,1975,
ETH,Ethiopia,1975,4577047854.10628
FIN,Finland,1975,29475251333.4411
FJI,Fiji,1975,684282434.361095
FRA,France,1975,357324307786.446
FRO,Faroe Islands,1975,227404436.013679
FSM,"Micronesia, Fed. Sts.",1975,46119184.0
GAB,Gabon,1975,2157592940.04234
GBR,United Kingdom,1975,241756637168.142
GEO,Georgia,1975,
GHA,Ghana,1975,2810106382.97872
GIB,Gibraltar,1975,
GIN,Guinea,1975,6102769605.43001
GMB,"Gambia, The",1975,115179719.077633
GNB,Guinea-Bissau,1975,283311996.82299
GNQ,Equatorial Guinea,1975,104295643.388437
GRC,Greece,1975,28129128586.61
GRD,Grenada,1975,
GRL,Greenland,1975,211190630.329609
GTM,Guatemala,1975,3645900000.0
GUM,Guam,1975,
GUY,Guyana,1975,494791666.666667
HKG,"Hong Kong SAR, China",1975,10048089558.0636
HND,Honduras,1975,1330050000.0
HRV,Croatia,1975,
HTI,Haiti,1975,681400000.0
HUN,Hungary,1975,11420392514.6172
IDB,IDA blend,1975,61046682874.9974
IDN,Indonesia,1975,30463855421.6867
IMN,Isle of Man,1975,
IND,India,1975,98473832017.3242
IRL,Ireland,1975,9483808362.36934
IRN,"Iran, Islamic Rep.",1975,51776222349.8869
IRQ,Iraq,1975,13458516762.6143
ISL,Iceland,1975,1456052700.06506
ISR,Israel,1975,16141767373.4859
ITA,Italy,1975,228220643534.994
JAM,Jamaica,1975,2860442750.44275
JOR,Jordan,1975,1363073497.77355
JPN,Japan,1975,532861438884.724
KAZ,Kazakhstan,1975,
KEN,Kenya,1975,3259345083.26283
KGZ,Kyrgyz Republic,1975,
KHM,Cambodia,1975,749129748.150633
KIR,Kiribati,1975,44547453.6024265
KNA,St. Kitts and Nevis,1975,33364055.2995392
KOR,"Korea, Rep.",1975,22126033057.8512
KWT,Kuwait,1975,12022811620.7867
LAO,Lao PDR,1975,
LBN,Lebanon,1975,
LBR,Liberia,1975,577549300.0
LBY,Libya,1975,14710912457.6509
LCA,St. Lucia,1975,
LCN,Latin America & Caribbean,1975,398144710055.559
LIE,Liechtenstein,1975,246389101.853613
LKA,Sri Lanka,1975,3791298145.50642
LSO,Lesotho,1975,149558895.914581
LTE,Late-demographic dividend,1975,743236954063.473
LTU,Lithuania,1975,
LUX,Luxembourg,1975,3123333333.33333
LVA,Latvia,1975,
MAC,"Macao SAR, China",1975,
MAF,St. Martin (French part),1975,
MAR,Morocco,1975,8984853005.08058
MCO,Monaco,1975,711978961.893674
MDA,Moldova,1975,
MDG,Madagascar,1975,2283049215.35339
MDV,Maldives,1975,24540877.6041667
MEX,Mexico,1975,88000000000.0
MHL,Marshall Islands,1975,16691301.0
MKD,North Macedonia,1975,
MLI,Mali,1975,830710615.179954
MLT,Malta,1975,474618321.462361
MMR,Myanmar,1975,1061107353.67232
MNE,Montenegro,1975,
MNG,Mongolia,1975,
MNP,Northern Mariana Islands,1975,
MOZ,Mozambique,1975,
MRT,Mauritania,1975,703377837.452223
MUS,Mauritius,1975,673311287.073382
MWI,Malawi,1975,
MYS,Malaysia,1975,9298800799.46702
NAM,Namibia,1975,
NCL,New Caledonia,1975,816652164.400241
NER,Niger,1975,1048690933.21027
NGA,Nigeria,1975,27778934624.6973
NIC,Nicaragua,1975,1581599958.5989
NLD,Netherlands,1975,100397061693.97
NOR,Norway,1975,32877805200.023
NPL,Nepal,1975,1575789254.46938
NRU,Nauru,1975,40106775.9115117
NZL,New Zealand,1975,12861983284.3912
OMN,Oman,1975,2096699189.34569
PAK,Pakistan,1975,11230606060.6061
PAN,Panama,1975,2435304100.0
PER,Peru,1975,16931162355.4802
PHL,Philippines,1975,16875240683.5083
PLW,Palau,1975,18521112.0
PNG,Papua New Guinea,1975,1356603608.09695
POL,Poland,1975,
PRI,Puerto Rico (US),1975,8198300000.0
PRK,"Korea, Dem. People's Rep.",1975,
PRT,Portugal,1975,19347607843.1373
PRY,Paraguay,1975,1511420634.92063
PSE,West Bank and Gaza,1975,
PYF,French Polynesia,1975,690323388.529907
QAT,Qatar,1975,2512773165.81173
ROU,Romania,1975,
RUS,Russia,1975,
RWA,Rwanda,1975,571863500.248658
SAU,Saudi Arabia,1975,46773208642.6814
SDN,Sudan,1975,4823090191.91008
SEN,Senegal,1975,2830388404.8977
SGP,Singapore,1975,5633673929.99302
SLB,Solomon Islands,1975,74620320.0295339
SLE,Sierra Leone,1975,679336343.584559
SLV,El Salvador,1975,1884120100.0
SMR,San Marino,1975,
SOM,"Somalia, Fed. Rep.",1975,757015878.792693
SRB,Serbia,1975,
SSD,South Sudan,1975,
STP,Sao Tome and Principe,1975,60101709.8452627
SUR,Suriname,1975,465500000.0
SVK,Slovak Republic,1975,
SVN,Slovenia,1975,
SWE,Sweden,1975,82765232647.753
SWZ,Eswatini,1975,288299788.508035
SXM,Sint Maarten (Dutch part),1975,
SYC,Seychelles,1975,47803145.9480985
SYR,Syrian Arab Republic,1975,6826980444.14982
TCA,Turks and Caicos Islands,1975,
TCD,Chad,1975,864602104.679653
TGO,Togo,1975,871781686.907321
THA,Thailand,1975,14882770593.9796
TJK,Tajikistan,1975,
TKM,Turkmenistan,1975,
TLS,Timor-Leste,1975,
TON,Tonga,1975,32506741.7201204
TTO,Trinidad and Tobago,1975,2442669824.56431
TUN,Tunisia,1975,4328965587.53266
TUR,Turkiye,1975,46042857142.8571
TUV,Tuvalu,1975,4014748.0540762
TZA,Tanzania,1975,5729917839.54264
UGA,Uganda,1975,2359555555.55556
UKR,Ukraine,1975,
URY,Uruguay,1975,3538278046.96236
USA,United States,1975,1684904000000.0
UZB,Uzbekistan,1975,
VCT,St. Vincent and the Grenadines,1975,33237225.9880652
VEN,"Venezuela, RB",1975,27464651162.7907
VGB,British Virgin Islands,1975,
VIR,Virgin Islands (U.S.),1975,
VNM,Viet Nam,1975,
VUT,Vanuatu,1975,
WSM,Samoa,1975,93489282.5537294
XKX,Kosovo,1975,
YEM,"Yemen, Rep.",1975,
ZAF,South Africa,1975,42906905672.42
ZMB,Zambia,1975,2442672140.947
ZWE,Zimbabwe,1975,4373532601.15703
ABW,Aruba,1976,
AFE,Africa Eastern and Southern,1976,96006417139.9693
AFG,Afghanistan,1976,
AFW,Africa Western and Central,1976,68385552348.1688
AGO,Angola,1976,
ALB,Albania,1976,
AND,Andorra,1976,227283850.831271
ARE,United Arab Emirates,1976,19213158778.7928
ARG,Argentina,1976,51169499892.1722
ARM,Armenia,1976,
ASM,American Samoa,1976,
ATG,Antigua and Barbuda,1976,
AUS,Australia,1976,105209354855.787
AUT,Austria,1976,42791707448.0325
AZE,Azerbaijan,1976,
BDI,Burundi,1976,448412753.623188
BEL,Belgium,1976,71113882967.6071
BEN,Benin,1976,698408261.922237
BFA,Burkina Faso,1976,976547188.054778
BGD,Bangladesh,1976,10117113333.3333
BGR,Bulgaria,1976,
BHR,Bahrain,1976,1581709518.98261
BHS,"Bahamas, The",1976,642100000.0
BIH,Bosnia and Herzegovina,1976,
BLR,Belarus,1976,
BLZ,Belize,1976,97094227.2292471
BMU,Bermuda,1976,386300000.0
BOL,Bolivia,1976,2731984007.996
BRA,Brazil,1976,153168949208.207
BRB,Barbados,1976,435911268.58968
BRN,Brunei Darussalam,1976,3054765590.29214
BTN,Bhutan,1976,88461262.7788474
BWA,Botswana,1976,372025093.006273
CAF,Central African Republic,1976,451152461.31276
CAN,Canada,1976,207271612576.065
CHE,Switzerland,1976,68476524643.943
CHI,Channel Islands,1976,
CHL,Chile,1976,10523479088.8075
CHN,China,1976,154196810058.643
CIV,Cote d'Ivoire,1976,4662053824.83955
CMR,Cameroon,1976,2898090001.8562
COD,"Congo, Dem. Rep.",1976,9648583224.99212
COG,"Congo, Rep.",1976,754549601.391492
COL,Colombia,1976,15341403660.4698
COM,Comoros,1976,
CPV,Cabo Verde,1976,
CRI,Costa Rica,1976,2412555425.90432
CUB,Cuba,1976,13789579902.5579
CUW,Curacao,1976,
CYM,Cayman Islands,1976,
CYP,Cyprus,1976,576090073.715036
CZE,Czechia,1976,
DEU,Germany,1976,521658712132.981
DJI,Djibouti,1976,
DMA,Dominica,1976,
DNK,Denmark,1976,44503607444.1687
DOM,Dominican Republic,1976,3951500000.0
DZA,Algeria,1976,17728240932.3158
EAR,Early-demographic dividend,1976,739999717047.563
ECS,Europe & Central Asia,1976,2411368600960.78
ECU,Ecuador,1976,9091921030.17345
EGY,"Egypt, Arab Rep.",1976,13315988083.4161
ERI,Eritrea,1976,
ESP,Spain,1976,118422534195.474
EST,Estonia,1976,
ETH,Ethiopia,1976,4943806093.23672
FIN,Finland,1976,31852352669.6415
FJI,Fiji,1976,694540806.380644
FRA,France,1976,368363152144.223
FRO,Faroe Islands,1976,270470345.449357
FSM,"Micronesia, Fed. Sts.",1976,46813193.0
GAB,Gabon,1976,3009409974.26856
GBR,United Kingdom,1976,232614555256.065
GEO,Georgia,1976,
GHA,Ghana,1976,2765254237.28814
GIB,Gibraltar,1976,
GIN,Guinea,1976,6762781870.6211
GMB,"Gambia, The",1976,112190829.470457
GNB,Guinea-Bissau,1976,292152321.493146
GNQ,Equatorial Guinea,1976,103653049.93797
GRC,Greece,1976,30719552238.806
GRD,Grenada,1976,
GRL,Greenland,1976,240779417.7857
GTM,Guatemala,1976,4365300200.0
GUM,Guam,1976,
GUY,Guyana,1976,454440000.0
HKG,"Hong Kong SAR, China",1976,12876366008.8077
HND,Honduras,1976,1589300000.0
HRV,Croatia,1976,
HTI,Haiti,1976,879000000.0
HUN,Hungary,1976,13235612078.8396
IDB,IDA blend,1976,73441255542.52
IDN,Indonesia,1976,37269156626.506
IMN,Isle of Man,1976,
IND,India,1976,102716451979.68
IRL,Ireland,1976,9453756014.71837
IRN,"Iran, Islamic Rep.",1976,68055295080.7538
IRQ,Iraq,1976,17754825601.0836
ISL,Iceland,1976,1727845419.11401
ISR,Israel,1976,15956349550.0166
ITA,Italy,1976,225235205861.828
JAM,Jamaica,1976,2966042856.04286
JOR,Jordan,1976,1708521219.46003
JPN,Japan,1976,598883902155.605
KAZ,Kazakhstan,1976,
KEN,Kenya,1976,3474542391.69992
KGZ,Kyrgyz Republic,1976,
KHM,Cambodia,1976,790357254.540309
KIR,Kiribati,1976,33246816.5018414
KNA,St. Kitts and Nevis,1976,30095602.2944551
KOR,"Korea, Rep.",1976,30371074380.1653
KWT,Kuwait,1976,13132252801.9372
LAO,Lao PDR,1976,
LBN,Lebanon,1976,
LBR,Liberia,1976,596675700.0
LBY,Libya,1976,19096943016.5748
LCA,St. Lucia,1976,
LCN,Latin America & Caribbean,1976,436627884665.323
LIE,Liechtenstein,1976,272489300.467827
LKA,Sri Lanka,1976,3591319857.31272
LSO,Lesotho,1976,147660036.915009
LTE,Late-demographic dividend,1976,801479229230.007
LTU,Lithuania,1976,
LUX,Luxembourg,1976,3423586206.89655
LVA,Latvia,1976,
MAC,"Macao SAR, China",1976,
MAF,St. Martin (French part),1976,
MAR,Morocco,1976,9584297284.28316
MCO,Monaco,1976,735324244.667397
MDA,Moldova,1976,
MDG,Madagascar,1976,2181844178.5534
MDV,Maldives,1976,22399467.1052632
MEX,Mexico,1976,88875923765.072
MHL,Marshall Islands,1976,18153647.0
MKD,North Macedonia,1976,
MLI,Mali,1976,939228017.24779
MLT,Malta,1976,527936988.791275
MMR,Myanmar,1976,1204699849.12592
MNE,Montenegro,1976,
MNG,Mongolia,1976,
MNP,Northern Mariana Islands,1976,
MOZ,Mozambique,1976,
MRT,Mauritania,1976,775045516.827791
MUS,Mauritius,1976,713510051.522669
MWI,Malawi,1976,
MYS,Malaysia,1976,11050234598.6249
NAM,Namibia,1976,
NCL,New Caledonia,1976,798313521.689803
NER,Niger,1976,1064517601.29025
NGA,Nigeria,1976,36308883248.731
NIC,Nicaragua,1976,1836899998.94579
NLD,Netherlands,1976,109329386564.427
NOR,Norway,1976,35942270686.3374
NPL,Nepal,1976,1452788984.86265
NRU,Nauru,1976,40287427.2028236
NZL,New Zealand,1976,13604832424.0062
OMN,Oman,1976,2560220034.74233
PAK,Pakistan,1976,13168080808.0808
PAN,Panama,1976,2588106000.0
PER,Peru,1976,16131958850.6444
PHL,Philippines,1976,19381055197.2794
PLW,Palau,1976,20364420.0
PNG,Papua New Guinea,1976,1511843235.49111
POL,Poland,1976,
PRI,Puerto Rico (US),1976,8968600000.0
PRK,"Korea, Dem. People's Rep.",1976,
PRT,Portugal,1976,20332831564.9867
PRY,Paraguay,1976,1698960317.46032
PSE,West Bank and Gaza,1976,
PYF,French Polynesia,1976,732288906.273954
QAT,Qatar,1976,3284273986.71808
ROU,Romania,1976,
RUS,Russia,1976,
RWA,Rwanda,1976,637753853.12552
SAU,Saudi Arabia,1976,64005665722.3796
SDN,Sudan,1976,6013210815.66115
SEN,Senegal,1976,2869777884.45166
SGP,Singapore,1976,6327077974.10703
SLB,Solomon Islands,1976,83100834.307935
SLE,Sierra Leone,1976,594895941.914381
SLV,El Salvador,1976,2328280100.0
SMR,San Marino,1976,
SOM,"Somalia, Fed. Rep.",1976,871344245.115171
SRB,Serbia,1976,
SSD,South Sudan,1976,
STP,Sao Tome and Principe,1976,52039421.1975774
SUR,Suriname,1976,505500000.0
SVK,Slovak Republic,1976,
SVN,Slovenia,1976,
SWE,Sweden,1976,89232517045.8459
SWZ,Eswatini,1976,272550068.137517
SXM,Sint Maarten (Dutch part),1976,
SYC,Seychelles,1976,49278981.7550701
SYR,Syrian Arab Republic,1976,7633528866.93424
TCA,Turks and Caicos Islands,1976,
TCD,Chad,1976,866044962.016274
TGO,Togo,1976,874681611.928369
THA,Thailand,1976,16985208648.2112
TJK,Tajikistan,1976,
TKM,Turkmenistan,1976,
TLS,Timor-Leste,1976,
TON,Tonga,1976,30036416.9619944
TTO,Trinidad and Tobago,1976,2500424955.23006
TUN,Tunisia,1976,4508191942.16081
TUR,Turkiye,1976,51450000000.0
TUV,Tuvalu,1976,3919072.22992563
TZA,Tanzania,1976,6472511987.84735
UGA,Uganda,1976,2447300000.0
UKR,Ukraine,1976,
URY,Uruguay,1976,3667161241.48372
USA,United States,1976,1873412000000.0
UZB,Uzbekistan,1976,
VCT,St. Vincent and the Grenadines,1976,32792844.6829448
VEN,"Venezuela, RB",1976,31419534883.7209
VGB,British Virgin Islands,1976,
VIR,Virgin Islands (U.S.),1976,
VNM,Viet Nam,1976,
VUT,Vanuatu,1976,
WSM,Samoa,1976,85003077.6967563
XKX,Kosovo,1976,
YEM,"Yemen, Rep.",1976,
ZAF,South Africa,1976,41150460287.6151
ZMB,Zambia,1976,2742859262.9794
ZWE,Zimbabwe,1976,4320576876.79177
ABW,Aruba,1977,
AFE,Africa Eastern and Southern,1977,109208244154.943
AFG,Afghanistan,1977,
AFW,Africa Western and Central,1977,71789497552.1911
AGO,Angola,1977,
ALB,Albania,1977,
AND,Andorra,1977,253997897.226968
ARE,United Arab Emirates,1977,24871775164.6043
ARG,Argentina,1977,56781000101.0848
ARM,Armenia,1977,
ASM,American Samoa,1977,
ATG,Antigua and Barbuda,1977,77507407.4074074
AUS,Australia,1977,110504702913.512
AUT,Austria,1977,51343861460.328
AZE,Azerbaijan,1977,
BDI,Burundi,1977,547535555.555556
BEL,Belgium,1977,82839905458.6382
BEN,Benin,1977,750049778.84069
BFA,Burkina Faso,1977,1131224878.18865
BGD,Bangladesh,1977,9651149301.8746
BGR,Bulgaria,1977,
BHR,Bahrain,1977,1989060283.04271
BHS,"Bahamas, The",1977,713000000.0
BIH,Bosnia and Herzegovina,1977,
BLR,Belarus,1977,
BLZ,Belize,1977,117650000.0
BMU,Bermuda,1977,447000000.0
BOL,Bolivia,1977,3227436281.85907
BRA,Brazil,1977,176344101401.941
BRB,Barbados,1977,495097667.929041
BRN,Brunei Darussalam,1977,3681242528.32494
BTN,Bhutan,1977,97884433.8024868
BWA,Botswana,1977,451624780.274597
CAF,Central African Republic,1977,507298147.526539
CAN,Canada,1977,212325176304.654
CHE,Switzerland,1977,73135771167.048
CHI,Channel Islands,1977,
CHL,Chile,1977,14272711436.7475
CHN,China,1977,175226595859.778
CIV,Cote d'Ivoire,1977,6265068189.37782
CMR,Cameroon,1977,3394664024.05503
COD,"Congo, Dem. Rep.",1977,12344424763.5727
COG,"Congo, Rep.",1977,765224029.286556
COL,Colombia,1977,19470960619.1297
COM,Comoros,1977,
CPV,Cabo Verde,1977,
CRI,Costa Rica,1977,3072427012.83547
CUB,Cuba,1977,14206158674.6988
CUW,Curacao,1977,
CYM,Cayman Islands,1977,
CYP,Cyprus,1977,734876021.128049
CZE,Czechia,1977,
DEU,Germany,1977,602698323085.993
DJI,Djibouti,1977,
DMA,Dominica,1977,45872947.4074074
DNK,Denmark,1977,49711709588.2196
DOM,Dominican Republic,1977,4587100000.0
DZA,Algeria,1977,20972113684.9558
EAR,Early-demographic dividend,1977,827431694414.616
ECS,Europe & Central Asia,1977,2728001349943.93
ECU,Ecuador,1977,11026342618.1141
EGY,"Egypt, Arab Rep.",1977,14400806875.9867
ERI,Eritrea,1977,
ESP,Spain,1977,132354665936.473
EST,Estonia,1977,
ETH,Ethiopia,1977,5651840584.54106
FIN,Finland,1977,33502784417.884
FJI,Fiji,1977,719501765.783049
FRA,France,1977,406401711687.617
FRO,Faroe Islands,1977,347798304.635267
FSM,"Micronesia, Fed. Sts.",1977,47305560.0
GAB,Gabon,1977,2809349069.22118
GBR,United Kingdom,1977,263066457352.172
GEO,Georgia,1977,
GHA,Ghana,1977,3189428571.42857
GIB,Gibraltar,1977,
GIN,Guinea,1977,6914381290.57116
GMB,"Gambia, The",1977,138093099.09774
GNB,Guinea-Bissau,1977,298871674.860041
GNQ,Equatorial Guinea,1977,103987520.075827
GRC,Greece,1977,35673080481.0361
GRD,Grenada,1977,71494495.1851852
GRL,Greenland,1977,282269749.160113
GTM,Guatemala,1977,5480500200.0
GUM,Guam,1977,
GUY,Guyana,1977,449880000.0
HKG,"Hong Kong SAR, China",1977,15719433719.4337
HND,Honduras,1977,1900700000.0
HRV,Croatia,1977,
HTI,Haiti,1977,947000000.0
HUN,Hungary,1977,14783674054.829
IDB,IDA blend,1977,79020486261.1326
IDN,Indonesia,1977,45808915662.6506
IMN,Isle of Man,1977,
IND,India,1977,121486641441.309
IRL,Ireland,1977,11248340431.3779
IRN,"Iran, Islamic Rep.",1977,80600122701.9632
IRQ,Iraq,1977,19838130714.5276
ISL,Iceland,1977,2285707748.78061
ISR,Israel,1977,18257113904.2478
ITA,Italy,1977,258190019749.835
JAM,Jamaica,1977,3249733139.73314
JOR,Jordan,1977,2096778602.16785
JPN,Japan,1977,737069290927.712
KAZ,Kazakhstan,1977,
KEN,Kenya,1977,4494378764.32011
KGZ,Kyrgyz Republic,1977,
KHM,Cambodia,1977,716261764.498093
KIR,Kiribati,1977,31335458.7039851
KNA,St. Kitts and Nevis,1977,44496296.2962963
KOR,"Korea, Rep.",1977,39064462809.9174
KWT,Kuwait,1977,14137406740.5065
LAO,Lao PDR,1977,
LBN,Lebanon,1977,
LBR,Liberia,1977,673010600.0
LBY,Libya,1977,22428297107.5929
LCA,St. Lucia,1977,
LCN,Latin America & Caribbean,1977,479581065121.979
LIE,Liechtenstein,1977,303493119.480763
LKA,Sri Lanka,1977,4104509582.86359
LSO,Lesotho,1977,193315048.328762
LTE,Late-demographic dividend,1977,929935807412.122
LTU,Lithuania,1977,
LUX,Luxembourg,1977,3789321328.08104
LVA,Latvia,1977,
MAC,"Macao SAR, China",1977,
MAF,St. Martin (French part),1977,
MAR,Morocco,1977,11049783871.8144
MCO,Monaco,1977,811191392.224277
MDA,Moldova,1977,
MDG,Madagascar,1977,2358930406.0689
MDV,Maldives,1977,20853788.7115165
MEX,Mexico,1977,81912018783.5024
MHL,Marshall Islands,1977,20210069.0
MKD,North Macedonia,1977,
MLI,Mali,1977,1049838548.10919
MLT,Malta,1977,625563170.67121
MMR,Myanmar,1977,873579931.929901
MNE,Montenegro,1977,
MNG,Mongolia,1977,
MNP,Northern Mariana Islands,1977,
MOZ,Mozambique,1977,
MRT,Mauritania,1977,799030017.057464
MUS,Mauritius,1977,834722972.199873
MWI,Malawi,1977,
MYS,Malaysia,1977,13139488632.5546
NAM,Namibia,1977,
NCL,New Caledonia,1977,837620126.558528
NER,Niger,1977,1291458041.46193
NGA,Nigeria,1977,36035407725.3219
NIC,Nicaragua,1977,2226999873.71856
NLD,Netherlands,1977,127203923857.412
NOR,Norway,1977,41508030431.1074
NPL,Nepal,1977,1382400000.0
NRU,Nauru,1977,40444701.7664602
NZL,New Zealand,1977,15446825318.4556
OMN,Oman,1977,2741169947.88651
PAK,Pakistan,1977,15126060606.0606
PAN,Panama,1977,2738261900.0
PER,Peru,1977,14544913960.5062
PHL,Philippines,1977,22283109803.3521
PLW,Palau,1977,22308104.0
PNG,Papua New Guinea,1977,1640746618.68467
POL,Poland,1977,
PRI,Puerto Rico (US),1977,9910900000.0
PRK,"Korea, Dem. People's Rep.",1977,
PRT,Portugal,1977,21439523310.6338
PRY,Paraguay,1977,2092158730.15873
PSE,West Bank and Gaza,1977,
PYF,French Polynesia,1977,793196378.708826
QAT,Qatar,1977,3617564637.88865
ROU,Romania,1977,
RUS,Russia,1977,
RWA,Rwanda,1977,746650613.034794
SAU,Saudi Arabia,1977,74188986586.0629
SDN,Sudan,1977,7499005639.37649
SEN,Senegal,1977,2938046462.7098
SGP,Singapore,1977,6618585073.66035
SLB,Solomon Islands,1977,93145283.3557141
SLE,Sierra Leone,1977,691777583.951156
SLV,El Salvador,1977,2941640100.0
SMR,San Marino,1977,
SOM,"Somalia, Fed. Rep.",1977,498550724.637681
SRB,Serbia,1977,
SSD,South Sudan,1977,
STP,Sao Tome and Principe,1977,49207692.3210324
SUR,Suriname,1977,641500000.0
SVK,Slovak Republic,1977,
SVN,Slovenia,1977,
SWE,Sweden,1977,94331782622.2778
SWZ,Eswatini,1977,304060076.015019
SXM,Sint Maarten (Dutch part),1977,
SYC,Seychelles,1977,64526401.4638544
SYR,Syrian Arab Republic,1977,7696011396.0114
TCA,Turks and Caicos Islands,1977,
TCD,Chad,1977,935360464.701341
TGO,Togo,1977,1097893825.98815
THA,Thailand,1977,19779312261.3155
TJK,Tajikistan,1977,
TKM,Turkmenistan,1977,
TLS,Timor-Leste,1977,
TON,Tonga,1977,34139387.8908849
TTO,Trinidad and Tobago,1977,3138666666.66667
TUN,Tunisia,1977,5109324009.32401
TUR,Turkiye,1977,58683333333.3333
TUV,Tuvalu,1977,3669419.59164946
TZA,Tanzania,1977,7732598995.10303
UGA,Uganda,1977,2936470588.23529
UKR,Ukraine,1977,
URY,Uruguay,1977,4114670014.3472
USA,United States,1977,2081826000000.0
UZB,Uzbekistan,1977,
VCT,St. Vincent and the Grenadines,1977,49353161.8518519
VEN,"Venezuela, RB",1977,36210697674.4186
VGB,British Virgin Islands,1977,
VIR,Virgin Islands (U.S.),1977,
VNM,Viet Nam,1977,
VUT,Vanuatu,1977,
WSM,Samoa,1977,98295671.0342196
XKX,Kosovo,1977,
YEM,"Yemen, Rep.",1977,
ZAF,South Africa,1977,45328411332.1028
ZMB,Zambia,1977,2515296939.60686
ZWE,Zimbabwe,1977,4366610468.65438
ABW,Aruba,1978,
AFE,Africa Eastern and Southern,1978,124083421003.115
AFG,Afghanistan,1978,
AFW,Africa Western and Central,1978,78778080489.5676
AGO,Angola,1978,
ALB,Albania,1978,
AND,Andorra,1978,308020261.164149
ARE,United Arab Emirates,1978,23775764224.6832
ARG,Argentina,1978,89049453088.3282
ARM,Armenia,1978,
ASM,American Samoa,1978,
ATG,Antigua and Barbuda,1978,88040740.7407407
AUS,Australia,1978,118660813779.849
AUT,Austria,1978,61809208755.804
AZE,Azerbaijan,1978,
BDI,Burundi,1978,610225555.555556
BEL,Belgium,1978,101246526194.441
BEN,Benin,1978,928843469.431727
BFA,Burkina Faso,1978,1475583644.93614
BGD,Bangladesh,1978,13281767142.8571
BGR,Bulgaria,1978,
BHR,Bahrain,1978,2272042965.21126
BHS,"Bahamas, The",1978,832400000.0
BIH,Bosnia and Herzegovina,1978,
BLR,Belarus,1978,
BLZ,Belize,1978,136300000.0
BMU,Bermuda,1978,475800000.0
BOL,Bolivia,1978,3758220889.55522
BRA,Brazil,1978,200278646123.581
BRB,Barbados,1978,552883707.055138
BRN,Brunei Darussalam,1978,4100423673.58759
BTN,Bhutan,1978,94086227.6084972
BWA,Botswana,1978,590407374.447116
CAF,Central African Republic,1978,610578631.992983
CAN,Canada,1978,219369542386.254
CHE,Switzerland,1978,102280472035.794
CHI,Channel Islands,1978,
CHL,Chile,1978,16373093553.7155
CHN,China,1978,149788617886.179
CIV,Cote d'Ivoire,1978,7900526298.31993
CMR,Cameroon,1978,4662852583.13256
COD,"Congo, Dem. Rep.",1978,15372608002.3923
COG,"Congo, Rep.",1978,878771772.202149
COL,Colombia,1978,23263511958.0509
COM,Comoros,1978,
CPV,Cabo Verde,1978,
CRI,Costa Rica,1978,3523208809.80163
CUB,Cuba,1978,17844705324.6753
CUW,Curacao,1978,
CYM,Cayman Islands,1978,
CYP,Cyprus,1978,964024364.43274
CZE,Czechia,1978,
DEU,Germany,1978,743182891918.208
DJI,Djibouti,1978,
DMA,Dominica,1978,57130215.5555556
DNK,Denmark,1978,60320089217.713
DOM,Dominican Republic,1978,4734400000.0
DZA,Algeria,1978,26364491313.4471
EAR,Early-demographic dividend,1978,944725702178.608
ECS,Europe & Central Asia,1978,3344297397044.39
ECU,Ecuador,1978,11922497876.4828
EGY,"Egypt, Arab Rep.",1978,14811704063.0685
ERI,Eritrea,1978,
ESP,Spain,1978,160484969618.056
EST,Estonia,1978,
ETH,Ethiopia,1978,6014961434.78261
FIN,Finland,1978,36259392057.7617
FJI,Fiji,1978,829267889.429373
FRA,France,1978,501724418604.651
FRO,Faroe Islands,1978,397833034.884512
FSM,"Micronesia, Fed. Sts.",1978,53656834.0
GAB,Gabon,1978,2389479271.66616
GBR,United Kingdom,1978,335883029721.956
GEO,Georgia,1978,
GHA,Ghana,1978,3662478184.99127
GIB,Gibraltar,1978,
GIN,Guinea,1978,8087305999.0597
GMB,"Gambia, The",1978,171833086.019624
GNB,Guinea-Bissau,1978,318876550.432277
GNQ,Equatorial Guinea,1978,
GRC,Greece,1978,43654480519.4805
GRD,Grenada,1978,88322386.2962963
GRL,Greenland,1978,355987433.41569
GTM,Guatemala,1978,6070600200.0
GUM,Guam,1978,
GUY,Guyana,1978,507080000.0
HKG,"Hong Kong SAR, China",1978,18315136409.1427
HND,Honduras,1978,2393650000.0
HRV,Croatia,1978,
HTI,Haiti,1978,974200000.0
HUN,Hungary,1978,17286744153.707
IDB,IDA blend,1978,87129172584.7326
IDN,Indonesia,1978,51455719075.8254
IMN,Isle of Man,1978,
IND,India,1978,137302319828.995
IRL,Ireland,1978,14647996073.6937
IRN,"Iran, Islamic Rep.",1978,77994316621.4814
IRQ,Iraq,1978,23762275651.8794
ISL,Iceland,1978,2599627088.63561
ISR,Israel,1978,17701286907.0888
ITA,Italy,1978,315784469541.41
JAM,Jamaica,1978,2644527821.53011
JOR,Jordan,1978,2602208588.95706
JPN,Japan,1978,1035611588216.59
KAZ,Kazakhstan,1978,
KEN,Kenya,1978,5303735110.55151
KGZ,Kyrgyz Republic,1978,
KHM,Cambodia,1978,766642356.138135
KIR,Kiribati,1978,36563964.5510014
KNA,St. Kitts and Nevis,1978,49433333.3333333
KOR,"Korea, Rep.",1978,52824793388.4297
KWT,Kuwait,1978,15503557496.1916
LAO,Lao PDR,1978,
LBN,Lebanon,1978,
LBR,Liberia,1978,717240400.0
LBY,Libya,1978,22136422643.3959
LCA,St. Lucia,1978,
LCN,Latin America & Caribbean,1978,574059347260.853
LIE,Liechtenstein,1978,436912067.784287
LKA,Sri Lanka,1978,2733183856.50224
LSO,Lesotho,1978,266570066.642517
LTE,Late-demographic dividend,1978,967902612778.315
LTU,Lithuania,1978,
LUX,Luxembourg,1978,4718539771.99949
LVA,Latvia,1978,
MAC,"Macao SAR, China",1978,
MAF,St. Martin (French part),1978,
MAR,Morocco,1978,13236946233.5759
MCO,Monaco,1978,1000555218.03209
MDA,Moldova,1978,
MDG,Madagascar,1978,2669755115.10935
MDV,Maldives,1978,24369109.1415831
MEX,Mexico,1978,102648570299.117
MHL,Marshall Islands,1978,22209370.0
MKD,North Macedonia,1978,
MLI,Mali,1978,1222702572.84699
MLT,Malta,1978,793673401.641079
MMR,Myanmar,1978,935408774.951918
MNE,Montenegro,1978,
MNG,Mongolia,1978,
MNP,Northern Mariana Islands,1978,
MOZ,Mozambique,1978,
MRT,Mauritania,1978,804629876.848091
MUS,Mauritius,1978,1029040323.36704
MWI,Malawi,1978,
MYS,Malaysia,1978,16358079862.1096
NAM,Namibia,1978,
NCL,New Caledonia,1978,846004687.758093
NER,Niger,1978,1774365589.70815
NGA,Nigeria,1978,36527862208.7133
NIC,Nicaragua,1978,2127699978.78077
NLD,Netherlands,1978,156089077205.133
NOR,Norway,1978,46522900253.7054
NPL,Nepal,1978,1604162497.45945
NRU,Nauru,1978,41754147.3043086
NZL,New Zealand,1978,18530518394.6488
OMN,Oman,1978,2740301389.69311
PAK,Pakistan,1978,17811515151.5152
PAN,Panama,1978,3244558600.0
PER,Peru,1978,12491876742.9708
PHL,Philippines,1978,25762224562.6316
PLW,Palau,1978,24530015.0
PNG,Papua New Guinea,1978,1947878830.62383
POL,Poland,1978,
PRI,Puerto Rico (US),1978,11165000000.0
PRK,"Korea, Dem. People's Rep.",1978,
PRT,Portugal,1978,23487614051.0949
PRY,Paraguay,1978,2559857142.85714
PSE,West Bank and Gaza,1978,
PYF,French Polynesia,1978,1005569835.39664
QAT,Qatar,1978,4052000412.70087
ROU,Romania,1978,
RUS,Russia,1978,
RWA,Rwanda,1978,905709076.42303
SAU,Saudi Arabia,1978,80266516686.5614
SDN,Sudan,1978,8128719315.0792
SEN,Senegal,1978,3280354920.8516
SGP,Singapore,1978,7517176354.84135
SLB,Solomon Islands,1978,111027427.208358
SLE,Sierra Leone,1978,960728338.93643
SLV,El Salvador,1978,3127960000.0
SMR,San Marino,1978,
SOM,"Somalia, Fed. Rep.",1978,564571823.20442
SRB,Serbia,1978,
SSD,South Sudan,1978,
STP,Sao Tome and Principe,1978,55044562.8014217
SUR,Suriname,1978,735500000.0
SVK,Slovak Republic,1978,
SVN,Slovenia,1978,
SWE,Sweden,1978,104290933495.629
SWZ,Eswatini,1978,340630085.157521
SXM,Sint Maarten (Dutch part),1978,
SYC,Seychelles,1978,85552365.8005137
SYR,Syrian Arab Republic,1978,9275200458.19015
TCA,Turks and Caicos Islands,1978,
TCD,Chad,1978,1113920123.76723
TGO,Togo,1978,1164025637.26464
THA,Thailand,1978,24006566636.6855
TJK,Tajikistan,1978,
TKM,Turkmenistan,1978,
TLS,Timor-Leste,1978,
TON,Tonga,1978,41567471.6721987
TTO,Trinidad and Tobago,1978,3562333458.33333
TUN,Tunisia,1978,5968460080.1113
TUR,Turkiye,1978,65912500000.0
TUV,Tuvalu,1978,3798781.86329799
TZA,Tanzania,1978,9261675709.83072
UGA,Uganda,1978,2420260869.56522
UKR,Ukraine,1978,
URY,Uruguay,1978,4910254565.57831
USA,United States,1978,2351599000000.0
UZB,Uzbekistan,1978,
VCT,St. Vincent and the Grenadines,1978,60844771.4814815
VEN,"Venezuela, RB",1978,39316279069.7674
VGB,British Virgin Islands,1978,
VIR,Virgin Islands (U.S.),1978,
VNM,Viet Nam,1978,
VUT,Vanuatu,1978,
WSM,Samoa,1978,108223444.248268
XKX,Kosovo,1978,
YEM,"Yemen, Rep.",1978,
ZAF,South Africa,1978,51607412901.8532
ZMB,Zambia,1978,2811032472.93922
ZWE,Zimbabwe,1978,4353822342.61788
ABW,Aruba,1979,
AFE,Africa Eastern and Southern,1979,142099959764.832
AFG,Afghanistan,1979,
AFW,Africa Western and Central,1979,96681064864.1808
AGO,Angola,1979,
ALB,Albania,1979,
AND,Andorra,1979,411548748.354729
ARE,United Arab Emirates,1979,31225659620.9951
ARG,Argentina,1979,69252328951.6441
ARM,Armenia,1979,
ASM,American Samoa,1979,
ATG,Antigua and Barbuda,1979,109596296.296296
AUS,Australia,1979,135093718050.665
AUT,Austria,1979,73647694287.1848
AZE,Azerbaijan,1979,
BDI,Burundi,1979,782496666.666667
BEL,Belgium,1979,116315456796.918
BEN,Benin,1979,1186231019.82044
BFA,Burkina Faso,1979,1748480620.52397
BGD,Bangladesh,1979,15565480321.9448
BGR,Bulgaria,1979,
BHR,Bahrain,1979,2710160739.18742
BHS,"Bahamas, The",1979,1139800100.0
BIH,Bosnia and Herzegovina,1979,
BLR,Belarus,1979,
BLZ,Belize,1979,151800000.0
BMU,Bermuda,1979,517200000.0
BOL,Bolivia,1979,4421336382.94397
BRA,Brazil,1979,221338204480.222
BRB,Barbados,1979,670362452.145379
BRN,Brunei Darussalam,1979,6044367628.28515
BTN,Bhutan,1979,105377995.200713
BWA,Botswana,1979,819870258.783053
CAF,Central African Republic,1979,700764747.756462
CAN,Canada,1979,243891124295.715
CHE,Switzerland,1979,114970094424.731
CHI,Channel Islands,1979,
CHL,Chile,1979,22249574627.6911
CHN,China,1979,178573913043.478
CIV,Cote d'Ivoire,1979,9142933966.79465
CMR,Cameroon,1979,5919002982.602
COD,"Congo, Dem. Rep.",1979,15068422236.3663
COG,"Congo, Rep.",1979,1198749667.42923
COL,Colombia,1979,27940411250.2732
COM,Comoros,1979,
CPV,Cabo Verde,1979,
CRI,Costa Rica,1979,4035519323.22054
CUB,Cuba,1979,19584443287.6712
CUW,Curacao,1979,
CYM,Cayman Islands,1979,
CYP,Cyprus,1979,1288699776.05059
CZE,Czechia,1979,
DEU,Germany,1979,884574218333.155
DJI,Djibouti,1979,
DMA,Dominica,1979,55017758.8888889
DNK,Denmark,1979,70393030602.547
DOM,Dominican Republic,1979,5498800000.0
DZA,Algeria,1979,33243706859.6596
EAR,Early-demographic dividend,1979,1111836214805.12
ECS,Europe & Central Asia,1979,4077590131182.29
ECU,Ecuador,1979,14175160902.0721
EGY,"Egypt, Arab Rep.",1979,18020571428.5714
ERI,Eritrea,1979,
ESP,Spain,1979,214448666336.143
EST,Estonia,1979,
ETH,Ethiopia,1979,6586048398.06763
FIN,Finland,1979,44469218439.9328
FJI,Fiji,1979,1019691460.17376
FRA,France,1979,608218624730.188
FRO,Faroe Islands,1979,448568492.658561
FSM,"Micronesia, Fed. Sts.",1979,60270778.0
GAB,Gabon,1979,3030251120.09759
GBR,United Kingdom,1979,438994070309.191
GEO,Georgia,1979,
GHA,Ghana,1979,4020227920.22792
GIB,Gibraltar,1979,
GIN,Guinea,1979,8877094497.44971
GMB,"Gambia, The",1979,207112627.726094
GNB,Guinea-Bissau,1979,308143183.311819
GNQ,Equatorial Guinea,1979,
GRC,Greece,1979,53724121435.1426
GRD,Grenada,1979,102244362.222222
GRL,Greenland,1979,420645821.540488
GTM,Guatemala,1979,6902600200.0
GUM,Guam,1979,
GUY,Guyana,1979,530440000.0
HKG,"Hong Kong SAR, China",1979,22526184533.17
HND,Honduras,1979,2778900000.0
HRV,Croatia,1979,
HTI,Haiti,1979,1080600000.0
HUN,Hungary,1979,19959731324.801
IDB,IDA blend,1979,106209035625.903
IDN,Indonesia,1979,51400186342.8889
IMN,Isle of Man,1979,
IND,India,1979,152995442497.709
IRL,Ireland,1979,18319334300.4513
IRN,"Iran, Islamic Rep.",1979,90391877325.9285
IRQ,Iraq,1979,37816457839.4853
ISL,Iceland,1979,2953176971.07204
ISR,Israel,1979,22609741059.839
ITA,Italy,1979,394584507107.9
JAM,Jamaica,1979,2425064229.04184
JOR,Jordan,1979,3271368780.65347
JPN,Japan,1979,1077910077676.37
KAZ,Kazakhstan,1979,
KEN,Kenya,1979,6234391113.46434
KGZ,Kyrgyz Republic,1979,
KHM,Cambodia,1979,723738502.67823
KIR,Kiribati,1979,34466197.0333233
KNA,St. Kitts and Nevis,1979,58840740.7407407
KOR,"Korea, Rep.",1979,68083884297.5207
KWT,Kuwait,1979,24749063922.4796
LAO,Lao PDR,1979,
LBN,Lebanon,1979,
LBR,Liberia,1979,814067900.0
LBY,Libya,1979,30536429496.9448
LCA,St. Lucia,1979,
LCN,Latin America & Caribbean,1979,644166219532.576
LIE,Liechtenstein,1979,503173104.391887
LKA,Sri Lanka,1979,3364611432.24149
LSO,Lesotho,1979,290134592.523007
LTE,Late-demographic dividend,1979,1152356948339.41
LTU,Lithuania,1979,
LUX,Luxembourg,1979,5516982663.73143
LVA,Latvia,1979,
MAC,"Macao SAR, China",1979,
MAF,St. Martin (French part),1979,
MAR,Morocco,1979,15911994817.3107
MCO,Monaco,1979,1209870147.49099
MDA,Moldova,1979,
MDG,Madagascar,1979,3463565853.81023
MDV,Maldives,1979,38523364.4859813
MEX,Mexico,1979,134531900898.926
MHL,Marshall Islands,1979,25545346.0
MKD,North Macedonia,1979,
MLI,Mali,1979,1595422955.64433
MLT,Malta,1979,1001288846.84016
MMR,Myanmar,1979,952265043.438383
MNE,Montenegro,1979,
MNG,Mongolia,1979,
MNP,Northern Mariana Islands,1979,
MOZ,Mozambique,1979,
MRT,Mauritania,1979,951900945.252492
MUS,Mauritius,1979,1227446632.17561
MWI,Malawi,1979,
MYS,Malaysia,1979,21213264962.0141
NAM,Namibia,1979,
NCL,New Caledonia,1979,1047225723.57386
NER,Niger,1979,2109277665.69912
NGA,Nigeria,1979,47259911894.2731
NIC,Nicaragua,1979,1567599981.69806
NLD,Netherlands,1979,179933827309.678
NOR,Norway,1979,53132244623.9213
NPL,Nepal,1979,1851250008.33333
NRU,Nauru,1979,44431330.2283313
NZL,New Zealand,1979,20731243113.2926
OMN,Oman,1979,3733352634.62652
PAK,Pakistan,1979,19688383838.3838
PAN,Panama,1979,3704551600.0
PER,Peru,1979,15954012439.1662
PHL,Philippines,1979,31218296292.1295
PLW,Palau,1979,27004251.0
PNG,Papua New Guinea,1979,2293760510.9609
POL,Poland,1979,
PRI,Puerto Rico (US),1979,12750000000.0
PRK,"Korea, Dem. People's Rep.",1979,
PRT,Portugal,1979,26622819672.1311
PRY,Paraguay,1979,3416777777.77778
PSE,West Bank and Gaza,1979,
PYF,French Polynesia,1979,1215032463.67336
QAT,Qatar,1979,5632962996.82641
ROU,Romania,1979,
RUS,Russia,1979,
RWA,Rwanda,1979,1109346130.95265
SAU,Saudi Arabia,1979,111858444786.224
SDN,Sudan,1979,8418407786.60599
SEN,Senegal,1979,4084877822.91679
SGP,Singapore,1979,9296921723.83465
SLB,Solomon Islands,1979,151276496.482533
SLE,Sierra Leone,1979,1109374911.30306
SLV,El Salvador,1979,3463639900.0
SMR,San Marino,1979,
SOM,"Somalia, Fed. Rep.",1979,589566929.133858
SRB,Serbia,1979,
SSD,South Sudan,1979,
STP,Sao Tome and Principe,1979,65755928.1359723
SUR,Suriname,1979,782500000.0
SVK,Slovak Republic,1979,
SVN,Slovenia,1979,
SWE,Sweden,1979,123207527699.377
SWZ,Eswatini,1979,412093133.760988
SXM,Sint Maarten (Dutch part),1979,
SYC,Seychelles,1979,127261099.223864
SYR,Syrian Arab Republic,1979,9929681528.66242
TCA,Turks and Caicos Islands,1979,
TCD,Chad,1979,1004316496.35051
TGO,Togo,1979,1259365711.53521
THA,Thailand,1979,27371650824.5092
TJK,Tajikistan,1979,
TKM,Turkmenistan,1979,
TLS,Timor-Leste,1979,
TON,Tonga,1979,44667002.0120724
TTO,Trinidad and Tobago,1979,4602416625.0
TUN,Tunisia,1979,7188863903.63675
TUR,Turkiye,1979,89616129032.2581
TUV,Tuvalu,1979,4065659.43428377
TZA,Tanzania,1979,9804637490.81892
UGA,Uganda,1979,2139025000.0
UKR,Ukraine,1979,
URY,Uruguay,1979,7181182224.11227
USA,United States,1979,2627333000000.0
UZB,Uzbekistan,1979,
VCT,St. Vincent and the Grenadines,1979,71096359.6296296
VEN,"Venezuela, RB",1979,48310930232.5581
VGB,British Virgin Islands,1979,
VIR,Virgin Islands (U.S.),1979,
VNM,Viet Nam,1979,
VUT,Vanuatu,1979,119258835.335525
WSM,Samoa,1979,122257392.883079
XKX,Kosovo,1979,
YEM,"Yemen, Rep.",1979,
ZAF,South Africa,1979,63038658088.9121
ZMB,Zambia,1979,3353445378.15126
ZWE,Zimbabwe,1979,5180102910.1171
ABW,Aruba,1980,
AFE,Africa Eastern and Southern,1980,178472295521.021
AFG,Afghanistan,1980,
AFW,Africa Western and Central,1980,121445961252.94
AGO,Angola,1980,5930503400.96263
ALB,Albania,1980,1578102105.26316
AND,Andorra,1980,446377776.798001
ARE,United Arab Emirates,1980,43599160050.3322
ARG,Argentina,1980,76961923741.0701
ARM,Armenia,1980,
ASM,American Samoa,1980,
ATG,Antigua and Barbuda,1980,132451851.851852
AUS,Australia,1980,150200557103.064
AUT,Austria,1980,81737498404.5948
AZE,Azerbaijan,1980,
BDI,Burundi,1980,919726666.666667
BEL,Belgium,1980,126829314388.191
BEN,Benin,1980,1405251846.54048
BFA,Burkina Faso,1980,1928719888.20688
BGD,Bangladesh,1980,18138049095.6072
BGR,Bulgaria,1980,19839230769.2308
BHR,Bahrain,1980,3493834468.02865
BHS,"Bahamas, The",1980,1335300000.0
BIH,Bosnia and Herzegovina,1980,
BLR,Belarus,1980,
BLZ,Belize,1980,257400000.0
BMU,Bermuda,1980,613299968.0
BOL,Bolivia,1980,4537479608.48287
BRA,Brazil,1980,237393489892.637
BRB,Barbados,1980,1012280614.52792
BRN,Brunei Darussalam,1980,10795432293.6119
BTN,Bhutan,1980,128669200.916451
BWA,Botswana,1980,1060889703.75374
CAF,Central African Republic,1980,797048198.534875
CAN,Canada,1980,274776566028.053
CHE,Switzerland,1980,122557843886.137
CHI,Channel Islands,1980,
CHL,Chile,1980,29586676576.0951
CHN,China,1980,191487500000.0
CIV,Cote d'Ivoire,1980,10175617609.0962
CMR,Cameroon,1980,6674569046.6832
COD,"Congo, Dem. Rep.",1980,14394927494.8647
COG,"Congo, Rep.",1980,1705796852.89473
COL,Colombia,1980,33400735644.0481
COM,Comoros,1980,243390495.918962
CPV,Cabo Verde,1980,142246815.345007
CRI,Costa Rica,1980,4831447001.16686
CUB,Cuba,1980,19912889861.1111
CUW,Curacao,1980,
CYM,Cayman Islands,1980,
CYP,Cyprus,1980,2154311276.94859
CZE,Czechia,1980,
DEU,Germany,1980,953772499462.019
DJI,Djibouti,1980,
DMA,Dominica,1980,72804653.3333333
DNK,Denmark,1980,70811287815.6106
DOM,Dominican Republic,1980,6761300000.0
DZA,Algeria,1980,42345829079.2062
EAR,Early-demographic dividend,1980,1382501835902.97
ECS,Europe & Central Asia,1980,4609261411538.91
ECU,Ecuador,1980,17881508242.4481
EGY,"Egypt, Arab Rep.",1980,21669908176.3889
ERI,Eritrea,1980,
ESP,Spain,1980,232600556973.776
EST,Estonia,1980,
ETH,Ethiopia,1980,7012585454.10628
FIN,Finland,1980,53649984061.205
FJI,Fiji,1980,1202618816.20852
FRA,France,1980,694529183483.39
FRO,Faroe Islands,1980,493014300.005217
FSM,"Micronesia, Fed. Sts.",1980,64186644.0
GAB,Gabon,1980,4279637942.25144
GBR,United Kingdom,1980,564947710899.373
GEO,Georgia,1980,
GHA,Ghana,1980,4445228215.76763
GIB,Gibraltar,1980,
GIN,Guinea,1980,9746524915.08071
GMB,"Gambia, The",1980,241083090.303623
GNB,Guinea-Bissau,1980,287648258.258297
GNQ,Equatorial Guinea,1980,50642880.7737503
GRC,Greece,1980,56039256594.7242
GRD,Grenada,1980,110900457.037037
GRL,Greenland,1980,476051740.773769
GTM,Guatemala,1980,7878700000.0
GUM,Guam,1980,
GUY,Guyana,1980,603200000.0
HKG,"Hong Kong SAR, China",1980,28861857810.6515
HND,Honduras,1980,3184400000.0
HRV,Croatia,1980,
HTI,Haiti,1980,1383800000.0
HUN,Hungary,1980,23116977148.0216
IDB,IDA blend,1980,134446628565.262
IDN,Indonesia,1980,72482337397.4439
IMN,Isle of Man,1980,
IND,India,1980,186328579302.068
IRL,Ireland,1980,21747855640.0712
IRN,"Iran, Islamic Rep.",1980,94362275580.0229
IRQ,Iraq,1980,52569000000.0
ISL,Iceland,1980,3499616683.34167
ISR,Israel,1980,25395256477.5976
ITA,Italy,1980,478356755595.749
JAM,Jamaica,1980,2679379371.51261
JOR,Jordan,1980,3910044474.28044
JPN,Japan,1980,1129377244854.04
KAZ,Kazakhstan,1980,
KEN,Kenya,1980,7265315820.20777
KGZ,Kyrgyz Republic,1980,
KHM,Cambodia,1980,744384129.707563
KIR,Kiribati,1980,33157723.1094117
KNA,St. Kitts and Nevis,1980,68459259.2592593
KOR,"Korea, Rep.",1980,66547970350.6151
KWT,Kuwait,1980,28638868355.9196
LAO,Lao PDR,1980,
LBN,Lebanon,1980,
LBR,Liberia,1980,854711500.0
LBY,Libya,1980,40953924948.7419
LCA,St. Lucia,1980,170370370.37037
LCN,Latin America & Caribbean,1980,783357461518.48
LIE,Liechtenstein,1980,534699362.896161
LKA,Sri Lanka,1980,4024621899.57653
LSO,Lesotho,1980,431542536.663782
LTE,Late-demographic dividend,1980,1321502317179.9
LTU,Lithuania,1980,
LUX,Luxembourg,1980,6019805490.41247
LVA,Latvia,1980,
MAC,"Macao SAR, China",1980,
MAF,St. Martin (French part),1980,
MAR,Morocco,1980,21728516153.0907
MCO,Monaco,1980,1378175524.11186
MDA,Moldova,1980,
MDG,Madagascar,1980,5201818347.79882
MDV,Maldives,1980,42463576.1589404
MEX,Mexico,1980,205577055465.993
MHL,Marshall Islands,1980,26710653.0
MKD,North Macedonia,1980,
MLI,Mali,1980,2704362788.89611
MLT,Malta,1980,1250198601.09268
MMR,Myanmar,1980,1038225167.05882
MNE,Montenegro,1980,
MNG,Mongolia,1980,2101394100.0
MNP,Northern Mariana Islands,1980,
MOZ,Mozambique,1980,
MRT,Mauritania,1980,1047925105.54497
MUS,Mauritius,1980,1147027924.10804
MWI,Malawi,1980,1801156774.56852
MYS,Malaysia,1980,24488224677.2105
NAM,Namibia,1980,2421990338.12083
NCL,New Caledonia,1980,1182463951.21814
NER,Niger,1980,2508524720.71895
NGA,Nigeria,1980,64201788122.6054
NIC,Nicaragua,1980,2144300006.18028
NLD,Netherlands,1980,195439301706.939
NOR,Norway,1980,64439382896.0156
NPL,Nepal,1980,1945916583.33333
NRU,Nauru,1980,46947124.2339833
NZL,New Zealand,1980,23244547384.6748
OMN,Oman,1980,5981760277.93862
PAK,Pakistan,1980,23654444444.4444
PAN,Panama,1980,4614086400.0
PER,Peru,1980,18136838537.725
PHL,Philippines,1980,36848080898.8112
PLW,Palau,1980,29728054.0
PNG,Papua New Guinea,1980,2545808455.52399
POL,Poland,1980,
PRI,Puerto Rico (US),1980,14436100000.0
PRK,"Korea, Dem. People's Rep.",1980,
PRT,Portugal,1980,32896519823.7885
PRY,Paraguay,1980,4448087301.5873
PSE,West Bank and Gaza,1980,
PYF,French Polynesia,1980,1320416024.95218
QAT,Qatar,1980,7829165261.81396
ROU,Romania,1980,
RUS,Russia,1980,
RWA,Rwanda,1980,1254765641.52116
SAU,Saudi Arabia,1980,164539660725.118
SDN,Sudan,1980,8951800000.0
SEN,Senegal,1980,4510108290.69571
SGP,Singapore,1980,11896256782.8566
SLB,Solomon Islands,1980,182852106.523408
SLE,Sierra Leone,1980,1100685844.92284
SLV,El Salvador,1980,3573959900.0
SMR,San Marino,1980,
SOM,"Somalia, Fed. Rep.",1980,602515548.452104
SRB,Serbia,1980,
SSD,South Sudan,1980,
STP,Sao Tome and Principe,1980,81662231.0329968
SUR,Suriname,1980,795000000.0
SVK,Slovak Republic,1980,
SVN,Slovenia,1980,
SWE,Sweden,1980,141886067003.972
SWZ,Eswatini,1980,541976852.577057
SXM,Sint Maarten (Dutch part),1980,
SYC,Seychelles,1980,156783829.504298
SYR,Syrian Arab Republic,1980,13062420382.1656
TCA,Turks and Caicos Islands,1980,
TCD,Chad,1980,1033002403.85304
TGO,Togo,1980,1604836915.96662
THA,Thailand,1980,32353514988.7287
TJK,Tajikistan,1980,
TKM,Turkmenistan,1980,
TLS,Timor-Leste,1980,
TON,Tonga,1980,53260077.4311091
TTO,Trinidad and Tobago,1980,6235833333.33333
TUN,Tunisia,1980,8744134354.16152
TUR,Turkiye,1980,68823684210.5263
TUV,Tuvalu,1980,4206128.13370474
TZA,Tanzania,1980,11409228086.7463
UGA,Uganda,1980,1244610000.0
UKR,Ukraine,1980,
URY,Uruguay,1980,10163020115.7344
USA,United States,1980,2857307000000.0
UZB,Uzbekistan,1980,
VCT,St. Vincent and the Grenadines,1980,82340339.6296296
VEN,"Venezuela, RB",1980,59116511627.907
VGB,British Virgin Islands,1980,
VIR,Virgin Islands (U.S.),1980,
VNM,Viet Nam,1980,
VUT,Vanuatu,1980,121185497.569261
WSM,Samoa,1980,125747037.963668
XKX,Kosovo,1980,
YEM,"Yemen, Rep.",1980,
ZAF,South Africa,1980,89411864402.4272
ZMB,Zambia,1980,3884530853.76162
ZWE,Zimbabwe,1980,6682278300.2622
ABW,Aruba,1981,
AFE,Africa Eastern and Southern,1981,185108969364.767
AFG,Afghanistan,1981,
AFW,Africa Western and Central,1981,217606540487.256
AGO,Angola,1981,5550483035.96497
ALB,Albania,1981,1808177156.17716
AND,Andorra,1981,388983266.199886
ARE,United Arab Emirates,1981,49333424135.1131
ARG,Argentina,1981,78676842366.5529
ARM,Armenia,1981,
ASM,American Samoa,1981,
ATG,Antigua and Barbuda,1981,149388888.888889
AUS,Australia,1981,177151979565.773
AUT,Austria,1981,70755997062.3812
AZE,Azerbaijan,1981,
BDI,Burundi,1981,969046666.666667
BEL,Belgium,1981,104730018470.23
BEN,Benin,1981,1291120188.43104
BFA,Burkina Faso,1981,1775842333.57042
BGD,Bangladesh,1981,20249694002.448
BGR,Bulgaria,1981,19870000000.0
BHR,Bahrain,1981,3943109531.91489
BHS,"Bahamas, The",1981,1426500000.0
BIH,Bosnia and Herzegovina,1981,
BLR,Belarus,1981,
BLZ,Belize,1981,260750000.0
BMU,Bermuda,1981,739100032.0
BOL,Bolivia,1981,5891598694.9429
BRA,Brazil,1981,258015174748.648
BRB,Barbados,1981,1114204743.20091
BRN,Brunei Darussalam,1981,9367218664.31094
BTN,Bhutan,1981,139174178.090189
BWA,Botswana,1981,1073812830.30052
CAF,Central African Republic,1981,694803622.898966
CAN,Canada,1981,307246642755.859
CHE,Switzerland,1981,112244805518.786
CHI,Channel Islands,1981,
CHL,Chile,1981,35180322211.2903
CHN,China,1981,196218253968.254
CIV,Cote d'Ivoire,1981,8432589942.39434
CMR,Cameroon,1981,6610938616.6643
COD,"Congo, Dem. Rep.",1981,12537821038.2202
COG,"Congo, Rep.",1981,1993512322.62391
COL,Colombia,1981,36388366869.0309
COM,Comoros,1981,212958381.535437
CPV,Cabo Verde,1981,139468209.116206
CRI,Costa Rica,1981,2623803095.78501
CUB,Cuba,1981,20150254096.3855
CUW,Curacao,1981,
CYM,Cayman Islands,1981,
CYP,Cyprus,1981,2087496373.77964
CZE,Czechia,1981,
DEU,Germany,1981,803404797057.551
DJI,Djibouti,1981,
DMA,Dominica,1981,82107391.1111111
DNK,Denmark,1981,61459941460.5385
DOM,Dominican Republic,1981,7561300000.0
DZA,Algeria,1981,44348590460.9288
EAR,Early-demographic dividend,1981,1531909890330.96
ECS,Europe & Central Asia,1981,4105756738593.04
ECU,Ecuador,1981,21810759353.7304
EGY,"Egypt, Arab Rep.",1981,22136081081.0811
ERI,Eritrea,1981,
ESP,Spain,1981,202663023968.283
EST,Estonia,1981,
ETH,Ethiopia,1981,7507663566.66667
FIN,Finland,1981,52440066133.9212
FJI,Fiji,1981,1235626770.50924
FRA,France,1981,609184791792.396
FRO,Faroe Islands,1981,456244919.010912
FSM,"Micronesia, Fed. Sts.",1981,76472529.0
GAB,Gabon,1981,3862269120.53497
GBR,United Kingdom,1981,540765675241.158
GEO,Georgia,1981,
GHA,Ghana,1981,4222441860.46512
GIB,Gibraltar,1981,
GIN,Guinea,1981,9646440666.52864
GMB,"Gambia, The",1981,218767743.459101
GNB,Guinea-Bissau,1981,402230865.151515
GNQ,Equatorial Guinea,1981,36731422.8456914
GRC,Greece,1981,51618456334.5633
GRD,Grenada,1981,115651918.888889
GRL,Greenland,1981,435748993.418421
GTM,Guatemala,1981,8607500300.0
GUM,Guam,1981,
GUY,Guyana,1981,570357107.142857
HKG,"Hong Kong SAR, China",1981,31055226088.6943
HND,Honduras,1981,3501800000.0
HRV,Croatia,1981,
HTI,Haiti,1981,1479400000.0
HUN,Hungary,1981,23705883891.9445
IDB,IDA blend,1981,245479636362.868
IDN,Indonesia,1981,85518233419.0479
IMN,Isle of Man,1981,
IND,India,1981,193491368445.573
IRL,Ireland,1981,20670190138.1671
IRN,"Iran, Islamic Rep.",1981,100499312749.923
IRQ,Iraq,1981,37823000000.0
ISL,Iceland,1981,3615094820.1877
ISR,Israel,1981,26882009819.3456
ITA,Italy,1981,431695533980.583
JAM,Jamaica,1981,2979027966.45373
JOR,Jordan,1981,4383944702.85958
JPN,Japan,1981,1245221410764.15
KAZ,Kazakhstan,1981,
KEN,Kenya,1981,6854491705.88377
KGZ,Kyrgyz Republic,1981,
KHM,Cambodia,1981,815153652.415596
KIR,Kiribati,1981,35267489.2425442
KNA,St. Kitts and Nevis,1981,80888888.8888889
KOR,"Korea, Rep.",1981,74287368087.3467
KWT,Kuwait,1981,25058020338.2535
LAO,Lao PDR,1981,
LBN,Lebanon,1981,
LBR,Liberia,1981,846514500.0
LBY,Libya,1981,36374353880.3994
LCA,St. Lucia,1981,194444444.444444
LCN,Latin America & Caribbean,1981,894809026625.003
LIE,Liechtenstein,1981,511647750.124475
LKA,Sri Lanka,1981,4415844155.84416
LSO,Lesotho,1981,434188034.188034
LTE,Late-demographic dividend,1981,1385129661927.59
LTU,Lithuania,1981,
LUX,Luxembourg,1981,5053665797.47936
LVA,Latvia,1981,
MAC,"Macao SAR, China",1981,
MAF,St. Martin (French part),1981,
MAR,Morocco,1981,17788185478.944
MCO,Monaco,1981,1205188647.93163
MDA,Moldova,1981,
MDG,Madagascar,1981,4759333998.36746
MDV,Maldives,1981,44781456.9536424
MEX,Mexico,1981,263797827860.494
MHL,Marshall Islands,1981,31020000.0
MKD,North Macedonia,1981,
MLI,Mali,1981,2234583940.38676
MLT,Malta,1981,1243509393.61947
MMR,Myanmar,1981,1111000765.28987
MNE,Montenegro,1981,
MNG,Mongolia,1981,2310099100.0
MNP,Northern Mariana Islands,1981,
MOZ,Mozambique,1981,
MRT,Mauritania,1981,1105494681.63193
MUS,Mauritius,1981,1157769443.59463
MWI,Malawi,1981,1801193909.52073
MYS,Malaysia,1981,25004285791.7865
NAM,Namibia,1981,2249908578.03115
NCL,New Caledonia,1981,972564154.815131
NER,Niger,1981,2170893414.3888
NGA,Nigeria,1981,164475209515.939
NIC,Nicaragua,1981,2474700227.04662
NLD,Netherlands,1981,164375775854.456
NOR,Norway,1981,63596654760.8677
NPL,Nepal,1981,2275583316.66667
NRU,Nauru,1981,51689636.5958435
NZL,New Zealand,1981,24417617184.2478
OMN,Oman,1981,7259120150.55009
PAK,Pakistan,1981,28100606060.6061
PAN,Panama,1981,5222421500.0
PER,Peru,1981,21648214892.8828
PHL,Philippines,1981,40499388869.1271
PLW,Palau,1981,32726594.0
PNG,Papua New Guinea,1981,2498190847.39668
POL,Poland,1981,
PRI,Puerto Rico (US),1981,15955700000.0
PRK,"Korea, Dem. People's Rep.",1981,
PRT,Portugal,1981,31977276872.9642
PRY,Paraguay,1981,5624515873.01587
PSE,West Bank and Gaza,1981,
PYF,French Polynesia,1981,1234743073.00034
QAT,Qatar,1981,8661263763.73626
ROU,Romania,1981,
RUS,Russia,1981,
RWA,Rwanda,1981,1407062526.91521
SAU,Saudi Arabia,1981,184291360138.69
SDN,Sudan,1981,10753888154.2798
SEN,Senegal,1981,4095892780.58289
SGP,Singapore,1981,14175228843.6391
SLB,Solomon Islands,1981,193750540.701429
SLE,Sierra Leone,1981,1114830471.91787
SLV,El Salvador,1981,3437200200.0
SMR,San Marino,1981,
SOM,"Somalia, Fed. Rep.",1981,699302473.050095
SRB,Serbia,1981,
SSD,South Sudan,1981,
STP,Sao Tome and Principe,1981,83499263.5007481
SUR,Suriname,1981,889000000.0
SVK,Slovak Republic,1981,
SVN,Slovenia,1981,
SWE,Sweden,1981,129498921475.688
SWZ,Eswatini,1981,570774824.830585
SXM,Sint Maarten (Dutch part),1981,
SYC,Seychelles,1981,163750728.155916
SYR,Syrian Arab Republic,1981,15518201335.3151
TCA,Turks and Caicos Islands,1981,
TCD,Chad,1981,876937558.273757
TGO,Togo,1981,1359026709.45126
THA,Thailand,1981,34846039193.6131
TJK,Tajikistan,1981,
TKM,Turkmenistan,1981,
TLS,Timor-Leste,1981,
TON,Tonga,1981,62242013.3302689
TTO,Trinidad and Tobago,1981,6992083333.33333
TUN,Tunisia,1981,8428445294.08429
TUR,Turkiye,1981,71180180180.1802
TUV,Tuvalu,1981,4773017.53163822
TZA,Tanzania,1981,13161540377.5792
UGA,Uganda,1981,1337300000.0
UKR,Ukraine,1981,
URY,Uruguay,1981,11048301420.6301
USA,United States,1981,3207041000000.0
UZB,Uzbekistan,1981,
VCT,St. Vincent and the Grenadines,1981,102086539.259259
VEN,"Venezuela, RB",1981,66327441860.4651
VGB,British Virgin Islands,1981,
VIR,Virgin Islands (U.S.),1981,
VNM,Viet Nam,1981,
VUT,Vanuatu,1981,113781795.82356
WSM,Samoa,1981,118190654.675563
XKX,Kosovo,1981,
YEM,"Yemen, Rep.",1981,
ZAF,South Africa,1981,93141472163.7596
ZMB,Zambia,1981,4008126497.36464
ZWE,Zimbabwe,1981,8015464251.71692
ABW,Aruba,1982,
AFE,Africa Eastern and Southern,1982,178355547527.525
AFG,Afghanistan,1982,
AFW,Africa Western and Central,1982,196264853551.918
AGO,Angola,1982,5550483035.96497
ALB,Albania,1982,1861163170.16317
AND,Andorra,1982,375914743.581006
ARE,United Arab Emirates,1982,46622718605.2847
ARG,Argentina,1982,84307486836.724
ARM,Armenia,1982,
ASM,American Samoa,1982,
ATG,Antigua and Barbuda,1982,166444444.444444
AUS,Australia,1982,194323071830.52
AUT,Austria,1982,70996111962.5716
AZE,Azerbaijan,1982,
BDI,Burundi,1982,1013222222.22222
BEL,Belgium,1982,92095926187.5331
BEN,Benin,1982,1267778670.35902
BFA,Burkina Faso,1982,1754450096.23721
BGD,Bangladesh,1982,18525399201.5968
BGR,Bulgaria,1982,19342000000.0
BHR,Bahrain,1982,4145421079.78723
BHS,"Bahamas, The",1982,1578300000.0
BIH,Bosnia and Herzegovina,1982,
BLR,Belarus,1982,
BLZ,Belize,1982,248550000.0
BMU,Bermuda,1982,785500032.0
BOL,Bolivia,1982,5594126368.90981
BRA,Brazil,1982,271314113768.417
BRB,Barbados,1982,1163923830.35847
BRN,Brunei Darussalam,1982,8932198185.72876
BTN,Bhutan,1982,141439317.399271
BWA,Botswana,1982,1014945695.71927
CAF,Central African Republic,1982,748312390.756606
CAN,Canada,1982,314647807408.608
CHE,Switzerland,1982,115043365512.486
CHI,Channel Islands,1982,
CHL,Chile,1982,19710229067.2864
CHN,China,1982,205480916030.534
CIV,Cote d'Ivoire,1982,7567110848.92228
CMR,Cameroon,1982,6611255963.83584
COD,"Congo, Dem. Rep.",1982,13651667371.1676
COG,"Congo, Rep.",1982,2160640564.56041
COL,Colombia,1982,38968039721.748
COM,Comoros,1982,202152461.76282
CPV,Cabo Verde,1982,140630678.983478
CRI,Costa Rica,1982,2606623554.56582
CUB,Cuba,1982,20953510235.2941
CUW,Curacao,1982,
CYM,Cayman Islands,1982,
CYP,Cyprus,1982,2159242416.76942
CZE,Czechia,1982,
DEU,Germany,1982,779421633755.138
DJI,Djibouti,1982,
DMA,Dominica,1982,89527576.6666667
DNK,Denmark,1982,60084214872.0657
DOM,Dominican Republic,1982,8267400000.0
DZA,Algeria,1982,45207167470.3497
EAR,Early-demographic dividend,1982,1460539930822.8
ECS,Europe & Central Asia,1982,3957248458690.98
ECU,Ecuador,1982,19929846396.4239
EGY,"Egypt, Arab Rep.",1982,27655172413.7931
ERI,Eritrea,1982,
ESP,Spain,1982,195856752991.065
EST,Estonia,1982,
ETH,Ethiopia,1982,7899988840.57971
FIN,Finland,1982,52784013815.2214
FJI,Fiji,1982,1194059943.22478
FRA,France,1982,578152310609.841
FRO,Faroe Islands,1982,444047495.320099
FSM,"Micronesia, Fed. Sts.",1982,80055706.0
GAB,Gabon,1982,3618007841.13503
GBR,United Kingdom,1982,515048916841.37
GEO,Georgia,1982,
GHA,Ghana,1982,4035994397.7591
GIB,Gibraltar,1982,
GIN,Guinea,1982,11926032493.4301
GMB,"Gambia, The",1982,216050552.301584
GNB,Guinea-Bissau,1982,430284021.883771
GNQ,Equatorial Guinea,1982,44294647.733479
GRC,Greece,1982,53858346938.7755
GRD,Grenada,1982,125435590.0
GRL,Greenland,1982,402403041.029269
GTM,Guatemala,1982,8716999700.0
GUM,Guam,1982,
GUY,Guyana,1982,482000000.0
HKG,"Hong Kong SAR, China",1982,32291215843.6433
HND,Honduras,1982,3619500000.0
HRV,Croatia,1982,
HTI,Haiti,1982,1474200000.0
HUN,Hungary,1982,24141667188.0517
IDB,IDA blend,1982,224352153458.531
IDN,Indonesia,1982,90158449294.9921
IMN,Isle of Man,1982,
IND,India,1982,200715624830.902
IRL,Ireland,1982,21474752962.2178
IRN,"Iran, Islamic Rep.",1982,125948756439.485
IRQ,Iraq,1982,42382333333.3333
ISL,Iceland,1982,3318714326.1952
ISR,Israel,1982,29255285401.3621
ITA,Italy,1982,428257421617.752
JAM,Jamaica,1982,3293496311.93093
JOR,Jordan,1982,4681240992.70338
JPN,Japan,1982,1158731426905.85
KAZ,Kazakhstan,1982,
KEN,Kenya,1982,6431579356.95926
KGZ,Kyrgyz Republic,1982,
KHM,Cambodia,1982,865516039.800558
KIR,Kiribati,1982,32742712.6527597
KNA,St. Kitts and Nevis,1982,86022222.2222222
KOR,"Korea, Rep.",1982,79921300446.6517
KWT,Kuwait,1982,21577153356.4192
LAO,Lao PDR,1982,
LBN,Lebanon,1982,
LBR,Liberia,1982,863933200.0
LBY,Libya,1982,33760146990.5726
LCA,St. Lucia,1982,183333333.333333
LCN,Latin America & Caribbean,1982,823242879546.784
LIE,Liechtenstein,1982,522096760.291094
LKA,Sri Lanka,1982,4768765016.81884
LSO,Lesotho,1982,348741683.673845
LTE,Late-demographic dividend,1982,1397225179816.17
LTU,Lithuania,1982,
LUX,Luxembourg,1982,4602316793.21914
LVA,Latvia,1982,
MAC,"Macao SAR, China",1982,1142497718.77916
MAF,St. Martin (French part),1982,
MAR,Morocco,1982,17692276734.171
MCO,Monaco,1982,1143216456.56796
MDA,Moldova,1982,
MDG,Madagascar,1982,4784977325.95803
MDV,Maldives,1982,47911340.1834794
MEX,Mexico,1982,184602611609.517
MHL,Marshall Islands,1982,34918000.0
MKD,North Macedonia,1982,
MLI,Mali,1982,1680304773.44143
MLT,Malta,1982,1234474404.03152
MMR,Myanmar,1982,1481165467.83214
MNE,Montenegro,1982,
MNG,Mongolia,1982,2552401933.33333
MNP,Northern Mariana Islands,1982,
MOZ,Mozambique,1982,
MRT,Mauritania,1982,1108776652.78389
MUS,Mauritius,1982,1092923635.57767
MWI,Malawi,1982,1717379494.63245
MYS,Malaysia,1982,26804493635.3297
NAM,Namibia,1982,2118710248.32937
NCL,New Caledonia,1982,904599869.725833
NER,Niger,1982,2017612215.97935
NGA,Nigeria,1982,142769363314.176
NIC,Nicaragua,1982,2454499872.03789
NLD,Netherlands,1982,158712765536.024
NOR,Norway,1982,62647195537.6511
NPL,Nepal,1982,2395423741.79762
NRU,Nauru,1982,52877742.469381
NZL,New Zealand,1982,24164603058.9949
OMN,Oman,1982,7554719455.70353
PAK,Pakistan,1982,30725971563.981
PAN,Panama,1982,5769767900.0
PER,Peru,1982,21794535621.216
PHL,Philippines,1982,42206011275.1757
PLW,Palau,1982,36027583.0
PNG,Papua New Guinea,1982,2368719683.44848
POL,Poland,1982,
PRI,Puerto Rico (US),1982,16764200000.0
PRK,"Korea, Dem. People's Rep.",1982,
PRT,Portugal,1982,30527754793.1382
PRY,Paraguay,1982,5419411764.70588
PSE,West Bank and Gaza,1982,
PYF,French Polynesia,1982,1235897957.88874
QAT,Qatar,1982,7596703214.28571
ROU,Romania,1982,
RUS,Russia,1982,
RWA,Rwanda,1982,1407243139.2545
SAU,Saudi Arabia,1982,153240313858.323
SDN,Sudan,1982,8732542273.73424
SEN,Senegal,1982,4013951442.67081
SGP,Singapore,1982,16084252378.473
SLB,Solomon Islands,1982,192902018.733318
SLE,Sierra Leone,1982,1295361885.92419
SLV,El Salvador,1982,3399189100.0
SMR,San Marino,1982,
SOM,"Somalia, Fed. Rep.",1982,774578931.96392
SRB,Serbia,1982,
SSD,South Sudan,1982,
STP,Sao Tome and Principe,1982,80307762.6236105
SUR,Suriname,1982,915000000.0
SVK,Slovak Republic,1982,
SVN,Slovenia,1982,
SWE,Sweden,1982,114214731798.937
SWZ,Eswatini,1982,537568059.413381
SXM,Sint Maarten (Dutch part),1982,
SYC,Seychelles,1982,157211789.714587
SYR,Syrian Arab Republic,1982,16298929011.4681
TCA,Turks and Caicos Islands,1982,
TCD,Chad,1982,834369859.663018
TGO,Togo,1982,1160337039.38068
THA,Thailand,1982,36589772403.7566
TJK,Tajikistan,1982,
TKM,Turkmenistan,1982,
TLS,Timor-Leste,1982,
TON,Tonga,1982,62068161.0711025
TTO,Trinidad and Tobago,1982,8140416666.66667
TUN,Tunisia,1982,8133580051.70251
TUR,Turkiye,1982,64369325153.3742
TUV,Tuvalu,1982,4118945.16164625
TZA,Tanzania,1982,13927383239.8322
UGA,Uganda,1982,2177500000.0
UKR,Ukraine,1982,
URY,Uruguay,1982,9178780076.99713
USA,United States,1982,3343789000000.0
UZB,Uzbekistan,1982,
VCT,St. Vincent and the Grenadines,1982,113759203.333333
VEN,"Venezuela, RB",1982,67736744186.0465
VGB,British Virgin Islands,1982,
VIR,Virgin Islands (U.S.),1982,
VNM,Viet Nam,1982,
VUT,Vanuatu,1982,114501912.522867
WSM,Samoa,1982,121221651.619316
XKX,Kosovo,1982,
YEM,"Yemen, Rep.",1982,
ZAF,South Africa,1982,85904057409.3585
ZMB,Zambia,1982,3871117092.86676
ZWE,Zimbabwe,1982,8544060905.16113
ABW,Aruba,1983,
AFE,Africa Eastern and Southern,1983,185755503030.119
AFG,Afghanistan,1983,
AFW,Africa Western and Central,1983,151421439334.1
AGO,Angola,1983,5784341596.36339
ALB,Albania,1983,1881412587.41259
AND,Andorra,1983,327850042.515872
ARE,United Arab Emirates,1983,42803323345.1376
ARG,Argentina,1983,103979106777.911
ARM,Armenia,1983,
ASM,American Samoa,1983,
ATG,Antigua and Barbuda,1983,184866666.666667
AUS,Australia,1983,177523719680.081
AUT,Austria,1983,71838528420.4075
AZE,Azerbaijan,1983,
BDI,Burundi,1983,1082926304.46477
BEL,Belgium,1983,87184239053.2544
BEN,Benin,1983,1095348199.43911
BFA,Burkina Faso,1983,1600278605.25465
BGD,Bangladesh,1983,17609048821.5488
BGR,Bulgaria,1983,16563666666.6667
BHR,Bahrain,1983,4247030468.08511
BHS,"Bahamas, The",1983,1732800000.0
BIH,Bosnia and Herzegovina,1983,
BLR,Belarus,1983,
BLZ,Belize,1983,262150000.0
BMU,Bermuda,1983,889400000.0
BOL,Bolivia,1983,5422656823.38212
BRA,Brazil,1983,189656506321.431
BRB,Barbados,1983,1236016506.73694
BRN,Brunei Darussalam,1983,7927590750.39502
BTN,Bhutan,1983,156704289.913612
BWA,Botswana,1983,1172230396.58099
CAF,Central African Republic,1983,658679332.681331
CAN,Canada,1983,341866277182.733
CHE,Switzerland,1983,114634358534.61
CHI,Channel Islands,1983,
CHL,Chile,1983,20629678694.0684
CHN,China,1983,231130268199.234
CIV,Cote d'Ivoire,1983,6838184772.52063
CMR,Cameroon,1983,6870200009.90065
COD,"Congo, Dem. Rep.",1983,11006712650.4481
COG,"Congo, Rep.",1983,2097274289.75066
COL,Colombia,1983,38729822781.5997
COM,Comoros,1983,196193379.743828
CPV,Cabo Verde,1983,138476175.620363
CRI,Costa Rica,1983,3146772630.77263
CUB,Cuba,1983,22204940512.2235
CUW,Curacao,1983,
CYM,Cayman Islands,1983,
CYP,Cyprus,1983,2160364071.19021
CZE,Czechia,1983,
DEU,Germany,1983,773507930294.906
DJI,Djibouti,1983,
DMA,Dominica,1983,98665191.4814815
DNK,Denmark,1983,60331158447.2389
DOM,Dominican Republic,1983,9220600000.0
DZA,Algeria,1983,48801369800.3675
EAR,Early-demographic dividend,1983,1474006434239.97
ECS,Europe & Central Asia,1983,3837932762271.18
ECU,Ecuador,1983,17152477036.5005
EGY,"Egypt, Arab Rep.",1983,30966239813.7369
ERI,Eritrea,1983,
ESP,Spain,1983,170829074245.94
EST,Estonia,1983,
ETH,Ethiopia,1983,8781664427.05314
FIN,Finland,1983,50956447480.7857
FJI,Fiji,1983,1123085190.06509
FRA,France,1983,553356312935.709
FRO,Faroe Islands,1983,486605127.702681
FSM,"Micronesia, Fed. Sts.",1983,84110353.0
GAB,Gabon,1983,3391275731.53751
GBR,United Kingdom,1983,489618008185.539
GEO,Georgia,1983,
GHA,Ghana,1983,4057275132.27513
GIB,Gibraltar,1983,
GIN,Guinea,1983,15129893722.3449
GMB,"Gambia, The",1983,213448584.936945
GNB,Guinea-Bissau,1983,425225176.812165
GNQ,Equatorial Guinea,1983,44442456.94764
GRC,Greece,1983,48741397058.8235
GRD,Grenada,1983,131803552.222222
GRL,Greenland,1983,416184071.019417
GTM,Guatemala,1983,9050000400.0
GUM,Guam,1983,
GUY,Guyana,1983,489333333.333333
HKG,"Hong Kong SAR, China",1983,29907227184.179
HND,Honduras,1983,3840550000.0
HRV,Croatia,1983,
HTI,Haiti,1983,1623600000.0
HUN,Hungary,1983,21910365258.2514
IDB,IDA blend,1983,171851407628.724
IDN,Indonesia,1983,81052283383.7155
IMN,Isle of Man,1983,
IND,India,1983,218262146413.158
IRL,Ireland,1983,20766047763.5314
IRN,"Iran, Islamic Rep.",1983,156365156618.241
IRQ,Iraq,1983,40712903225.8064
ISL,Iceland,1983,2862634163.62085
ISR,Israel,1983,32675755462.0865
ITA,Italy,1983,444063496940.337
JAM,Jamaica,1983,3619262277.47712
JOR,Jordan,1983,4920692190.95569
JPN,Japan,1983,1270859919742.9
KAZ,Kazakhstan,1983,
KEN,Kenya,1983,5979198313.76093
KGZ,Kyrgyz Republic,1983,
KHM,Cambodia,1983,939291262.100055
KIR,Kiribati,1983,31000545.7710517
KNA,St. Kitts and Nevis,1983,86874074.0740741
KOR,"Korea, Rep.",1983,89621208322.3386
KWT,Kuwait,1983,20871081080.1538
LAO,Lao PDR,1983,
LBN,Lebanon,1983,
LBR,Liberia,1983,823374900.0
LBY,Libya,1983,33200520139.9749
LCA,St. Lucia,1983,197037037.037037
LCN,Latin America & Caribbean,1983,726364223327.025
LIE,Liechtenstein,1983,524023624.89055
LKA,Sri Lanka,1983,5167913302.16745
LSO,Lesotho,1983,386699308.859169
LTE,Late-demographic dividend,1983,1293502574114.76
LTU,Lithuania,1983,
LUX,Luxembourg,1983,4524217751.47929
LVA,Latvia,1983,
MAC,"Macao SAR, China",1983,1133013235.10045
MAF,St. Martin (French part),1983,
MAR,Morocco,1983,16251408127.5735
MCO,Monaco,1983,1092560364.51959
MDA,Moldova,1983,
MDG,Madagascar,1983,4686457031.2269
MDV,Maldives,1983,57829787.2340426
MEX,Mexico,1983,156167000432.994
MHL,Marshall Islands,1983,41749000.0
MKD,North Macedonia,1983,
MLI,Mali,1983,1496616126.58634
MLT,Malta,1983,1165729706.8704
MMR,Myanmar,1983,1381573615.2513
MNE,Montenegro,1983,
MNG,Mongolia,1983,2725736633.33333
MNP,Northern Mariana Islands,1983,
MOZ,Mozambique,1983,
MRT,Mauritania,1983,1165171263.34593
MUS,Mauritius,1983,1104956573.09802
MWI,Malawi,1983,1780148049.43635
MYS,Malaysia,1983,30347442110.9316
NAM,Namibia,1983,2297400687.55049
NCL,New Caledonia,1983,823857893.163123
NER,Niger,1983,1803099561.20046
NGA,Nigeria,1983,97094911792.0489
NIC,Nicaragua,1983,2753100057.78802
NLD,Netherlands,1983,153671294108.563
NOR,Norway,1983,61627240831.0948
NPL,Nepal,1983,2447174803.37791
NRU,Nauru,1983,48439093.1211979
NZL,New Zealand,1983,24309279705.5731
OMN,Oman,1983,7932541690.79328
PAK,Pakistan,1983,28691889763.7795
PAN,Panama,1983,5923755900.0
PER,Peru,1983,17345260564.4824
PHL,Philippines,1983,37759179894.5298
PLW,Palau,1983,39661530.0
PNG,Papua New Guinea,1983,2562351551.04491
POL,Poland,1983,
PRI,Puerto Rico (US),1983,17276600000.0
PRK,"Korea, Dem. People's Rep.",1983,
PRT,Portugal,1983,27239650741.9472
PRY,Paraguay,1983,5673248726.16438
PSE,West Bank and Gaza,1983,
PYF,French Polynesia,1983,1284180701.00787
QAT,Qatar,1983,6467582307.69231
ROU,Romania,1983,
RUS,Russia,1983,
RWA,Rwanda,1983,1479687586.94292
SAU,Saudi Arabia,1983,129171635311.143
SDN,Sudan,1983,8230153846.15385
SEN,Senegal,1983,3569356124.93159
SGP,Singapore,1983,17784112149.5327
SLB,Solomon Islands,1983,181220398.969839
SLE,Sierra Leone,1983,995104305.347075
SLV,El Salvador,1983,3506347800.0
SMR,San Marino,1983,
SOM,"Somalia, Fed. Rep.",1983,735408641.768548
SRB,Serbia,1983,
SSD,South Sudan,1983,
STP,Sao Tome and Principe,1983,75110289.1832665
SUR,Suriname,1983,883500000.0
SVK,Slovak Republic,1983,
SVN,Slovenia,1983,
SWE,Sweden,1983,104862109663.367
SWZ,Eswatini,1983,555336145.767884
SXM,Sint Maarten (Dutch part),1983,
SYC,Seychelles,1983,156098237.022585
SYR,Syrian Arab Republic,1983,17589277143.1314
TCA,Turks and Caicos Islands,1983,
TCD,Chad,1983,832415806.010064
TGO,Togo,1983,1081387264.60786
THA,Thailand,1983,40042798388.4951
TJK,Tajikistan,1983,
TKM,Turkmenistan,1983,
TLS,Timor-Leste,1983,
TON,Tonga,1983,60863963.963964
TTO,Trinidad and Tobago,1983,7763750000.0
TUN,Tunisia,1983,8350582747.83541
TUR,Turkiye,1983,61803555555.5556
TUV,Tuvalu,1983,4152550.30416472
TZA,Tanzania,1983,14049883809.0089
UGA,Uganda,1983,2240333333.33333
UKR,Ukraine,1983,
URY,Uruguay,1983,5102276308.45313
USA,United States,1983,3634038000000.0
UZB,Uzbekistan,1983,
VCT,St. Vincent and the Grenadines,1983,122255349.62963
VEN,"Venezuela, RB",1983,67556279069.7674
VGB,British Virgin Islands,1983,
VIR,Virgin Islands (U.S.),1983,
VNM,Viet Nam,1983,
VUT,Vanuatu,1983,117389554.191406
WSM,Samoa,1983,111862823.574979
XKX,Kosovo,1983,
YEM,"Yemen, Rep.",1983,
ZAF,South Africa,1983,96204110941.5672
ZMB,Zambia,1983,3321048451.15171
ZWE,Zimbabwe,1983,7768031181.67262
ABW,Aruba,1984,
AFE,Africa Eastern and Southern,1984,170038515839.183
AFG,Afghanistan,1984,
AFW,Africa Western and Central,1984,131373058519.308
AGO,Angola,1984,6131475065.17815
ALB,Albania,1984,1857337995.338
AND,Andorra,1984,330073080.637098
ARE,United Arab Emirates,1984,41807954235.903
ARG,Argentina,1984,116915052107.031
ARM,Armenia,1984,
ASM,American Samoa,1984,
ATG,Antigua and Barbuda,1984,212214814.814815
AUS,Australia,1984,193749932078.26
AUT,Austria,1984,67719055773.3306
AZE,Azerbaijan,1984,
BDI,Burundi,1984,987143931.166987
BEL,Belgium,1984,83349530159.1734
BEN,Benin,1984,1051134008.78979
BFA,Burkina Faso,1984,1459880132.14107
BGD,Bangladesh,1984,18920840000.0
BGR,Bulgaria,1984,17594944444.4444
BHR,Bahrain,1984,4440874566.48936
BHS,"Bahamas, The",1984,2041100000.0
BIH,Bosnia and Herzegovina,1984,
BLR,Belarus,1984,
BLZ,Belize,1984,290350000.0
BMU,Bermuda,1984,985699968.0
BOL,Bolivia,1984,6169483225.35915
BRA,Brazil,1984,188339974086.58
BRB,Barbados,1984,1346890071.09829
BRN,Brunei Darussalam,1984,7632788075.1621
BTN,Bhutan,1984,160423493.936194
BWA,Botswana,1984,1240822167.43571
CAF,Central African Republic,1984,637820670.299604
CAN,Canada,1984,356718400123.543
CHE,Switzerland,1984,109455312167.511
CHI,Channel Islands,1984,
CHL,Chile,1984,19974595028.1582
CHN,China,1984,260442857142.857
CIV,Cote d'Ivoire,1984,6841639246.8996
CMR,Cameroon,1984,7311938026.36713
COD,"Congo, Dem. Rep.",1984,7857729193.20343
COG,"Congo, Rep.",1984,2193581365.34299
COL,Colombia,1984,38253120737.9671
COM,Comoros,1984,189102734.154019
CPV,Cabo Verde,1984,132019038.591628
CRI,Costa Rica,1984,3660477856.22977
CUB,Cuba,1984,24039383608.4235
CUW,Curacao,1984,
CYM,Cayman Islands,1984,
CYP,Cyprus,1984,2278248953.14058
CZE,Czechia,1984,
DEU,Germany,1984,727767760978.627
DJI,Djibouti,1984,
DMA,Dominica,1984,109157070.740741
DNK,Denmark,1984,58868891334.9941
DOM,Dominican Republic,1984,11594000000.0
DZA,Algeria,1984,53698548293.0745
EAR,Early-demographic dividend,1984,1494712751952.32
ECS,Europe & Central Asia,1984,3689517973067.83
ECU,Ecuador,1984,16912509091.855
EGY,"Egypt, Arab Rep.",1984,33971188991.6147
ERI,Eritrea,1984,
ESP,Spain,1984,171979977230.387
EST,Estonia,1984,
ETH,Ethiopia,1984,8298309580.67633
FIN,Finland,1984,52870993272.6553
FJI,Fiji,1984,1178000677.99929
FRA,France,1984,525033325827.516
FRO,Faroe Islands,1984,426008864.692169
FSM,"Micronesia, Fed. Sts.",1984,84676118.0
GAB,Gabon,1984,3561451560.50783
GBR,United Kingdom,1984,461487097632.349
GEO,Georgia,1984,
GHA,Ghana,1984,4412279843.44423
GIB,Gibraltar,1984,
GIN,Guinea,1984,18421497251.1767
GMB,"Gambia, The",1984,177340880.086204
GNB,Guinea-Bissau,1984,359980490.728569
GNQ,Equatorial Guinea,1984,50320914.4065688
GRC,Greece,1984,47352146311.971
GRD,Grenada,1984,145533310.740741
GRL,Greenland,1984,379371901.490374
GTM,Guatemala,1984,9470000100.0
GUM,Guam,1984,
GUY,Guyana,1984,437631605.263158
HKG,"Hong Kong SAR, China",1984,33511383985.6741
HND,Honduras,1984,4029900000.0
HRV,Croatia,1984,
HTI,Haiti,1984,1816200000.0
HUN,Hungary,1984,21242726264.4854
IDB,IDA blend,1984,148714761041.179
IDN,Indonesia,1984,84853700027.651
IMN,Isle of Man,1984,251195796.754456
IND,India,1984,212157645177.652
IRL,Ireland,1984,20106648454.8404
IRN,"Iran, Islamic Rep.",1984,162276728619.519
IRQ,Iraq,1984,46938387096.7742
ISL,Iceland,1984,2964568005.62888
ISR,Israel,1984,30645607293.0048
ITA,Italy,1984,438896930791.272
JAM,Jamaica,1984,2373564549.4932
JOR,Jordan,1984,4967162160.40472
JPN,Japan,1984,1345824500836.76
KAZ,Kazakhstan,1984,
KEN,Kenya,1984,6191437070.18411
KGZ,Kyrgyz Republic,1984,
KHM,Cambodia,1984,1021176058.63327
KIR,Kiribati,1984,34394167.0416706
KNA,St. Kitts and Nevis,1984,98603703.7037037
KOR,"Korea, Rep.",1984,99749645088.5994
KWT,Kuwait,1984,21700082752.9369
LAO,Lao PDR,1984,1757142855.91837
LBN,Lebanon,1984,
LBR,Liberia,1984,848478300.0
LBY,Libya,1984,29476109152.7531
LCA,St. Lucia,1984,251481481.481481
LCN,Latin America & Caribbean,1984,764196791084.118
LIE,Liechtenstein,1984,502620991.852944
LKA,Sri Lanka,1984,6043474842.76729
LSO,Lesotho,1984,333163670.280225
LTE,Late-demographic dividend,1984,1350058406704.66
LTU,Lithuania,1984,
LUX,Luxembourg,1984,4438435492.87908
LVA,Latvia,1984,
MAC,"Macao SAR, China",1984,1304361353.27024
MAF,St. Martin (French part),1984,
MAR,Morocco,1984,14824667954.3674
MCO,Monaco,1984,1037329604.35108
MDA,Moldova,1984,
MDG,Madagascar,1984,3905938480.86119
MDV,Maldives,1984,109503546.099291
MEX,Mexico,1984,184230754105.394
MHL,Marshall Islands,1984,45144000.0
MKD,North Macedonia,1984,
MLI,Mali,1984,1387809614.74905
MLT,Malta,1984,1101807023.04918
MMR,Myanmar,1984,1304063253.04136
MNE,Montenegro,1984,
MNG,Mongolia,1984,2098734600.0
MNP,Northern Mariana Islands,1984,
MOZ,Mozambique,1984,
MRT,Mauritania,1984,1074373230.36274
MUS,Mauritius,1984,1054564759.05328
MWI,Malawi,1984,1758028656.12928
MYS,Malaysia,1984,33942897422.0465
NAM,Namibia,1984,1951260037.94542
NCL,New Caledonia,1984,796066194.738573
NER,Niger,1984,1461243326.12882
NGA,Nigeria,1984,73484359521.4887
NIC,Nicaragua,1984,3117599872.08764
NLD,Netherlands,1984,144124462912.088
NOR,Norway,1984,62057955032.7758
NPL,Nepal,1984,2581207387.79709
NRU,Nauru,1984,47363231.2986778
NZL,New Zealand,1984,21665975318.8842
OMN,Oman,1984,8821443150.92488
PAK,Pakistan,1984,31151825467.4978
PAN,Panama,1984,6183387100.0
PER,Peru,1984,17600400384.5073
PHL,Philippines,1984,35730185633.5233
PLW,Palau,1984,44814259.0
PNG,Papua New Guinea,1984,2552662617.18854
POL,Poland,1984,
PRI,Puerto Rico (US),1984,19162600000.0
PRK,"Korea, Dem. People's Rep.",1984,
PRT,Portugal,1984,25217969049.5755
PRY,Paraguay,1984,4502462807.13993
PSE,West Bank and Gaza,1984,
PYF,French Polynesia,1984,1325515445.08362
QAT,Qatar,1984,6704395824.17582
ROU,Romania,1984,
RUS,Russia,1984,
RWA,Rwanda,1984,1587413083.9206
SAU,Saudi Arabia,1984,119624858115.778
SDN,Sudan,1984,10447615384.6154
SEN,Senegal,1984,3485165431.71354
SGP,Singapore,1984,19749361097.965
SLB,Solomon Islands,1984,181570473.771605
SLE,Sierra Leone,1984,1087471861.98928
SLV,El Salvador,1984,3661683400.0
SMR,San Marino,1984,
SOM,"Somalia, Fed. Rep.",1984,787434541.728857
SRB,Serbia,1984,
SSD,South Sudan,1984,
STP,Sao Tome and Principe,1984,78213795.9250336
SUR,Suriname,1984,864000000.0
SVK,Slovak Republic,1984,
SVN,Slovenia,1984,
SWE,Sweden,1984,109043045407.287
SWZ,Eswatini,1984,494483408.878468
SXM,Sint Maarten (Dutch part),1984,
SYC,Seychelles,1984,160992920.960262
SYR,Syrian Arab Republic,1984,17503078174.0039
TCA,Turks and Caicos Islands,1984,
TCD,Chad,1984,919103734.876996
TGO,Togo,1984,1014170069.21689
THA,Thailand,1984,41797647775.6238
TJK,Tajikistan,1984,
TKM,Turkmenistan,1984,
TLS,Timor-Leste,1984,
TON,Tonga,1984,64248354.5414656
TTO,Trinidad and Tobago,1984,7757083333.33333
TUN,Tunisia,1984,8254541194.82566
TUR,Turkiye,1984,59937602179.8365
TUV,Tuvalu,1984,4481977.90255389
TZA,Tanzania,1984,12906635133.1557
UGA,Uganda,1984,3615647477.05434
UKR,Ukraine,1984,
URY,Uruguay,1984,4850238549.61832
USA,United States,1984,4037613000000.0
UZB,Uzbekistan,1984,
VCT,St. Vincent and the Grenadines,1984,135024987.777778
VEN,"Venezuela, RB",1984,59867743467.9335
VGB,British Virgin Islands,1984,
VIR,Virgin Islands (U.S.),1984,
VNM,Viet Nam,1984,
VUT,Vanuatu,1984,144482515.368336
WSM,Samoa,1984,109200934.328518
XKX,Kosovo,1984,
YEM,"Yemen, Rep.",1984,
ZAF,South Africa,1984,84870163365.9306
ZMB,Zambia,1984,2719518932.99541
ZWE,Zimbabwe,1984,6355369171.99585
ABW,Aruba,1985,
AFE,Africa Eastern and Southern,1985,149335153752.165
AFG,Afghanistan,1985,
AFW,Africa Western and Central,1985,138005066699.39
AGO,Angola,1985,7554065410.121
ALB,Albania,1985,1897050116.55012
AND,Andorra,1985,346742714.675152
ARE,United Arab Emirates,1985,40603650231.5445
ARG,Argentina,1985,88150891728.1064
ARM,Armenia,1985,
ASM,American Samoa,1985,
ATG,Antigua and Barbuda,1985,246370370.37037
AUS,Australia,1985,180861108959.102
AUT,Austria,1985,69114996009.577
AZE,Azerbaijan,1985,
BDI,Burundi,1985,1149979285.77347
BEL,Belgium,1985,86268264148.3796
BEN,Benin,1985,1045712789.14884
BFA,Burkina Faso,1985,1552493196.28424
BGD,Bangladesh,1985,22278423076.9231
BGR,Bulgaria,1985,17155421052.6316
BHR,Bahrain,1985,4152376484.04255
BHS,"Bahamas, The",1985,2320699900.0
BIH,Bosnia and Herzegovina,1985,
BLR,Belarus,1985,
BLZ,Belize,1985,287300000.0
BMU,Bermuda,1985,1039500032.0
BOL,Bolivia,1985,5377276554.93016
BRA,Brazil,1985,210879844638.877
BRB,Barbados,1985,1409536120.91682
BRN,Brunei Darussalam,1985,6967623884.42343
BTN,Bhutan,1985,163288815.361294
BWA,Botswana,1985,1114783342.71539
CAF,Central African Republic,1985,864849836.286193
CAN,Canada,1985,366186012449.652
CHE,Switzerland,1985,110980314191.527
CHI,Channel Islands,1985,
CHL,Chile,1985,17933557359.8036
CHN,China,1985,310064625850.34
CIV,Cote d'Ivoire,1985,6977650643.99488
CMR,Cameroon,1985,8544810497.9889
COD,"Congo, Dem. Rep.",1985,7195042616.0071
COG,"Congo, Rep.",1985,2160872540.03175
COL,Colombia,1985,34894411351.983
COM,Comoros,1985,191944891.602832
CPV,Cabo Verde,1985,137728204.813735
CRI,Costa Rica,1985,3919203960.39604
CUB,Cuba,1985,22920490774.102
CUW,Curacao,1985,
CYM,Cayman Islands,1985,
CYP,Cyprus,1985,2430411900.19194
CZE,Czechia,1985,
DEU,Germany,1985,735218723093.277
DJI,Djibouti,1985,340989527.967995
DMA,Dominica,1985,119491932.962963
DNK,Denmark,1985,62452421010.9094
DOM,Dominican Republic,1985,5044579979.23285
DZA,Algeria,1985,57937868670.1937
EAR,Early-demographic dividend,1985,1490483608577.59
ECS,Europe & Central Asia,1985,3817565719211.52
ECU,Ecuador,1985,17149088413.35
EGY,"Egypt, Arab Rep.",1985,39053502251.0732
ERI,Eritrea,1985,
ESP,Spain,1985,180664322896.282
EST,Estonia,1985,
ETH,Ethiopia,1985,9717392686.95652
FIN,Finland,1985,55856676899.4628
FJI,Fiji,1985,1141168943.97661
FRA,France,1985,547220981165.134
FRO,Faroe Islands,1985,459307281.195335
FSM,"Micronesia, Fed. Sts.",1985,101931941.0
GAB,Gabon,1985,3339914757.22872
GBR,United Kingdom,1985,489285164271.047
GEO,Georgia,1985,
GHA,Ghana,1985,4504306722.68908
GIB,Gibraltar,1985,
GIN,Guinea,1985,22787644565.9059
GMB,"Gambia, The",1985,225726358.890914
GNB,Guinea-Bissau,1985,373959151.148591
GNQ,Equatorial Guinea,1985,62118569.9654481
GRC,Greece,1985,47155741426.1041
GRD,Grenada,1985,167728455.185185
GRL,Greenland,1985,412876382.829174
GTM,Guatemala,1985,9721652086.95652
GUM,Guam,1985,
GUY,Guyana,1985,453488372.093023
HKG,"Hong Kong SAR, China",1985,35699772165.7093
HND,Honduras,1985,4328300000.0
HRV,Croatia,1985,
HTI,Haiti,1985,2009400000.0
HUN,Hungary,1985,21510643750.177
IDB,IDA blend,1985,149360272178.405
IDN,Indonesia,1985,85289488375.4435
IMN,Isle of Man,1985,256330852.156058
IND,India,1985,232511554840.372
IRL,Ireland,1985,21270013325.5601
IRN,"Iran, Islamic Rep.",1985,180183629599.684
IRQ,Iraq,1985,48425161290.3226
ISL,Iceland,1985,3088359966.94589
ISR,Israel,1985,28905736366.7079
ITA,Italy,1985,453259761687.456
JAM,Jamaica,1985,2100239018.82467
JOR,Jordan,1985,4993601520.43079
JPN,Japan,1985,1427019759717.41
KAZ,Kazakhstan,1985,
KEN,Kenya,1985,6135034213.78998
KGZ,Kyrgyz Republic,1985,
KHM,Cambodia,1985,1102669184.43812
KIR,Kiribati,1985,26126615.2284866
KNA,St. Kitts and Nevis,1985,111007407.407407
KOR,"Korea, Rep.",1985,103764281280.89
KWT,Kuwait,1985,21445970613.7595
LAO,Lao PDR,1985,2366666615.55556
LBN,Lebanon,1985,
LBR,Liberia,1985,851296100.0
LBY,Libya,1985,31530566324.273
LCA,St. Lucia,1985,284444444.444444
LCN,Latin America & Caribbean,1985,755578018483.551
LIE,Liechtenstein,1985,529073612.453579
LKA,Sri Lanka,1985,5978460972.01767
LSO,Lesotho,1985,268629925.852805
LTE,Late-demographic dividend,1985,1459397301664.15
LTU,Lithuania,1985,
LUX,Luxembourg,1985,4577211767.10374
LVA,Latvia,1985,
MAC,"Macao SAR, China",1985,1362072159.94515
MAF,St. Martin (French part),1985,
MAR,Morocco,1985,14991283215.7408
MCO,Monaco,1985,1082867507.33142
MDA,Moldova,1985,
MDG,Madagascar,1985,3802557894.8719
MDV,Maldives,1985,127190757.959989
MEX,Mexico,1985,195241069482.077
MHL,Marshall Islands,1985,43879000.0
MKD,North Macedonia,1985,
MLI,Mali,1985,1594347021.37347
MLT,Malta,1985,1117797439.14234
MMR,Myanmar,1985,1478908173.26796
MNE,Montenegro,1985,
MNG,Mongolia,1985,2186505475.0
MNP,Northern Mariana Islands,1985,
MOZ,Mozambique,1985,
MRT,Mauritania,1985,1009723326.32808
MUS,Mauritius,1985,1090611324.6814
MWI,Malawi,1985,1646442272.89094
MYS,Malaysia,1985,31199633352.9598
NAM,Namibia,1985,1608237350.44365
NCL,New Caledonia,1985,854820893.577136
NER,Niger,1985,1440581652.39853
NGA,Nigeria,1985,73745821158.2254
NIC,Nicaragua,1985,2683699935.36479
NLD,Netherlands,1985,144057523221.868
NOR,Norway,1985,65416879914.3907
NPL,Nepal,1985,2619913955.51556
NRU,Nauru,1985,41548740.5077855
NZL,New Zealand,1985,24679795396.4194
OMN,Oman,1985,10005645420.4606
PAK,Pakistan,1985,31144920844.3272
PAN,Panama,1985,6541517100.0
PER,Peru,1985,15078736875.387
PHL,Philippines,1985,34961486348.2382
PLW,Palau,1985,51030637.0
PNG,Papua New Guinea,1985,2423339171.50015
POL,Poland,1985,
PRI,Puerto Rico (US),1985,20289200000.0
PRK,"Korea, Dem. People's Rep.",1985,
PRT,Portugal,1985,27115807742.0873
PRY,Paraguay,1985,3282449235.76129
PSE,West Bank and Gaza,1985,
PYF,French Polynesia,1985,1448281228.15738
QAT,Qatar,1985,6153296456.04396
ROU,Romania,1985,
RUS,Russia,1985,
RWA,Rwanda,1985,1715626330.59472
SAU,Saudi Arabia,1985,103897846493.65
SDN,Sudan,1985,8075259600.3398
SEN,Senegal,1985,3818944917.56713
SGP,Singapore,1985,19156532745.7691
SLB,Solomon Islands,1985,165524943.492123
SLE,Sierra Leone,1985,856890459.363958
SLV,El Salvador,1985,3800368600.0
SMR,San Marino,1985,
SOM,"Somalia, Fed. Rep.",1985,875702247.191011
SRB,Serbia,1985,
SSD,South Sudan,1985,
STP,Sao Tome and Principe,1985,82733069.4418031
SUR,Suriname,1985,873000000.0
SVK,Slovak Republic,1985,
SVN,Slovenia,1985,
SWE,Sweden,1985,113958084357.094
SWZ,Eswatini,1985,360079419.385958
SXM,Sint Maarten (Dutch part),1985,
SYC,Seychelles,1985,179691482.72165
SYR,Syrian Arab Republic,1985,16403539892.7783
TCA,Turks and Caicos Islands,1985,
TCD,Chad,1985,1033069709.3319
TGO,Togo,1985,1076604520.42427
THA,Thailand,1985,38900711332.5373
TJK,Tajikistan,1985,
TKM,Turkmenistan,1985,
TLS,Timor-Leste,1985,
TON,Tonga,1985,60058663.3144773
TTO,Trinidad and Tobago,1985,7375918367.34694
TUN,Tunisia,1985,8410226052.6114
TUR,Turkiye,1985,67232758620.6897
TUV,Tuvalu,1985,3862851.88310194
TZA,Tanzania,1985,15328295175.4067
UGA,Uganda,1985,3519695443.52516
UKR,Ukraine,1985,
URY,Uruguay,1985,4732017873.38369
USA,United States,1985,4338979000000.0
UZB,Uzbekistan,1985,
VCT,St. Vincent and the Grenadines,1985,145641705.185185
VEN,"Venezuela, RB",1985,61965466666.6667
VGB,British Virgin Islands,1985,
VIR,Virgin Islands (U.S.),1985,
VNM,Viet Nam,1985,14094687820.7445
VUT,Vanuatu,1985,131856420.703184
WSM,Samoa,1985,95572172.9835657
XKX,Kosovo,1985,
YEM,"Yemen, Rep.",1985,
ZAF,South Africa,1985,64459376086.6883
ZMB,Zambia,1985,2252454500.14896
ZWE,Zimbabwe,1985,5640137575.00727
ABW,Aruba,1986,405586592.178771
AFE,Africa Eastern and Southern,1986,160553515127.741
AFG,Afghanistan,1986,
AFW,Africa Western and Central,1986,109517776160.1
AGO,Angola,1986,7072536108.69711
ALB,Albania,1986,2097326250.0
AND,Andorra,1986,481996012.869071
ARE,United Arab Emirates,1986,33943612094.7971
ARG,Argentina,1986,105872372613.857
ARM,Armenia,1986,
ASM,American Samoa,1986,
ATG,Antigua and Barbuda,1986,297562962.962963
AUS,Australia,1986,182707050923.335
AUT,Austria,1986,98648254168.5444
AZE,Azerbaijan,1986,
BDI,Burundi,1986,1201725497.06578
BEL,Belgium,1986,120018787249.413
BEN,Benin,1986,1336102025.27763
BFA,Burkina Faso,1986,2036303357.68113
BGD,Bangladesh,1986,21774033333.3333
BGR,Bulgaria,1986,20249294117.6471
BHR,Bahrain,1986,3470746843.08511
BHS,"Bahamas, The",1986,2472500000.0
BIH,Bosnia and Herzegovina,1986,
BLR,Belarus,1986,
BLZ,Belize,1986,311500000.0
BMU,Bermuda,1986,1173500032.0
BOL,Bolivia,1986,3959382833.13461
BRA,Brazil,1986,256480852471.129
BRB,Barbados,1986,1547755183.21484
BRN,Brunei Darussalam,1986,4190280002.67381
BTN,Bhutan,1986,191218115.488485
BWA,Botswana,1986,1392602163.53829
CAF,Central African Republic,1986,1122265013.42004
CAN,Canada,1986,379006836991.724
CHE,Switzerland,1986,159089921062.872
CHI,Channel Islands,1986,
CHL,Chile,1986,19197818084.6757
CHN,China,1986,301310144927.536
CIV,Cote d'Ivoire,1986,9158302099.57957
CMR,Cameroon,1986,11857056199.0765
COD,"Congo, Dem. Rep.",1986,8095367168.21769
COG,"Congo, Rep.",1986,1849268212.30284
COL,Colombia,1986,34942489683.9712
COM,Comoros,1986,258143902.889842
CPV,Cabo Verde,1986,190651167.559385
CRI,Costa Rica,1986,4418983870.96774
CUB,Cuba,1986,24226574634.0293
CUW,Curacao,1986,
CYM,Cayman Islands,1986,
CYP,Cyprus,1986,3090734463.27684
CZE,Czechia,1986,
DEU,Germany,1986,1050092624515.9
DJI,Djibouti,1986,
DMA,Dominica,1986,135161958.518519
DNK,Denmark,1986,87748695216.9077
DOM,Dominican Republic,1986,6122128557.57243
DZA,Algeria,1986,63692007897.3834
EAR,Early-demographic dividend,1986,1498034888889.96
ECS,Europe & Central Asia,1986,5207541274400.02
ECU,Ecuador,1986,15314138472.3282
EGY,"Egypt, Arab Rep.",1986,41253507951.3564
ERI,Eritrea,1986,
ESP,Spain,1986,251141555185.933
EST,Estonia,1986,
ETH,Ethiopia,1986,10094328898.0676
FIN,Finland,1986,73511611541.1682
FJI,Fiji,1986,1290267339.65006
FRA,France,1986,764946585850.933
FRO,Faroe Islands,1986,688914288.878298
FSM,"Micronesia, Fed. Sts.",1986,112210000.0
GAB,Gabon,1986,3403638189.20049
GBR,United Kingdom,1986,601452653180.885
GEO,Georgia,1986,
GHA,Ghana,1986,5735677433.82683
GIB,Gibraltar,1986,
GIN,Guinea,1986,2909130355.238
GMB,"Gambia, The",1986,185646986.824927
GNB,Guinea-Bissau,1986,338524232.567315
GNQ,Equatorial Guinea,1986,76407395.8727542
GRC,Greece,1986,55595445472.2493
GRD,Grenada,1986,187589522.592593
GRL,Greenland,1986,603016292.686978
GTM,Guatemala,1986,7231963515.98174
GUM,Guam,1986,
GUY,Guyana,1986,504651139.534884
HKG,"Hong Kong SAR, China",1986,41075396884.8952
HND,Honduras,1986,4706100000.0
HRV,Croatia,1986,
HTI,Haiti,1986,2318000000.0
HUN,Hungary,1986,24778163812.0131
IDB,IDA blend,1986,138015634707.148
IDN,Indonesia,1986,79954072544.5279
IMN,Isle of Man,1986,356287012.606274
IND,India,1986,248985994040.59
IRL,Ireland,1986,28714571852.4799
IRN,"Iran, Islamic Rep.",1986,209094561833.48
IRQ,Iraq,1986,47264516129.0323
ISL,Iceland,1986,4129080094.00499
ISR,Israel,1986,35834154873.5622
ITA,Italy,1986,641862313287.44
JAM,Jamaica,1986,2754549581.92409
JOR,Jordan,1986,6402050484.90425
JPN,Japan,1986,2120083812109.91
KAZ,Kazakhstan,1986,
KEN,Kenya,1986,7239126568.14092
KGZ,Kyrgyz Republic,1986,
KHM,Cambodia,1986,1167630317.8411
KIR,Kiribati,1986,25993008.7943576
KNA,St. Kitts and Nevis,1986,130685185.185185
KOR,"Korea, Rep.",1986,119965960795.24
KWT,Kuwait,1986,17903989745.178
LAO,Lao PDR,1986,1776842097.16343
LBN,Lebanon,1986,
LBR,Liberia,1986,840964400.0
LBY,Libya,1986,24180400959.4288
LCA,St. Lucia,1986,340000000.0
LCN,Latin America & Caribbean,1986,765106455717.53
LIE,Liechtenstein,1986,779357802.50006
LKA,Sri Lanka,1986,6405210563.88294
LSO,Lesotho,1986,318858422.989262
LTE,Late-demographic dividend,1986,1551004683364.39
LTU,Lithuania,1986,
LUX,Luxembourg,1986,6685595087.59256
LVA,Latvia,1986,
MAC,"Macao SAR, China",1986,1532105070.18581
MAF,St. Martin (French part),1986,
MAR,Morocco,1986,19462085540.2231
MCO,Monaco,1986,1515234743.47367
MDA,Moldova,1986,
MDG,Madagascar,1986,4347989788.09257
MDV,Maldives,1986,141882254.230178
MEX,Mexico,1986,134556034672.991
MHL,Marshall Islands,1986,55989000.0
MKD,North Macedonia,1986,
MLI,Mali,1986,2132938007.1056
MLT,Malta,1986,1435038441.11922
MMR,Myanmar,1986,1582873750.32068
MNE,Montenegro,1986,
MNG,Mongolia,1986,2896178866.66667
MNP,Northern Mariana Islands,1986,
MOZ,Mozambique,1986,
MRT,Mauritania,1986,1186628778.4874
MUS,Mauritius,1986,1482601552.40192
MWI,Malawi,1986,1722586299.409
MYS,Malaysia,1986,27734111399.7525
NAM,Namibia,1986,1809048527.11034
NCL,New Caledonia,1986,1201321513.76667
NER,Niger,1986,1904096998.30009
NGA,Nigeria,1986,54805852580.9129
NIC,Nicaragua,1986,2885799993.91571
NLD,Netherlands,1986,201157708220.903
NOR,Norway,1986,78693118044.0045
NPL,Nepal,1986,2850782044.04306
NRU,Nauru,1986,39939390.7386682
NZL,New Zealand,1986,30604668356.5695
OMN,Oman,1986,7324167369.14305
PAK,Pakistan,1986,31899070055.7967
PAN,Panama,1986,6797834200.0
PER,Peru,1986,21859448586.485
PHL,Philippines,1986,33987207294.9432
PLW,Palau,1986,58109314.0
PNG,Papua New Guinea,1986,2647995602.28698
POL,Poland,1986,
PRI,Puerto Rico (US),1986,22009300000.0
PRK,"Korea, Dem. People's Rep.",1986,
PRT,Portugal,1986,38745901353.7059
PRY,Paraguay,1986,3723993942.79088
PSE,West Bank and Gaza,1986,
PYF,French Polynesia,1986,2212028299.56001
QAT,Qatar,1986,5053021950.54945
ROU,Romania,1986,
RUS,Russia,1986,
RWA,Rwanda,1986,1944710683.87148
SAU,Saudi Arabia,1986,86961922765.3254
SDN,Sudan,1986,10092200000.0
SEN,Senegal,1986,5392093445.51053
SGP,Singapore,1986,18586746056.9974
SLB,Solomon Islands,1986,147620047.660063
SLE,Sierra Leone,1986,490181456.62441
SLV,El Salvador,1986,3771663200.0
SMR,San Marino,1986,
SOM,"Somalia, Fed. Rep.",1986,916590786.326105
SRB,Serbia,1986,
SSD,South Sudan,1986,
STP,Sao Tome and Principe,1986,115928906.745482
SUR,Suriname,1986,891000000.0
SVK,Slovak Republic,1986,
SVN,Slovenia,1986,
SWE,Sweden,1986,150279869728.789
SWZ,Eswatini,1986,449140318.385038
SXM,Sint Maarten (Dutch part),1986,
SYC,Seychelles,1986,221147061.290068
SYR,Syrian Arab Republic,1986,13293205278.2803
TCA,Turks and Caicos Islands,1986,
TCD,Chad,1986,1067828245.86207
TGO,Togo,1986,1498219578.86978
THA,Thailand,1986,43096773980.8569
TJK,Tajikistan,1986,
TKM,Turkmenistan,1986,
TLS,Timor-Leste,1986,
TON,Tonga,1986,68195855.6149733
TTO,Trinidad and Tobago,1986,4794444444.44444
TUN,Tunisia,1986,9017806654.4169
TUR,Turkiye,1986,75673037037.037
TUV,Tuvalu,1986,4574706.2115277
TZA,Tanzania,1986,10840864521.2338
UGA,Uganda,1986,3923244049.95796
UKR,Ukraine,1986,
URY,Uruguay,1986,5880112788.40947
USA,United States,1986,4579631000000.0
UZB,Uzbekistan,1986,
VCT,St. Vincent and the Grenadines,1986,160846656.666667
VEN,"Venezuela, RB",1986,60516123711.3402
VGB,British Virgin Islands,1986,
VIR,Virgin Islands (U.S.),1986,
VNM,Viet Nam,1986,26336616250.4397
VUT,Vanuatu,1986,126498935.335649
WSM,Samoa,1986,100947848.64478
XKX,Kosovo,1986,
YEM,"Yemen, Rep.",1986,
ZAF,South Africa,1986,73354771399.2627
ZMB,Zambia,1986,1664413508.09853
ZWE,Zimbabwe,1986,6220698246.72927
ABW,Aruba,1987,487709497.206704
AFE,Africa Eastern and Southern,1987,190175229570.901
AFG,Afghanistan,1987,
AFW,Africa Western and Central,1987,112641148828.574
AGO,Angola,1987,8084412414.26566
ALB,Albania,1987,2080796250.0
AND,Andorra,1987,611299924.540506
ARE,United Arab Emirates,1987,36384908744.2114
ARG,Argentina,1987,108810885301.253
ARM,Armenia,1987,
ASM,American Samoa,1987,
ATG,Antigua and Barbuda,1987,346866666.666667
AUS,Australia,1987,189726707252.515
AUT,Austria,1987,123682091858.946
AZE,Azerbaijan,1987,
BDI,Burundi,1987,1131466494.01101
BEL,Belgium,1987,149394404105.889
BEN,Benin,1987,1562412227.90058
BFA,Burkina Faso,1987,2369834949.73234
BGD,Bangladesh,1987,24298032258.0645
BGR,Bulgaria,1987,28101000000.0
BHR,Bahrain,1987,3856922694.14894
BHS,"Bahamas, The",1987,2713999900.0
BIH,Bosnia and Herzegovina,1987,
BLR,Belarus,1987,
BLZ,Belize,1987,371100000.0
BMU,Bermuda,1987,1296499968.0
BOL,Bolivia,1987,4347956337.93221
BRA,Brazil,1987,283056836893.838
BRB,Barbados,1987,1704370307.76115
BRN,Brunei Darussalam,1987,4918010080.03047
BTN,Bhutan,1987,242742766.346488
BWA,Botswana,1987,1965226890.04557
CAF,Central African Republic,1987,1200991977.80801
CAN,Canada,1987,433134238310.709
CHE,Switzerland,1987,199236370037.554
CHI,Channel Islands,1987,
CHL,Chile,1987,22605488850.8981
CHN,China,1987,273455156950.673
CIV,Cote d'Ivoire,1987,10087654464.8168
CMR,Cameroon,1987,13049659981.1373
COD,"Congo, Dem. Rep.",1987,7661625472.57705
COG,"Congo, Rep.",1987,2297753652.34929
COL,Colombia,1987,36373307085.0887
COM,Comoros,1987,313292322.956214
CPV,Cabo Verde,1987,235253064.70982
CRI,Costa Rica,1987,4532952047.15628
CUB,Cuba,1987,25213935012.0819
CUW,Curacao,1987,
CYM,Cayman Islands,1987,
CYP,Cyprus,1987,3704813885.50548
CZE,Czechia,1987,
DEU,Germany,1987,1302932318824.81
DJI,Djibouti,1987,373371738.286415
DMA,Dominica,1987,151868754.444444
DNK,Denmark,1987,109183446340.073
DOM,Dominican Republic,1987,5827050753.25937
DZA,Algeria,1987,66745818375.493
EAR,Early-demographic dividend,1987,1521911883272.76
ECS,Europe & Central Asia,1987,6431748582275.97
ECU,Ecuador,1987,13945426859.4657
EGY,"Egypt, Arab Rep.",1987,40455616653.5742
ERI,Eritrea,1987,
ESP,Spain,1987,318520253335.13
EST,Estonia,1987,
ETH,Ethiopia,1987,10790001557.971
FIN,Finland,1987,91564993913.1611
FJI,Fiji,1987,1177947965.12142
FRA,France,1987,926320855614.973
FRO,Faroe Islands,1987,886508622.334316
FSM,"Micronesia, Fed. Sts.",1987,116700000.0
GAB,Gabon,1987,3281797043.04996
GBR,United Kingdom,1987,745162608269.325
GEO,Georgia,1987,7321981333.6772
GHA,Ghana,1987,5074829931.97279
GIB,Gibraltar,1987,
GIN,Guinea,1987,2976714019.06852
GMB,"Gambia, The",1987,220626484.224811
GNB,Guinea-Bissau,1987,451893374.95907
GNQ,Equatorial Guinea,1987,93345859.52973
GRC,Greece,1987,64739630095.6215
GRD,Grenada,1987,215009569.62963
GRL,Greenland,1987,787390408.953269
GTM,Guatemala,1987,7084399840.0
GUM,Guam,1987,
GUY,Guyana,1987,354591846.938775
HKG,"Hong Kong SAR, China",1987,50622896162.6006
HND,Honduras,1987,5024800000.0
HRV,Croatia,1987,
HTI,Haiti,1987,2047200000.0
HUN,Hungary,1987,27232016527.4237
IDB,IDA blend,1987,142226241236.742
IDN,Indonesia,1987,75929617557.7521
IMN,Isle of Man,1987,459975486.190554
IND,India,1987,279033584092.223
IRL,Ireland,1987,33920518492.5094
IRN,"Iran, Islamic Rep.",1987,134009995923.169
IRQ,Iraq,1987,56774193548.3871
ISL,Iceland,1987,5713281235.45655
ISR,Israel,1987,43049543634.9607
ITA,Italy,1987,807570134448.76
JAM,Jamaica,1987,3287007321.56699
JOR,Jordan,1987,6756209762.48231
JPN,Japan,1987,2580748422781.09
KAZ,Kazakhstan,1987,
KEN,Kenya,1987,7970820369.2949
KGZ,Kyrgyz Republic,1987,
KHM,Cambodia,1987,1036974910.45
KIR,Kiribati,1987,29554412.5328693
KNA,St. Kitts and Nevis,1987,147748148.148148
KOR,"Korea, Rep.",1987,152240393645.506
KWT,Kuwait,1987,22368704133.6668
LAO,Lao PDR,1987,1087273103.69639
LBN,Lebanon,1987,
LBR,Liberia,1987,972800000.0
LBY,Libya,1987,26697659334.6911
LCA,St. Lucia,1987,375555555.555556
LCN,Latin America & Caribbean,1987,821070824144.007
LIE,Liechtenstein,1987,1052848995.97101
LKA,Sri Lanka,1987,6682167119.56522
LSO,Lesotho,1987,402768324.481971
LTE,Late-demographic dividend,1987,1637762989831.09
LTU,Lithuania,1987,
LUX,Luxembourg,1987,8320902215.01891
LVA,Latvia,1987,
MAC,"Macao SAR, China",1987,1957724829.35921
MAF,St. Martin (French part),1987,
MAR,Morocco,1987,21765195948.189
MCO,Monaco,1987,1839081463.27676
MDA,Moldova,1987,
MDG,Madagascar,1987,3212900555.8091
MDV,Maldives,1987,141223029.383064
MEX,Mexico,1987,147542558208.888
MHL,Marshall Islands,1987,62983000.0
MKD,North Macedonia,1987,
MLI,Mali,1987,2437004679.62818
MLT,Malta,1987,1751293460.68921
MMR,Myanmar,1987,1562448076.65689
MNE,Montenegro,1987,
MNG,Mongolia,1987,3020611600.0
MNP,Northern Mariana Islands,1987,
MOZ,Mozambique,1987,
MRT,Mauritania,1987,1344664724.68991
MUS,Mauritius,1987,1906174437.96762
MWI,Malawi,1987,1721711808.48111
MYS,Malaysia,1987,32181210157.9671
NAM,Namibia,1987,2300068216.96898
NCL,New Caledonia,1987,1488093101.50275
NER,Niger,1987,2233006104.92776
NGA,Nigeria,1987,52676041931.1087
NIC,Nicaragua,1987,3851200117.77355
NLD,Netherlands,1987,245406949521.323
NOR,Norway,1987,94229907235.6215
NPL,Nepal,1987,2957255379.54315
NRU,Nauru,1987,40118409.8729486
NZL,New Zealand,1987,40376354069.9474
OMN,Oman,1987,7811183094.92848
PAK,Pakistan,1987,33351529274.6869
PAN,Panama,1987,6827665300.0
PER,Peru,1987,36889706592.6843
PHL,Philippines,1987,37791488666.0743
PLW,Palau,1987,66169905.0
PNG,Papua New Guinea,1987,3143851794.08723
POL,Poland,1987,
PRI,Puerto Rico (US),1987,24025800000.0
PRK,"Korea, Dem. People's Rep.",1987,
PRT,Portugal,1987,48182925857.4071
PRY,Paraguay,1987,3971044723.8024
PSE,West Bank and Gaza,1987,
PYF,French Polynesia,1987,2677977163.2095
QAT,Qatar,1987,5446428681.31868
ROU,Romania,1987,38067567567.5676
RUS,Russia,1987,
RWA,Rwanda,1987,2157432667.61598
SAU,Saudi Arabia,1987,85695861148.1976
SDN,Sudan,1987,12093333333.3333
SEN,Senegal,1987,6487353102.81483
SGP,Singapore,1987,20919215578.2125
SLB,Solomon Islands,1987,155128542.419178
SLE,Sierra Leone,1987,660106336.104339
SLV,El Salvador,1987,3958045800.0
SMR,San Marino,1987,
SOM,"Somalia, Fed. Rep.",1987,1018972664.4638
SRB,Serbia,1987,
SSD,South Sudan,1987,
STP,Sao Tome and Principe,1987,115952925.468271
SUR,Suriname,1987,980000000.0
SVK,Slovak Republic,1987,
SVN,Slovenia,1987,
SWE,Sweden,1987,182744315973.756
SWZ,Eswatini,1987,584126092.258819
SXM,Sint Maarten (Dutch part),1987,
SYC,Seychelles,1987,265212956.838633
SYR,Syrian Arab Republic,1987,11356215543.3043
TCA,Turks and Caicos Islands,1987,
TCD,Chad,1987,1163426852.20442
TGO,Togo,1987,1763978065.8368
THA,Thailand,1987,50535446554.8769
TJK,Tajikistan,1987,
TKM,Turkmenistan,1987,2331358819.75954
TLS,Timor-Leste,1987,
TON,Tonga,1987,81667133.4546982
TTO,Trinidad and Tobago,1987,4797777777.77778
TUN,Tunisia,1987,9696715910.70907
TUR,Turkiye,1987,87190081680.28
TUV,Tuvalu,1987,5020513.49920593
TZA,Tanzania,1987,7824193222.11908
UGA,Uganda,1987,6269522042.11556
UKR,Ukraine,1987,64087694038.2333
URY,Uruguay,1987,7367494080.40014
USA,United States,1987,4855215000000.0
UZB,Uzbekistan,1987,8523160592.61112
VCT,St. Vincent and the Grenadines,1987,175580647.407407
VEN,"Venezuela, RB",1987,48029034482.7586
VGB,British Virgin Islands,1987,
VIR,Virgin Islands (U.S.),1987,
VNM,Viet Nam,1987,36658108850.3148
VUT,Vanuatu,1987,139464173.547324
WSM,Samoa,1987,111713922.141578
XKX,Kosovo,1987,
YEM,"Yemen, Rep.",1987,
ZAF,South Africa,1987,96535763418.3729
ZMB,Zambia,1987,2265250972.34879
ZWE,Zimbabwe,1987,6744657033.37727
ABW,Aruba,1988,596648044.692737
AFE,Africa Eastern and Southern,1988,207368870172.406
AFG,Afghanistan,1988,
AFW,Africa Western and Central,1988,111770322169.923
AGO,Angola,1988,8769836768.83482
ALB,Albania,1988,2051236250.0
AND,Andorra,1988,721425939.15155
ARE,United Arab Emirates,1988,36275674203.2144
ARG,Argentina,1988,126890235049.092
ARM,Armenia,1988,
ASM,American Samoa,1988,
ATG,Antigua and Barbuda,1988,411396296.296296
AUS,Australia,1988,236461079970.431
AUT,Austria,1988,132817124707.456
AZE,Azerbaijan,1988,
BDI,Burundi,1988,1082403219.48787
BEL,Belgium,1988,162299103675.261
BEN,Benin,1988,1620246083.79478
BFA,Burkina Faso,1988,2616040478.99309
BGD,Bangladesh,1988,26579005558.3652
BGR,Bulgaria,1988,22555941176.4706
BHR,Bahrain,1988,4209834172.87234
BHS,"Bahamas, The",1988,2817900000.0
BIH,Bosnia and Herzegovina,1988,
BLR,Belarus,1988,
BLZ,Belize,1988,421450000.0
BMU,Bermuda,1988,1415100032.0
BOL,Bolivia,1988,4597612362.2748
BRA,Brazil,1988,307881930752.268
BRB,Barbados,1988,1812757917.76463
BRN,Brunei Darussalam,1988,4535130304.71096
BTN,Bhutan,1988,272298066.556045
BWA,Botswana,1988,2644554158.72794
CAF,Central African Republic,1988,1264899287.51261
CAN,Canada,1988,509380027626.554
CHE,Switzerland,1988,215540625298.982
CHI,Channel Islands,1988,
CHL,Chile,1988,26174858613.8456
CHN,China,1988,312888888888.889
CIV,Cote d'Ivoire,1988,10255169805.7996
CMR,Cameroon,1988,12236057362.4917
COD,"Congo, Dem. Rep.",1988,8861299976.74158
COG,"Congo, Rep.",1988,2212536311.99319
COL,Colombia,1988,39212550050.4223
COM,Comoros,1988,336422522.407114
CPV,Cabo Verde,1988,264308140.285149
CRI,Costa Rica,1988,4614629898.40348
CUB,Cuba,1988,27458999472.2955
CUW,Curacao,1988,
CYM,Cayman Islands,1988,
CYP,Cyprus,1988,4278792597.23965
CZE,Czechia,1988,
DEU,Germany,1988,1406367016371.53
DJI,Djibouti,1988,395794538.630775
DMA,Dominica,1988,171106184.074074
DNK,Denmark,1988,115540189705.118
DOM,Dominican Republic,1988,5374299981.49698
DZA,Algeria,1988,59089396860.4342
EAR,Early-demographic dividend,1988,1606574808086.1
ECS,Europe & Central Asia,1988,7161818798652.39
ECU,Ecuador,1988,13051881851.4068
EGY,"Egypt, Arab Rep.",1988,34980124929.0176
ERI,Eritrea,1988,
ESP,Spain,1988,375891716897.586
EST,Estonia,1988,
ETH,Ethiopia,1988,11181119717.8744
FIN,Finland,1988,109039090262.971
FJI,Fiji,1988,1110009522.75743
FRA,France,1988,1010827662151.75
FRO,Faroe Islands,1988,968576956.930265
FSM,"Micronesia, Fed. Sts.",1988,124700000.0
GAB,Gabon,1988,3834503376.02992
GBR,United Kingdom,1988,910122732123.799
GEO,Georgia,1988,8833588173.40023
GHA,Ghana,1988,5197765031.64557
GIB,Gibraltar,1988,
GIN,Guinea,1988,3476480303.12273
GMB,"Gambia, The",1988,266672211.934161
GNB,Guinea-Bissau,1988,427514321.528126
GNQ,Equatorial Guinea,1988,100534656.881732
GRC,Greece,1988,75200610136.9205
GRD,Grenada,1988,236357523.703704
GRL,Greenland,1988,898607670.624413
GTM,Guatemala,1988,7841602824.42748
GUM,Guam,1988,
GUY,Guyana,1988,413799990.0
HKG,"Hong Kong SAR, China",1988,59707404560.5944
HND,Honduras,1988,4892660944.20601
HRV,Croatia,1988,
HTI,Haiti,1988,2613926800.0
HUN,Hungary,1988,29799838597.4079
IDB,IDA blend,1988,148184197593.881
IDN,Indonesia,1988,84300174485.7973
IMN,Isle of Man,1988,584702952.685877
IND,India,1988,296589670895.932
IRL,Ireland,1988,37772896220.7559
IRN,"Iran, Islamic Rep.",1988,123057861333.908
IRQ,Iraq,1988,62684516129.0323
ISL,Iceland,1988,6320093411.44744
ISR,Israel,1988,52650948910.3748
ITA,Italy,1988,893663934840.821
JAM,Jamaica,1988,3828342820.3494
JOR,Jordan,1988,6277451829.05325
JPN,Japan,1988,3125724434400.79
KAZ,Kazakhstan,1988,
KEN,Kenya,1988,8355380879.12955
KGZ,Kyrgyz Republic,1988,
KHM,Cambodia,1988,1662877859.22297
KIR,Kiribati,1988,38278810.3176488
KNA,St. Kitts and Nevis,1988,172692592.592593
KOR,"Korea, Rep.",1988,205477530605.222
KWT,Kuwait,1988,20690322152.8945
LAO,Lao PDR,1988,598961269.297879
LBN,Lebanon,1988,3313540067.93246
LBR,Liberia,1988,1038300000.0
LBY,Libya,1988,24308959591.195
LCA,St. Lucia,1988,429629629.62963
LCN,Latin America & Caribbean,1988,900611858814.776
LIE,Liechtenstein,1988,1161757671.01756
LKA,Sri Lanka,1988,6978371581.26375
LSO,Lesotho,1988,470395800.600668
LTE,Late-demographic dividend,1988,1787018955182.41
LTU,Lithuania,1988,
LUX,Luxembourg,1988,9418167855.18376
LVA,Latvia,1988,
MAC,"Macao SAR, China",1988,2288761822.51257
MAF,St. Martin (French part),1988,
MAR,Morocco,1988,25705296183.5037
MCO,Monaco,1988,2000704744.91538
MDA,Moldova,1988,
MDG,Madagascar,1988,3189456965.0482
MDV,Maldives,1988,168514513.375071
MEX,Mexico,1988,181611150496.787
MHL,Marshall Islands,1988,70688000.0
MKD,North Macedonia,1988,
MLI,Mali,1988,2712207900.69838
MLT,Malta,1988,2019503068.03393
MMR,Myanmar,1988,1541088312.25453
MNE,Montenegro,1988,
MNG,Mongolia,1988,3204461566.66667
MNP,Northern Mariana Islands,1988,
MOZ,Mozambique,1988,
MRT,Mauritania,1988,1414951290.06682
MUS,Mauritius,1988,2163252449.13108
MWI,Malawi,1988,2008189508.37875
MYS,Malaysia,1988,35272109220.1988
NAM,Namibia,1988,2495094746.44024
NCL,New Caledonia,1988,2072775508.14796
NER,Niger,1988,2280356192.76273
NGA,Nigeria,1988,49648470440.4593
NIC,Nicaragua,1988,2630900095.60219
NLD,Netherlands,1988,262295966105.474
NOR,Norway,1988,101900260856.222
NPL,Nepal,1988,3487009748.35638
NRU,Nauru,1988,45931133.5855646
NZL,New Zealand,1988,45176811594.2029
OMN,Oman,1988,8386215864.75943
PAK,Pakistan,1988,38472742808.3167
PAN,Panama,1988,5902783400.0
PER,Peru,1988,15439408447.2
PHL,Philippines,1988,43152128958.6116
PLW,Palau,1988,75348615.0
PNG,Papua New Guinea,1988,3656177880.70625
POL,Poland,1988,
PRI,Puerto Rico (US),1988,26385800000.0
PRK,"Korea, Dem. People's Rep.",1988,
PRT,Portugal,1988,56347250696.3788
PRY,Paraguay,1988,4255683528.33333
PSE,West Bank and Gaza,1988,
PYF,French Polynesia,1988,2723496362.0482
QAT,Qatar,1988,6038187032.96703
ROU,Romania,1988,40424528301.8868
RUS,Russia,1988,554828660436.137
RWA,Rwanda,1988,2395492686.78165
SAU,Saudi Arabia,1988,88256074766.3551
SDN,Sudan,1988,14372555555.5556
SEN,Senegal,1988,6418419388.63499
SGP,Singapore,1988,25371462488.1292
SLB,Solomon Islands,1988,176494394.043362
SLE,Sierra Leone,1988,1055083933.07498
SLV,El Salvador,1988,4189880000.0
SMR,San Marino,1988,
SOM,"Somalia, Fed. Rep.",1988,1051596967.1287
SRB,Serbia,1988,
SSD,South Sudan,1988,
STP,Sao Tome and Principe,1988,99000764.3902251
SUR,Suriname,1988,1161000000.0
SVK,Slovak Republic,1988,
SVN,Slovenia,1988,
SWE,Sweden,1988,206686590775.558
SWZ,Eswatini,1988,692026454.737872
SXM,Sint Maarten (Dutch part),1988,
SYC,Seychelles,1988,301985618.085556
SYR,Syrian Arab Republic,1988,10577041644.9944
TCA,Turks and Caicos Islands,1988,
TCD,Chad,1988,1482597297.98821
TGO,Togo,1988,1947208354.22555
THA,Thailand,1988,61667253471.3736
TJK,Tajikistan,1988,
TKM,Turkmenistan,1988,3010982414.24425
TLS,Timor-Leste,1988,
TON,Tonga,1988,106657267.367342
TTO,Trinidad and Tobago,1988,4496910569.10569
TUN,Tunisia,1988,10096245762.4352
TUR,Turkiye,1988,90875175808.7201
TUV,Tuvalu,1988,7011059.37136204
TZA,Tanzania,1988,7406614407.46127
UGA,Uganda,1988,6508931651.66667
UKR,Ukraine,1988,74703517902.6642
URY,Uruguay,1988,8213538368.84635
USA,United States,1988,5236438000000.0
UZB,Uzbekistan,1988,10722799639.3121
VCT,St. Vincent and the Grenadines,1988,200726712.592593
VEN,"Venezuela, RB",1988,60226413793.1035
VGB,British Virgin Islands,1988,
VIR,Virgin Islands (U.S.),1988,
VNM,Viet Nam,1988,25423812648.5941
VUT,Vanuatu,1988,158351368.433149
WSM,Samoa,1988,133016065.416065
XKX,Kosovo,1988,
YEM,"Yemen, Rep.",1988,
ZAF,South Africa,1988,103976831870.957
ZMB,Zambia,1988,3728878148.80792
ZWE,Zimbabwe,1988,7818774176.83792
ABW,Aruba,1989,695530726.256983
AFE,Africa Eastern and Southern,1989,220613390803.074
AFG,Afghanistan,1989,
AFW,Africa Western and Central,1989,104577372052.932
AGO,Angola,1989,10201780976.6696
ALB,Albania,1989,2253090000.0
AND,Andorra,1989,795489582.04491
ARE,United Arab Emirates,1989,41464995913.9199
ARG,Argentina,1989,76629728760.123
ARM,Armenia,1989,
ASM,American Samoa,1989,
ATG,Antigua and Barbuda,1989,455174074.074074
AUS,Australia,1989,300264309002.14
AUT,Austria,1989,132584448257.93
AZE,Azerbaijan,1989,
BDI,Burundi,1989,1113924130.41149
BEL,Belgium,1989,164221056511.057
BEN,Benin,1989,1502294416.17129
BFA,Burkina Faso,1989,2615587733.97303
BGD,Bangladesh,1989,28781715188.8919
BGR,Bulgaria,1989,21988444444.4444
BHR,Bahrain,1989,4393093962.76596
BHS,"Bahamas, The",1989,3062000000.0
BIH,Bosnia and Herzegovina,1989,
BLR,Belarus,1989,
BLZ,Belize,1989,491100000.0
BMU,Bermuda,1989,1501500032.0
BOL,Bolivia,1989,4715973437.43673
BRA,Brazil,1989,412990820287.42
BRB,Barbados,1989,2006165166.80754
BRN,Brunei Darussalam,1989,4983622880.99938
BTN,Bhutan,1989,264798626.174848
BWA,Botswana,1989,3083822112.02023
CAF,Central African Republic,1989,1233930280.91724
CAN,Canada,1989,567211993243.243
CHE,Switzerland,1989,208105846934.409
CHI,Channel Islands,1989,
CHL,Chile,1989,30101767991.1135
CHN,China,1989,348380566801.619
CIV,Cote d'Ivoire,1989,9757410644.6679
CMR,Cameroon,1989,11012566195.0255
COD,"Congo, Dem. Rep.",1989,9021862775.18112
COG,"Congo, Rep.",1989,2389593025.60339
COL,Colombia,1989,39540080200.3938
COM,Comoros,1989,328665080.847046
CPV,Cabo Verde,1989,267448571.414611
CRI,Costa Rica,1989,5251025767.47627
CUB,Cuba,1989,27023468665.8977
CUW,Curacao,1989,
CYM,Cayman Islands,1989,
CYP,Cyprus,1989,4563482603.5503
CZE,Czechia,1989,
DEU,Germany,1989,1404092925205.45
DJI,Djibouti,1989,409220087.102818
DMA,Dominica,1989,185137242.962963
DNK,Denmark,1989,112312200760.581
DOM,Dominican Republic,1989,6686593059.93691
DZA,Algeria,1989,55634721572.7343
EAR,Early-demographic dividend,1989,1634255193569.59
ECS,Europe & Central Asia,1989,7257702652999.89
ECU,Ecuador,1989,13890823704.5545
EGY,"Egypt, Arab Rep.",1989,39756299049.9793
ERI,Eritrea,1989,
ESP,Spain,1989,414460794096.978
EST,Estonia,1989,
ETH,Ethiopia,1989,11762932007.2464
FIN,Finland,1989,118991270611.057
FJI,Fiji,1989,1182660265.76635
FRA,France,1989,1016742237302.08
FRO,Faroe Islands,1989,871935350.384909
FSM,"Micronesia, Fed. Sts.",1989,135200000.0
GAB,Gabon,1989,4186411463.85975
GBR,United Kingdom,1989,926884816753.927
GEO,Georgia,1989,8902632715.25406
GHA,Ghana,1989,5251858439.874
GIB,Gibraltar,1989,
GIN,Guinea,1989,3546079262.94987
GMB,"Gambia, The",1989,284120329.401023
GNB,Guinea-Bissau,1989,554072302.828333
GNQ,Equatorial Guinea,1989,88265974.861049
GRC,Greece,1989,78067933277.3815
GRD,Grenada,1989,267327642.222222
GRL,Greenland,1989,929799902.191124
GTM,Guatemala,1989,8410724360.79545
GUM,Guam,1989,
GUY,Guyana,1989,379779389.705882
HKG,"Hong Kong SAR, China",1989,68790219177.9733
HND,Honduras,1989,4375896551.72414
HRV,Croatia,1989,
HTI,Haiti,1989,2736243800.0
HUN,Hungary,1989,30422508937.567
IDB,IDA blend,1989,143853282362.366
IDN,Indonesia,1989,94451427876.6628
IMN,Isle of Man,1989,617619437.172775
IND,India,1989,296042052944.66
IRL,Ireland,1989,39238392677.7542
IRN,"Iran, Islamic Rep.",1989,120496362916.271
IRQ,Iraq,1989,65831935483.871
ISL,Iceland,1989,5870854233.21143
ISR,Israel,1989,52443479454.114
ITA,Italy,1989,930801709003.669
JAM,Jamaica,1989,4404937853.39452
JOR,Jordan,1989,4221373673.80468
JPN,Japan,1989,3109455047823.93
KAZ,Kazakhstan,1989,
KEN,Kenya,1989,8283114514.17081
KGZ,Kyrgyz Republic,1989,
KHM,Cambodia,1989,1353137647.68304
KIR,Kiribati,1989,37645319.1994276
KNA,St. Kitts and Nevis,1989,192518518.518518
KOR,"Korea, Rep.",1989,254236243100.439
KWT,Kuwait,1989,24313855653.3993
LAO,Lao PDR,1989,714046821.093797
LBN,Lebanon,1989,2717998687.71002
LBR,Liberia,1989,786300000.0
LBY,Libya,1989,25156707899.1462
LCA,St. Lucia,1989,486666666.666667
LCN,Latin America & Caribbean,1989,994556604300.389
LIE,Liechtenstein,1989,1119983801.21338
LKA,Sri Lanka,1989,6987267683.77254
LSO,Lesotho,1989,495409232.627579
LTE,Late-demographic dividend,1989,1905240160845.64
LTU,Lithuania,1989,
LUX,Luxembourg,1989,10037674037.674
LVA,Latvia,1989,
MAC,"Macao SAR, China",1989,2705665492.01675
MAF,St. Martin (French part),1989,
MAR,Morocco,1989,26314313191.1826
MCO,Monaco,1989,2010083833.1726
MDA,Moldova,1989,
MDG,Madagascar,1989,3175638332.64471
MDV,Maldives,1989,189514434.244
MEX,Mexico,1989,221403098266.77
MHL,Marshall Islands,1989,72798000.0
MKD,North Macedonia,1989,
MLI,Mali,1989,2824822489.24628
MLT,Malta,1989,2118655676.67649
MMR,Myanmar,1989,2013448228.72975
MNE,Montenegro,1989,
MNG,Mongolia,1989,3576966800.0
MNP,Northern Mariana Islands,1989,
MOZ,Mozambique,1989,
MRT,Mauritania,1989,1450647019.18099
MUS,Mauritius,1989,2211312823.20576
MWI,Malawi,1989,2314205129.58032
MYS,Malaysia,1989,38847965292.9185
NAM,Namibia,1989,2535135797.50766
NCL,New Caledonia,1989,2185082938.93078
NER,Niger,1989,2179567114.33391
NGA,Nigeria,1989,44003061108.4005
NIC,Nicaragua,1989,1013184755.57026
NLD,Netherlands,1989,258716904291.801
NOR,Norway,1989,102633934390.615
NPL,Nepal,1989,3525225786.58691
NRU,Nauru,1989,53736786.0923378
NZL,New Zealand,1989,43920222524.7085
OMN,Oman,1989,9372171651.49545
PAK,Pakistan,1989,40171106279.0078
PAN,Panama,1989,5918469800.0
PER,Peru,1989,22499558526.3682
PHL,Philippines,1989,48513773720.673
PLW,Palau,1989,85800543.0
PNG,Papua New Guinea,1989,3546472565.69364
POL,Poland,1989,
PRI,Puerto Rico (US),1989,28161200000.0
PRK,"Korea, Dem. People's Rep.",1989,
PRT,Portugal,1989,60594092182.3275
PRY,Paraguay,1989,4757732199.96213
PSE,West Bank and Gaza,1989,
PYF,French Polynesia,1989,2731683484.45369
QAT,Qatar,1989,6487912087.91209
ROU,Romania,1989,41450777202.0725
RUS,Russia,1989,506631299734.748
RWA,Rwanda,1989,2405022593.05165
SAU,Saudi Arabia,1989,95344459279.0387
SDN,Sudan,1989,21408111111.1111
SEN,Senegal,1989,6366039372.53683
SGP,Singapore,1989,30465364738.6206
SLB,Solomon Islands,1989,172882410.578561
SLE,Sierra Leone,1989,932974420.276529
SLV,El Salvador,1989,4372215300.0
SMR,San Marino,1989,
SOM,"Somalia, Fed. Rep.",1989,1181360843.93549
SRB,Serbia,1989,
SSD,South Sudan,1989,
STP,Sao Tome and Principe,1989,98545367.0431211
SUR,Suriname,1989,542600000.0
SVK,Slovak Republic,1989,
SVN,Slovenia,1989,
SWE,Sweden,1989,217632340194.512
SWZ,Eswatini,1989,696921542.378265
SXM,Sint Maarten (Dutch part),1989,
SYC,Seychelles,1989,324333366.514829
SYR,Syrian Arab Republic,1989,9853395761.63227
TCA,Turks and Caicos Islands,1989,
TCD,Chad,1989,1433686312.02914
TGO,Togo,1989,1910635575.38044
THA,Thailand,1989,72250748099.9762
TJK,Tajikistan,1989,
TKM,Turkmenistan,1989,3006988216.55045
TLS,Timor-Leste,1989,
TON,Tonga,1989,106344854.986095
TTO,Trinidad and Tobago,1989,4323058823.52941
TUN,Tunisia,1989,10101851744.5627
TUR,Turkiye,1989,107127191328.935
TUV,Tuvalu,1989,8454523.24729257
TZA,Tanzania,1989,6418799006.80247
UGA,Uganda,1989,5276480799.33868
UKR,Ukraine,1989,82709161099.1244
URY,Uruguay,1989,8438951476.06644
USA,United States,1989,5641580000000.0
UZB,Uzbekistan,1989,11948815258.1132
VCT,St. Vincent and the Grenadines,1989,214745002.222222
VEN,"Venezuela, RB",1989,43536709104.0115
VGB,British Virgin Islands,1989,
VIR,Virgin Islands (U.S.),1989,
VNM,Viet Nam,1989,6293304974.59403
VUT,Vanuatu,1989,154013202.116475
WSM,Samoa,1989,122888609.715243
XKX,Kosovo,1989,
YEM,"Yemen, Rep.",1989,
ZAF,South Africa,1989,108055624081.806
ZMB,Zambia,1989,3994673161.02649
ZWE,Zimbabwe,1989,8290553535.28012
ABW,Aruba,1990,764804469.273743
AFE,Africa Eastern and Southern,1990,256383050159.487
AFG,Afghanistan,1990,
AFW,Africa Western and Central,1990,124277825786.697
AGO,Angola,1990,11229515599.3048
ALB,Albania,1990,2028553750.0
AND,Andorra,1990,1028989692.06787
ARE,United Arab Emirates,1990,50701443748.2975
ARG,Argentina,1990,141352654305.163
ARM,Armenia,1990,2256863448.77086
ASM,American Samoa,1990,
ATG,Antigua and Barbuda,1990,478718518.518519
AUS,Australia,1990,311840666465.053
AUT,Austria,1990,165811372382.912
AZE,Azerbaijan,1990,8884848484.84848
BDI,Burundi,1990,1132101252.51817
BEL,Belgium,1990,205331747947.851
BEN,Benin,1990,1959965330.14765
BFA,Burkina Faso,1990,3101300778.56414
BGD,Bangladesh,1990,31598340778.2164
BGR,Bulgaria,1990,20632090909.0909
BHR,Bahrain,1990,4809511005.31915
BHS,"Bahamas, The",1990,3166000000.0
BIH,Bosnia and Herzegovina,1990,7753478260.86957
BLR,Belarus,1990,17389558232.9317
BLZ,Belize,1990,546750912.28848
BMU,Bermuda,1990,1592400000.0
BOL,Bolivia,1990,4867582597.51312
BRA,Brazil,1990,390725626002.866
BRB,Barbados,1990,2012131457.26644
BRN,Brunei Darussalam,1990,6039881086.68157
BTN,Bhutan,1990,287765007.112863
BWA,Botswana,1990,3790636324.44775
CAF,Central African Republic,1990,1440711459.16967
CAN,Canada,1990,596075591360.987
CHE,Switzerland,1990,265763573999.424
CHI,Channel Islands,1990,
CHL,Chile,1990,33428580448.2715
CHN,China,1990,361560229445.507
CIV,Cote d'Ivoire,1990,10795850582.779
CMR,Cameroon,1990,12314482627.8454
COD,"Congo, Dem. Rep.",1990,9349764580.41173
COG,"Congo, Rep.",1990,2798746050.11354
COL,Colombia,1990,47844090709.9908
COM,Comoros,1990,401561021.549642
CPV,Cabo Verde,1990,306890962.649533
CRI,Costa Rica,1990,5711687786.75989
CUB,Cuba,1990,28645436569.1489
CUW,Curacao,1990,
CYM,Cayman Islands,1990,
CYP,Cyprus,1990,5591130217.66965
CZE,Czechia,1990,41016881802.4843
DEU,Germany,1990,1778162195860.07
DJI,Djibouti,1990,452328087.282876
DMA,Dominica,1990,201429629.62963
DNK,Denmark,1990,138217740684.484
DOM,Dominican Republic,1990,7073675544.79021
DZA,Algeria,1990,62048507531.3357
EAR,Early-demographic dividend,1990,1915433566099.57
ECS,Europe & Central Asia,1990,8870877140631.39
ECU,Ecuador,1990,15239272611.5809
EGY,"Egypt, Arab Rep.",1990,42978914311.3504
ERI,Eritrea,1990,
ESP,Spain,1990,536175326477.31
EST,Estonia,1990,
ETH,Ethiopia,1990,12478943895.1691
FIN,Finland,1990,141446120354.533
FJI,Fiji,1990,1337017559.49728
FRA,France,1990,1257649439826.53
FRO,Faroe Islands,1990,960805408.949872
FSM,"Micronesia, Fed. Sts.",1990,147200000.0
GAB,Gabon,1990,5952293764.84777
GBR,United Kingdom,1990,1093169389204.55
GEO,Georgia,1990,7735927263.59261
GHA,Ghana,1990,5889106573.46088
GIB,Gibraltar,1990,
GIN,Guinea,1990,3888320665.52218
GMB,"Gambia, The",1990,317083695.477797
GNB,Guinea-Bissau,1990,634187269.235013
GNQ,Equatorial Guinea,1990,112119411.489965
GRC,Greece,1990,96529587274.2906
GRD,Grenada,1990,278098762.962963
GRL,Greenland,1990,1018977280.32928
GTM,Guatemala,1990,7650196845.21546
GUM,Guam,1990,
GUY,Guyana,1990,396582263.291139
HKG,"Hong Kong SAR, China",1990,76928784620.8158
HND,Honduras,1990,3734460116.73152
HRV,Croatia,1990,25650213279.6781
HTI,Haiti,1990,3096289800.0
HUN,Hungary,1990,34478360678.756
IDB,IDA blend,1990,159019516930.143
IDN,Indonesia,1990,106140727333.636
IMN,Isle of Man,1990,761514559.659091
IND,India,1990,320979026420.035
IRL,Ireland,1990,49305632408.4929
IRN,"Iran, Islamic Rep.",1990,124813263926.225
IRQ,Iraq,1990,180408064516.129
ISL,Iceland,1990,6694851159.32729
ISR,Israel,1990,62016729540.7093
ITA,Italy,1990,1183945130898.51
JAM,Jamaica,1990,4592208086.69235
JOR,Jordan,1990,4160087507.83472
JPN,Japan,1990,3185904656663.85
KAZ,Kazakhstan,1990,26932016269.6107
KEN,Kenya,1990,8572359038.16958
KGZ,Kyrgyz Republic,1990,2660202622.91006
KHM,Cambodia,1990,1402541176.5121
KIR,Kiribati,1990,36534294.7991591
KNA,St. Kitts and Nevis,1990,217259259.259259
KOR,"Korea, Rep.",1990,292064221388.988
KWT,Kuwait,1990,18427777777.7778
LAO,Lao PDR,1990,865559879.400406
LBN,Lebanon,1990,2838485353.96187
LBR,Liberia,1990,384400000.0
LBY,Libya,1990,28904183602.4818
LCA,St. Lucia,1990,579629629.62963
LCN,Latin America & Caribbean,1990,1107441262339.26
LIE,Liechtenstein,1990,1421509216.37424
LKA,Sri Lanka,1990,8032551173.24014
LSO,Lesotho,1990,596410263.743849
LTE,Late-demographic dividend,1990,1971099528291.62
LTU,Lithuania,1990,
LUX,Luxembourg,1990,12778792853.6939
LVA,Latvia,1990,
MAC,"Macao SAR, China",1990,3246481233.24397
MAF,St. Martin (French part),1990,
MAR,Morocco,1990,30179954774.9899
MCO,Monaco,1990,2481307077.10989
MDA,Moldova,1990,3592857043.05057
MDG,Madagascar,1990,3931334875.01376
MDV,Maldives,1990,215043969.849246
MEX,Mexico,1990,261253675692.838
MHL,Marshall Islands,1990,78476000.0
MKD,North Macedonia,1990,4699646643.10954
MLI,Mali,1990,3248417790.51435
MLT,Malta,1990,2547328747.50761
MMR,Myanmar,1990,2115193513.29556
MNE,Montenegro,1990,
MNG,Mongolia,1990,2560785660.0
MNP,Northern Mariana Islands,1990,
MOZ,Mozambique,1990,
MRT,Mauritania,1990,1506914407.82047
MUS,Mauritius,1990,2689212760.18576
MWI,Malawi,1990,2737087861.62245
MYS,Malaysia,1990,44024585239.6137
NAM,Namibia,1990,2789921853.53112
NCL,New Caledonia,1990,2529440424.16648
NER,Niger,1990,3512356507.88599
NGA,Nigeria,1990,54035795387.8086
NIC,Nicaragua,1990,1009455483.87097
NLD,Netherlands,1990,318799003993.707
NOR,Norway,1990,119791843059.572
NPL,Nepal,1990,3627560239.48997
NRU,Nauru,1990,55572375.5290496
NZL,New Zealand,1990,45495129385.0475
OMN,Oman,1990,13310273081.9246
PAK,Pakistan,1990,40010423970.4576
PAN,Panama,1990,6433967000.0
PER,Peru,1990,26410386962.8019
PHL,Philippines,1990,50508286641.5746
PLW,Palau,1990,97702303.0
PNG,Papua New Guinea,1990,3219729083.06487
POL,Poland,1990,65977748210.5263
PRI,Puerto Rico (US),1990,30603919000.0
PRK,"Korea, Dem. People's Rep.",1990,
PRT,Portugal,1990,78713860216.5659
PRY,Paraguay,1990,5812114523.01187
PSE,West Bank and Gaza,1990,
PYF,French Polynesia,1990,3320159522.36546
QAT,Qatar,1990,7360439423.07692
ROU,Romania,1990,38247882300.4904
RUS,Russia,1990,517014446227.929
RWA,Rwanda,1990,2550185679.08109
SAU,Saudi Arabia,1990,117630173564.753
SDN,Sudan,1990,33641222222.2222
SEN,Senegal,1990,7390967360.42121
SGP,Singapore,1990,36144336768.7023
SLB,Solomon Islands,1990,214877666.846068
SLE,Sierra Leone,1990,649644097.566129
SLV,El Salvador,1990,4817542204.0
SMR,San Marino,1990,
SOM,"Somalia, Fed. Rep.",1990,1031282081.16683
SRB,Serbia,1990,
SSD,South Sudan,1990,
STP,Sao Tome and Principe,1990,119297932.757045
SUR,Suriname,1990,388400000.0
SVK,Slovak Republic,1990,12915046978.1615
SVN,Slovenia,1990,19832029087.1272
SWE,Sweden,1990,261466577008.853
SWZ,Eswatini,1990,1114694040.66987
SXM,Sint Maarten (Dutch part),1990,
SYC,Seychelles,1990,392163560.868669
SYR,Syrian Arab Republic,1990,12308624417.8268
TCA,Turks and Caicos Islands,1990,
TCD,Chad,1990,1738605557.76313
TGO,Togo,1990,2299665505.61434
THA,Thailand,1990,85343190719.0107
TJK,Tajikistan,1990,2629395066.27017
TKM,Turkmenistan,1990,3189539641.3171
TLS,Timor-Leste,1990,128210142.0
TON,Tonga,1990,113563821.577404
TTO,Trinidad and Tobago,1990,5068000000.0
TUN,Tunisia,1990,12290568181.8182
TUR,Turkiye,1990,150655500191.644
TUV,Tuvalu,1990,9542900.90136505
TZA,Tanzania,1990,6184384225.02712
UGA,Uganda,1990,4304399310.30967
UKR,Ukraine,1990,81393558423.4406
URY,Uruguay,1990,9298807850.29979
USA,United States,1990,5963144000000.0
UZB,Uzbekistan,1990,13362340337.8657
VCT,St. Vincent and the Grenadines,1990,240366666.666667
VEN,"Venezuela, RB",1990,48606952194.7752
VGB,British Virgin Islands,1990,
VIR,Virgin Islands (U.S.),1990,
VNM,Viet Nam,1990,6471740805.56984
VUT,Vanuatu,1990,168879207.244148
WSM,Samoa,1990,125766269.755358
XKX,Kosovo,1990,
YEM,"Yemen, Rep.",1990,12643821568.9626
ZAF,South Africa,1990,126048140141.869
ZMB,Zambia,1990,3288381797.32415
ZWE,Zimbabwe,1990,8788301546.04498
ABW,Aruba,1991,872067039.106145
AFE,Africa Eastern and Southern,1991,276918502950.348
AFG,Afghanistan,1991,
AFW,Africa Western and Central,1991,130794315519.503
AGO,Angola,1991,10603784541.197
ALB,Albania,1991,1099559027.77778
AND,Andorra,1991,1106891361.53948
ARE,United Arab Emirates,1991,51552165622.4462
ARG,Argentina,1991,189719984268.485
ARM,Armenia,1991,2069870129.87013
ASM,American Samoa,1991,
ATG,Antigua and Barbuda,1991,504337037.037037
AUS,Australia,1991,326416407860.792
AUT,Austria,1991,173113449616.971
AZE,Azerbaijan,1991,5344000000.0
BDI,Burundi,1991,1167398478.3459
BEL,Belgium,1991,210510999409.333
BEN,Benin,1991,1986437796.53053
BFA,Burkina Faso,1991,3135045584.08387
BGD,Bangladesh,1991,30957483949.5798
BGR,Bulgaria,1991,7628738475.37666
BHR,Bahrain,1991,5248911170.21277
BHS,"Bahamas, The",1991,3111160000.0
BIH,Bosnia and Herzegovina,1991,6122959183.67347
BLR,Belarus,1991,18404907975.4601
BLZ,Belize,1991,596682100.0
BMU,Bermuda,1991,1634900000.0
BOL,Bolivia,1991,5343262457.10226
BRA,Brazil,1991,342609231342.783
BRB,Barbados,1991,2020583702.08323
BRN,Brunei Darussalam,1991,6284497293.85546
BTN,Bhutan,1991,240294286.015925
BWA,Botswana,1991,3942876703.45184
CAF,Central African Republic,1991,1377374986.58709
CAN,Canada,1991,612527712315.615
CHE,Switzerland,1991,268901693863.319
CHI,Channel Islands,1991,
CHL,Chile,1991,38232330917.2011
CHN,China,1991,384510452961.672
CIV,Cote d'Ivoire,1991,10492628580.7484
CMR,Cameroon,1991,11840192296.3893
COD,"Congo, Dem. Rep.",1991,9625436872.51075
COG,"Congo, Rep.",1991,2724853505.80336
COL,Colombia,1991,49175565911.0655
COM,Comoros,1991,400592662.610246
CPV,Cabo Verde,1991,319827058.592875
CRI,Costa Rica,1991,7215725487.30549
CUB,Cuba,1991,24316556025.6585
CUW,Curacao,1991,
CYM,Cayman Islands,1991,
CYP,Cyprus,1991,5770197348.48485
CZE,Czechia,1991,30071014282.3218
DEU,Germany,1991,1875792575132.59
DJI,Djibouti,1991,462421998.525779
DMA,Dominica,1991,219762962.962963
DNK,Denmark,1991,139180507777.691
DOM,Dominican Republic,1991,9824483339.94518
DZA,Algeria,1991,45715676428.2766
EAR,Early-demographic dividend,1991,2032104613561.74
ECS,Europe & Central Asia,1991,9137253599154.57
ECU,Ecuador,1991,16988535267.6338
EGY,"Egypt, Arab Rep.",1991,37387836490.5284
ERI,Eritrea,1991,
ESP,Spain,1991,576753902321.857
EST,Estonia,1991,
ETH,Ethiopia,1991,13799799323.6715
FIN,Finland,1991,127794441993.824
FJI,Fiji,1991,1383883249.591
FRA,France,1991,1258961748633.88
FRO,Faroe Islands,1991,909253214.82608
FSM,"Micronesia, Fed. Sts.",1991,166200000.0
GAB,Gabon,1991,5402919784.57004
GBR,United Kingdom,1991,1142797178130.51
GEO,Georgia,1991,6324503311.25828
GHA,Ghana,1991,6603185267.79643
GIB,Gibraltar,1991,
GIN,Guinea,1991,4396178694.1535
GMB,"Gambia, The",1991,690311080.515018
GNB,Guinea-Bissau,1991,668470890.785147
GNQ,Equatorial Guinea,1991,110906028.536862
GRC,Greece,1991,103680863712.844
GRD,Grenada,1991,300757888.888889
GRL,Greenland,1991,1016500069.25708
GTM,Guatemala,1991,9406135143.41165
GUM,Guam,1991,
GUY,Guyana,1991,348533094.812165
HKG,"Hong Kong SAR, China",1991,88959997899.9293
HND,Honduras,1991,3699381195.10223
HRV,Croatia,1991,18760386774.7973
HTI,Haiti,1991,3473562627.79423
HUN,Hungary,1991,34867307352.646
IDB,IDA blend,1991,170036291239.493
IDN,Indonesia,1991,116621996217.133
IMN,Isle of Man,1991,821507936.507937
IND,India,1991,270105341879.226
IRL,Ireland,1991,49787501584.4847
IRN,"Iran, Islamic Rep.",1991,131637664958.014
IRQ,Iraq,1991,407796349.663785
ISL,Iceland,1991,7151260062.07169
ISR,Israel,1991,70998755006.9019
ITA,Italy,1991,1249092439519.28
JAM,Jamaica,1991,4106207649.05547
JOR,Jordan,1991,4344467193.25095
JPN,Japan,1991,3648065760648.88
KAZ,Kazakhstan,1991,24923076923.0769
KEN,Kenya,1991,8151488783.19064
KGZ,Kyrgyz Republic,1991,2542256424.35069
KHM,Cambodia,1991,2054974089.3643
KIR,Kiribati,1991,41247791.6364169
KNA,St. Kitts and Nevis,1991,220540740.740741
KOR,"Korea, Rep.",1991,340851946803.812
KWT,Kuwait,1991,11009993703.1474
LAO,Lao PDR,1991,1028087972.31085
LBN,Lebanon,1991,4690415092.53663
LBR,Liberia,1991,348000000.0
LBY,Libya,1991,31991821264.7118
LCA,St. Lucia,1991,613703703.703704
LCN,Latin America & Caribbean,1991,1189414692505.63
LIE,Liechtenstein,1991,1484160302.14952
LKA,Sri Lanka,1991,9000362581.58086
LSO,Lesotho,1991,704325366.718393
LTE,Late-demographic dividend,1991,1982355141885.9
LTU,Lithuania,1991,
LUX,Luxembourg,1991,13834219728.293
LVA,Latvia,1991,
MAC,"Macao SAR, China",1991,3765249711.09098
MAF,St. Martin (French part),1991,
MAR,Morocco,1991,32285573573.9185
MCO,Monaco,1991,2480540845.33242
MDA,Moldova,1991,3094565870.64237
MDG,Madagascar,1991,3254713056.02171
MDV,Maldives,1991,244396761.92334
MEX,Mexico,1991,313139656145.745
MHL,Marshall Islands,1991,82507000.0
MKD,North Macedonia,1991,4938775510.20408
MLI,Mali,1991,3576562681.84236
MLT,Malta,1991,2750216746.88426
MMR,Myanmar,1991,2069832686.98061
MNE,Montenegro,1991,
MNG,Mongolia,1991,2379018326.31579
MNP,Northern Mariana Islands,1991,
MOZ,Mozambique,1991,3854856434.58062
MRT,Mauritania,1991,2133692696.74857
MUS,Mauritius,1991,2895354736.18332
MWI,Malawi,1991,3206783830.41779
MYS,Malaysia,1991,49143148094.2683
NAM,Namibia,1991,2996869281.48364
NCL,New Caledonia,1991,2653780672.09555
NER,Niger,1991,3285796874.97125
NGA,Nigeria,1991,59526833412.3581
NIC,Nicaragua,1991,1488804123.71134
NLD,Netherlands,1991,327982316124.47
NOR,Norway,1991,121872464483.487
NPL,Nepal,1991,3921476084.89072
NRU,Nauru,1991,52533788.5566282
NZL,New Zealand,1991,42745329732.163
OMN,Oman,1991,12918335500.6502
PAK,Pakistan,1991,45625336680.2047
PAN,Panama,1991,7074675500.0
PER,Peru,1991,34341465998.2003
PHL,Philippines,1991,51784144942.727
PLW,Palau,1991,106555300.0
PNG,Papua New Guinea,1991,3787394957.98319
POL,Poland,1991,85500935934.9901
PRI,Puerto Rico (US),1991,32287031000.0
PRK,"Korea, Dem. People's Rep.",1991,
PRT,Portugal,1991,89233599278.4792
PRY,Paraguay,1991,6984367762.90371
PSE,West Bank and Gaza,1991,
PYF,French Polynesia,1991,3410078967.89823
QAT,Qatar,1991,6883516483.51648
ROU,Romania,1991,28850634899.856
RUS,Russia,1991,517962962962.963
RWA,Rwanda,1991,1911600236.67461
SAU,Saudi Arabia,1991,132223230974.633
SDN,Sudan,1991,44171194366.2039
SEN,Senegal,1991,7255210469.51743
SGP,Singapore,1991,45466164978.2923
SLB,Solomon Islands,1991,227540473.340087
SLE,Sierra Leone,1991,779981987.10656
SLV,El Salvador,1991,5252342400.0
SMR,San Marino,1991,
SOM,"Somalia, Fed. Rep.",1991,717974929.763158
SRB,Serbia,1991,
SSD,South Sudan,1991,
STP,Sao Tome and Principe,1991,107484142.71556
SUR,Suriname,1991,448100000.0
SVK,Slovak Republic,1991,14459924588.948
SVN,Slovenia,1991,14454495058.907
SWE,Sweden,1991,273831464572.137
SWZ,Eswatini,1991,1156135717.94598
SXM,Sint Maarten (Dutch part),1991,
SYC,Seychelles,1991,398307169.860405
SYR,Syrian Arab Republic,1991,12981833333.3333
TCA,Turks and Caicos Islands,1991,
TCD,Chad,1991,1877137981.75712
TGO,Togo,1991,2262767860.10937
THA,Thailand,1991,98234714971.0612
TJK,Tajikistan,1991,2536585365.85366
TKM,Turkmenistan,1991,3208098919.0146
TLS,Timor-Leste,1991,147713000.0
TON,Tonga,1991,132201141.446861
TTO,Trinidad and Tobago,1991,5307905882.35294
TUN,Tunisia,1991,13074782608.6957
TUR,Turkiye,1991,151034731543.624
TUV,Tuvalu,1991,10127313.9132358
TZA,Tanzania,1991,7197768158.58347
UGA,Uganda,1991,3321729159.62277
UKR,Ukraine,1991,77350733982.4458
URY,Uruguay,1991,11206176650.9075
USA,United States,1991,6158129000000.0
UZB,Uzbekistan,1991,13800167711.5003
VCT,St. Vincent and the Grenadines,1991,254829629.62963
VEN,"Venezuela, RB",1991,53453444786.6256
VGB,British Virgin Islands,1991,
VIR,Virgin Islands (U.S.),1991,
VNM,Viet Nam,1991,9613369520.41885
VUT,Vanuatu,1991,201334169.054441
WSM,Samoa,1991,125597205.422315
XKX,Kosovo,1991,
YEM,"Yemen, Rep.",1991,14665445462.1149
ZAF,South Africa,1991,135203698237.977
ZMB,Zambia,1991,3376806697.1218
ZWE,Zimbabwe,1991,8646000000.0
ABW,Aruba,1992,958659217.877095
AFE,Africa Eastern and Southern,1992,241188307967.9
AFG,Afghanistan,1992,
AFW,Africa Western and Central,1992,125449432677.392
AGO,Angola,1992,8307810973.58848
ALB,Albania,1992,652174990.837304
AND,Andorra,1992,1209992020.29543
ARE,United Arab Emirates,1992,54239171887.769
ARG,Argentina,1992,228778917308.17
ARM,Armenia,1992,1272835453.42634
ASM,American Samoa,1992,
ATG,Antigua and Barbuda,1992,525133333.333333
AUS,Australia,1992,325982966981.415
AUT,Austria,1992,194314032056.098
AZE,Azerbaijan,1992,444658671.586716
BDI,Burundi,1992,1083037670.60484
BEL,Belgium,1992,234781652446.675
BEN,Benin,1992,1695315305.70308
BFA,Burkina Faso,1992,3356692505.18266
BGD,Bangladesh,1992,31708874594.1645
BGR,Bulgaria,1992,8602887622.63828
BHR,Bahrain,1992,5402232446.80851
BHS,"Bahamas, The",1992,3109000000.0
BIH,Bosnia and Herzegovina,1992,4735044707.23969
BLR,Belarus,1992,16939790093.9054
BLZ,Belize,1992,695741150.0
BMU,Bermuda,1992,1679900000.0
BOL,Bolivia,1992,5643868748.68126
BRA,Brazil,1992,328187960871.951
BRB,Barbados,1992,1957000000.0
BRN,Brunei Darussalam,1992,6327966435.17026
BTN,Bhutan,1992,240233531.160464
BWA,Botswana,1992,4146464586.61674
CAF,Central African Republic,1992,1411917553.12436
CAN,Canada,1992,594387358318.855
CHE,Switzerland,1992,279921425828.474
CHI,Channel Islands,1992,
CHL,Chile,1992,46538895685.8088
CHN,China,1992,428502354788.069
CIV,Cote d'Ivoire,1992,11152971273.9383
CMR,Cameroon,1992,12071775335.0433
COD,"Congo, Dem. Rep.",1992,8227343907.26679
COG,"Congo, Rep.",1992,2933222703.0334
COL,Colombia,1992,58418985443.3172
COM,Comoros,1992,436552922.121696
CPV,Cabo Verde,1992,357160985.327413
CRI,Costa Rica,1992,8579754757.93237
CUB,Cuba,1992,22085858243.2432
CUW,Curacao,1992,
CYM,Cayman Islands,1992,
CYP,Cyprus,1992,6912150456.32334
CZE,Czechia,1992,35051065440.3962
DEU,Germany,1992,2141377582968.07
DJI,Djibouti,1992,478058304.871118
DMA,Dominica,1992,234059259.259259
DNK,Denmark,1992,152966494259.538
DOM,Dominican Republic,1992,11605382504.0
DZA,Algeria,1992,48003133346.9957
EAR,Early-demographic dividend,1992,2207967005422.93
ECS,Europe & Central Asia,1992,9787841972924.51
ECU,Ecuador,1992,18094238119.0595
EGY,"Egypt, Arab Rep.",1992,41855986519.4235
ERI,Eritrea,1992,477101651.648376
ESP,Spain,1992,630465353486.104
EST,Estonia,1992,
ETH,Ethiopia,1992,10754799036.5745
FIN,Finland,1992,112537828510.751
FJI,Fiji,1992,1532411039.05479
FRA,France,1992,1389663073110.28
FRO,Faroe Islands,1992,912670413.325883
FSM,"Micronesia, Fed. Sts.",1992,178100000.0
GAB,Gabon,1992,5592390827.39854
GBR,United Kingdom,1992,1179659529659.53
GEO,Georgia,1992,3690328963.64086
GHA,Ghana,1992,6416103925.83267
GIB,Gibraltar,1992,
GIN,Guinea,1992,4789220416.70641
GMB,"Gambia, The",1992,714254256.122189
GNB,Guinea-Bissau,1992,588309271.28603
GNQ,Equatorial Guinea,1992,134707183.84662
GRC,Greece,1992,114608178405.434
GRD,Grenada,1992,310160444.444444
GRL,Greenland,1992,1037916162.54976
GTM,Guatemala,1992,10440781587.5435
GUM,Guam,1992,
GUY,Guyana,1992,373573141.486811
HKG,"Hong Kong SAR, China",1992,104272507639.282
HND,Honduras,1992,4122846905.18198
HRV,Croatia,1992,10621169290.9986
HTI,Haiti,1992,2257129791.61575
HUN,Hungary,1992,38857339124.9084
IDB,IDA blend,1992,165355540081.895
IDN,Indonesia,1992,128026966579.964
IMN,Isle of Man,1992,854849069.84907
IND,India,1992,288208070278.013
IRL,Ireland,1992,55918538121.3989
IRN,"Iran, Islamic Rep.",1992,119768691216.667
IRQ,Iraq,1992,553671957.671958
ISL,Iceland,1992,7328497599.30768
ISR,Israel,1992,79457685757.166
ITA,Italy,1992,1323204350353.5
JAM,Jamaica,1992,3535460089.80719
JOR,Jordan,1992,5310833193.59005
JPN,Japan,1992,3980702922117.66
KAZ,Kazakhstan,1992,24917355371.9008
KEN,Kenya,1992,8209120763.04955
KGZ,Kyrgyz Republic,1992,2315346942.855
KHM,Cambodia,1992,2491486594.18917
KIR,Kiribati,1992,61491369.281929
KNA,St. Kitts and Nevis,1992,242137037.037037
KOR,"Korea, Rep.",1992,366921291824.719
KWT,Kuwait,1992,19858555214.7239
LAO,Lao PDR,1992,1127806944.61513
LBN,Lebanon,1992,5843579160.90122
LBR,Liberia,1992,223500000.0
LBY,Libya,1992,33887047909.2746
LCA,St. Lucia,1992,674074074.074074
LCN,Latin America & Caribbean,1992,1299088443758.27
LIE,Liechtenstein,1992,1631177029.45063
LKA,Sri Lanka,1992,9703011635.86585
LSO,Lesotho,1992,831029861.704746
LTE,Late-demographic dividend,1992,2021843649053.88
LTU,Lithuania,1992,
LUX,Luxembourg,1992,15518702634.8808
LVA,Latvia,1992,
MAC,"Macao SAR, China",1992,4914365189.04984
MAF,St. Martin (French part),1992,
MAR,Morocco,1992,33711069430.78
MCO,Monaco,1992,2737049230.70442
MDA,Moldova,1992,2319243435.96096
MDG,Madagascar,1992,3714966678.33381
MDV,Maldives,1992,284875809.039634
MEX,Mexico,1992,363157832923.734
MHL,Marshall Islands,1992,91063000.0
MKD,North Macedonia,1992,2436849341.97604
MLI,Mali,1992,3680775036.80972
MLT,Malta,1992,3021942758.83978
MMR,Myanmar,1992,2411552288.76212
MNE,Montenegro,1992,
MNG,Mongolia,1992,1317611863.84977
MNP,Northern Mariana Islands,1992,
MOZ,Mozambique,1992,2798696511.18156
MRT,Mauritania,1992,2164298425.48412
MUS,Mauritius,1992,3267677814.23984
MWI,Malawi,1992,2618837835.02508
MYS,Malaysia,1992,59167550162.956
NAM,Namibia,1992,3429521699.4026
NCL,New Caledonia,1992,2923883281.08579
NER,Niger,1992,3386232579.22522
NGA,Nigeria,1992,52058181853.8055
NIC,Nicaragua,1992,1792800000.0
NLD,Netherlands,1992,363497050125.313
NOR,Norway,1992,130838040067.584
NPL,Nepal,1992,3401211581.29176
NRU,Nauru,1992,51133123.1254326
NZL,New Zealand,1992,41649829859.6342
OMN,Oman,1992,14183615084.5254
PAK,Pakistan,1992,48884671947.4657
PAN,Panama,1992,8042337700.0
PER,Peru,1992,35966302303.263
PHL,Philippines,1992,60422328242.1803
PLW,Palau,1992,104771300.0
PNG,Papua New Guinea,1992,4377980510.05598
POL,Poland,1992,94337050693.2727
PRI,Puerto Rico (US),1992,34630430000.0
PRK,"Korea, Dem. People's Rep.",1992,
PRT,Portugal,1992,107592098307.098
PRY,Paraguay,1992,7157424031.06045
PSE,West Bank and Gaza,1992,
PYF,French Polynesia,1992,3713785765.42205
QAT,Qatar,1992,7646153983.51648
ROU,Romania,1992,25121666666.6667
RUS,Russia,1992,460290556900.726
RWA,Rwanda,1992,2029026961.55894
SAU,Saudi Arabia,1992,137087850467.29
SDN,Sudan,1992,7031933491.84899
SEN,Senegal,1992,7769817839.95644
SGP,Singapore,1992,52131320032.8797
SLB,Solomon Islands,1992,269034595.812985
SLE,Sierra Leone,1992,679940813.948366
SLV,El Salvador,1992,5813399300.0
SMR,San Marino,1992,
SOM,"Somalia, Fed. Rep.",1992,709297578.5
SRB,Serbia,1992,
SSD,South Sudan,1992,
STP,Sao Tome and Principe,1992,94861780.6228352
SUR,Suriname,1992,404600000.0
SVK,Slovak Republic,1992,15699327209.2121
SVN,Slovenia,1992,14277261540.7456
SWE,Sweden,1992,283908914454.48
SWZ,Eswatini,1992,1284759927.54594
SXM,Sint Maarten (Dutch part),1992,
SYC,Seychelles,1992,461409398.855893
SYR,Syrian Arab Republic,1992,13253565861.1424
TCA,Turks and Caicos Islands,1992,
TCD,Chad,1992,1881847669.69794
TGO,Togo,1992,2390796915.91958
THA,Thailand,1992,111452746517.655
TJK,Tajikistan,1992,1908554572.27139
TKM,Turkmenistan,1992,3200539816.0601
TLS,Timor-Leste,1992,187891500.0
TON,Tonga,1992,137066290.550071
TTO,Trinidad and Tobago,1992,5439552941.17647
TUN,Tunisia,1992,15496708060.4184
TUR,Turkiye,1992,159104772991.851
TUV,Tuvalu,1992,10535028.1423687
TZA,Tanzania,1992,6681997469.31292
UGA,Uganda,1992,2857457761.90922
UKR,Ukraine,1992,73945908383.7046
URY,Uruguay,1992,12878148790.7348
USA,United States,1992,6520327000000.0
UZB,Uzbekistan,1992,12953801760.2414
VCT,St. Vincent and the Grenadines,1992,277955555.555556
VEN,"Venezuela, RB",1992,60416519620.0849
VGB,British Virgin Islands,1992,
VIR,Virgin Islands (U.S.),1992,
VNM,Viet Nam,1992,9866990236.43587
VUT,Vanuatu,1992,209088824.608438
WSM,Samoa,1992,132303041.36253
XKX,Kosovo,1992,
YEM,"Yemen, Rep.",1992,17959367194.005
ZAF,South Africa,1992,146956150986.636
ZMB,Zambia,1992,3182810841.01704
ZWE,Zimbabwe,1992,6755000000.0
ABW,Aruba,1993,1083240223.46369
AFE,Africa Eastern and Southern,1993,239981176638.05
AFG,Afghanistan,1993,
AFW,Africa Western and Central,1993,130547124413.669
AGO,Angola,1993,5768720421.61367
ALB,Albania,1993,1185315468.46295
AND,Andorra,1993,1007090269.86956
ARE,United Arab Emirates,1993,55625170253.337
ARG,Argentina,1993,236741715015.015
ARM,Armenia,1993,1201312829.27524
ASM,American Samoa,1993,
ATG,Antigua and Barbuda,1993,565662962.962963
AUS,Australia,1993,312568858909.5
AUT,Austria,1993,189634029338.696
AZE,Azerbaijan,1993,1570392598.14954
BDI,Burundi,1993,938632612.026359
BEL,Belgium,1993,224721795708.955
BEN,Benin,1993,2274558082.76135
BFA,Burkina Faso,1993,3199536465.23328
BGD,Bangladesh,1993,33166519417.9894
BGR,Bulgaria,1993,10832064941.654
BHR,Bahrain,1993,5913001063.82979
BHS,"Bahamas, The",1993,3092000000.0
BIH,Bosnia and Herzegovina,1993,3630668949.83246
BLR,Belarus,1993,16275073526.9819
BLZ,Belize,1993,752255150.0
BMU,Bermuda,1993,1820359900.0
BOL,Bolivia,1993,5734699488.84934
BRA,Brazil,1993,368295778245.09
BRB,Barbados,1993,2063342117.03873
BRN,Brunei Darussalam,1993,6203339912.15448
BTN,Bhutan,1993,225973692.8371
BWA,Botswana,1993,4160129174.70569
CAF,Central African Republic,1993,1278781261.55928
CAN,Canada,1993,579053561739.4
CHE,Switzerland,1993,272237527070.926
CHI,Channel Islands,1993,
CHL,Chile,1993,49934943320.8828
CHN,China,1993,446557291212.148
CIV,Cote d'Ivoire,1993,11045760288.1206
CMR,Cameroon,1993,16181814712.5295
COD,"Congo, Dem. Rep.",1993,10706259936.7425
COG,"Congo, Rep.",1993,2684323623.14372
COL,Colombia,1993,66446804802.5747
COM,Comoros,1993,427750822.87347
CPV,Cabo Verde,1993,490417389.682569
CRI,Costa Rica,1993,9564815975.14743
CUB,Cuba,1993,22367254864.8649
CUW,Curacao,1993,
CYM,Cayman Islands,1993,
CYP,Cyprus,1993,6590291048.29211
CZE,Czechia,1993,41155654032.1751
DEU,Germany,1993,2078954217437.6
DJI,Djibouti,1993,466048469.22986
DMA,Dominica,1993,245525925.925926
DNK,Denmark,1993,143111306004.102
DOM,Dominican Republic,1993,13081042400.0
DZA,Algeria,1993,49945584452.6506
EAR,Early-demographic dividend,1993,2381953146975.35
ECS,Europe & Central Asia,1993,8995004729126.83
ECU,Ecuador,1993,18938717358.6793
EGY,"Egypt, Arab Rep.",1993,46578631452.581
ERI,Eritrea,1993,467872714.755603
ESP,Spain,1993,524700572623.872
EST,Estonia,1993,4013091682.2914
ETH,Ethiopia,1993,9051043870.12197
FIN,Finland,1993,89112105756.2194
FJI,Fiji,1993,1636101246.9394
FRA,France,1993,1314383368079.69
FRO,Faroe Islands,1993,760957189.757646
FSM,"Micronesia, Fed. Sts.",1993,198400000.0
GAB,Gabon,1993,4378645081.01769
GBR,United Kingdom,1993,1061388722255.55
GEO,Georgia,1993,2701181331.30816
GHA,Ghana,1993,5968922939.37198
GIB,Gibraltar,1993,
GIN,Guinea,1993,4781166116.51789
GMB,"Gambia, The",1993,755040974.087322
GNB,Guinea-Bissau,1993,615779518.807114
GNQ,Equatorial Guinea,1993,136047906.245408
GRC,Greece,1993,107295704518.43
GRD,Grenada,1993,309812185.185185
GRL,Greenland,1993,927214151.76793
GTM,Guatemala,1993,11400017301.4587
GUM,Guam,1993,
GUY,Guyana,1993,454101382.488479
HKG,"Hong Kong SAR, China",1993,120354212475.0
HND,Honduras,1993,4190773622.25871
HRV,Croatia,1993,11259647874.4986
HTI,Haiti,1993,1878253767.31305
HUN,Hungary,1993,40256233360.3817
IDB,IDA blend,1993,175244559141.651
IDN,Indonesia,1993,158006700301.533
IMN,Isle of Man,1993,765647870.425915
IND,India,1993,279295648982.529
IRL,Ireland,1993,52417477613.676
IRN,"Iran, Islamic Rep.",1993,63743623232.012
IRQ,Iraq,1993,1031944881.13189
ISL,Iceland,1993,6435952173.86159
ISR,Israel,1993,79855877174.4429
ITA,Italy,1993,1067412587670.73
JAM,Jamaica,1993,5440075675.74067
JOR,Jordan,1993,5606400221.69269
JPN,Japan,1993,4536940479038.25
KAZ,Kazakhstan,1993,23409260879.9427
KEN,Kenya,1993,5751786642.55871
KGZ,Kyrgyz Republic,1993,2026019252.61241
KHM,Cambodia,1993,2533727592.04165
KIR,Kiribati,1993,58953595.9090414
KNA,St. Kitts and Nevis,1993,263755555.555556
KOR,"Korea, Rep.",1993,405705302846.447
KWT,Kuwait,1993,23941391390.7285
LAO,Lao PDR,1993,1327748689.88094
LBN,Lebanon,1993,7941744492.23595
LBR,Liberia,1993,160400000.0
LBY,Libya,1993,30660051910.5037
LCA,St. Lucia,1993,684814814.814815
LCN,Latin America & Caribbean,1993,1537131292681.77
LIE,Liechtenstein,1993,1673085244.6879
LKA,Sri Lanka,1993,10338679635.7616
LSO,Lesotho,1993,835582062.476169
LTE,Late-demographic dividend,1993,2104911596639.27
LTU,Lithuania,1993,
LUX,Luxembourg,1993,15925521222.0149
LVA,Latvia,1993,
MAC,"Macao SAR, China",1993,5665606114.80317
MAF,St. Martin (French part),1993,
MAR,Morocco,1993,31655473663.8348
MCO,Monaco,1993,2574494355.73357
MDA,Moldova,1993,2371813323.57343
MDG,Madagascar,1993,4063298919.2868
MDV,Maldives,1993,322417837.161971
MEX,Mexico,1993,530160763662.543
MHL,Marshall Islands,1993,99461000.0
MKD,North Macedonia,1993,2682456896.55172
MLI,Mali,1993,3632801877.20684
MLT,Malta,1993,2709193538.42526
MMR,Myanmar,1993,3163020034.63637
MNE,Montenegro,1993,
MNG,Mongolia,1993,768401634.154573
MNP,Northern Mariana Islands,1993,
MOZ,Mozambique,1993,2883161897.42651
MRT,Mauritania,1993,1847353211.3475
MUS,Mauritius,1993,3307302125.87528
MWI,Malawi,1993,3013392657.99911
MYS,Malaysia,1993,66894966968.9736
NAM,Namibia,1993,3251188833.14533
NCL,New Caledonia,1993,2822243780.97543
NER,Niger,1993,3052673849.25181
NGA,Nigeria,1993,56721051402.4732
NIC,Nicaragua,1993,1756454248.36601
NLD,Netherlands,1993,354070495965.828
NOR,Norway,1993,120579213712.804
NPL,Nepal,1993,3660041666.66667
NRU,Nauru,1993,43542088.2518269
NZL,New Zealand,1993,46775620817.4327
OMN,Oman,1993,14230429128.7386
PAK,Pakistan,1993,51809999353.1614
PAN,Panama,1993,8782585400.0
PER,Peru,1993,34832077220.8537
PHL,Philippines,1993,62036529147.1831
PLW,Palau,1993,96455700.0
PNG,Papua New Guinea,1993,4974550286.18152
POL,Poland,1993,96043157272.862
PRI,Puerto Rico (US),1993,36922456000.0
PRK,"Korea, Dem. People's Rep.",1993,
PRT,Portugal,1993,95009751901.2592
PRY,Paraguay,1993,7249533620.30614
PSE,West Bank and Gaza,1993,
PYF,French Polynesia,1993,3544608548.41734
QAT,Qatar,1993,7156593653.84615
ROU,Romania,1993,26361160449.9704
RUS,Russia,1993,435083713850.837
RWA,Rwanda,1993,1971525711.83511
SAU,Saudi Arabia,1993,132967957276.368
SDN,Sudan,1993,8881005435.80602
SEN,Senegal,1993,7367986241.21869
SGP,Singapore,1993,60603815716.2653
SLB,Solomon Islands,1993,300746361.128739
SLE,Sierra Leone,1993,768867882.965994
SLV,El Salvador,1993,6680269200.0
SMR,San Marino,1993,
SOM,"Somalia, Fed. Rep.",1993,1260132955.78746
SRB,Serbia,1993,
SSD,South Sudan,1993,
STP,Sao Tome and Principe,1993,125742228.756741
SUR,Suriname,1993,428764705.882353
SVK,Slovak Republic,1993,16737973764.3476
SVN,Slovenia,1993,14449298371.7879
SWE,Sweden,1993,212644602615.823
SWZ,Eswatini,1993,1357189551.68431
SXM,Sint Maarten (Dutch part),1993,
SYC,Seychelles,1993,504230620.551871
SYR,Syrian Arab Republic,1993,13695962055.4771
TCA,Turks and Caicos Islands,1993,
TCD,Chad,1993,1463251163.9188
TGO,Togo,1993,1741944426.20894
THA,Thailand,1993,128889262951.157
TJK,Tajikistan,1993,1646623195.15603
TKM,Turkmenistan,1993,3179225948.58114
TLS,Timor-Leste,1993,216914400.0
TON,Tonga,1993,138489884.393064
TTO,Trinidad and Tobago,1993,4669491134.2478
TUN,Tunisia,1993,14608335608.1543
TUR,Turkiye,1993,180415757851.616
TUV,Tuvalu,1993,10414399.9564792
TZA,Tanzania,1993,6182872707.82523
UGA,Uganda,1993,3220439044.18949
UKR,Ukraine,1993,65648559903.0571
URY,Uruguay,1993,15002136971.1745
USA,United States,1993,6858559000000.0
UZB,Uzbekistan,1993,13099920055.9608
VCT,St. Vincent and the Grenadines,1993,286307407.407407
VEN,"Venezuela, RB",1993,60037460783.1941
VGB,British Virgin Islands,1993,
VIR,Virgin Islands (U.S.),1993,
VNM,Viet Nam,1993,13180953598.1716
VUT,Vanuatu,1993,200491853.167847
WSM,Samoa,1993,133122897.196262
XKX,Kosovo,1993,
YEM,"Yemen, Rep.",1993,21736802664.4463
ZAF,South Africa,1993,147194747565.75
ZMB,Zambia,1993,3273505343.85539
ZWE,Zimbabwe,1993,6567250000.0
ABW,Aruba,1994,1245810055.86592
AFE,Africa Eastern and Southern,1994,243477534983.306
AFG,Afghanistan,1994,
AFW,Africa Western and Central,1994,135350756019.393
AGO,Angola,1994,4438321017.39068
ALB,Albania,1994,1880950864.41311
AND,Andorra,1994,1017544068.8408
ARE,United Arab Emirates,1994,59305093979.842
ARG,Argentina,1994,257440000000.0
ARM,Armenia,1994,1315158636.67553
ASM,American Samoa,1994,
ATG,Antigua and Barbuda,1994,625081481.481481
AUS,Australia,1994,323269456935.317
AUT,Austria,1994,202738023129.743
AZE,Azerbaijan,1994,1193141110.35043
BDI,Burundi,1994,925030590.153683
BEL,Belgium,1994,244884129491.198
BEN,Benin,1994,1598075943.86774
BFA,Burkina Faso,1994,1895290637.09504
BGD,Bangladesh,1994,33768660882.793
BGR,Bulgaria,1994,9709240033.98973
BHR,Bahrain,1994,6330627925.53191
BHS,"Bahamas, The",1994,3259000000.0
BIH,Bosnia and Herzegovina,1994,1255802469.1358
BLR,Belarus,1994,14931435232.078
BLZ,Belize,1994,771838000.0
BMU,Bermuda,1994,1867160100.0
BOL,Bolivia,1994,5981222858.82727
BRA,Brazil,1994,525369851353.742
BRB,Barbados,1994,2151344901.30761
BRN,Brunei Darussalam,1994,6467782517.72242
BTN,Bhutan,1994,258954708.048533
BWA,Botswana,1994,4259259604.15623
CAF,Central African Republic,1994,851174356.781737
CAN,Canada,1994,579944346807.264
CHE,Switzerland,1994,301375055202.164
CHI,Channel Islands,1994,
CHL,Chile,1994,57438273591.0521
CHN,China,1994,566929539493.172
CIV,Cote d'Ivoire,1994,8313557510.14757
CMR,Cameroon,1994,8902446252.18372
COD,"Congo, Dem. Rep.",1994,5820382248.28202
COG,"Congo, Rep.",1994,1769365437.78801
COL,Colombia,1994,81703500846.0364
COM,Comoros,1994,314789556.044396
CPV,Cabo Verde,1994,406580652.330537
CRI,Costa Rica,1994,10489903725.0032
CUB,Cuba,1994,28448326756.7568
CUW,Curacao,1994,
CYM,Cayman Islands,1994,
CYP,Cyprus,1994,7425703928.57143
CZE,Czechia,1994,48188478339.4129
DEU,Germany,1994,2215282632276.73
DJI,Djibouti,1994,491689220.744875
DMA,Dominica,1994,264374074.074074
DNK,Denmark,1994,156017919221.457
DOM,Dominican Republic,1994,14644734599.4778
DZA,Algeria,1994,42543176828.9237
EAR,Early-demographic dividend,1994,2502107597947.33
ECS,Europe & Central Asia,1994,9408650267542.72
ECU,Ecuador,1994,22708673336.6683
EGY,"Egypt, Arab Rep.",1994,51897983392.6453
ERI,Eritrea,1994,531688311.688312
ESP,Spain,1994,530183651720.283
EST,Estonia,1994,4123011419.74174
ETH,Ethiopia,1994,7100806753.92942
FIN,Finland,1994,103182697780.307
FJI,Fiji,1994,1825732092.54674
FRA,France,1994,1385822778827.98
FRO,Faroe Islands,1994,758739178.612171
FSM,"Micronesia, Fed. Sts.",1994,202500000.0
GAB,Gabon,1994,4190819344.22255
GBR,United Kingdom,1994,1140489745944.29
GEO,Georgia,1994,2513867645.13316
GHA,Ghana,1994,5446383726.77047
GIB,Gibraltar,1994,
GIN,Guinea,1994,4932800406.92974
GMB,"Gambia, The",1994,746493951.900959
GNB,Guinea-Bissau,1994,612502084.797565
GNQ,Equatorial Guinea,1994,100807002.540195
GRC,Greece,1994,114980063202.247
GRD,Grenada,1994,325111814.814815
GRL,Greenland,1994,1005887539.32049
GTM,Guatemala,1994,12983233310.7467
GUM,Guam,1994,
GUY,Guyana,1994,540874934.201012
HKG,"Hong Kong SAR, China",1994,135811771026.33
HND,Honduras,1994,4105686899.43868
HRV,Croatia,1994,15062911616.8222
HTI,Haiti,1994,2167569046.11837
HUN,Hungary,1994,43307949890.4603
IDB,IDA blend,1994,190983317299.202
IDN,Indonesia,1994,176892143931.505
IMN,Isle of Man,1994,833255280.073462
IND,India,1994,327274843459.429
IRL,Ireland,1994,57097656065.96
IRN,"Iran, Islamic Rep.",1994,71841461172.5964
IRQ,Iraq,1994,3991349282.75729
ISL,Iceland,1994,6612804055.79289
ISR,Israel,1994,90740103828.6058
ITA,Italy,1994,1101750159702.21
JAM,Jamaica,1994,5452558947.03045
JOR,Jordan,1994,6236295978.24531
JPN,Japan,1994,4998797547740.97
KAZ,Kazakhstan,1994,21250792886.1054
KEN,Kenya,1994,7148148564.04239
KGZ,Kyrgyz Republic,1994,1681780847.41091
KHM,Cambodia,1994,2791435272.26653
KIR,Kiribati,1994,67055333.9021503
KNA,St. Kitts and Nevis,1994,295159259.259259
KOR,"Korea, Rep.",1994,479181794216.859
KWT,Kuwait,1994,24848483838.3838
LAO,Lao PDR,1994,1543606345.11684
LBN,Lebanon,1994,9599127050.17558
LBR,Liberia,1994,132200000.0
LBY,Libya,1994,28610549763.4685
LCA,St. Lucia,1994,713703703.703704
LCN,Latin America & Caribbean,1994,1795767672640.37
LIE,Liechtenstein,1994,1948129622.75132
LKA,Sri Lanka,1994,11717604208.8223
LSO,Lesotho,1994,878250945.280469
LTE,Late-demographic dividend,1994,2444599209041.13
LTU,Lithuania,1994,
LUX,Luxembourg,1994,17701798890.7644
LVA,Latvia,1994,
MAC,"Macao SAR, China",1994,6311207779.92441
MAF,St. Martin (French part),1994,
MAR,Morocco,1994,35604137422.5796
MCO,Monaco,1994,2720332134.53623
MDA,Moldova,1994,1702314267.59123
MDG,Madagascar,1994,3522227092.22839
MDV,Maldives,1994,356014932.136461
MEX,Mexico,1994,553618247900.74
MHL,Marshall Islands,1994,108071000.0
MKD,North Macedonia,1994,3559608639.98379
MLI,Mali,1994,2655768635.56694
MLT,Malta,1994,2998505428.14593
MMR,Myanmar,1994,4432257173.6492
MNE,Montenegro,1994,
MNG,Mongolia,1994,925817092.217484
MNP,Northern Mariana Islands,1994,
MOZ,Mozambique,1994,2958108170.32061
MRT,Mauritania,1994,1944876755.00708
MUS,Mauritius,1994,3606050873.0139
MWI,Malawi,1994,1719864761.30628
MYS,Malaysia,1994,74478356957.7808
NAM,Namibia,1994,3666503529.62911
NCL,New Caledonia,1994,3038728384.86634
NER,Niger,1994,1938058175.21399
NGA,Nigeria,1994,80399613063.6364
NIC,Nicaragua,1994,3863185119.04762
NLD,Netherlands,1994,379688232231.505
NOR,Norway,1994,127131319428.701
NPL,Nepal,1994,4066775510.20408
NRU,Nauru,1994,39742511.2417848
NZL,New Zealand,1994,55314732279.1379
OMN,Oman,1994,14715214564.3693
PAK,Pakistan,1994,52293470813.1336
PAN,Panama,1994,9365289800.0
PER,Peru,1994,44882079766.8913
PHL,Philippines,1994,73159336915.2718
PLW,Palau,1994,106138500.0
PNG,Papua New Guinea,1994,5502786069.65174
POL,Poland,1994,110803635287.621
PRI,Puerto Rico (US),1994,39690630000.0
PRK,"Korea, Dem. People's Rep.",1994,
PRT,Portugal,1994,99688641304.3478
PRY,Paraguay,1994,7870982004.8195
PSE,West Bank and Gaza,1994,2843300000.0
PYF,French Polynesia,1994,3676123788.0323
QAT,Qatar,1994,7374450769.23077
ROU,Romania,1994,30072805104.2542
RUS,Russia,1994,395077301248.464
RWA,Rwanda,1994,753636370.454545
SAU,Saudi Arabia,1994,135174899866.489
SDN,Sudan,1994,12793794737.042
SEN,Senegal,1994,5034588195.55806
SGP,Singapore,1994,73688724431.1412
SLB,Solomon Islands,1994,402837005.272596
SLE,Sierra Leone,1994,911853802.365613
SLV,El Salvador,1994,7679384000.0
SMR,San Marino,1994,
SOM,"Somalia, Fed. Rep.",1994,1481205097.98113
SRB,Serbia,1994,
SSD,South Sudan,1994,
STP,Sao Tome and Principe,1994,131338414.584209
SUR,Suriname,1994,605492537.313433
SVK,Slovak Republic,1994,20428139755.6056
SVN,Slovenia,1994,16400767069.6294
SWE,Sweden,1994,228699066874.028
SWZ,Eswatini,1994,1419294254.4183
SXM,Sint Maarten (Dutch part),1994,
SYC,Seychelles,1994,517570058.151034
SYR,Syrian Arab Republic,1994,10122020000.0
TCA,Turks and Caicos Islands,1994,
TCD,Chad,1994,1179837963.22213
TGO,Togo,1994,1387662121.46736
THA,Thailand,1994,146683778959.101
TJK,Tajikistan,1994,1522001205.54551
TKM,Turkmenistan,1994,2561118608.35516
TLS,Timor-Leste,1994,239040500.0
TON,Tonga,1994,195990986.21421
TTO,Trinidad and Tobago,1994,4947181645.55221
TUN,Tunisia,1994,15633174304.0905
TUR,Turkiye,1994,130650447499.071
TUV,Tuvalu,1994,11772610.6579341
TZA,Tanzania,1994,6550480483.9385
UGA,Uganda,1994,3990430446.71216
UKR,Ukraine,1994,52549580264.8064
URY,Uruguay,1994,17474588895.8918
USA,United States,1994,7287236000000.0
UZB,Uzbekistan,1994,12899074922.38
VCT,St. Vincent and the Grenadines,1994,289437037.037037
VEN,"Venezuela, RB",1994,58418666666.6667
VGB,British Virgin Islands,1994,
VIR,Virgin Islands (U.S.),1994,
VNM,Viet Nam,1994,16286433533.3228
VUT,Vanuatu,1994,233701301.490486
WSM,Samoa,1994,221098106.508876
XKX,Kosovo,1994,
YEM,"Yemen, Rep.",1994,28019483763.5304
ZAF,South Africa,1994,153512712381.836
ZMB,Zambia,1994,3656806165.78848
ZWE,Zimbabwe,1994,6894250000.0
ABW,Aruba,1995,1320670391.06145
AFE,Africa Eastern and Southern,1995,273327034187.587
AFG,Afghanistan,1995,
AFW,Africa Western and Central,1995,207843864308.605
AGO,Angola,1995,5538749259.94714
ALB,Albania,1995,2905092798.61916
AND,Andorra,1995,1178745282.8678
ARE,United Arab Emirates,1995,65743666575.8649
ARG,Argentina,1995,258031750000.0
ARM,Armenia,1995,1468317435.20148
ASM,American Samoa,1995,
ATG,Antigua and Barbuda,1995,616051851.851852
AUS,Australia,1995,368725126225.126
AUT,Austria,1995,240094169510.031
AZE,Azerbaijan,1995,2417331192.9526
BDI,Burundi,1995,1000428393.88528
BEL,Belgium,1995,288025588396.278
BEN,Benin,1995,2169627137.9207
BFA,Burkina Faso,1995,2379517975.28056
BGD,Bangladesh,1995,37939748768.6567
BGR,Bulgaria,1995,18991484420.36
BHR,Bahrain,1995,6651180851.06383
BHS,"Bahamas, The",1995,3429000000.0
BIH,Bosnia and Herzegovina,1995,1866572953.73665
BLR,Belarus,1995,13972683273.5692
BLZ,Belize,1995,818590250.0
BMU,Bermuda,1995,2030750000.0
BOL,Bolivia,1995,6715161732.22658
BRA,Brazil,1995,769333330411.575
BRB,Barbados,1995,2216974096.35559
BRN,Brunei Darussalam,1995,7700144069.1419
BTN,Bhutan,1995,290490983.815778
BWA,Botswana,1995,4730599121.92704
CAF,Central African Republic,1995,1115389673.69197
CAN,Canada,1995,605961090061.207
CHE,Switzerland,1995,352835806342.495
CHI,Channel Islands,1995,
CHL,Chile,1995,73820425701.6603
CHN,China,1995,738190896227.55
CIV,Cote d'Ivoire,1995,11000146266.5135
CMR,Cameroon,1995,10864772470.9043
COD,"Congo, Dem. Rep.",1995,5643439376.10491
COG,"Congo, Rep.",1995,2116003867.75536
COL,Colombia,1995,92507279383.0387
COM,Comoros,1995,392774713.634182
CPV,Cabo Verde,1995,487148993.533109
CRI,Costa Rica,1995,11578594259.8675
CUB,Cuba,1995,30429803651.2192
CUW,Curacao,1995,
CYM,Cayman Islands,1995,
CYP,Cyprus,1995,9933137128.07244
CZE,Czechia,1995,60572381311.2283
DEU,Germany,1995,2593053091306.13
DJI,Djibouti,1995,497723960.589913
DMA,Dominica,1995,274522222.222222
DNK,Denmark,1995,184848481008.139
DOM,Dominican Republic,1995,16637370839.1608
DZA,Algeria,1995,41764291671.7711
EAR,Early-demographic dividend,1995,2616825349456.6
ECS,Europe & Central Asia,1995,10942224071349.1
ECU,Ecuador,1995,24432884442.2211
EGY,"Egypt, Arab Rep.",1995,60159245060.4541
ERI,Eritrea,1995,578015625.0
ESP,Spain,1995,614170002668.802
EST,Estonia,1995,4502970889.06373
ETH,Ethiopia,1995,7855205206.93405
FIN,Finland,1995,134060457516.34
FJI,Fiji,1995,1970301486.20561
FRA,France,1995,1595219345511.89
FRO,Faroe Islands,1995,901404709.830684
FSM,"Micronesia, Fed. Sts.",1995,219930003.350969
GAB,Gabon,1995,4958845648.04778
GBR,United Kingdom,1995,1349094208616.06
GEO,Georgia,1995,2693732611.81599
GHA,Ghana,1995,6464382807.67884
GIB,Gibraltar,1995,
GIN,Guinea,1995,5385704166.43341
GMB,"Gambia, The",1995,785999864.840299
GNB,Guinea-Bissau,1995,660195402.013602
GNQ,Equatorial Guinea,1995,141853360.867855
GRC,Greece,1995,134974613913.811
GRD,Grenada,1995,342172518.518519
GRL,Greenland,1995,1208953287.06598
GTM,Guatemala,1995,14655404433.2771
GUM,Guam,1995,
GUY,Guyana,1995,621626785.915493
HKG,"Hong Kong SAR, China",1995,144652295363.667
HND,Honduras,1995,4672346193.95203
HRV,Croatia,1995,22772394546.6058
HTI,Haiti,1995,2813313278.81082
HUN,Hungary,1995,46577614588.9926
IDB,IDA blend,1995,267309715975.135
IDN,Indonesia,1995,202132028723.115
IMN,Isle of Man,1995,922269212.561149
IND,India,1995,360281909643.489
IRL,Ireland,1995,69139823232.3232
IRN,"Iran, Islamic Rep.",1995,96419225743.6737
IRQ,Iraq,1995,12894029888.1122
ISL,Iceland,1995,7372640168.67697
ISR,Israel,1995,105497418058.646
ITA,Italy,1995,1177369428265.78
JAM,Jamaica,1995,6577520642.82297
JOR,Jordan,1995,6727597031.96347
JPN,Japan,1995,5545563663889.7
KAZ,Kazakhstan,1995,20374302652.3819
KEN,Kenya,1995,9046320255.40507
KGZ,Kyrgyz Republic,1995,1661147035.24388
KHM,Cambodia,1995,3441205692.9166
KIR,Kiribati,1995,68596394.6026524
KNA,St. Kitts and Nevis,1995,313485185.185185
KOR,"Korea, Rep.",1995,586286469400.665
KWT,Kuwait,1995,27186980646.5448
LAO,Lao PDR,1995,1763536304.53964
LBN,Lebanon,1995,11718795528.5556
LBR,Liberia,1995,134800000.0
LBY,Libya,1995,25541379186.6458
LCA,St. Lucia,1995,762962962.962963
LCN,Latin America & Caribbean,1995,1942345662514.93
LIE,Liechtenstein,1995,2428525060.69927
LKA,Sri Lanka,1995,13029697560.9756
LSO,Lesotho,1995,1001894000.27846
LTE,Late-demographic dividend,1995,3029780056867.2
LTU,Lithuania,1995,7921210339.58439
LUX,Luxembourg,1995,20853093869.7318
LVA,Latvia,1995,5608208784.9401
MAC,"Macao SAR, China",1995,7046147736.91671
MAF,St. Martin (French part),1995,
MAR,Morocco,1995,39030285468.3841
MCO,Monaco,1995,3130309995.30848
MDA,Moldova,1995,1752999370.46158
MDG,Madagascar,1995,3838100903.74974
MDV,Maldives,1995,398988954.970263
MEX,Mexico,1995,380157469866.849
MHL,Marshall Islands,1995,120230000.0
MKD,North Macedonia,1995,4707041315.24202
MLI,Mali,1995,3373322735.39126
MLT,Malta,1995,3709396044.85885
MMR,Myanmar,1995,5289174942.53404
MNE,Montenegro,1995,
MNG,Mongolia,1995,1452165005.2384
MNP,Northern Mariana Islands,1995,
MOZ,Mozambique,1995,3061646173.73938
MRT,Mauritania,1995,2091726101.43014
MUS,Mauritius,1995,4094741652.30048
MWI,Malawi,1995,2033701497.97085
MYS,Malaysia,1995,88705342902.7113
NAM,Namibia,1995,3978514206.31168
NCL,New Caledonia,1995,3628440505.14193
NER,Niger,1995,2302537562.24406
NGA,Nigeria,1995,140919776986.364
NIC,Nicaragua,1995,4140470000.0
NLD,Netherlands,1995,452967334614.329
NOR,Norway,1995,152029612324.788
NPL,Nepal,1995,4401104417.67068
NRU,Nauru,1995,39969705.969706
NZL,New Zealand,1995,63918703506.9075
OMN,Oman,1995,15722236671.0013
PAK,Pakistan,1995,60636071684.1918
PAN,Panama,1995,9573813700.0
PER,Peru,1995,53312793687.3836
PHL,Philippines,1995,84644328727.4825
PLW,Palau,1995,121018500.0
PNG,Papua New Guinea,1995,4636057476.42568
POL,Poland,1995,142838527115.448
PRI,Puerto Rico (US),1995,42647331000.0
PRK,"Korea, Dem. People's Rep.",1995,
PRT,Portugal,1995,118122007430.012
PRY,Paraguay,1995,9062131475.02318
PSE,West Bank and Gaza,1995,3282800000.0
PYF,French Polynesia,1995,4186994249.08861
QAT,Qatar,1995,8137911978.02198
ROU,Romania,1995,37430162102.6125
RUS,Russia,1995,395537185734.854
RWA,Rwanda,1995,1293535193.49248
SAU,Saudi Arabia,1995,143343124165.554
SDN,Sudan,1995,13830363899.9163
SEN,Senegal,1995,6326342633.4034
SGP,Singapore,1995,87812540788.4293
SLB,Solomon Islands,1995,469443201.503274
SLE,Sierra Leone,1995,870740291.519248
SLV,El Salvador,1995,8921947100.0
SMR,San Marino,1995,
SOM,"Somalia, Fed. Rep.",1995,1534756134.55022
SRB,Serbia,1995,17921892655.3672
SSD,South Sudan,1995,
STP,Sao Tome and Principe,1995,103695236.781001
SUR,Suriname,1995,691590497.737557
SVK,Slovak Republic,1995,26180022222.2222
SVN,Slovenia,1995,21367422159.3207
SWE,Sweden,1995,267050453506.792
SWZ,Eswatini,1995,1698989463.99106
SXM,Sint Maarten (Dutch part),1995,
SYC,Seychelles,1995,540733047.733048
SYR,Syrian Arab Republic,1995,11396706586.8263
TCA,Turks and Caicos Islands,1995,
TCD,Chad,1995,1445919894.57661
TGO,Togo,1995,1849110468.19569
THA,Thailand,1995,169278916592.843
TJK,Tajikistan,1995,1231561860.39946
TKM,Turkmenistan,1995,2482228439.71407
TLS,Timor-Leste,1995,262819900.0
TON,Tonga,1995,208871665.748682
TTO,Trinidad and Tobago,1995,5329217747.21258
TUN,Tunisia,1995,18030876599.3444
TUR,Turkiye,1995,234699627004.035
TUV,Tuvalu,1995,11922614.1984666
TZA,Tanzania,1995,7631431840.49992
UGA,Uganda,1995,5755818842.49246
UKR,Ukraine,1995,48213856468.5718
URY,Uruguay,1995,19297663096.5506
USA,United States,1995,7639749000000.0
UZB,Uzbekistan,1995,13350461264.9969
VCT,St. Vincent and the Grenadines,1995,316007407.407407
VEN,"Venezuela, RB",1995,77389487770.0883
VGB,British Virgin Islands,1995,
VIR,Virgin Islands (U.S.),1995,
VNM,Viet Nam,1995,20736164458.9505
VUT,Vanuatu,1995,249333250.082507
WSM,Samoa,1995,224865731.381903
XKX,Kosovo,1995,
YEM,"Yemen, Rep.",1995,12796345679.0123
ZAF,South Africa,1995,171735933897.331
ZMB,Zambia,1995,3806983413.16416
ZWE,Zimbabwe,1995,7115000000.0
ABW,Aruba,1996,1379888268.15642
AFE,Africa Eastern and Southern,1996,273427612467.252
AFG,Afghanistan,1996,
AFW,Africa Western and Central,1996,263563556144.176
AGO,Angola,1996,7526421519.16979
ALB,Albania,1996,3234486232.04392
AND,Andorra,1996,1224024139.21295
ARE,United Arab Emirates,1996,73571233996.1863
ARG,Argentina,1996,272149750000.0
ARM,Armenia,1996,1596968946.23708
ASM,American Samoa,1996,
ATG,Antigua and Barbuda,1996,679140740.740741
AUS,Australia,1996,401962517479.122
AUT,Austria,1996,235952581232.129
AZE,Azerbaijan,1996,3176507376.31836
BDI,Burundi,1996,869033856.317093
BEL,Belgium,1996,279201433224.756
BEN,Benin,1996,2361116449.39308
BFA,Burkina Faso,1996,2586550595.41013
BGD,Bangladesh,1996,46438484107.5795
BGR,Bulgaria,1996,12294964837.6235
BHR,Bahrain,1996,6938166755.31915
BHS,"Bahamas, The",1996,3609000000.0
BIH,Bosnia and Herzegovina,1996,2786045321.63743
BLR,Belarus,1996,14500437519.8258
BLZ,Belize,1996,850339100.0
BMU,Bermuda,1996,2695390000.0
BOL,Bolivia,1996,7396949126.35685
BRA,Brazil,1996,850426433004.077
BRB,Barbados,1996,2363645403.47039
BRN,Brunei Darussalam,1996,7663377306.04996
BTN,Bhutan,1996,303408345.620078
BWA,Botswana,1996,4847757217.75815
CAF,Central African Republic,1996,1007791127.09913
CAN,Canada,1996,630607994132.747
CHE,Switzerland,1996,340103959546.926
CHI,Channel Islands,1996,
CHL,Chile,1996,78584098983.6374
CHN,China,1996,868523936530.083
CIV,Cote d'Ivoire,1996,18071152830.6101
CMR,Cameroon,1996,11093538846.4483
COD,"Congo, Dem. Rep.",1996,5771456952.1908
COG,"Congo, Rep.",1996,2540697539.05773
COL,Colombia,1996,97160109277.8087
COM,Comoros,1996,392488148.725187
CPV,Cabo Verde,1996,501979269.843942
CRI,Costa Rica,1996,11678424507.2457
CUB,Cuba,1996,25017368700.0
CUW,Curacao,1996,
CYM,Cayman Islands,1996,
CYP,Cyprus,1996,10011914680.0502
CZE,Czechia,1996,67804105329.8557
DEU,Germany,1996,2506576553158.31
DJI,Djibouti,1996,494004647.73437
DMA,Dominica,1996,292285185.185185
DNK,Denmark,1996,187481157845.724
DOM,Dominican Republic,1996,18241622547.5908
DZA,Algeria,1996,46941554225.3581
EAR,Early-demographic dividend,1996,2836341459574.38
ECS,Europe & Central Asia,1996,11170753659602.9
ECU,Ecuador,1996,25226393196.5983
EGY,"Egypt, Arab Rep.",1996,67629716981.1321
ERI,Eritrea,1996,693535954.190067
ESP,Spain,1996,642251412058.321
EST,Estonia,1996,4786018988.16491
ETH,Ethiopia,1996,8761215548.48614
FIN,Finland,1996,131991975148.848
FJI,Fiji,1996,2128696643.62574
FRA,France,1996,1598889216566.23
FRO,Faroe Islands,1996,989536914.659081
FSM,"Micronesia, Fed. Sts.",1996,216545996.897124
GAB,Gabon,1996,5694040002.89863
GBR,United Kingdom,1996,1425287051482.06
GEO,Georgia,1996,3094936177.1918
GHA,Ghana,1996,6932991739.37767
GIB,Gibraltar,1996,
GIN,Guinea,1996,5641243099.76661
GMB,"Gambia, The",1996,848239446.21576
GNB,Guinea-Bissau,1996,702965147.568054
GNQ,Equatorial Guinea,1996,232463022.802961
GRC,Greece,1996,142502984144.96
GRD,Grenada,1996,366911444.444444
GRL,Greenland,1996,1197515569.08202
GTM,Guatemala,1996,15674835615.3139
GUM,Guam,1996,
GUY,Guyana,1996,705406001.424501
HKG,"Hong Kong SAR, China",1996,159718183550.734
HND,Honduras,1996,4798834459.45946
HRV,Croatia,1996,24150978346.5253
HTI,Haiti,1996,2907517603.76719
HUN,Hungary,1996,46833767123.6915
IDB,IDA blend,1996,328495025650.406
IDN,Indonesia,1996,227369679374.973
IMN,Isle of Man,1996,1007205928.23713
IND,India,1996,392896866204.516
IRL,Ireland,1996,75790786290.3226
IRN,"Iran, Islamic Rep.",1996,120403931885.441
IRQ,Iraq,1996,10433698621.3427
ISL,Iceland,1996,7686566105.26316
ISR,Israel,1996,115116595544.694
ITA,Italy,1996,1314776508972.27
JAM,Jamaica,1996,7393891920.80358
JOR,Jordan,1996,6927503526.09309
JPN,Japan,1996,4923391533851.63
KAZ,Kazakhstan,1996,21035357936.8796
KEN,Kenya,1996,12045865396.1323
KGZ,Kyrgyz Republic,1996,1827570586.16784
KHM,Cambodia,1996,3506695719.57259
KIR,Kiribati,1996,81456854.1385109
KNA,St. Kitts and Nevis,1996,333944444.444444
KOR,"Korea, Rep.",1996,631196863758.281
KWT,Kuwait,1996,31492373308.7516
LAO,Lao PDR,1996,1873671550.34636
LBN,Lebanon,1996,13690217333.5879
LBR,Liberia,1996,159400000.0
LBY,Libya,1996,27884615384.6154
LCA,St. Lucia,1996,788888888.888889
LCN,Latin America & Caribbean,1996,2100954040906.87
LIE,Liechtenstein,1996,2504012993.42238
LKA,Sri Lanka,1996,13897738375.2488
LSO,Lesotho,1996,946112492.844847
LTE,Late-demographic dividend,1996,3341467252786.49
LTU,Lithuania,1996,8430207164.43677
LUX,Luxembourg,1996,20895314657.9805
LVA,Latvia,1996,5799465288.41246
MAC,"Macao SAR, China",1996,7176892950.39164
MAF,St. Martin (French part),1996,
MAR,Morocco,1996,43161571527.6353
MCO,Monaco,1996,3137886994.52207
MDA,Moldova,1996,1695122173.91304
MDG,Madagascar,1996,4931861038.70763
MDV,Maldives,1996,450382327.952421
MEX,Mexico,1996,432157945024.428
MHL,Marshall Islands,1996,110858000.0
MKD,North Macedonia,1996,4642021256.30689
MLI,Mali,1996,3743103419.63057
MLT,Malta,1996,3822547197.24532
MMR,Myanmar,1996,6123556716.81329
MNE,Montenegro,1996,
MNG,Mongolia,1996,1345719472.35883
MNP,Northern Mariana Islands,1996,
MOZ,Mozambique,1996,4030146134.5706
MRT,Mauritania,1996,2132087009.28942
MUS,Mauritius,1996,4481489761.54368
MWI,Malawi,1996,3319573749.6119
MYS,Malaysia,1996,100855393910.486
NAM,Namibia,1996,3989163196.56767
NCL,New Caledonia,1996,3606968435.99917
NER,Niger,1996,2405686940.0464
NGA,Nigeria,1996,185730236700.0
NIC,Nicaragua,1996,4308351902.78601
NLD,Netherlands,1996,451372549019.608
NOR,Norway,1996,163520109150.671
NPL,Nepal,1996,4521580381.47139
NRU,Nauru,1996,37458801.2139605
NZL,New Zealand,1996,70140835299.0148
OMN,Oman,1996,17402080624.1873
PAK,Pakistan,1996,63320170084.4076
PAN,Panama,1996,9197503322.69367
PER,Peru,1996,55252414130.3019
PHL,Philippines,1996,94648084429.0341
PLW,Palau,1996,137494600.0
PNG,Papua New Guinea,1996,5155311077.38998
POL,Poland,1996,160813026223.063
PRI,Puerto Rico (US),1996,45340835000.0
PRK,"Korea, Dem. People's Rep.",1996,
PRT,Portugal,1996,122630089680.27
PRY,Paraguay,1996,9788391780.52421
PSE,West Bank and Gaza,1996,3409600000.0
PYF,French Polynesia,1996,4166072829.60099
QAT,Qatar,1996,9059340384.61539
ROU,Romania,1996,36937074278.3004
RUS,Russia,1996,391724890744.498
RWA,Rwanda,1996,1382334879.40812
SAU,Saudi Arabia,1996,158662483311.081
SDN,Sudan,1996,9018300724.66086
SEN,Senegal,1996,6559712165.96508
SGP,Singapore,1996,96293086513.0872
SLB,Solomon Islands,1996,510586430.190127
SLE,Sierra Leone,1996,941709422.502965
SLV,El Salvador,1996,9586327800.0
SMR,San Marino,1996,
SOM,"Somalia, Fed. Rep.",1996,1792234297.39194
SRB,Serbia,1996,23277430167.5978
SSD,South Sudan,1996,
STP,Sao Tome and Principe,1996,135188165.74708
SUR,Suriname,1996,861372806.2082
SVK,Slovak Republic,1996,28197790874.5247
SVN,Slovenia,1996,21470699362.6062
SWE,Sweden,1996,291949597375.485
SWZ,Eswatini,1996,1602741833.70552
SXM,Sint Maarten (Dutch part),1996,
SYC,Seychelles,1996,535250347.089479
SYR,Syrian Arab Republic,1996,13789560878.2435
TCA,Turks and Caicos Islands,1996,
TCD,Chad,1996,1607345355.78298
TGO,Togo,1996,2069506014.46659
THA,Thailand,1996,183035237429.281
TJK,Tajikistan,1996,1043654822.33503
TKM,Turkmenistan,1996,2378759975.44506
TLS,Timor-Leste,1996,306956900.0
TON,Tonga,1996,222100576.345483
TTO,Trinidad and Tobago,1996,5759570336.11287
TUN,Tunisia,1996,19587161806.7655
TUR,Turkiye,1996,250366965174.129
TUV,Tuvalu,1996,13338597.3300737
TZA,Tanzania,1996,9433528150.36609
UGA,Uganda,1996,6044585326.938
UKR,Ukraine,1996,44558831005.0621
URY,Uruguay,1996,20515458113.5857
USA,United States,1996,8073122000000.0
UZB,Uzbekistan,1996,13948892215.5689
VCT,St. Vincent and the Grenadines,1996,331488888.888889
VEN,"Venezuela, RB",1996,70543211119.099
VGB,British Virgin Islands,1996,
VIR,Virgin Islands (U.S.),1996,
VNM,Viet Nam,1996,24657470574.7501
VUT,Vanuatu,1996,261370044.486614
WSM,Samoa,1996,249907868.772424
XKX,Kosovo,1996,
YEM,"Yemen, Rep.",1996,6496163615.66086
ZAF,South Africa,1996,163234925380.563
ZMB,Zambia,1996,3597220962.00017
ZWE,Zimbabwe,1996,8557500000.0
ABW,Aruba,1997,1531843575.41899
AFE,Africa Eastern and Southern,1997,288270699674.414
AFG,Afghanistan,1997,
AFW,Africa Western and Central,1997,276460023661.745
AGO,Angola,1997,7648380195.59902
ALB,Albania,1997,2293666029.99318
AND,Andorra,1997,1180645571.8643
ARE,United Arab Emirates,1997,78839008444.5655
ARG,Argentina,1997,292859000000.0
ARM,Armenia,1997,1639492444.76152
ASM,American Samoa,1997,
ATG,Antigua and Barbuda,1997,734422222.222222
AUS,Australia,1997,436321902767.408
AUT,Austria,1997,211724812267.448
AZE,Azerbaijan,1997,3962362387.47922
BDI,Burundi,1997,972896267.915425
BEL,Belgium,1997,252708051420.839
BEN,Benin,1997,2268301646.46707
BFA,Burkina Faso,1997,2447669101.95178
BGD,Bangladesh,1997,48244309133.4895
BGR,Bulgaria,1997,11316127378.9613
BHR,Bahrain,1997,7219407712.76596
BHS,"Bahamas, The",1997,6332360000.0
BIH,Bosnia and Herzegovina,1997,3671909673.04401
BLR,Belarus,1997,14128408565.7064
BLZ,Belize,1997,872916050.0
BMU,Bermuda,1997,2932827000.0
BOL,Bolivia,1997,7925736821.45034
BRA,Brazil,1997,883206452795.124
BRB,Barbados,1997,2498384129.66738
BRN,Brunei Darussalam,1997,7793034376.20807
BTN,Bhutan,1997,352229076.707627
BWA,Botswana,1997,5020265626.66489
CAF,Central African Republic,1997,937741513.015352
CAN,Canada,1997,654986999855.554
CHE,Switzerland,1997,294788198856.198
CHI,Channel Islands,1997,
CHL,Chile,1997,85741415285.165
CHN,China,1997,967753570434.667
CIV,Cote d'Ivoire,1997,18047558037.7036
CMR,Cameroon,1997,10789458432.6416
COD,"Congo, Dem. Rep.",1997,6090838693.27145
COG,"Congo, Rep.",1997,2322719102.6909
COL,Colombia,1997,106659508271.255
COM,Comoros,1997,362816806.134452
CPV,Cabo Verde,1997,490608657.924976
CRI,Costa Rica,1997,12614602382.2012
CUB,Cuba,1997,25365908100.0
CUW,Curacao,1997,
CYM,Cayman Islands,1997,
CYP,Cyprus,1997,9547816419.61231
CZE,Czechia,1997,62539765163.1302
DEU,Germany,1997,2218790886532.82
DJI,Djibouti,1997,502675542.001227
DMA,Dominica,1997,302988888.888889
DNK,Denmark,1997,173241365735.483
DOM,Dominican Republic,1997,20017450041.3075
DZA,Algeria,1997,48177612042.1507
EAR,Early-demographic dividend,1997,3029966854142.86
ECS,Europe & Central Asia,1997,10606870959652.7
ECU,Ecuador,1997,28162053026.5133
EGY,"Egypt, Arab Rep.",1997,78436578171.0914
ERI,Eritrea,1997,686490090.140141
ESP,Spain,1997,589739772727.273
EST,Estonia,1997,5154420649.23354
ETH,Ethiopia,1997,8803539988.33248
FIN,Finland,1997,126862902302.142
FJI,Fiji,1997,2090221137.02876
FRA,France,1997,1449392222971.45
FRO,Faroe Islands,1997,933763083.395627
FSM,"Micronesia, Fed. Sts.",1997,204397167.480929
GAB,Gabon,1997,5326817114.53586
GBR,United Kingdom,1997,1569317288801.57
GEO,Georgia,1997,3510520231.21387
GHA,Ghana,1997,6891443192.24985
GIB,Gibraltar,1997,
GIN,Guinea,1997,5516916163.0949
GMB,"Gambia, The",1997,803633342.473706
GNB,Guinea-Bissau,1997,698107222.422492
GNQ,Equatorial Guinea,1997,442337870.69437
GRC,Greece,1997,138766067640.085
GRD,Grenada,1997,392190592.592593
GRL,Greenland,1997,1072154433.84538
GTM,Guatemala,1997,17790026221.6139
GUM,Guam,1997,
GUY,Guyana,1997,749138009.56454
HKG,"Hong Kong SAR, China",1997,177353174849.714
HND,Honduras,1997,5569178707.22433
HRV,Croatia,1997,24175764812.1218
HTI,Haiti,1997,3338949151.59927
HUN,Hungary,1997,47398564799.2496
IDB,IDA blend,1997,344040187982.76
IDN,Indonesia,1997,215748998609.635
IMN,Isle of Man,1997,1178261296.66012
IND,India,1997,415867563592.829
IRL,Ireland,1997,82856648758.3572
IRN,"Iran, Islamic Rep.",1997,113919163421.155
IRQ,Iraq,1997,20764857056.3795
ISL,Iceland,1997,7716781803.07823
ISR,Israel,1997,119459826346.611
ITA,Italy,1997,1244988176443.84
JAM,Jamaica,1997,8400041723.54861
JOR,Jordan,1997,7245839210.15515
JPN,Japan,1997,4492448605638.94
KAZ,Kazakhstan,1997,22165932062.966
KEN,Kenya,1997,13115764358.2846
KGZ,Kyrgyz Republic,1997,1767864035.71943
KHM,Cambodia,1997,3443413388.65696
KIR,Kiribati,1997,80205806.8250976
KNA,St. Kitts and Nevis,1997,374641307.974641
KOR,"Korea, Rep.",1997,589202526424.141
KWT,Kuwait,1997,30350190704.4361
LAO,Lao PDR,1997,1747011857.33107
LBN,Lebanon,1997,15751867489.4446
LBR,Liberia,1997,295900000.0
LBY,Libya,1997,30700897874.8704
LCA,St. Lucia,1997,805925925.925926
LCN,Latin America & Caribbean,1997,2303665775071.88
LIE,Liechtenstein,1997,2298389802.88883
LKA,Sri Lanka,1997,15091913883.7091
LSO,Lesotho,1997,998004258.715675
LTE,Late-demographic dividend,1997,3499555307550.27
LTU,Lithuania,1997,10168271903.3233
LUX,Luxembourg,1997,19563836265.2233
LVA,Latvia,1997,6349481006.53278
MAC,"Macao SAR, China",1997,7267570892.70211
MAF,St. Martin (French part),1997,
MAR,Morocco,1997,39147844526.0838
MCO,Monaco,1997,2840195190.36905
MDA,Moldova,1997,1930081168.83117
MDG,Madagascar,1997,4262965419.74998
MDV,Maldives,1997,508223602.378929
MEX,Mexico,1997,523449530464.257
MHL,Marshall Islands,1997,109884700.0
MKD,North Macedonia,1997,3912986090.97363
MLI,Mali,1997,3414879485.63064
MLT,Malta,1997,3787023706.66607
MMR,Myanmar,1997,4722288495.66085
MNE,Montenegro,1997,838288806.001293
MNG,Mongolia,1997,1180934202.83801
MNP,Northern Mariana Islands,1997,
MOZ,Mozambique,1997,4873663774.93019
MRT,Mauritania,1997,2071996564.05296
MUS,Mauritius,1997,4243755307.55239
MWI,Malawi,1997,3875785863.38323
MYS,Malaysia,1997,100005323301.867
NAM,Namibia,1997,4154989950.00393
NCL,New Caledonia,1997,3291131281.04099
NER,Niger,1997,2290318910.20658
NGA,Nigeria,1997,200850397618.182
NIC,Nicaragua,1997,4389973489.86032
NLD,Netherlands,1997,417506211881.635
NOR,Norway,1997,161356631888.484
NPL,Nepal,1997,4918691916.53516
NRU,Nauru,1997,37331507.2781343
NZL,New Zealand,1997,66075143415.4952
OMN,Oman,1997,18039791937.5813
PAK,Pakistan,1997,62433340468.0228
PAN,Panama,1997,10058854386.1392
PER,Peru,1997,58147522522.5225
PHL,Philippines,1997,94106317565.0846
PLW,Palau,1997,143860800.0
PNG,Papua New Guinea,1997,4936615298.79367
POL,Poland,1997,159893964916.817
PRI,Puerto Rico (US),1997,48187039000.0
PRK,"Korea, Dem. People's Rep.",1997,
PRT,Portugal,1997,117016535162.95
PRY,Paraguay,1997,9965225678.05093
PSE,West Bank and Gaza,1997,3759800000.0
PYF,French Polynesia,1997,3762859093.26192
QAT,Qatar,1997,11297802115.3846
ROU,Romania,1997,35575214078.2428
RUS,Russia,1997,404928954191.876
RWA,Rwanda,1997,1851558197.31088
SAU,Saudi Arabia,1997,165963684913.218
SDN,Sudan,1997,11681175864.3383
SEN,Senegal,1997,6041478725.90443
SGP,Singapore,1997,100123787215.299
SLB,Solomon Islands,1997,526554005.954357
SLE,Sierra Leone,1997,850232760.017239
SLV,El Salvador,1997,10221705900.0
SMR,San Marino,1997,976606910.602381
SOM,"Somalia, Fed. Rep.",1997,2191749013.58124
SRB,Serbia,1997,27153408994.8074
SSD,South Sudan,1997,
STP,Sao Tome and Principe,1997,91920274.2401657
SUR,Suriname,1997,926422500.0
SVK,Slovak Republic,1997,27844628979.2682
SVN,Slovenia,1997,20726878751.5006
SWE,Sweden,1997,268249616890.856
SWZ,Eswatini,1997,1716714070.12471
SXM,Sint Maarten (Dutch part),1997,
SYC,Seychelles,1997,598966982.350186
SYR,Syrian Arab Republic,1997,14505233463.035
TCA,Turks and Caicos Islands,1997,
TCD,Chad,1997,1544689576.92712
TGO,Togo,1997,2116818622.95834
THA,Thailand,1997,150180456565.728
TJK,Tajikistan,1997,921518032.909326
TKM,Turkmenistan,1997,2450350625.10407
TLS,Timor-Leste,1997,319972700.0
TON,Tonga,1997,214991452.314998
TTO,Trinidad and Tobago,1997,5737771523.10148
TUN,Tunisia,1997,20746210353.845
TUR,Turkiye,1997,263817553748.395
TUV,Tuvalu,1997,13734210.096632
TZA,Tanzania,1997,11158197941.9152
UGA,Uganda,1997,6269333313.17108
UKR,Ukraine,1997,50151531591.7317
URY,Uruguay,1997,23969739233.8966
USA,United States,1997,8577554457000.0
UZB,Uzbekistan,1997,14744603773.5849
VCT,St. Vincent and the Grenadines,1997,347770370.37037
VEN,"Venezuela, RB",1997,85837678559.8324
VGB,British Virgin Islands,1997,
VIR,Virgin Islands (U.S.),1997,
VNM,Viet Nam,1997,26843700441.5482
VUT,Vanuatu,1997,272771209.113662
WSM,Samoa,1997,285475591.89651
XKX,Kosovo,1997,
YEM,"Yemen, Rep.",1997,6838298530.54911
ZAF,South Africa,1997,168978057327.73
ZMB,Zambia,1997,4303288479.7086
ZWE,Zimbabwe,1997,8534000000.0
ABW,Aruba,1998,1665363128.49162
AFE,Africa Eastern and Southern,1998,268728127688.21
AFG,Afghanistan,1998,
AFW,Africa Western and Central,1998,297126502718.937
AGO,Angola,1998,6506221615.78722
ALB,Albania,1998,2600356999.20614
AND,Andorra,1998,1211953994.05714
ARE,United Arab Emirates,1998,75674336283.1858
ARG,Argentina,1998,298948250000.0
ARM,Armenia,1998,1893726437.26462
ASM,American Samoa,1998,
ATG,Antigua and Barbuda,1998,789788888.888889
AUS,Australia,1998,400361527504.578
AUT,Austria,1998,217068085815.918
AZE,Azerbaijan,1998,4446368570.6901
BDI,Burundi,1998,893770740.207416
BEL,Belgium,1998,258528339631.029
BEN,Benin,1998,2455092686.34712
BFA,Burkina Faso,1998,2804902367.14687
BGD,Bangladesh,1998,49984559471.3656
BGR,Bulgaria,1998,15031055046.7575
BHR,Bahrain,1998,7031309042.55319
BHS,"Bahamas, The",1998,6833220000.0
BIH,Bosnia and Herzegovina,1998,4116774300.60671
BLR,Belarus,1998,15222012660.4232
BLZ,Belize,1998,929047000.0
BMU,Bermuda,1998,3130748000.0
BOL,Bolivia,1998,8497494652.12546
BRA,Brazil,1998,863711007325.493
BRB,Barbados,1998,2817083478.34734
BRN,Brunei Darussalam,1998,5550846019.54348
BTN,Bhutan,1998,363458380.903342
BWA,Botswana,1998,4790481509.17679
CAF,Central African Republic,1998,967338389.650578
CAN,Canada,1998,634000000000.0
CHE,Switzerland,1998,303459014346.806
CHI,Channel Islands,1998,5945677376.61477
CHL,Chile,1998,81990010704.0602
CHN,China,1998,1037134141760.35
CIV,Cote d'Ivoire,1998,19619654755.679
CMR,Cameroon,1998,11298144990.4104
COD,"Congo, Dem. Rep.",1998,6217805820.77104
COG,"Congo, Rep.",1998,1949481379.21951
COL,Colombia,1998,98443739941.1664
COM,Comoros,1998,363932160.233771
CPV,Cabo Verde,1998,521910560.524868
CRI,Costa Rica,1998,13684255946.5765
CUB,Cuba,1998,25736331200.0
CUW,Curacao,1998,
CYM,Cayman Islands,1998,
CYP,Cyprus,1998,10248618778.2805
CZE,Czechia,1998,67187217327.7326
DEU,Germany,1998,2247760364565.97
DJI,Djibouti,1998,514267869.300758
DMA,Dominica,1998,322411111.111111
DNK,Denmark,1998,176877077513.133
DOM,Dominican Republic,1998,21672215546.7642
DZA,Algeria,1998,48187781984.4881
EAR,Early-demographic dividend,1998,2921281348182.23
ECS,Europe & Central Asia,1998,10802596787884.9
ECU,Ecuador,1998,27981896948.4742
EGY,"Egypt, Arab Rep.",1998,84828807556.0803
ERI,Eritrea,1998,745523116.900052
ESP,Spain,1998,618731484575.12
EST,Estonia,1998,5674080542.88575
ETH,Ethiopia,1998,8013274131.69715
FIN,Finland,1998,133990876724.522
FJI,Fiji,1998,1653146716.58235
FRA,France,1998,1496906382032.47
FRO,Faroe Islands,1998,1104744235.30111
FSM,"Micronesia, Fed. Sts.",1998,216520601.071838
GAB,Gabon,1998,4483417309.83011
GBR,United Kingdom,1998,1660821464060.95
GEO,Georgia,1998,3613497316.55319
GHA,Ghana,1998,7482069162.42008
GIB,Gibraltar,1998,
GIN,Guinea,1998,5232118046.3713
GMB,"Gambia, The",1998,840285264.631545
GNB,Guinea-Bissau,1998,591034143.426384
GNQ,Equatorial Guinea,1998,370687634.425712
GRC,Greece,1998,139612812175.718
GRD,Grenada,1998,445903592.592593
GRL,Greenland,1998,1149858069.75766
GTM,Guatemala,1998,19395491992.9939
GUM,Guam,1998,
GUY,Guyana,1998,717530683.169567
HKG,"Hong Kong SAR, China",1998,168885443660.072
HND,Honduras,1998,6163707533.23486
HRV,Croatia,1998,25890228429.7214
HTI,Haiti,1998,3723903723.63772
HUN,Hungary,1998,48784412623.5939
IDB,IDA blend,1998,360890034244.656
IDN,Indonesia,1998,95445547872.715
IMN,Isle of Man,1998,1385124213.31567
IND,India,1998,421351317224.941
IRL,Ireland,1998,90199410115.5097
IRN,"Iran, Islamic Rep.",1998,110276913362.508
IRQ,Iraq,1998,20617405044.2425
ISL,Iceland,1998,8637732541.50677
ISR,Israel,1998,120547409278.703
ITA,Italy,1998,1272729786996.77
JAM,Jamaica,1998,8787195622.43502
JOR,Jordan,1998,7912270803.94922
JPN,Japan,1998,4098362709531.24
KAZ,Kazakhstan,1998,22135245507.3656
KEN,Kenya,1998,14093998843.7334
KGZ,Kyrgyz Republic,1998,1645963749.83146
KHM,Cambodia,1998,3120425502.66241
KIR,Kiribati,1998,74905705.8928477
KNA,St. Kitts and Nevis,1998,383257331.40548
KOR,"Korea, Rep.",1998,397297216492.19
KWT,Kuwait,1998,25943705784.2996
LAO,Lao PDR,1998,1280177838.71905
LBN,Lebanon,1998,17247179005.5219
LBR,Liberia,1998,359600000.0
LBY,Libya,1998,27251301398.2813
LCA,St. Lucia,1998,877407407.407407
LCN,Latin America & Caribbean,1998,2331974870872.78
LIE,Liechtenstein,1998,2479699106.02264
LKA,Sri Lanka,1998,15760736956.1852
LSO,Lesotho,1998,928460893.108965
LTE,Late-demographic dividend,1998,3374867404617.89
LTU,Lithuania,1998,11289161847.2162
LUX,Luxembourg,1998,20150053345.1878
LVA,Latvia,1998,6974112951.26891
MAC,"Macao SAR, China",1998,6796914861.6572
MAF,St. Martin (French part),1998,
MAR,Morocco,1998,46497608724.9865
MCO,Monaco,1998,2934593467.68589
MDA,Moldova,1998,1698717504.65549
MDG,Madagascar,1998,4401967632.73718
MDV,Maldives,1998,540096397.621071
MEX,Mexico,1998,557461102630.658
MHL,Marshall Islands,1998,112070100.0
MKD,North Macedonia,1998,3765745023.2074
MLI,Mali,1998,3894433432.46871
MLT,Malta,1998,4010111688.35255
MMR,Myanmar,1998,6459461639.30243
MNE,Montenegro,1998,854261160.714286
MNG,Mongolia,1998,1124440204.84738
MNP,Northern Mariana Islands,1998,
MOZ,Mozambique,1998,5551118148.73836
MRT,Mauritania,1998,2032347664.94993
MUS,Mauritius,1998,4225813976.36359
MWI,Malawi,1998,2547609590.06984
MYS,Malaysia,1998,72167498980.8398
NAM,Namibia,1998,3873109865.55683
NCL,New Caledonia,1998,3556304832.68104
NER,Niger,1998,2643363518.99272
NGA,Nigeria,1998,218416200672.727
NIC,Nicaragua,1998,4635347385.5446
NLD,Netherlands,1998,438612530548.767
NOR,Norway,1998,154230295158.447
NPL,Nepal,1998,4856255044.39064
NRU,Nauru,1998,29664450.9258631
NZL,New Zealand,1998,56227169851.0448
OMN,Oman,1998,16044213263.9792
PAK,Pakistan,1998,62191955814.3478
PAN,Panama,1998,11019557689.1677
PER,Peru,1998,55501467877.381
PHL,Philippines,1998,74492416329.9142
PLW,Palau,1998,149079600.0
PNG,Papua New Guinea,1998,3789443014.61662
POL,Poland,1998,175282269666.801
PRI,Puerto Rico (US),1998,54086400000.0
PRK,"Korea, Dem. People's Rep.",1998,
PRT,Portugal,1998,123946327916.296
PRY,Paraguay,1998,9260481572.42462
PSE,West Bank and Gaza,1998,4067800000.0
PYF,French Polynesia,1998,3903186592.82431
QAT,Qatar,1998,10255495027.4725
ROU,Romania,1998,41696091973.7076
RUS,Russia,1998,270955486862.442
RWA,Rwanda,1998,1989343546.17594
SAU,Saudi Arabia,1998,146775466666.667
SDN,Sudan,1998,11250221536.7484
SEN,Senegal,1998,6505607909.05324
SGP,Singapore,1998,85728207781.7785
SLB,Solomon Islands,1998,457579840.225066
SLE,Sierra Leone,1998,672368187.114756
SLV,El Salvador,1998,10936669900.0
SMR,San Marino,1998,1048316225.70471
SOM,"Somalia, Fed. Rep.",1998,2962047564.41651
SRB,Serbia,1998,21004077441.4802
SSD,South Sudan,1998,
STP,Sao Tome and Principe,1998,72285403.8423458
SUR,Suriname,1998,1110850000.0
SVK,Slovak Republic,1998,29976207629.4888
SVN,Slovenia,1998,22058635314.4836
SWE,Sweden,1998,270887306758.576
SWZ,Eswatini,1998,1576908856.34674
SXM,Sint Maarten (Dutch part),1998,
SYC,Seychelles,1998,647287375.762528
SYR,Syrian Arab Republic,1998,15200846153.8462
TCA,Turks and Caicos Islands,1998,
TCD,Chad,1998,1744794531.21401
TGO,Togo,1998,2241650112.33333
THA,Thailand,1998,113675596787.738
TJK,Tajikistan,1998,1320199581.52261
TKM,Turkmenistan,1998,2605689134.49042
TLS,Timor-Leste,1998,325729800.0
TON,Tonga,1998,191504892.761394
TTO,Trinidad and Tobago,1998,6043686653.62189
TUN,Tunisia,1998,21802893587.126
TUR,Turkiye,1998,276035372654.608
TUV,Tuvalu,1998,13795146.2092638
TZA,Tanzania,1998,12172790056.3733
UGA,Uganda,1998,6584815846.52754
UKR,Ukraine,1998,41882523345.1804
URY,Uruguay,1998,25385886977.5228
USA,United States,1998,9062818202000.0
UZB,Uzbekistan,1998,14988971210.8383
VCT,St. Vincent and the Grenadines,1998,373618518.518519
VEN,"Venezuela, RB",1998,91336763255.0597
VGB,British Virgin Islands,1998,
VIR,Virgin Islands (U.S.),1998,
VNM,Viet Nam,1998,27209602050.0452
VUT,Vanuatu,1998,262293410.708334
WSM,Samoa,1998,269485244.15511
XKX,Kosovo,1998,
YEM,"Yemen, Rep.",1998,6322175565.94651
ZAF,South Africa,1998,152982984557.233
ZMB,Zambia,1998,3537741941.89367
ZWE,Zimbabwe,1998,6405250000.0
ABW,Aruba,1999,1722905027.93296
AFE,Africa Eastern and Southern,1999,265321007618.974
AFG,Afghanistan,1999,
AFW,Africa Western and Central,1999,140119071338.285
AGO,Angola,1999,6152923310.44546
ALB,Albania,1999,3283941510.49964
AND,Andorra,1999,1240295198.78331
ARE,United Arab Emirates,1999,84445473110.9598
ARG,Argentina,1999,283523000000.0
ARM,Armenia,1999,1845482173.02732
ASM,American Samoa,1999,
ATG,Antigua and Barbuda,1999,835544444.444444
AUS,Australia,1999,390347787943.351
AUT,Austria,1999,216421809125.916
AZE,Azerbaijan,1999,4581248566.50158
BDI,Burundi,1999,808077223.365746
BEL,Belgium,1999,258245733221.468
BEN,Benin,1999,3677393998.74486
BFA,Burkina Faso,1999,3389566712.66037
BGD,Bangladesh,1999,51270569883.5275
BGR,Bulgaria,1999,13637098579.109
BHR,Bahrain,1999,7528469148.93617
BHS,"Bahamas, The",1999,7683870000.0
BIH,Bosnia and Herzegovina,1999,4686256363.04707
BLR,Belarus,1999,12138486532.0203
BLZ,Belize,1999,999713050.0
BMU,Bermuda,1999,3324433000.0
BOL,Bolivia,1999,8285064434.56826
BRA,Brazil,1999,599642075004.471
BRB,Barbados,1999,2951822204.54432
BRN,Brunei Darussalam,1999,6309070377.5966
BTN,Bhutan,1999,399311199.50776
BWA,Botswana,1999,5484263346.88105
CAF,Central African Republic,1999,999477510.686632
CAN,Canada,1999,678412196271.118
CHE,Switzerland,1999,297873643323.126
CHI,Channel Islands,1999,6262740656.85164
CHL,Chile,1999,75578685735.5219
CHN,China,1999,1103843203575.64
CIV,Cote d'Ivoire,1999,18870992455.568
CMR,Cameroon,1999,11565826464.8921
COD,"Congo, Dem. Rep.",1999,4711259427.27273
COG,"Congo, Rep.",1999,2354772960.28296
COL,Colombia,1999,86186158684.7685
COM,Comoros,1999,371921712.454518
CPV,Cabo Verde,1999,592416703.058878
CRI,Costa Rica,1999,14254866284.6542
CUB,Cuba,1999,28364615200.0
CUW,Curacao,1999,
CYM,Cayman Islands,1999,
CYP,Cyprus,1999,10497907227.616
CZE,Czechia,1999,65586562604.8621
DEU,Germany,1999,2213873468586.88
DJI,Djibouti,1999,536080148.097299
DMA,Dominica,1999,331759259.259259
DNK,Denmark,1999,177887720535.535
DOM,Dominican Republic,1999,22136579396.9218
DZA,Algeria,1999,48640671734.9711
EAR,Early-demographic dividend,1999,3090855529444.24
ECS,Europe & Central Asia,1999,10693108477805.9
ECU,Ecuador,1999,19645272636.3182
EGY,"Egypt, Arab Rep.",1999,90710704806.8416
ERI,Eritrea,1999,688918537.115555
ESP,Spain,1999,634394904386.874
EST,Estonia,1999,5756912265.75809
ETH,Ethiopia,1999,7892973531.80045
FIN,Finland,1999,135234241918.147
FJI,Fiji,1999,1936459986.03795
FRA,France,1999,1486915879701.93
FRO,Faroe Islands,1999,1127684827.35686
FSM,"Micronesia, Fed. Sts.",1999,217198869.130571
GAB,Gabon,1999,4662992036.2073
GBR,United Kingdom,1999,1693458987218.9
GEO,Georgia,1999,2800025882.71672
GHA,Ghana,1999,7718109982.26093
GIB,Gibraltar,1999,
GIN,Guinea,1999,5046806782.54761
GMB,"Gambia, The",1999,814724032.065735
GNB,Guinea-Bissau,1999,579365780.135134
GNQ,Equatorial Guinea,1999,621117885.668503
GRC,Greece,1999,137131371955.307
GRD,Grenada,1999,482009370.37037
GRL,Greenland,1999,1131555107.04907
GTM,Guatemala,1999,18318412251.3642
GUM,Guam,1999,
GUY,Guyana,1999,694754988.258295
HKG,"Hong Kong SAR, China",1999,165768095391.557
HND,Honduras,1999,6394090592.33449
HRV,Croatia,1999,23777026779.3004
HTI,Haiti,1999,4153725883.84082
HUN,Hungary,1999,49160204397.4635
IDB,IDA blend,1999,203538006166.57
IDN,Indonesia,1999,140001351215.462
IMN,Isle of Man,1999,1573742112.92671
IND,India,1999,458821052615.79
IRL,Ireland,1999,98893958262.6438
IRN,"Iran, Islamic Rep.",1999,113848450088.351
IRQ,Iraq,1999,36881601583.8194
ISL,Iceland,1999,9107644690.76647
ISR,Israel,1999,121417185061.719
ITA,Italy,1999,1255004736463.98
JAM,Jamaica,1999,8887057997.36228
JOR,Jordan,1999,8149929478.13822
JPN,Japan,1999,4635982224063.88
KAZ,Kazakhstan,1999,16870817181.7799
KEN,Kenya,1999,12896010459.3711
KGZ,Kyrgyz Republic,1999,1249061487.01457
KHM,Cambodia,1999,3517242477.2548
KIR,Kiribati,1999,77323978.1928449
KNA,St. Kitts and Nevis,1999,406595484.373262
KOR,"Korea, Rep.",1999,515697079289.011
KWT,Kuwait,1999,30122365849.2518
LAO,Lao PDR,1999,1454430642.44959
LBN,Lebanon,1999,17391056369.2265
LBR,Liberia,1999,441800000.0
LBY,Libya,1999,35975860857.1164
LCA,St. Lucia,1999,921851851.851852
LCN,Latin America & Caribbean,1999,2107674084250.93
LIE,Liechtenstein,1999,2664105901.18863
LKA,Sri Lanka,1999,15711933513.2831
LSO,Lesotho,1999,912773681.050642
LTE,Late-demographic dividend,1999,3122215745185.94
LTU,Lithuania,1999,11022095813.552
LUX,Luxembourg,1999,21899317598.8414
LVA,Latvia,1999,7324192889.74297
MAC,"Macao SAR, China",1999,6547169929.36554
MAF,St. Martin (French part),1999,
MAR,Morocco,1999,46266428648.1433
MCO,Monaco,1999,2907118641.17756
MDA,Moldova,1999,1170782957.37443
MDG,Madagascar,1999,4277903780.29131
MDV,Maldives,1999,589239753.610875
MEX,Mexico,1999,631249359702.389
MHL,Marshall Islands,1999,113352100.0
MKD,North Macedonia,1999,3863619284.77939
MLI,Mali,1999,4091446054.21272
MLT,Malta,1999,4111857809.11026
MMR,Myanmar,1999,8486832800.88498
MNE,Montenegro,1999,828950327.353261
MNG,Mongolia,1999,1057408588.68269
MNP,Northern Mariana Islands,1999,
MOZ,Mozambique,1999,6285219691.22462
MRT,Mauritania,1999,1985922775.53351
MUS,Mauritius,1999,4402193195.46945
MWI,Malawi,1999,2584478924.06081
MYS,Malaysia,1999,79148421052.6316
NAM,Namibia,1999,3868551730.39163
NCL,New Caledonia,1999,3647802049.80911
NER,Niger,1999,2537789820.69295
NGA,Nigeria,1999,59145077039.1437
NIC,Nicaragua,1999,4856026259.07657
NLD,Netherlands,1999,447778514140.155
NOR,Norway,1999,162383706021.13
NPL,Nepal,1999,5033642384.10596
NRU,Nauru,1999,27328612.6080962
NZL,New Zealand,1999,58762260625.8758
OMN,Oman,1999,17832769830.9493
PAK,Pakistan,1999,62973857068.5113
PAN,Panama,1999,11660704777.0881
PER,Peru,1999,50187324567.883
PHL,Philippines,1999,85640171045.1254
PLW,Palau,1999,144206500.0
PNG,Papua New Guinea,1999,3477038204.01733
POL,Poland,1999,170704452714.673
PRI,Puerto Rico (US),1999,57841000000.0
PRK,"Korea, Dem. People's Rep.",1999,
PRT,Portugal,1999,127470385557.184
PRY,Paraguay,1999,8837070235.51892
PSE,West Bank and Gaza,1999,4271200000.0
PYF,French Polynesia,1999,3911602004.14205
QAT,Qatar,1999,12393131868.1319
ROU,Romania,1999,35953156753.739
RUS,Russia,1999,195907128350.934
RWA,Rwanda,1999,2157108262.84452
SAU,Saudi Arabia,1999,161717066666.667
SDN,Sudan,1999,10682028339.6898
SEN,Senegal,1999,6592834932.80876
SGP,Singapore,1999,86286849754.8905
SLB,Solomon Islands,1999,488024514.369359
SLE,Sierra Leone,1999,669386623.951402
SLV,El Salvador,1999,11284197000.0
SMR,San Marino,1999,1109473367.84318
SOM,"Somalia, Fed. Rep.",1999,3045751527.66005
SRB,Serbia,1999,20878694850.5767
SSD,South Sudan,1999,
STP,Sao Tome and Principe,1999,77302211.9248351
SUR,Suriname,1999,886290697.674419
SVK,Slovak Republic,1999,30496272225.1337
SVN,Slovenia,1999,22609669083.7179
SWE,Sweden,1999,274318357862.122
SWZ,Eswatini,1999,1547888495.98428
SXM,Sint Maarten (Dutch part),1999,
SYC,Seychelles,1999,662838614.880674
SYR,Syrian Arab Republic,1999,15873875968.9922
TCA,Turks and Caicos Islands,1999,
TCD,Chad,1999,1534673583.2487
TGO,Togo,1999,2226577203.91399
THA,Thailand,1999,126669211778.94
TJK,Tajikistan,1999,1086612290.27171
TKM,Turkmenistan,1999,2450564100.18292
TLS,Timor-Leste,1999,225357600.0
TON,Tonga,1999,199208717.501913
TTO,Trinidad and Tobago,1999,6808982520.75759
TUN,Tunisia,1999,22943202174.9668
TUR,Turkiye,1999,256673939247.773
TUV,Tuvalu,1999,14800503.2582747
TZA,Tanzania,1999,12704334195.8151
UGA,Uganda,1999,5998563257.94659
UKR,Ukraine,1999,31580639553.8298
URY,Uruguay,1999,23983945190.6202
USA,United States,1999,9631174489000.0
UZB,Uzbekistan,1999,17078465982.0282
VCT,St. Vincent and the Grenadines,1999,390718518.518519
VEN,"Venezuela, RB",1999,97972842461.5131
VGB,British Virgin Islands,1999,
VIR,Virgin Islands (U.S.),1999,
VNM,Viet Nam,1999,28683659006.7752
VUT,Vanuatu,1999,268006972.690296
WSM,Samoa,1999,255408060.259486
XKX,Kosovo,1999,
YEM,"Yemen, Rep.",1999,7639325295.88287
ZAF,South Africa,1999,151516957078.536
ZMB,Zambia,1999,3404284890.5306
ZWE,Zimbabwe,1999,6861500000.0
ABW,Aruba,2000,1873452513.96648
AFE,Africa Eastern and Southern,2000,287041984552.036
AFG,Afghanistan,2000,3521418059.92345
AFW,Africa Western and Central,2000,142700161610.079
AGO,Angola,2000,9129594970.15301
ALB,Albania,2000,3584570164.85195
AND,Andorra,2000,1432606296.26722
ARE,United Arab Emirates,2000,104337372362.151
ARG,Argentina,2000,284203750000.0
ARM,Armenia,2000,1911563668.85006
ASM,American Samoa,2000,
ATG,Antigua and Barbuda,2000,901003703.703704
AUS,Australia,2000,416901962163.479
AUT,Austria,2000,196181599831.287
AZE,Azerbaijan,2000,5272615722.96892
BDI,Burundi,2000,870486065.883137
BEL,Belgium,2000,236792460312.471
BEN,Benin,2000,3519991440.47913
BFA,Burkina Faso,2000,2968370087.59759
BGD,Bangladesh,2000,53369787318.6245
BGR,Bulgaria,2000,13245990274.4581
BHR,Bahrain,2000,9062898936.17021
BHS,"Bahamas, The",2000,8076470000.0
BIH,Bosnia and Herzegovina,2000,5567772768.81188
BLR,Belarus,2000,12736856827.9847
BLZ,Belize,2000,1138138100.0
BMU,Bermuda,2000,3480219000.0
BOL,Bolivia,2000,8397855484.76908
BRA,Brazil,2000,655448188259.351
BRB,Barbados,2000,3059500000.0
BRN,Brunei Darussalam,2000,6570999087.56742
BTN,Bhutan,2000,460733418.399276
BWA,Botswana,2000,5788329609.15755
CAF,Central African Republic,2000,916777282.691659
CAN,Canada,2000,744773415931.587
CHE,Switzerland,2000,279216033870.204
CHI,Channel Islands,2000,6439703434.71024
CHL,Chile,2000,78339750721.364
CHN,China,2000,1223754919971.05
CIV,Cote d'Ivoire,2000,16577533891.8785
CMR,Cameroon,2000,10566579294.9831
COD,"Congo, Dem. Rep.",2000,19088046305.7971
COG,"Congo, Rep.",2000,3227927697.57921
COL,Colombia,2000,99875074951.0278
COM,Comoros,2000,339504306.290689
CPV,Cabo Verde,2000,539227277.626411
CRI,Costa Rica,2000,15013629661.8969
CUB,Cuba,2000,30565400000.0
CUW,Curacao,2000,2120511229.05028
CYM,Cayman Islands,2000,
CYP,Cyprus,2000,9985847313.85485
CZE,Czechia,2000,62175642238.0847
DEU,Germany,2000,1966980701145.1
DJI,Djibouti,2000,551230861.856505
DMA,Dominica,2000,333470370.37037
DNK,Denmark,2000,164043817223.59
DOM,Dominican Republic,2000,24305780628.6677
DZA,Algeria,2000,54790398570.3282
EAR,Early-demographic dividend,2000,3378295866754.26
ECS,Europe & Central Asia,2000,10084357140368.8
ECU,Ecuador,2000,17539454727.3637
EGY,"Egypt, Arab Rep.",2000,99838543960.0763
ERI,Eritrea,2000,706370815.584416
ESP,Spain,2000,598102854756.08
EST,Estonia,2000,5686579747.53524
ETH,Ethiopia,2000,8242349617.8638
FIN,Finland,2000,125967821110.589
FJI,Fiji,2000,1678219507.89829
FRA,France,2000,1360959069477.49
FRO,Faroe Islands,2000,1067109530.64798
FSM,"Micronesia, Fed. Sts.",2000,229616847.556821
GAB,Gabon,2000,5080483628.53013
GBR,United Kingdom,2000,1671597821152.97
GEO,Georgia,2000,3057475335.18846
GHA,Ghana,2000,4982850662.20851
GIB,Gibraltar,2000,
GIN,Guinea,2000,4367458866.71537
GMB,"Gambia, The",2000,782913871.80966
GNB,Guinea-Bissau,2000,391345597.488269
GNQ,Equatorial Guinea,2000,1045998496.43872
GRC,Greece,2000,125760166224.805
GRD,Grenada,2000,520044370.37037
GRL,Greenland,2000,1068025016.00862
GTM,Guatemala,2000,19288929030.0508
GUM,Guam,2000,
GUY,Guyana,2000,712667896.727512
HKG,"Hong Kong SAR, China",2000,171668891194.349
HND,Honduras,2000,7186638029.05875
HRV,Croatia,2000,22134411297.473
HTI,Haiti,2000,6813566098.8675
HUN,Hungary,2000,47275954428.9586
IDB,IDA blend,2000,244290144682.412
IDN,Indonesia,2000,165021012077.81
IMN,Isle of Man,2000,1601050083.21985
IND,India,2000,468395521654.458
IRL,Ireland,2000,100207610429.909
IRN,"Iran, Islamic Rep.",2000,109591707802.216
IRQ,Iraq,2000,48364250943.9051
ISL,Iceland,2000,9140168922.35677
ISR,Israel,2000,136512300542.025
ITA,Italy,2000,1149661363439.38
JAM,Jamaica,2000,9005064474.93003
JOR,Jordan,2000,8460789844.8519
JPN,Japan,2000,4968359075956.59
KAZ,Kazakhstan,2000,18291990662.0356
KEN,Kenya,2000,12705350097.8044
KGZ,Kyrgyz Republic,2000,1369688498.06778
KHM,Cambodia,2000,3694168979.32019
KIR,Kiribati,2000,74910527.2586758
KNA,St. Kitts and Nevis,2000,421695769.843918
KOR,"Korea, Rep.",2000,597487173479.109
KWT,Kuwait,2000,37718743480.0751
LAO,Lao PDR,2000,1731198022.46763
LBN,Lebanon,2000,17260364842.4544
LBR,Liberia,2000,874000000.0
LBY,Libya,2000,38270954138.1128
LCA,St. Lucia,2000,932592592.592592
LCN,Latin America & Caribbean,2000,2326960774300.02
LIE,Liechtenstein,2000,2483889858.32312
LKA,Sri Lanka,2000,16595882818.6857
LSO,Lesotho,2000,887291687.920796
LTE,Late-demographic dividend,2000,3427507985097.52
LTU,Lithuania,2000,11550695727.2335
LUX,Luxembourg,2000,21230182989.3036
LVA,Latvia,2000,7761252607.18424
MAC,"Macao SAR, China",2000,6773944355.1502
MAF,St. Martin (French part),2000,
MAR,Morocco,2000,43017455401.8445
MCO,Monaco,2000,2654462665.26893
MDA,Moldova,2000,1288429391.79951
MDG,Madagascar,2000,4629247203.84524
MDV,Maldives,2000,624337145.284622
MEX,Mexico,2000,742061329749.127
MHL,Marshall Islands,2000,114838500.0
MKD,North Macedonia,2000,3772859034.20508
MLI,Mali,2000,3521570875.90793
MLT,Malta,2000,4036809815.46617
MMR,Myanmar,2000,8905066163.58643
MNE,Montenegro,2000,984293043.811565
MNG,Mongolia,2000,1136896123.61298
MNP,Northern Mariana Islands,2000,
MOZ,Mozambique,2000,5930685214.61595
MRT,Mauritania,2000,1779520886.47015
MUS,Mauritius,2000,4726108622.47661
MWI,Malawi,2000,2537307580.32808
MYS,Malaysia,2000,93789736842.1053
NAM,Namibia,2000,3922232164.83175
NCL,New Caledonia,2000,3420032041.07385
NER,Niger,2000,2241753192.81158
NGA,Nigeria,2000,69171451627.2465
NIC,Nicaragua,2000,5109587049.97449
NLD,Netherlands,2000,417649282153.726
NOR,Norway,2000,171457201935.968
NPL,Nepal,2000,5494252207.90502
NRU,Nauru,2000,26930980.3429002
NZL,New Zealand,2000,52623281956.7031
OMN,Oman,2000,22259557867.3602
PAK,Pakistan,2000,99484802344.5277
PAN,Panama,2000,11966497048.6488
PER,Peru,2000,51744749133.213
PHL,Philippines,2000,83669788376.9213
PLW,Palau,2000,149551483.154297
PNG,Papua New Guinea,2000,3521339699.07407
POL,Poland,2000,172953527033.013
PRI,Puerto Rico (US),2000,61701800000.0
PRK,"Korea, Dem. People's Rep.",2000,
PRT,Portugal,2000,118605192877.388
PRY,Paraguay,2000,8855705139.55857
PSE,West Bank and Gaza,2000,4313600000.0
PYF,French Polynesia,2000,3599845480.34359
QAT,Qatar,2000,17759890109.8901
ROU,Romania,2000,37253739511.1273
RUS,Russia,2000,259710142196.943
RWA,Rwanda,2000,2068836754.37431
SAU,Saudi Arabia,2000,189514933333.333
SDN,Sudan,2000,12257299147.2936
SEN,Senegal,2000,6013185003.97525
SGP,Singapore,2000,96076539925.7409
SLB,Solomon Islands,2000,419842674.227652
SLE,Sierra Leone,2000,635866403.776065
SLV,El Salvador,2000,11784927700.0
SMR,San Marino,2000,1007661366.66959
SOM,"Somalia, Fed. Rep.",2000,3412797450.20112
SRB,Serbia,2000,7326373882.11044
SSD,South Sudan,2000,
STP,Sao Tome and Principe,2000,76198394.8202671
SUR,Suriname,2000,947671969.69697
SVK,Slovak Republic,2000,29215726004.7765
SVN,Slovenia,2000,20159190701.6789
SWE,Sweden,2000,262903560280.282
SWZ,Eswatini,2000,1697161557.89452
SXM,Sint Maarten (Dutch part),2000,
SYC,Seychelles,2000,654212394.27164
SYR,Syrian Arab Republic,2000,18937052543.4373
TCA,Turks and Caicos Islands,2000,
TCD,Chad,2000,1388506771.58756
TGO,Togo,2000,2106848752.27753
THA,Thailand,2000,126392224253.794
TJK,Tajikistan,2000,860541842.263697
TKM,Turkmenistan,2000,2904663310.9825
TLS,Timor-Leste,2000,366924276.517996
TON,Tonga,2000,204848487.806485
TTO,Trinidad and Tobago,2000,8154342116.10311
TUN,Tunisia,2000,21473528160.7782
TUR,Turkiye,2000,274748463178.502
TUV,Tuvalu,2000,15073975.5349377
TZA,Tanzania,2000,13371767081.7428
UGA,Uganda,2000,6193246837.09687
UKR,Ukraine,2000,32375083934.8241
URY,Uruguay,2000,22823270892.1094
USA,United States,2000,10250947997000.0
UZB,Uzbekistan,2000,13760513969.314
VCT,St. Vincent and the Grenadines,2000,427946037.037037
VEN,"Venezuela, RB",2000,117146466002.661
VGB,British Virgin Islands,2000,
VIR,Virgin Islands (U.S.),2000,
VNM,Viet Nam,2000,31172518403.3162
VUT,Vanuatu,2000,272014627.835262
WSM,Samoa,2000,258856139.798489
XKX,Kosovo,2000,
YEM,"Yemen, Rep.",2000,9679316770.18633
ZAF,South Africa,2000,151752757215.309
ZMB,Zambia,2000,3600632111.41414
ZWE,Zimbabwe,2000,6693250000.0
ABW,Aruba,2001,1896456983.24022
AFE,Africa Eastern and Southern,2001,260849957489.123
AFG,Afghanistan,2001,2813571753.87253
AFW,Africa Western and Central,2001,150714426912.056
AGO,Angola,2001,8936079117.73136
ALB,Albania,2001,4059064033.13379
AND,Andorra,2001,1548265926.7572
ARE,United Arab Emirates,2001,103311640571.818
ARG,Argentina,2001,268696750000.0
ARM,Armenia,2001,2118467913.37873
ASM,American Samoa,2001,
ATG,Antigua and Barbuda,2001,877774074.074074
AUS,Australia,2001,380360222861.197
AUT,Austria,2001,196477206829.33
AZE,Azerbaijan,2001,5707616203.72011
BDI,Burundi,2001,876794723.068586
BEL,Belgium,2001,236746141604.37
BEN,Benin,2001,3666222635.13875
BFA,Burkina Faso,2001,3190371080.94768
BGD,Bangladesh,2001,53991289844.3291
BGR,Bulgaria,2001,14183446025.7389
BHR,Bahrain,2001,8976196808.51064
BHS,"Bahamas, The",2001,8317830000.0
BIH,Bosnia and Herzegovina,2001,5800615374.76094
BLR,Belarus,2001,12354820143.8849
BLZ,Belize,2001,1172045150.0
BMU,Bermuda,2001,3680483000.0
BOL,Bolivia,2001,8141516928.39489
BRA,Brazil,2001,559983704094.17
BRB,Barbados,2001,3054500000.0
BRN,Brunei Darussalam,2001,6096155767.38145
BTN,Bhutan,2001,496110225.710307
BWA,Botswana,2001,5489608299.66445
CAF,Central African Republic,2001,932648604.751954
CAN,Canada,2001,738981792355.372
CHE,Switzerland,2001,286582672434.226
CHI,Channel Islands,2001,6232906290.4851
CHL,Chile,2001,71574739561.4329
CHN,China,2001,1355036590251.52
CIV,Cote d'Ivoire,2001,16810537043.8407
CMR,Cameroon,2001,10953485349.1135
COD,"Congo, Dem. Rep.",2001,7438189100.33333
COG,"Congo, Rep.",2001,2796704604.03812
COL,Colombia,2001,98200641203.3892
COM,Comoros,2001,372746486.166796
CPV,Cabo Verde,2001,563090490.377368
CRI,Costa Rica,2001,15976174336.9721
CUB,Cuba,2001,31682400000.0
CUW,Curacao,2001,2143450726.25698
CYM,Cayman Islands,2001,
CYP,Cyprus,2001,10397898907.1038
CZE,Czechia,2001,68135304463.9641
DEU,Germany,2001,1966381496641.73
DJI,Djibouti,2001,572417440.820162
DMA,Dominica,2001,377462962.962963
DNK,Denmark,2001,164881594415.341
DOM,Dominican Republic,2001,25601823687.5742
DZA,Algeria,2001,59413400923.6364
EAR,Early-demographic dividend,2001,3351822804548.09
ECS,Europe & Central Asia,2001,10189029938417.1
ECU,Ecuador,2001,23127055000.0
EGY,"Egypt, Arab Rep.",2001,96684636118.5984
ERI,Eritrea,2001,752371688.743186
ESP,Spain,2001,627798682378.741
EST,Estonia,2001,6250218422.70164
ETH,Ethiopia,2001,8231326016.47494
FIN,Finland,2001,129519672868.898
FJI,Fiji,2001,1652462023.46215
FRA,France,2001,1370376677298.86
FRO,Faroe Islands,2001,1160268212.07291
FSM,"Micronesia, Fed. Sts.",2001,236387710.833256
GAB,Gabon,2001,5023265413.2623
GBR,United Kingdom,2001,1656171009068.66
GEO,Georgia,2001,3219462262.0075
GHA,Ghana,2001,5314872854.4405
GIB,Gibraltar,2001,
GIN,Guinea,2001,4125527603.22908
GMB,"Gambia, The",2001,687410645.063943
GNB,Guinea-Bissau,2001,412610871.509121
GNQ,Equatorial Guinea,2001,1461139022.02954
GRC,Greece,2001,132050474720.03
GRD,Grenada,2001,520444185.185185
GRL,Greenland,2001,1086170703.9816
GTM,Guatemala,2001,18405220247.4412
GUM,Guam,2001,
GUY,Guyana,2001,712167450.162898
HKG,"Hong Kong SAR, China",2001,169404327616.605
HND,Honduras,2001,7651162302.3456
HRV,Croatia,2001,23066883849.6467
HTI,Haiti,2001,6331970324.31022
HUN,Hungary,2001,53800068065.7969
IDB,IDA blend,2001,243968067343.097
IDN,Indonesia,2001,160446947784.909
IMN,Isle of Man,2001,1668684324.16871
IND,India,2001,485440139204.171
IRL,Ireland,2001,109346669229.695
IRN,"Iran, Islamic Rep.",2001,126878750295.944
IRQ,Iraq,2001,36176430128.8057
ISL,Iceland,2001,8323401820.48477
ISR,Israel,2001,135002039612.906
ITA,Italy,2001,1172041488805.87
JAM,Jamaica,2001,9194727831.07318
JOR,Jordan,2001,8975814652.8196
JPN,Japan,2001,4374711694090.87
KAZ,Kazakhstan,2001,22152689179.8815
KEN,Kenya,2001,12986007425.8781
KGZ,Kyrgyz Republic,2001,1525116370.27939
KHM,Cambodia,2001,4145665969.92864
KIR,Kiribati,2001,64935850.1573877
KNA,St. Kitts and Nevis,2001,458643829.014199
KOR,"Korea, Rep.",2001,567564806235.441
KWT,Kuwait,2001,34889559869.8326
LAO,Lao PDR,2001,1768619058.34647
LBN,Lebanon,2001,17649751243.7811
LBR,Liberia,2001,906000000.0
LBY,Libya,2001,34112093927.254
LCA,St. Lucia,2001,892592592.592592
LCN,Latin America & Caribbean,2001,2282616677666.16
LIE,Liechtenstein,2001,2491800558.77674
LKA,Sri Lanka,2001,15749753804.8344
LSO,Lesotho,2001,825706961.238689
LTE,Late-demographic dividend,2001,3545543381138.98
LTU,Lithuania,2001,12260761329.3051
LUX,Luxembourg,2001,21387533703.2327
LVA,Latvia,2001,8190888739.6463
MAC,"Macao SAR, China",2001,6860272608.45211
MAF,St. Martin (French part),2001,
MAR,Morocco,2001,43831480207.6444
MCO,Monaco,2001,2673723033.71239
MDA,Moldova,2001,1480673594.05602
MDG,Madagascar,2001,5438332601.90798
MDV,Maldives,2001,870031676.798793
MEX,Mexico,2001,796064590549.136
MHL,Marshall Islands,2001,122406100.0
MKD,North Macedonia,2001,3709636030.66578
MLI,Mali,2001,4124281593.71774
MLT,Malta,2001,4070867133.21751
MMR,Myanmar,2001,6477790688.22844
MNE,Montenegro,2001,1159869245.92513
MNG,Mongolia,2001,1267997934.3125
MNP,Northern Mariana Islands,2001,
MOZ,Mozambique,2001,5650154067.10346
MRT,Mauritania,2001,1746063557.61355
MUS,Mauritius,2001,4675755867.17657
MWI,Malawi,2001,2498008664.6691
MYS,Malaysia,2001,92783947368.4211
NAM,Namibia,2001,3557341215.15159
NCL,New Caledonia,2001,3297734891.14661
NER,Niger,2001,2448714703.96617
NGA,Nigeria,2001,73557840064.489
NIC,Nicaragua,2001,5351752034.2221
NLD,Netherlands,2001,432536219668.898
NOR,Norway,2001,174239354070.977
NPL,Nepal,2001,6007055042.17687
NRU,Nauru,2001,22613287.5389074
NZL,New Zealand,2001,53872425916.6248
OMN,Oman,2001,22205721716.515
PAK,Pakistan,2001,97145618479.9038
PAN,Panama,2001,12252906340.6841
PER,Peru,2001,52030158775.4055
PHL,Philippines,2001,78921234457.5487
PLW,Palau,2001,159446228.027344
PNG,Papua New Guinea,2001,3081024212.42924
POL,Poland,2001,191823200371.284
PRI,Puerto Rico (US),2001,69208400000.0
PRK,"Korea, Dem. People's Rep.",2001,
PRT,Portugal,2001,121604107164.997
PRY,Paraguay,2001,8495806432.18467
PSE,West Bank and Gaza,2001,4003700000.0
PYF,French Polynesia,2001,3573808556.31268
QAT,Qatar,2001,17538461538.4615
ROU,Romania,2001,40395116581.4832
RUS,Russia,2001,306602070620.5
RWA,Rwanda,2001,1966600715.49841
SAU,Saudi Arabia,2001,184137600000.0
SDN,Sudan,2001,15716361792.1926
SEN,Senegal,2001,6507824829.26254
SGP,Singapore,2001,89793790669.6515
SLB,Solomon Islands,2001,409508552.979972
SLE,Sierra Leone,2001,1681473893.76655
SLV,El Salvador,2001,12282533600.0
SMR,San Marino,2001,1059529812.37456
SOM,"Somalia, Fed. Rep.",2001,2252847464.68608
SRB,Serbia,2001,13599378661.9952
SSD,South Sudan,2001,
STP,Sao Tome and Principe,2001,75951133.3777948
SUR,Suriname,2001,834279357.798165
SVK,Slovak Republic,2001,30726659550.9717
SVN,Slovenia,2001,20668868706.8115
SWE,Sweden,2001,242497797484.776
SWZ,Eswatini,2001,1502870485.88122
SXM,Sint Maarten (Dutch part),2001,
SYC,Seychelles,2001,662064155.920692
SYR,Syrian Arab Republic,2001,20237024724.7039
TCA,Turks and Caicos Islands,2001,358744800.0
TCD,Chad,2001,1710843377.00119
TGO,Togo,2001,2093498674.49678
THA,Thailand,2001,120296476180.402
TJK,Tajikistan,2001,1080772551.29433
TKM,Turkmenistan,2001,3534772732.39746
TLS,Timor-Leste,2001,477359252.614385
TON,Tonga,2001,181117230.406546
TTO,Trinidad and Tobago,2001,8824849191.03571
TUN,Tunisia,2001,22065832448.8623
TUR,Turkiye,2001,202195080239.036
TUV,Tuvalu,2001,13964732.327114
TZA,Tanzania,2001,13563990022.3641
UGA,Uganda,2001,5840503868.51573
UKR,Ukraine,2001,39309580983.2282
URY,Uruguay,2001,20898761742.2386
USA,United States,2001,10581929774000.0
UZB,Uzbekistan,2001,11401421329.1974
VCT,St. Vincent and the Grenadines,2001,462072333.333333
VEN,"Venezuela, RB",2001,122911036746.729
VGB,British Virgin Islands,2001,
VIR,Virgin Islands (U.S.),2001,
VNM,Viet Nam,2001,32685198808.5549
VUT,Vanuatu,2001,257926881.72043
WSM,Samoa,2001,266299591.479428
XKX,Kosovo,2001,
YEM,"Yemen, Rep.",2001,9852990692.98714
ZAF,South Africa,2001,135429905922.526
ZMB,Zambia,2001,4094441301.21423
ZWE,Zimbabwe,2001,6780750000.0
ABW,Aruba,2002,1961843575.41899
AFE,Africa Eastern and Southern,2002,269746009737.978
AFG,Afghanistan,2002,3825701438.99963
AFW,Africa Western and Central,2002,180129182230.862
AGO,Angola,2002,17311512432.451
ALB,Albania,2002,4515003116.68036
AND,Andorra,2002,1764279817.95815
ARE,United Arab Emirates,2002,109816201497.617
ARG,Argentina,2002,97724004251.8602
ARM,Armenia,2002,2376335048.39976
ASM,American Samoa,2002,512000000.0
ATG,Antigua and Barbuda,2002,898092592.592592
AUS,Australia,2002,396436967262.563
AUT,Austria,2002,212837224022.813
AZE,Azerbaijan,2002,6236087738.28284
BDI,Burundi,2002,825394519.423728
BEL,Belgium,2002,258383599375.177
BEN,Benin,2002,4194342686.2178
BFA,Burkina Faso,2002,3622350062.96053
BGD,Bangladesh,2002,54724081490.5102
BGR,Bulgaria,2002,16403043849.8297
BHR,Bahrain,2002,9593510638.29787
BHS,"Bahamas, The",2002,8881160000.0
BIH,Bosnia and Herzegovina,2002,6728220982.88398
BLR,Belarus,2002,14594900944.7658
BLZ,Belize,2002,1243912050.0
BMU,Bermuda,2002,3937228000.0
BOL,Bolivia,2002,7905485146.44351
BRA,Brazil,2002,509795270685.19
BRB,Barbados,2002,3106500000.0
BRN,Brunei Darussalam,2002,6333082875.56937
BTN,Bhutan,2002,559345263.708309
BWA,Botswana,2002,5438863982.88692
CAF,Central African Republic,2002,996068144.884889
CAN,Canada,2002,760649334098.005
CHE,Switzerland,2002,309301422430.386
CHI,Channel Islands,2002,6663669064.7482
CHL,Chile,2002,70264045939.2773
CHN,China,2002,1489821682050.54
CIV,Cote d'Ivoire,2002,18054383320.8474
CMR,Cameroon,2002,12417251350.4882
COD,"Congo, Dem. Rep.",2002,8728038525.14034
COG,"Congo, Rep.",2002,3034250923.97726
COL,Colombia,2002,97945812802.8882
COM,Comoros,2002,427360070.324544
CPV,Cabo Verde,2002,620507387.466174
CRI,Costa Rica,2002,16578820687.2881
CUB,Cuba,2002,33590500000.0
CUW,Curacao,2002,2160784692.73743
CYM,Cayman Islands,2002,
CYP,Cyprus,2002,11420228846.1538
CZE,Czechia,2002,82607869609.574
DEU,Germany,2002,2102350798305.89
DJI,Djibouti,2002,591122039.601398
DMA,Dominica,2002,375200000.0
DNK,Denmark,2002,178788209558.311
DOM,Dominican Republic,2002,27137440786.2562
DZA,Algeria,2002,61516103406.1688
EAR,Early-demographic dividend,2002,3255787156323.37
ECS,Europe & Central Asia,2002,11156577456679.8
ECU,Ecuador,2002,27054197000.0
EGY,"Egypt, Arab Rep.",2002,85146067415.7303
ERI,Eritrea,2002,729321680.154324
ESP,Spain,2002,708938227243.923
EST,Estonia,2002,7370119619.4782
ETH,Ethiopia,2002,7850809498.16803
FIN,Finland,2002,140360963811.765
FJI,Fiji,2002,1833279985.36741
FRA,France,2002,1492427756382.43
FRO,Faroe Islands,2002,1275093689.27107
FSM,"Micronesia, Fed. Sts.",2002,237654335.835633
GAB,Gabon,2002,5335451099.88223
GBR,United Kingdom,2002,1790536570743.41
GEO,Georgia,2002,3395766677.67315
GHA,Ghana,2002,6166197847.85031
GIB,Gibraltar,2002,
GIN,Guinea,2002,4301608752.51396
GMB,"Gambia, The",2002,578235309.327198
GNB,Guinea-Bissau,2002,466773711.235579
GNQ,Equatorial Guinea,2002,1806742742.27311
GRC,Greece,2002,150253800085.865
GRD,Grenada,2002,540336925.925926
GRL,Greenland,2002,1169136716.03557
GTM,Guatemala,2002,20444205991.025
GUM,Guam,2002,3394000000.0
GUY,Guyana,2002,726131434.715338
HKG,"Hong Kong SAR, China",2002,166348866131.028
HND,Honduras,2002,7858255412.86038
HRV,Croatia,2002,26757722428.6781
HTI,Haiti,2002,6205847213.6351
HUN,Hungary,2002,67636468625.0428
IDB,IDA blend,2002,267621509349.006
IDN,Indonesia,2002,195660611165.183
IMN,Isle of Man,2002,1891002697.84173
IND,India,2002,514939140318.756
IRL,Ireland,2002,128596035288.401
IRN,"Iran, Islamic Rep.",2002,128626917503.72
IRQ,Iraq,2002,32928454672.4246
ISL,Iceland,2002,9416199699.54736
ISR,Israel,2002,125332331883.997
ITA,Italy,2002,1281746271196.04
JAM,Jamaica,2002,9719009494.84779
JOR,Jordan,2002,9582510578.27927
JPN,Japan,2002,4182846045873.61
KAZ,Kazakhstan,2002,24636598527.4437
KEN,Kenya,2002,13147736898.5176
KGZ,Kyrgyz Republic,2002,1605643104.73021
KHM,Cambodia,2002,4501227626.62752
KIR,Kiribati,2002,74743869.1313473
KNA,St. Kitts and Nevis,2002,481077373.669966
KOR,"Korea, Rep.",2002,650014391470.21
KWT,Kuwait,2002,38135788413.8276
LAO,Lao PDR,2002,1758176653.07746
LBN,Lebanon,2002,19152238805.9701
LBR,Liberia,2002,927000000.0
LBY,Libya,2002,20481889763.7795
LCA,St. Lucia,2002,900000000.0
LCN,Latin America & Caribbean,2002,2052785902058.93
LIE,Liechtenstein,2002,2688618747.38148
LKA,Sri Lanka,2002,16536535647.0834
LSO,Lesotho,2002,775777238.55814
LTE,Late-demographic dividend,2002,3760831882469.91
LTU,Lithuania,2002,14282292664.6004
LUX,Luxembourg,2002,23649833332.1655
LVA,Latvia,2002,9249030241.01864
MAC,"Macao SAR, China",2002,7371692774.43404
MAF,St. Martin (French part),2002,
MAR,Morocco,2002,47077192187.6418
MCO,Monaco,2002,2919647981.81473
MDA,Moldova,2002,1661818168.4226
MDG,Madagascar,2002,5351701663.40807
MDV,Maldives,2002,897031250.0
MEX,Mexico,2002,810666116401.915
MHL,Marshall Islands,2002,131960000.0
MKD,North Macedonia,2002,4018365747.00972
MLI,Mali,2002,4647238256.5683
MLT,Malta,2002,4455127414.45967
MMR,Myanmar,2002,6777632512.0781
MNE,Montenegro,2002,1284685050.52413
MNG,Mongolia,2002,1396555719.97409
MNP,Northern Mariana Islands,2002,1284000000.0
MOZ,Mozambique,2002,5950769426.60213
MRT,Mauritania,2002,1777057481.26043
MUS,Mauritius,2002,4906494249.38255
MWI,Malawi,2002,5087328437.8737
MYS,Malaysia,2002,100845526315.789
NAM,Namibia,2002,3349169826.38896
NCL,New Caledonia,2002,3740056747.71979
NER,Niger,2002,2782192878.67204
NGA,Nigeria,2002,95054059302.6995
NIC,Nicaragua,2002,5223727302.54906
NLD,Netherlands,2002,475529972122.746
NOR,Norway,2002,195914852576.467
NPL,Nepal,2002,6050875806.66403
NRU,Nauru,2002,21017423.6082043
NZL,New Zealand,2002,66627729311.4495
OMN,Oman,2002,23065539661.8986
PAK,Pakistan,2002,97923302809.3537
PAN,Panama,2002,12800851270.5514
PER,Peru,2002,54777553515.0809
PHL,Philippines,2002,84307345887.543
PLW,Palau,2002,162658721.923828
PNG,Papua New Guinea,2002,2999511040.19764
POL,Poland,2002,199694463255.567
PRI,Puerto Rico (US),2002,71623500000.0
PRK,"Korea, Dem. People's Rep.",2002,
PRT,Portugal,2002,134795565549.419
PRY,Paraguay,2002,7196260656.84556
PSE,West Bank and Gaza,2002,3555800000.0
PYF,French Polynesia,2002,3965405552.5203
QAT,Qatar,2002,19363736263.7363
ROU,Romania,2002,46065502702.5817
RUS,Russia,2002,345470494417.863
RWA,Rwanda,2002,1966003468.49117
SAU,Saudi Arabia,2002,189605866666.667
SDN,Sudan,2002,18137128388.3606
SEN,Senegal,2002,7006402319.75856
SGP,Singapore,2002,92538372869.6942
SLB,Solomon Islands,2002,346406738.885237
SLE,Sierra Leone,2002,1933863910.73227
SLV,El Salvador,2002,12664190300.0
SMR,San Marino,2002,1148872072.38556
SOM,"Somalia, Fed. Rep.",2002,2192684134.59273
SRB,Serbia,2002,17930583571.3055
SSD,South Sudan,2002,
STP,Sao Tome and Principe,2002,85171073.8777498
SUR,Suriname,2002,1093574468.08511
SVK,Slovak Republic,2002,35243658398.7546
SVN,Slovenia,2002,23214593516.2095
SWE,Sweden,2002,267371907446.776
SWZ,Eswatini,2002,1393945030.65105
SXM,Sint Maarten (Dutch part),2002,
SYC,Seychelles,2002,742134837.50919
SYR,Syrian Arab Republic,2002,20669357462.3831
TCA,Turks and Caicos Islands,2002,366707900.0
TCD,Chad,2002,1997005708.81576
TGO,Togo,2002,2410199032.43102
THA,Thailand,2002,134300904400.022
TJK,Tajikistan,2002,1221106220.2868
TKM,Turkmenistan,2002,4462029108.72349
TLS,Timor-Leste,2002,469455490.775238
TON,Tonga,2002,182764280.828501
TTO,Trinidad and Tobago,2002,9008298228.60273
TUN,Tunisia,2002,23141616604.5242
TUR,Turkiye,2002,240778008473.845
TUV,Tuvalu,2002,16842672.5952874
TZA,Tanzania,2002,14129651895.6911
UGA,Uganda,2002,6178563591.12051
UKR,Ukraine,2002,43956163612.0433
URY,Uruguay,2002,13606515722.5864
USA,United States,2002,10929112955000.0
UZB,Uzbekistan,2002,9687788512.80184
VCT,St. Vincent and the Grenadines,2002,487763851.851852
VEN,"Venezuela, RB",2002,92893587733.6549
VGB,British Virgin Islands,2002,
VIR,Virgin Islands (U.S.),2002,3262000000.0
VNM,Viet Nam,2002,35064105500.8344
VUT,Vanuatu,2002,262596535.549028
WSM,Samoa,2002,281790134.211972
XKX,Kosovo,2002,
YEM,"Yemen, Rep.",2002,10693430511.4664
ZAF,South Africa,2002,129087556612.449
ZMB,Zambia,2002,4193850445.42632
ZWE,Zimbabwe,2002,6345250000.0
ABW,Aruba,2003,2044111731.84358
AFE,Africa Eastern and Southern,2003,358116081062.427
AFG,Afghanistan,2003,4520946818.54581
AFW,Africa Western and Central,2003,208646527354.851
AGO,Angola,2003,20342128111.9753
ALB,Albania,2003,5801712040.48463
AND,Andorra,2003,2366941614.03001
ARE,United Arab Emirates,2003,124346358066.712
ARG,Argentina,2003,127586973492.177
ARM,Armenia,2003,2807061008.69084
ASM,American Samoa,2003,524000000.0
ATG,Antigua and Barbuda,2003,948100000.0
AUS,Australia,2003,468517181129.878
AUT,Austria,2003,260779834340.097
AZE,Azerbaijan,2003,7276413079.11451
BDI,Burundi,2003,784654423.620476
BEL,Belgium,2003,318082528506.588
BEN,Benin,2003,5349258094.48239
BFA,Burkina Faso,2003,4740768142.67494
BGD,Bangladesh,2003,60158929188.2556
BGR,Bulgaria,2003,21144957990.4681
BHR,Bahrain,2003,11074813829.7872
BHS,"Bahamas, The",2003,8870090000.0
BIH,Bosnia and Herzegovina,2003,8498894359.38629
BLR,Belarus,2003,17825444724.4878
BLZ,Belize,2003,1308280250.0
BMU,Bermuda,2003,4186525000.0
BOL,Bolivia,2003,8082399639.54305
BRA,Brazil,2003,558233724164.711
BRB,Barbados,2003,3209500000.0
BRN,Brunei Darussalam,2003,7167725261.92713
BTN,Bhutan,2003,651935430.314445
BWA,Botswana,2003,7511582173.37724
CAF,Central African Republic,2003,1142315522.53864
CAN,Canada,2003,895540646634.787
CHE,Switzerland,2003,362075086507.76
CHI,Channel Islands,2003,7332244897.95918
CHL,Chile,2003,76492579644.0605
CHN,China,2003,1683903309843.85
CIV,Cote d'Ivoire,2003,21251754340.4305
CMR,Cameroon,2003,15970315034.9903
COD,"Congo, Dem. Rep.",2003,8937567059.87754
COG,"Congo, Rep.",2003,3503723087.74483
COL,Colombia,2003,94644969157.0987
COM,Comoros,2003,546830040.540273
CPV,Cabo Verde,2003,813260468.873834
CRI,Costa Rica,2003,17271760506.9483
CUB,Cuba,2003,35901200000.0
CUW,Curacao,2003,2202117374.30168
CYM,Cayman Islands,2003,
CYP,Cyprus,2003,14547329558.3239
CZE,Czechia,2003,100435924704.881
DEU,Germany,2003,2534715518349.01
DJI,Djibouti,2003,622044665.515049
DMA,Dominica,2003,373318518.518519
DNK,Denmark,2003,218421193436.252
DOM,Dominican Republic,2003,21403167848.1444
DZA,Algeria,2003,73482264190.9245
EAR,Early-demographic dividend,2003,3622513779274.76
ECS,Europe & Central Asia,2003,13567083586398.5
ECU,Ecuador,2003,30965208000.0
EGY,"Egypt, Arab Rep.",2003,80288461538.4615
ERI,Eritrea,2003,870248267.550163
ESP,Spain,2003,907963217057.645
EST,Estonia,2003,9876595528.45528
ETH,Ethiopia,2003,8623691300.04079
FIN,Finland,2003,171612867735.686
FJI,Fiji,2003,2300492465.32276
FRA,France,2003,1835095983049.09
FRO,Faroe Islands,2003,1501941580.88903
FSM,"Micronesia, Fed. Sts.",2003,240949861.080731
GAB,Gabon,2003,6511903365.47554
GBR,United Kingdom,2003,2061227755102.04
GEO,Georgia,2003,3991377904.13162
GHA,Ghana,2003,7632723555.66221
GIB,Gibraltar,2003,
GIN,Guinea,2003,5025167975.26363
GMB,"Gambia, The",2003,487038685.045496
GNB,Guinea-Bissau,2003,553614800.145707
GNQ,Equatorial Guinea,2003,2484745935.09329
GRC,Greece,2003,196930509813.384
GRD,Grenada,2003,591018407.407407
GRL,Greenland,2003,1558759823.08169
GTM,Guatemala,2003,21576351798.9145
GUM,Guam,2003,3569000000.0
GUY,Guyana,2003,743063950.317749
HKG,"Hong Kong SAR, China",2003,161385558801.811
HND,Honduras,2003,8230391346.67228
HRV,Croatia,2003,35245317001.8224
HTI,Haiti,2003,5071947798.27263
HUN,Hungary,2003,85190469121.074
IDB,IDA blend,2003,302939673645.116
IDN,Indonesia,2003,234772463823.808
IMN,Isle of Man,2003,2252620408.16327
IND,India,2003,607700687237.318
IRL,Ireland,2003,164670771259.602
IRN,"Iran, Islamic Rep.",2003,151911222119.488
IRQ,Iraq,2003,21921569478.8163
ISL,Iceland,2003,11564687741.9859
ISR,Israel,2003,131408914824.005
ITA,Italy,2003,1582930016538.82
JAM,Jamaica,2003,9430234810.78586
JOR,Jordan,2003,10195627644.5698
JPN,Japan,2003,4519561645253.53
KAZ,Kazakhstan,2003,30833692900.1091
KEN,Kenya,2003,14904517649.8476
KGZ,Kyrgyz Republic,2003,1919008090.49641
KHM,Cambodia,2003,5046693484.31767
KIR,Kiribati,2003,96105619.3795504
KNA,St. Kitts and Nevis,2003,469869869.86987
KOR,"Korea, Rep.",2003,728516494684.269
KWT,Kuwait,2003,47874582231.588
LAO,Lao PDR,2003,2023324407.28414
LBN,Lebanon,2003,20082918739.6352
LBR,Liberia,2003,748000000.0
LBY,Libya,2003,26265625000.0
LCA,St. Lucia,2003,987407407.407407
LCN,Latin America & Caribbean,2003,2091901136740.59
LIE,Liechtenstein,2003,3070803051.42164
LKA,Sri Lanka,2003,18881765437.2151
LSO,Lesotho,2003,1157825434.78971
LTE,Late-demographic dividend,2003,4286645021053.17
LTU,Lithuania,2003,18809197969.5431
LUX,Luxembourg,2003,29667268248.1305
LVA,Latvia,2003,11244337719.8377
MAC,"Macao SAR, China",2003,8246479565.94248
MAF,St. Martin (French part),2003,
MAR,Morocco,2003,58029363354.2757
MCO,Monaco,2003,3597089750.78276
MDA,Moldova,2003,1980907434.76826
MDG,Madagascar,2003,6372498889.66585
MDV,Maldives,2003,1052121054.6875
MEX,Mexico,2003,765549967703.273
MHL,Marshall Islands,2003,131128500.0
MKD,North Macedonia,2003,4946296599.08467
MLI,Mali,2003,5605613011.29045
MLT,Malta,2003,5418315224.40862
MMR,Myanmar,2003,10467109977.6717
MNE,Montenegro,2003,1707710053.14938
MNG,Mongolia,2003,1595297355.78349
MNP,Northern Mariana Islands,2003,1239000000.0
MOZ,Mozambique,2003,6583526860.58062
MRT,Mauritania,2003,2051147606.73687
MUS,Mauritius,2003,5894873919.74797
MWI,Malawi,2003,4669789300.35662
MYS,Malaysia,2003,110202368421.053
NAM,Namibia,2003,4926439383.51425
NCL,New Caledonia,2003,4915353827.10576
NER,Niger,2003,3394084732.49543
NGA,Nigeria,2003,104738954264.226
NIC,Nicaragua,2003,5322228350.58068
NLD,Netherlands,2003,582435617081.96
NOR,Norway,2003,229385469337.024
NPL,Nepal,2003,6330473096.54071
NRU,Nauru,2003,24778159.5806639
NZL,New Zealand,2003,88250885550.2626
OMN,Oman,2003,24733680104.0312
PAK,Pakistan,2003,112371913740.823
PAN,Panama,2003,13603456003.2851
PER,Peru,2003,58731030121.8671
PHL,Philippines,2003,87039092974.2272
PLW,Palau,2003,154566787.719727
PNG,Papua New Guinea,2003,3536411824.2958
POL,Poland,2003,218561225998.47
PRI,Puerto Rico (US),2003,74827400000.0
PRK,"Korea, Dem. People's Rep.",2003,
PRT,Portugal,2003,165226175536.793
PRY,Paraguay,2003,7691367471.17992
PSE,West Bank and Gaza,2003,3968000000.0
PYF,French Polynesia,2003,4927780606.7707
QAT,Qatar,2003,23533791208.7912
ROU,Romania,2003,57806384143.166
RUS,Russia,2003,430347420184.885
RWA,Rwanda,2003,2138237278.73822
SAU,Saudi Arabia,2003,215807733333.333
SDN,Sudan,2003,21355298459.5955
SEN,Senegal,2003,8768721563.18211
SGP,Singapore,2003,97646401095.6369
SLB,Solomon Islands,2003,417666638.600021
SLE,Sierra Leone,2003,2142618045.93129
SLV,El Salvador,2003,13243892200.0
SMR,San Marino,2003,1462590266.59186
SOM,"Somalia, Fed. Rep.",2003,2836724351.5616
SRB,Serbia,2003,23593044417.5086
SSD,South Sudan,2003,
STP,Sao Tome and Principe,2003,102085769.123419
SUR,Suriname,2003,1274190311.41869
SVK,Slovak Republic,2003,46616149116.7411
SVN,Slovenia,2003,29360575031.8177
SWE,Sweden,2003,334072443515.576
SWZ,Eswatini,2003,2149632433.27703
SXM,Sint Maarten (Dutch part),2003,
SYC,Seychelles,2003,750847230.099263
SYR,Syrian Arab Republic,2003,21828144686.0394
TCA,Turks and Caicos Islands,2003,409753600.0
TCD,Chad,2003,2742815071.5744
TGO,Togo,2003,2987984050.99318
THA,Thailand,2003,152280615245.887
TJK,Tajikistan,2003,1555318261.4172
TKM,Turkmenistan,2003,5977440582.80171
TLS,Timor-Leste,2003,490439116.183565
TON,Tonga,2003,202246591.215502
TTO,Trinidad and Tobago,2003,11305459802.0683
TUN,Tunisia,2003,27453902261.4629
TUR,Turkiye,2003,315392899922.379
TUV,Tuvalu,2003,19456338.0318228
TZA,Tanzania,2003,15211487708.7684
UGA,Uganda,2003,6606884275.23087
UKR,Ukraine,2003,52010355753.0461
URY,Uruguay,2003,12045638351.8507
USA,United States,2003,11456442041000.0
UZB,Uzbekistan,2003,10134453435.4603
VCT,St. Vincent and the Grenadines,2003,509090888.888889
VEN,"Venezuela, RB",2003,83620628582.1082
VGB,British Virgin Islands,2003,
VIR,Virgin Islands (U.S.),2003,3443000000.0
VNM,Viet Nam,2003,39552513231.9169
VUT,Vanuatu,2003,314471413.001776
WSM,Samoa,2003,333426188.41876
XKX,Kosovo,2003,
YEM,"Yemen, Rep.",2003,11777532662.0499
ZAF,South Africa,2003,197018965308.697
ZMB,Zambia,2003,4901869764.05957
ZWE,Zimbabwe,2003,5730500000.0
ABW,Aruba,2004,2254830726.25698
AFE,Africa Eastern and Southern,2004,445974808500.088
AFG,Afghanistan,2004,5224896718.67782
AFW,Africa Western and Central,2004,257939299771.713
AGO,Angola,2004,26997977896.5924
ALB,Albania,2004,7406645793.44038
AND,Andorra,2004,2900244053.52758
ARE,United Arab Emirates,2004,147824370319.946
ARG,Argentina,2004,164657930452.787
ARM,Armenia,2004,3576615240.41616
ASM,American Samoa,2004,509000000.0
ATG,Antigua and Barbuda,2004,1026329629.62963
AUS,Australia,2004,615643050220.515
AUT,Austria,2004,299210411454.823
AZE,Azerbaijan,2004,8680405740.94125
BDI,Burundi,2004,915257323.3961
BEL,Belgium,2004,369214712443.206
BEN,Benin,2004,6190270380.49856
BFA,Burkina Faso,2004,5451688537.60959
BGD,Bangladesh,2004,65108544250.0425
BGR,Bulgaria,2004,26157743368.8716
BHR,Bahrain,2004,13150159574.4681
BHS,"Bahamas, The",2004,9055290000.0
BIH,Bosnia and Herzegovina,2004,10156541220.9704
BLR,Belarus,2004,23141566292.9462
BLZ,Belize,2004,1400202000.0
BMU,Bermuda,2004,4484703000.0
BOL,Bolivia,2004,8773451751.5121
BRA,Brazil,2004,669289321944.512
BRB,Barbados,2004,3444500000.0
BRN,Brunei Darussalam,2004,8619178773.51458
BTN,Bhutan,2004,735348490.428435
BWA,Botswana,2004,8957467706.5354
CAF,Central African Republic,2004,1272360517.32373
CAN,Canada,2004,1026690238278.25
CHE,Switzerland,2004,403912891033.374
CHI,Channel Islands,2004,8553643354.08275
CHL,Chile,2004,99075985773.6682
CHN,China,2004,1984196551300.44
CIV,Cote d'Ivoire,2004,23510575681.3686
CMR,Cameroon,2004,18826214135.6419
COD,"Congo, Dem. Rep.",2004,10297483481.223
COG,"Congo, Rep.",2004,4656974940.12721
COL,Colombia,2004,117092416666.245
COM,Comoros,2004,622679660.37137
CPV,Cabo Verde,2004,924940011.836897
CRI,Costa Rica,2004,18610594846.2083
CUB,Cuba,2004,38203000000.0
CUW,Curacao,2004,2237160502.7933
CYM,Cayman Islands,2004,
CYP,Cyprus,2004,17320551250.0
CZE,Czechia,2004,120147899983.657
DEU,Germany,2004,2852317768061.78
DJI,Djibouti,2004,666072101.777505
DMA,Dominica,2004,396711111.111111
DNK,Denmark,2004,251986155630.852
DOM,Dominican Republic,2004,22322387382.494
DZA,Algeria,2004,91913680985.1708
EAR,Early-demographic dividend,2004,4209733389066.63
ECS,Europe & Central Asia,2004,15814841560656.9
ECU,Ecuador,2004,35194947000.0
EGY,"Egypt, Arab Rep.",2004,78782467532.4675
ERI,Eritrea,2004,1109054005.43971
ESP,Spain,2004,1069829382514.67
EST,Estonia,2004,12148595031.0559
ETH,Ethiopia,2004,10131187261.4421
FIN,Finland,2004,197458297639.769
FJI,Fiji,2004,2708078476.63012
FRA,France,2004,2109792297237.03
FRO,Faroe Islands,2004,1724770770.83393
FSM,"Micronesia, Fed. Sts.",2004,235538109.216531
GAB,Gabon,2004,7770219008.21293
GBR,United Kingdom,2004,2429774807762.72
GEO,Georgia,2004,5125365191.98664
GHA,Ghana,2004,8881417906.71432
GIB,Gibraltar,2004,
GIN,Guinea,2004,5300767960.51572
GMB,"Gambia, The",2004,961900651.423441
GNB,Guinea-Bissau,2004,582169841.298304
GNQ,Equatorial Guinea,2004,4410764338.66733
GRC,Greece,2004,234979615898.225
GRD,Grenada,2004,599118592.592593
GRL,Greenland,2004,1822499769.23938
GTM,Guatemala,2004,23577298094.6571
GUM,Guam,2004,3869000000.0
GUY,Guyana,2004,787814379.183843
HKG,"Hong Kong SAR, China",2004,169099768875.193
HND,Honduras,2004,8869299234.3377
HRV,Croatia,2004,41836292157.3335
HTI,Haiti,2004,6087360684.2969
HUN,Hungary,2004,104015363080.271
IDB,IDA blend,2004,365116376580.756
IDN,Indonesia,2004,256836875295.452
IMN,Isle of Man,2004,2802206151.59282
IND,India,2004,709152728830.775
IRL,Ireland,2004,194372115041.065
IRN,"Iran, Islamic Rep.",2004,187754571247.666
IRQ,Iraq,2004,36633669269.3981
ISL,Iceland,2004,13963943244.0018
ISR,Israel,2004,140047984605.087
ITA,Italy,2004,1812808753294.75
JAM,Jamaica,2004,10174664853.9476
JOR,Jordan,2004,11411706629.055
JPN,Japan,2004,4893116005656.56
KAZ,Kazakhstan,2004,43151647002.6096
KEN,Kenya,2004,16095337093.8366
KGZ,Kyrgyz Republic,2004,2211534585.0034
KHM,Cambodia,2004,5883297159.87352
KIR,Kiribati,2004,104085892.133271
KNA,St. Kitts and Nevis,2004,506900000.0
KOR,"Korea, Rep.",2004,823251107638.814
KWT,Kuwait,2004,59439090600.6108
LAO,Lao PDR,2004,2366398119.86321
LBN,Lebanon,2004,21159827992.0398
LBR,Liberia,2004,897000000.0
LBY,Libya,2004,33122307692.3077
LCA,St. Lucia,2004,1066666666.66667
LCN,Latin America & Caribbean,2004,2405470231955.35
LIE,Liechtenstein,2004,3454373797.74442
LKA,Sri Lanka,2004,20662525941.2985
LSO,Lesotho,2004,1511236655.52047
LTE,Late-demographic dividend,2004,5151932849607.39
LTU,Lithuania,2004,22743164431.1972
LUX,Luxembourg,2004,35064843792.8993
LVA,Latvia,2004,13827070378.5612
MAC,"Macao SAR, China",2004,10643253553.184
MAF,St. Martin (French part),2004,
MAR,Morocco,2004,66114145451.0067
MCO,Monaco,2004,4043551488.82603
MDA,Moldova,2004,2598249555.89984
MDG,Madagascar,2004,5064732626.29389
MDV,Maldives,2004,1226829562.5
MEX,Mexico,2004,819459227375.022
MHL,Marshall Islands,2004,132900000.0
MKD,North Macedonia,2004,5682784471.69722
MLI,Mali,2004,6485774930.48034
MLT,Malta,2004,6104141520.0839
MMR,Myanmar,2004,10567354056.4049
MNE,Montenegro,2004,2073234417.68066
MNG,Mongolia,2004,1992066808.09598
MNP,Northern Mariana Islands,2004,1210000000.0
MOZ,Mozambique,2004,7937255565.35765
MRT,Mauritania,2004,2362501023.24249
MUS,Mauritius,2004,6667418752.07307
MWI,Malawi,2004,5058726350.48896
MYS,Malaysia,2004,124749473684.211
NAM,Namibia,2004,6609205994.77406
NCL,New Caledonia,2004,5895008977.9531
NER,Niger,2004,3760443737.53797
NGA,Nigeria,2004,135764731645.611
NIC,Nicaragua,2004,5792932838.40051
NLD,Netherlands,2004,661224886143.245
NOR,Norway,2004,265268662473.297
NPL,Nepal,2004,7273938314.71988
NRU,Nauru,2004,30587565.7988334
NZL,New Zealand,2004,103905210084.034
OMN,Oman,2004,28378933680.104
PAK,Pakistan,2004,132216048339.413
PAN,Panama,2004,15100203361.784
PER,Peru,2004,66768703497.5687
PHL,Philippines,2004,95001999685.3314
PLW,Palau,2004,166363739.013672
PNG,Papua New Guinea,2004,3927157866.96465
POL,Poland,2004,256268656145.134
PRI,Puerto Rico (US),2004,80322313000.0
PRK,"Korea, Dem. People's Rep.",2004,
PRT,Portugal,2004,189382122532.169
PRY,Paraguay,2004,9624440836.29309
PSE,West Bank and Gaza,2004,4603100000.0
PYF,French Polynesia,2004,5564109981.9138
QAT,Qatar,2004,31734065934.0659
ROU,Romania,2004,74973656851.8076
RUS,Russia,2004,591016690732.385
RWA,Rwanda,2004,2376496067.01198
SAU,Saudi Arabia,2004,258742133333.333
SDN,Sudan,2004,26646007250.7319
SEN,Senegal,2004,10076816666.6196
SGP,Singapore,2004,115033593101.049
SLB,Solomon Islands,2004,468000121.313434
SLE,Sierra Leone,2004,2237350687.46606
SLV,El Salvador,2004,13724810900.0
SMR,San Marino,2004,1715340542.988
SOM,"Somalia, Fed. Rep.",2004,3859592813.10255
SRB,Serbia,2004,26845632341.8075
SSD,South Sudan,2004,
STP,Sao Tome and Principe,2004,114582283.916382
SUR,Suriname,2004,1484092538.40527
SVK,Slovak Republic,2004,57215475076.2986
SVN,Slovenia,2004,34156553313.4031
SWE,Sweden,2004,384545442175.019
SWZ,Eswatini,2004,2710331785.24986
SXM,Sint Maarten (Dutch part),2004,
SYC,Seychelles,2004,893012218.181818
SYR,Syrian Arab Republic,2004,25086950495.0495
TCA,Turks and Caicos Islands,2004,485598800.0
TCD,Chad,2004,4422855660.82592
TGO,Togo,2004,3191561508.69088
THA,Thailand,2004,172895685154.658
TJK,Tajikistan,2004,2076176869.41089
TKM,Turkmenistan,2004,6838351088.46688
TLS,Timor-Leste,2004,440771962.234046
TON,Tonga,2004,230678011.42199
TTO,Trinidad and Tobago,2004,13280291989.5755
TUN,Tunisia,2004,31183885241.4396
TUR,Turkiye,2004,410156784495.948
TUV,Tuvalu,2004,22798274.9795551
TZA,Tanzania,2004,16673062473.3981
UGA,Uganda,2004,7939487547.77384
UKR,Ukraine,2004,67220154164.3166
URY,Uruguay,2004,13686329890.1191
USA,United States,2004,12217193198000.0
UZB,Uzbekistan,2004,12030023547.8807
VCT,St. Vincent and the Grenadines,2004,549900185.185185
VEN,"Venezuela, RB",2004,112451400424.964
VGB,British Virgin Islands,2004,
VIR,Virgin Islands (U.S.),2004,3797000000.0
VNM,Viet Nam,2004,45427854693.2554
VUT,Vanuatu,2004,364996869.129618
WSM,Samoa,2004,407747565.096959
XKX,Kosovo,2004,
YEM,"Yemen, Rep.",2004,13867634371.4773
ZAF,South Africa,2004,255806908594.573
ZMB,Zambia,2004,6221110219.45542
ZWE,Zimbabwe,2004,5808500000.0
ABW,Aruba,2005,2360017318.43575
AFE,Africa Eastern and Southern,2005,521561976778.096
AFG,Afghanistan,2005,6203256538.70967
AFW,Africa Western and Central,2005,316515667947.035
AGO,Angola,2005,41396636383.3725
ALB,Albania,2005,8256658249.8128
AND,Andorra,2005,3161084846.97686
ARE,United Arab Emirates,2005,180617467964.602
ARG,Argentina,2005,198737095012.282
ARM,Armenia,2005,4900469511.10191
ASM,American Samoa,2005,500000000.0
ATG,Antigua and Barbuda,2005,1143896296.2963
AUS,Australia,2005,696811489612.816
AUT,Austria,2005,313952317330.776
AZE,Azerbaijan,2005,13245421880.834
BDI,Burundi,2005,1117113079.73645
BEL,Belgium,2005,385714762230.039
BEN,Benin,2005,6567654954.38903
BFA,Burkina Faso,2005,6146353173.34929
BGD,Bangladesh,2005,69476001239.419
BGR,Bulgaria,2005,29868657858.0082
BHR,Bahrain,2005,15968723404.2553
BHS,"Bahamas, The",2005,9836200000.0
BIH,Bosnia and Herzegovina,2005,11222796336.5426
BLR,Belarus,2005,30210091836.8294
BLZ,Belize,2005,1474298400.0
BMU,Bermuda,2005,4868136000.0
BOL,Bolivia,2005,9549122905.32852
BRA,Brazil,2005,891633826625.407
BRB,Barbados,2005,3819500000.0
BRN,Brunei Darussalam,2005,10547202620.5286
BTN,Bhutan,2005,860391000.221655
BWA,Botswana,2005,9918907108.09702
CAF,Central African Republic,2005,1337894378.73743
CAN,Canada,2005,1173108598778.68
CHE,Switzerland,2005,418284865884.998
CHI,Channel Islands,2005,8827272727.27273
CHL,Chile,2005,122294145163.192
CHN,China,2005,2317551298052.05
CIV,Cote d'Ivoire,2005,24036918703.1747
CMR,Cameroon,2005,19509852206.9341
COD,"Congo, Dem. Rep.",2005,12609728573.1032
COG,"Congo, Rep.",2005,6650001680.48544
COL,Colombia,2005,145600529605.803
COM,Comoros,2005,655375095.906176
CPV,Cabo Verde,2005,972241676.907662
CRI,Costa Rica,2005,20040642476.9817
CUB,Cuba,2005,42643836100.0
CUW,Curacao,2005,2344637262.56983
CYM,Cayman Islands,2005,
CYP,Cyprus,2005,18433412510.8817
CZE,Czechia,2005,137264185596.1
DEU,Germany,2005,2893393187361.87
DJI,Djibouti,2005,708633194.726566
DMA,Dominica,2005,391455555.555556
DNK,Denmark,2005,265150087711.985
DOM,Dominican Republic,2005,35777560683.9366
DZA,Algeria,2005,107046618669.707
EAR,Early-demographic dividend,2005,4897834756101.33
ECS,Europe & Central Asia,2005,16835012218380.2
ECU,Ecuador,2005,40278849000.0
EGY,"Egypt, Arab Rep.",2005,89660339660.3397
ERI,Eritrea,2005,1098424685.66169
ESP,Spain,2005,1154667551775.88
EST,Estonia,2005,14109491356.7964
ETH,Ethiopia,2005,12401139453.9738
FIN,Finland,2005,204859368790.661
FJI,Fiji,2005,2980403844.72096
FRA,France,2005,2192146403028.17
FRO,Faroe Islands,2005,1759739599.22694
FSM,"Micronesia, Fed. Sts.",2005,245905050.832081
GAB,Gabon,2005,9582783990.85345
GBR,United Kingdom,2005,2551361818181.82
GEO,Georgia,2005,6410912049.87105
GHA,Ghana,2005,10744568381.4456
GIB,Gibraltar,2005,
GIN,Guinea,2005,4282468636.90501
GMB,"Gambia, The",2005,1027701067.55688
GNB,Guinea-Bissau,2005,639776040.688424
GNQ,Equatorial Guinea,2005,8217369092.65224
GRC,Greece,2005,242315668619.405
GRD,Grenada,2005,695555555.555555
GRL,Greenland,2005,1849802648.36391
GTM,Guatemala,2005,26783389293.922
GUM,Guam,2005,4213000000.0
GUY,Guyana,2005,824880550.343965
HKG,"Hong Kong SAR, China",2005,181569311742.213
HND,Honduras,2005,9757012696.56212
HRV,Croatia,2005,45013119281.806
HTI,Haiti,2005,7030149730.33692
HUN,Hungary,2005,113098237570.929
IDB,IDA blend,2005,428328538081.228
IDN,Indonesia,2005,285868619196.085
IMN,Isle of Man,2005,3032411026.94919
IND,India,2005,820383763511.445
IRL,Ireland,2005,211876989655.907
IRN,"Iran, Islamic Rep.",2005,224970371324.67
IRQ,Iraq,2005,50065104667.8159
ISL,Iceland,2005,17146410560.5279
ISR,Israel,2005,147519922009.047
ITA,Italy,2005,1864982261286.85
JAM,Jamaica,2005,11243865777.7131
JOR,Jordan,2005,12588998589.5628
JPN,Japan,2005,4831467035389.8
KAZ,Kazakhstan,2005,57123671733.8952
KEN,Kenya,2005,18737895512.7378
KGZ,Kyrgyz Republic,2005,2460246766.41401
KHM,Cambodia,2005,7066296463.3598
KIR,Kiribati,2005,113895437.324786
KNA,St. Kitts and Nevis,2005,547203703.703704
KOR,"Korea, Rep.",2005,971740329983.878
KWT,Kuwait,2005,80798630136.9863
LAO,Lao PDR,2005,2735558734.7379
LBN,Lebanon,2005,21497336498.8391
LBR,Liberia,2005,949000000.0
LBY,Libya,2005,47334691241.4924
LCA,St. Lucia,2005,1135555555.55556
LCN,Latin America & Caribbean,2005,2903225603459.67
LIE,Liechtenstein,2005,3659319116.88057
LKA,Sri Lanka,2005,24405791044.7761
LSO,Lesotho,2005,1682343527.49221
LTE,Late-demographic dividend,2005,6211017343931.31
LTU,Lithuania,2005,26105207115.3129
LUX,Luxembourg,2005,37672280120.4794
LVA,Latvia,2005,16306935905.4138
MAC,"Macao SAR, China",2005,12160056122.3757
MAF,St. Martin (French part),2005,
MAR,Morocco,2005,68852658068.6673
MCO,Monaco,2005,4204652898.73103
MDA,Moldova,2005,2988342907.03096
MDG,Madagascar,2005,5859269752.61332
MDV,Maldives,2005,1163362437.5
MEX,Mexico,2005,917571853529.104
MHL,Marshall Islands,2005,138000000.0
MKD,North Macedonia,2005,6258602872.67898
MLI,Mali,2005,7429066951.48251
MLT,Malta,2005,6393234992.55141
MMR,Myanmar,2005,11986972418.5103
MNE,Montenegro,2005,2257174480.78597
MNG,Mongolia,2005,2523471601.10421
MNP,Northern Mariana Islands,2005,1061000000.0
MOZ,Mozambique,2005,8868504899.94673
MRT,Mauritania,2005,2936019525.60241
MUS,Mauritius,2005,6576108447.47531
MWI,Malawi,2005,5320409651.47544
MYS,Malaysia,2005,143534405818.501
NAM,Namibia,2005,7248374837.72056
NCL,New Caledonia,2005,6238629487.01331
NER,Niger,2005,4383315964.58718
NGA,Nigeria,2005,175670569969.346
NIC,Nicaragua,2005,6321324279.14826
NLD,Netherlands,2005,688133699635.797
NOR,Norway,2005,309978579743.888
NPL,Nepal,2005,8130258377.90964
NRU,Nauru,2005,30070666.0652533
NZL,New Zealand,2005,114720129550.095
OMN,Oman,2005,35506892067.6203
PAK,Pakistan,2005,145208562960.767
PAN,Panama,2005,16623906739.3121
PER,Peru,2005,76060606060.6061
PHL,Philippines,2005,107419977318.166
PLW,Palau,2005,190961685.180664
PNG,Papua New Guinea,2005,4865892972.27595
POL,Poland,2005,306999913150.525
PRI,Puerto Rico (US),2005,83914521300.0
PRK,"Korea, Dem. People's Rep.",2005,
PRT,Portugal,2005,197253876704.921
PRY,Paraguay,2005,10737500188.1123
PSE,West Bank and Gaza,2005,5125700000.0
PYF,French Polynesia,2005,5705052134.54253
QAT,Qatar,2005,44530494505.4945
ROU,Romania,2005,98454380120.0761
RUS,Russia,2005,764015973481.11
RWA,Rwanda,2005,2933819766.17656
SAU,Saudi Arabia,2005,328459608764.111
SDN,Sudan,2005,35182711987.974
SEN,Senegal,2005,11009033437.939
SGP,Singapore,2005,127807848728.398
SLB,Solomon Islands,2005,552881356.697517
SLE,Sierra Leone,2005,2545275312.60512
SLV,El Salvador,2005,14698000000.0
SMR,San Marino,2005,1786514058.22344
SOM,"Somalia, Fed. Rep.",2005,4683246454.10048
SRB,Serbia,2005,28334256180.8801
SSD,South Sudan,2005,
STP,Sao Tome and Principe,2005,136450662.390592
SUR,Suriname,2005,1793410397.38738
SVK,Slovak Republic,2005,62547753148.4638
SVN,Slovenia,2005,35947936823.7781
SWE,Sweden,2005,391688455928.597
SWZ,Eswatini,2005,3097946371.06311
SXM,Sint Maarten (Dutch part),2005,
SYC,Seychelles,2005,977899381.818182
SYR,Syrian Arab Republic,2005,28858965517.2414
TCA,Turks and Caicos Islands,2005,578645800.0
TCD,Chad,2005,8655892392.92919
TGO,Togo,2005,3221910408.46516
THA,Thailand,2005,189318408468.595
TJK,Tajikistan,2005,2312352020.6689
TKM,Turkmenistan,2005,8103901996.37024
TLS,Timor-Leste,2005,462267954.030558
TON,Tonga,2005,261823805.433238
TTO,Trinidad and Tobago,2005,15982389018.4041
TUN,Tunisia,2005,32272186694.8043
TUR,Turkiye,2005,508314210212.544
TUV,Tuvalu,2005,22909979.8163078
TZA,Tanzania,2005,18395383647.4975
UGA,Uganda,2005,9239221763.05793
UKR,Ukraine,2005,89238865118.5263
URY,Uruguay,2005,17362857683.8545
USA,United States,2005,13039199193000.0
UZB,Uzbekistan,2005,14307509838.8053
VCT,St. Vincent and the Grenadines,2005,579948925.925926
VEN,"Venezuela, RB",2005,145513489651.872
VGB,British Virgin Islands,2005,
VIR,Virgin Islands (U.S.),2005,4428000000.0
VNM,Viet Nam,2005,57633255738.1992
VUT,Vanuatu,2005,394962433.029368
WSM,Samoa,2005,476801793.159429
XKX,Kosovo,2005,
YEM,"Yemen, Rep.",2005,16731566717.1888
ZAF,South Africa,2005,288867217196.534
ZMB,Zambia,2005,8331870169.14977
ZWE,Zimbabwe,2005,5758250000.0
ABW,Aruba,2006,2469782681.56425
AFE,Africa Eastern and Southern,2006,587500469826.421
AFG,Afghanistan,2006,6971758282.29351
AFW,Africa Western and Central,2006,402077365740.581
AGO,Angola,2006,58653659979.711
ALB,Albania,2006,9150528132.17633
AND,Andorra,2006,3459336818.03742
ARE,United Arab Emirates,2006,222116541865.214
ARG,Argentina,2006,232557260817.308
ARM,Armenia,2006,6384452066.5146
ASM,American Samoa,2006,493000000.0
ATG,Antigua and Barbuda,2006,1303674074.07407
AUS,Australia,2006,749708370332.989
AUT,Austria,2006,333905979332.481
AZE,Azerbaijan,2006,20981929497.6188
BDI,Burundi,2006,1273375078.44844
BEL,Belgium,2006,408259840868.823
BEN,Benin,2006,7034111314.88812
BFA,Burkina Faso,2006,6547419820.38113
BGD,Bangladesh,2006,71795736172.1561
BGR,Bulgaria,2006,34380536495.6739
BHR,Bahrain,2006,18504760638.2979
BHS,"Bahamas, The",2006,10167250000.0
BIH,Bosnia and Herzegovina,2006,12864841905.9543
BLR,Belarus,2006,36961894281.3444
BLZ,Belize,2006,1590463100.0
BMU,Bermuda,2006,6144000000.0
BOL,Bolivia,2006,11451844902.2214
BRA,Brazil,2006,1107626711163.23
BRB,Barbados,2006,4217323400.0
BRN,Brunei Darussalam,2006,12644616418.691
BTN,Bhutan,2006,942879878.538879
BWA,Botswana,2006,9919158482.41085
CAF,Central African Republic,2006,1461859762.33459
CAN,Canada,2006,1319264809590.97
CHE,Switzerland,2006,441634672196.523
CHI,Channel Islands,2006,9676172953.08188
CHL,Chile,2006,153843518170.864
CHN,China,2006,2791498472804.33
CIV,Cote d'Ivoire,2006,25281413263.3712
CMR,Cameroon,2006,20910512974.933
COD,"Congo, Dem. Rep.",2006,15484044534.5783
COG,"Congo, Rep.",2006,8072305029.06514
COL,Colombia,2006,161792958904.864
COM,Comoros,2006,688498641.512529
CPV,Cabo Verde,2006,1107571457.90614
CRI,Costa Rica,2006,22715540324.3032
CUB,Cuba,2006,48835925925.9259
CUW,Curacao,2006,2457581731.84358
CYM,Cayman Islands,2006,4200288282.10157
CYP,Cyprus,2006,20072754986.8272
CZE,Czechia,2006,156236258386.589
DEU,Germany,2006,3046308753670.58
DJI,Djibouti,2006,768873684.032838
DMA,Dominica,2006,416674074.074074
DNK,Denmark,2006,283386151543.687
DOM,Dominican Republic,2006,37879830084.2627
DZA,Algeria,2006,123084258693.01
EAR,Early-demographic dividend,2006,5600388912441.22
ECS,Europe & Central Asia,2006,18236819891061.4
ECU,Ecuador,2006,45690762000.0
EGY,"Egypt, Arab Rep.",2006,107426086956.522
ERI,Eritrea,2006,1211161879.6748
ESP,Spain,2006,1261846683275.29
EST,Estonia,2006,17025671810.3124
ETH,Ethiopia,2006,15280861834.6024
FIN,Finland,2006,217044068234.117
FJI,Fiji,2006,3076305452.86506
FRA,France,2006,2317861544690.82
FRO,Faroe Islands,2006,2017680834.89917
FSM,"Micronesia, Fed. Sts.",2006,248583534.788766
GAB,Gabon,2006,10327598306.4575
GBR,United Kingdom,2006,2719558417663.29
GEO,Georgia,2006,7745250733.95067
GHA,Ghana,2006,20885037596.6963
GIB,Gibraltar,2006,
GIN,Guinea,2006,4220019845.26341
GMB,"Gambia, The",2006,1054112487.74083
GNB,Guinea-Bissau,2006,634781901.251494
GNQ,Equatorial Guinea,2006,10086528698.8604
GRC,Greece,2006,269073415333.676
GRD,Grenada,2006,698700666.666667
GRL,Greenland,2006,2013106929.50031
GTM,Guatemala,2006,29744246827.1839
GUM,Guam,2006,4238000000.0
GUY,Guyana,2006,2379817990.6918
HKG,"Hong Kong SAR, China",2006,193535442896.365
HND,Honduras,2006,10917477066.1429
HRV,Croatia,2006,49583544860.0759
HTI,Haiti,2006,7638739122.67242
HUN,Hungary,2006,115604111412.139
IDB,IDA blend,2006,526645636948.488
IDN,Indonesia,2006,364570515618.357
IMN,Isle of Man,2006,3422733202.4501
IND,India,2006,940259888787.721
IRL,Ireland,2006,232180617162.279
IRN,"Iran, Islamic Rep.",2006,265602187403.643
IRQ,Iraq,2006,65147051918.0219
ISL,Iceland,2006,17671649843.2602
ISR,Israel,2006,158900547825.306
ITA,Italy,2006,1958563654385.64
JAM,Jamaica,2006,11930179089.8855
JOR,Jordan,2006,15056981664.3159
JPN,Japan,2006,4601663122649.92
KAZ,Kazakhstan,2006,81003864630.018
KEN,Kenya,2006,25825512284.2891
KGZ,Kyrgyz Republic,2006,2834168889.42019
KHM,Cambodia,2006,8350531016.65753
KIR,Kiribati,2006,112338353.264712
KNA,St. Kitts and Nevis,2006,644414814.814815
KOR,"Korea, Rep.",2006,1095175538508.19
KWT,Kuwait,2006,101557330723.423
LAO,Lao PDR,2006,3455030060.9785
LBN,Lebanon,2006,22022709851.4096
LBR,Liberia,2006,1119000000.0
LBY,Libya,2006,60094231606.642
LCA,St. Lucia,2006,1268319185.18519
LCN,Latin America & Caribbean,2006,3397326808458.12
LIE,Liechtenstein,2006,4000102086.14635
LKA,Sri Lanka,2006,28267410542.5164
LSO,Lesotho,2006,1800092563.75462
LTE,Late-demographic dividend,2006,7496022909104.78
LTU,Lithuania,2006,30116192746.8942
LUX,Luxembourg,2006,42910146296.0646
LVA,Latvia,2006,20434922247.3037
MAC,"Macao SAR, China",2006,14874098691.9082
MAF,St. Martin (French part),2006,
MAR,Morocco,2006,75883823300.8545
MCO,Monaco,2006,4586826512.71356
MDA,Moldova,2006,3408255450.5509
MDG,Madagascar,2006,6395712490.94304
MDV,Maldives,2006,1575200390.625
MEX,Mexico,2006,1020265057882.01
MHL,Marshall Islands,2006,143200000.0
MKD,North Macedonia,2006,6861226971.55617
MLI,Mali,2006,8212007554.03129
MLT,Malta,2006,6749838805.58979
MMR,Myanmar,2006,14502553709.8303
MNE,Montenegro,2006,2717702923.09622
MNG,Mongolia,2006,3414055661.61598
MNP,Northern Mariana Islands,2006,990000000.0
MOZ,Mozambique,2006,9509835536.93373
MRT,Mauritania,2006,3919577285.92703
MUS,Mauritius,2006,7137710412.93687
MWI,Malawi,2006,5818279739.14354
MYS,Malaysia,2006,162692258307.056
NAM,Namibia,2006,8001779551.06323
NCL,New Caledonia,2006,6979155387.86792
NER,Niger,2006,4756361252.37923
NGA,Nigeria,2006,238454997161.48
NIC,Nicaragua,2006,6763672380.61154
NLD,Netherlands,2006,737593995289.411
NOR,Norway,2006,346915160681.708
NPL,Nepal,2006,9043715355.8881
NRU,Nauru,2006,29200359.3890386
NZL,New Zealand,2006,111538810712.665
OMN,Oman,2006,42577633289.987
PAK,Pakistan,2006,161871385506.36
PAN,Panama,2006,18659721513.0123
PER,Peru,2006,88643193061.748
PHL,Philippines,2006,127652926368.069
PLW,Palau,2006,193611358.642578
PNG,Papua New Guinea,2006,8354911040.70193
POL,Poland,2006,345897630736.173
PRI,Puerto Rico (US),2006,87276164400.0
PRK,"Korea, Dem. People's Rep.",2006,
PRT,Portugal,2006,208756449275.848
PRY,Paraguay,2006,13429430050.261
PSE,West Bank and Gaza,2006,5348300000.0
PYF,French Polynesia,2006,5877997979.62266
QAT,Qatar,2006,60882142857.1429
ROU,Romania,2006,122023735992.706
RUS,Russia,2006,989932071352.543
RWA,Rwanda,2006,3319784538.73346
SAU,Saudi Arabia,2006,376900133511.348
SDN,Sudan,2006,45263831634.1497
SEN,Senegal,2006,11697918243.0035
SGP,Singapore,2006,148627286361.351
SLB,Solomon Islands,2006,617257457.758489
SLE,Sierra Leone,2006,3263697466.73514
SLV,El Salvador,2006,15999890000.0
SMR,San Marino,2006,1909765165.43137
SOM,"Somalia, Fed. Rep.",2006,5026743282.04251
SRB,Serbia,2006,33298057361.7412
SSD,South Sudan,2006,
STP,Sao Tome and Principe,2006,142775104.081626
SUR,Suriname,2006,2626380435.17877
SVK,Slovak Republic,2006,70751813442.9881
SVN,Slovenia,2006,39260368837.0342
SWE,Sweden,2006,422528394459.353
SWZ,Eswatini,2006,3215307900.74767
SXM,Sint Maarten (Dutch part),2006,
SYC,Seychelles,2006,1081441283.31798
SYR,Syrian Arab Republic,2006,33751788856.305
TCA,Turks and Caicos Islands,2006,721891500.0
TCD,Chad,2006,9709626596.13031
TGO,Togo,2006,3320907721.74508
THA,Thailand,2006,221758296021.621
TJK,Tajikistan,2006,2830213848.6203
TKM,Turkmenistan,2006,10276674364.8961
TLS,Timor-Leste,2006,453792414.597114
TON,Tonga,2006,292232703.306768
TTO,Trinidad and Tobago,2006,18369361094.3886
TUN,Tunisia,2006,34376664600.5898
TUR,Turkiye,2006,559668118237.002
TUV,Tuvalu,2006,24096875.4635825
TZA,Tanzania,2006,18619859795.2852
UGA,Uganda,2006,9977647682.96954
UKR,Ukraine,2006,111884752475.248
URY,Uruguay,2006,19741420739.8901
USA,United States,2006,13815586948000.0
UZB,Uzbekistan,2006,17330833852.919
VCT,St. Vincent and the Grenadines,2006,643501148.148148
VEN,"Venezuela, RB",2006,183477522123.894
VGB,British Virgin Islands,2006,
VIR,Virgin Islands (U.S.),2006,4484000000.0
VNM,Viet Nam,2006,66371664817.0436
VUT,Vanuatu,2006,439358586.535588
WSM,Samoa,2006,499923757.780736
XKX,Kosovo,2006,
YEM,"Yemen, Rep.",2006,19063143369.858
ZAF,South Africa,2006,303858675363.643
ZMB,Zambia,2006,12756858899.2812
ZWE,Zimbabwe,2006,5446750000.0
ABW,Aruba,2007,2677641340.78212
AFE,Africa Eastern and Southern,2007,674999944547.619
AFG,Afghanistan,2007,9747886187.39393
AFW,Africa Western and Central,2007,470947616490.719
AGO,Angola,2007,73037821926.6813
ALB,Albania,2007,11116937869.8568
AND,Andorra,2007,3957627536.75624
ARE,United Arab Emirates,2007,257916133424.098
ARG,Argentina,2007,287530508430.568
ARM,Armenia,2007,9206301269.79164
ASM,American Samoa,2007,518000000.0
ATG,Antigua and Barbuda,2007,1487381481.48148
AUS,Australia,2007,856603595823.192
AUT,Austria,2007,386760177589.497
AZE,Azerbaijan,2007,33049419431.2244
BDI,Burundi,2007,1356199387.42308
BEL,Belgium,2007,470922156309.453
BEN,Benin,2007,8169048382.83875
BFA,Burkina Faso,2007,7625722836.76847
BGD,Bangladesh,2007,79611644974.5571
BGR,Bulgaria,2007,44431257128.8618
BHR,Bahrain,2007,21730000000.0
BHS,"Bahamas, The",2007,10618340000.0
BIH,Bosnia and Herzegovina,2007,15778734264.3787
BLR,Belarus,2007,45275711995.825
BLZ,Belize,2007,1706190450.0
BMU,Bermuda,2007,6767000000.0
BOL,Bolivia,2007,13120108008.3477
BRA,Brazil,2007,1397114247188.89
BRB,Barbados,2007,4675767950.0
BRN,Brunei Darussalam,2007,13432029484.4012
BTN,Bhutan,2007,1255767964.00491
BWA,Botswana,2007,10567270655.5027
CAF,Central African Republic,2007,1699811294.94935
CAN,Canada,2007,1468820407783.26
CHE,Switzerland,2007,490740715594.802
CHI,Channel Islands,2007,11514605842.3369
CHL,Chile,2007,172491076033.863
CHN,China,2007,3604055822571.63
CIV,Cote d'Ivoire,2007,28760090953.3081
CMR,Cameroon,2007,23928250433.0378
COD,"Congo, Dem. Rep.",2007,18374807772.5429
COG,"Congo, Rep.",2007,8782703436.70188
COL,Colombia,2007,206229540926.312
COM,Comoros,2007,795673152.867077
CPV,Cabo Verde,2007,1649621738.63689
CRI,Costa Rica,2007,26884700709.3146
CUB,Cuba,2007,54262870370.3704
CUW,Curacao,2007,2593831508.37989
CYM,Cayman Islands,2007,4466278030.59167
CYP,Cyprus,2007,23968727073.6381
CZE,Czechia,2007,190040702286.917
DEU,Germany,2007,3484056680854.91
DJI,Djibouti,2007,847918929.107984
DMA,Dominica,2007,444685185.185185
DNK,Denmark,2007,320213157595.018
DOM,Dominican Republic,2007,43965458508.5056
DZA,Algeria,2007,142482739809.849
EAR,Early-demographic dividend,2007,6631053551528.64
ECS,Europe & Central Asia,2007,21308302318715.6
ECU,Ecuador,2007,49848725000.0
EGY,"Egypt, Arab Rep.",2007,130437828371.278
ERI,Eritrea,2007,1317974491.05691
ESP,Spain,2007,1476746276854.51
EST,Estonia,2007,22450264166.4385
ETH,Ethiopia,2007,19707616772.7996
FIN,Finland,2007,256360251537.648
FJI,Fiji,2007,3378314599.76402
FRA,France,2007,2655816911866.56
FRO,Faroe Islands,2007,2339015313.29513
FSM,"Micronesia, Fed. Sts.",2007,252011254.242462
GAB,Gabon,2007,12455409587.3371
GBR,United Kingdom,2007,3104699879951.98
GEO,Georgia,2007,10172931088.5655
GHA,Ghana,2007,24827339138.4906
GIB,Gibraltar,2007,
GIN,Guinea,2007,6281918226.34408
GMB,"Gambia, The",2007,1279703047.0221
GNB,Guinea-Bissau,2007,753162998.015113
GNQ,Equatorial Guinea,2007,13071718758.7373
GRC,Greece,2007,314226996944.108
GRD,Grenada,2007,758683592.592593
GRL,Greenland,2007,2249811295.6608
GTM,Guatemala,2007,33567850824.1039
GUM,Guam,2007,4397000000.0
GUY,Guyana,2007,2730971595.39574
HKG,"Hong Kong SAR, China",2007,211596944503.8
HND,Honduras,2007,12361257680.5627
HRV,Croatia,2007,59290621398.1561
HTI,Haiti,2007,9228637767.69009
HUN,Hungary,2007,140123326896.329
IDB,IDA blend,2007,609839841078.279
IDN,Indonesia,2007,432216737774.861
IMN,Isle of Man,2007,4466350655.89909
IND,India,2007,1216736438834.96
IRL,Ireland,2007,270079279419.5
IRN,"Iran, Islamic Rep.",2007,349736591832.418
IRQ,Iraq,2007,88837057319.5179
ISL,Iceland,2007,21960110030.4426
ISR,Israel,2007,184681214673.45
ITA,Italy,2007,2222524108127.65
JAM,Jamaica,2007,12799600047.1845
JOR,Jordan,2007,17110437235.543
JPN,Japan,2007,4579750920354.81
KAZ,Kazakhstan,2007,104849915058.376
KEN,Kenya,2007,31958195182.2406
KGZ,Kyrgyz Republic,2007,3802570552.56105
KHM,Cambodia,2007,10127916459.8983
KIR,Kiribati,2007,138054945.643442
KNA,St. Kitts and Nevis,2007,689285185.185185
KOR,"Korea, Rep.",2007,1220911904593.06
KWT,Kuwait,2007,114634043361.692
LAO,Lao PDR,2007,4223152739.04052
LBN,Lebanon,2007,24827355014.9254
LBR,Liberia,2007,1373000000.0
LBY,Libya,2007,68032978390.6007
LCA,St. Lucia,2007,1336088814.81481
LCN,Latin America & Caribbean,2007,3998763004207.04
LIE,Liechtenstein,2007,4601429897.21468
LKA,Sri Lanka,2007,32350238760.4239
LSO,Lesotho,2007,1682131784.51365
LTE,Late-demographic dividend,2007,9445303058887.28
LTU,Lithuania,2007,39729151614.6689
LUX,Luxembourg,2007,51587401415.7872
LVA,Latvia,2007,29420499247.7089
MAC,"Macao SAR, China",2007,18439981612.4086
MAF,St. Martin (French part),2007,
MAR,Morocco,2007,86947913286.728
MCO,Monaco,2007,5875790766.2621
MDA,Moldova,2007,4401173151.93767
MDG,Madagascar,2007,8524620889.57747
MDV,Maldives,2007,1868383460.9375
MEX,Mexico,2007,1102355554971.95
MHL,Marshall Islands,2007,150500000.0
MKD,North Macedonia,2007,8336474973.72949
MLI,Mali,2007,9699047442.51269
MLT,Malta,2007,7908412305.62808
MMR,Myanmar,2007,20182477480.5512
MNE,Montenegro,2007,3677910895.15467
MNG,Mongolia,2007,4234999703.90059
MNP,Northern Mariana Islands,2007,938000000.0
MOZ,Mozambique,2007,10811456005.9405
MRT,Mauritania,2007,4346212355.02975
MUS,Mauritius,2007,8277442915.00168
MWI,Malawi,2007,6451210219.11683
MYS,Malaysia,2007,193549569477.733
NAM,Namibia,2007,8839536475.99963
NCL,New Caledonia,2007,8819917180.34265
NER,Niger,2007,5731485051.79069
NGA,Nigeria,2007,278260846800.103
NIC,Nicaragua,2007,7423375014.75729
NLD,Netherlands,2007,853499460872.552
NOR,Norway,2007,402643260487.572
NPL,Nepal,2007,10325618017.379
NRU,Nauru,2007,22766972.1889659
NZL,New Zealand,2007,137188946865.584
OMN,Oman,2007,48300390117.0351
PAK,Pakistan,2007,184140869997.46
PAN,Panama,2007,21717433808.2684
PER,Peru,2007,102170981144.136
PHL,Philippines,2007,155980408673.403
PLW,Palau,2007,200789764.404297
PNG,Papua New Guinea,2007,9545028944.34579
POL,Poland,2007,429715132137.503
PRI,Puerto Rico (US),2007,89524131600.0
PRK,"Korea, Dem. People's Rep.",2007,
PRT,Portugal,2007,240496147317.381
PRY,Paraguay,2007,17856393235.4338
PSE,West Bank and Gaza,2007,5815700000.0
PYF,French Polynesia,2007,6631156405.59637
QAT,Qatar,2007,79712087912.0879
ROU,Romania,2007,174588782938.583
RUS,Russia,2007,1299703478481.65
RWA,Rwanda,2007,4070507894.61656
SAU,Saudi Arabia,2007,415964509673.115
SDN,Sudan,2007,59440139774.8128
SEN,Senegal,2007,13994218412.9619
SGP,Singapore,2007,180941701357.97
SLB,Solomon Islands,2007,695291217.982227
SLE,Sierra Leone,2007,3632957611.35152
SLV,El Salvador,2007,17011750000.0
SMR,San Marino,2007,2188654628.38097
SOM,"Somalia, Fed. Rep.",2007,5430713728.89074
SRB,Serbia,2007,44888028946.0854
SSD,South Sudan,2007,
STP,Sao Tome and Principe,2007,149146918.888611
SUR,Suriname,2007,2936612021.85792
SVK,Slovak Republic,2007,86587749517.9724
SVN,Slovenia,2007,47880266542.577
SWE,Sweden,2007,490047789548.441
SWZ,Eswatini,2007,3391122887.17476
SXM,Sint Maarten (Dutch part),2007,
SYC,Seychelles,2007,1077308813.82945
SYR,Syrian Arab Republic,2007,40465318382.0585
TCA,Turks and Caicos Islands,2007,773490000.0
TCD,Chad,2007,10865385131.5172
TGO,Togo,2007,3759962853.26476
THA,Thailand,2007,262942621455.053
TJK,Tajikistan,2007,3719524540.86193
TKM,Turkmenistan,2007,12664165103.1895
TLS,Timor-Leste,2007,542795446.507391
TON,Tonga,2007,298519623.342085
TTO,Trinidad and Tobago,2007,21641620049.9352
TUN,Tunisia,2007,38915353866.757
TUR,Turkiye,2007,685228481017.03
TUV,Tuvalu,2007,28450168.692765
TZA,Tanzania,2007,21860434823.4808
UGA,Uganda,2007,11902564494.8833
UKR,Ukraine,2007,148733861386.139
URY,Uruguay,2007,23797773024.3992
USA,United States,2007,14474226905000.0
UZB,Uzbekistan,2007,22311393927.8817
VCT,St. Vincent and the Grenadines,2007,713596666.666667
VEN,"Venezuela, RB",2007,230364012575.687
VGB,British Virgin Islands,2007,
VIR,Virgin Islands (U.S.),2007,4784000000.0
VNM,Viet Nam,2007,77414425532.2452
VUT,Vanuatu,2007,516392922.513728
WSM,Samoa,2007,573548459.833372
XKX,Kosovo,2007,
YEM,"Yemen, Rep.",2007,21650528674.0933
ZAF,South Africa,2007,333077117253.684
ZMB,Zambia,2007,14056957976.2648
ZWE,Zimbabwe,2007,5294750000.0
ABW,Aruba,2008,2843024581.00559
AFE,Africa Eastern and Southern,2008,726770401376.729
AFG,Afghanistan,2008,10109297047.5432
AFW,Africa Western and Central,2008,574259808704.121
AGO,Angola,2008,98790432989.4067
ALB,Albania,2008,13258506375.4518
AND,Andorra,2008,4102317468.30156
ARE,United Arab Emirates,2008,315474615738.598
ARG,Argentina,2008,361558037110.419
ARM,Armenia,2008,11662040713.8753
ASM,American Samoa,2008,560000000.0
ATG,Antigua and Barbuda,2008,1557640740.74074
AUS,Australia,2008,1058448244063.77
AUT,Austria,2008,429234399096.173
AZE,Azerbaijan,2008,48851293785.4483
BDI,Burundi,2008,1611835857.04588
BEL,Belgium,2008,517328087920.078
BEN,Benin,2008,9787734526.23965
BFA,Burkina Faso,2008,9451435490.11467
BGD,Bangladesh,2008,91636997370.9772
BGR,Bulgaria,2008,54480684188.4442
BHR,Bahrain,2008,25710904255.3191
BHS,"Bahamas, The",2008,10526000000.0
BIH,Bosnia and Herzegovina,2008,19112796623.1175
BLR,Belarus,2008,60752106347.126
BLZ,Belize,2008,1738453600.0
BMU,Bermuda,2008,6980000000.0
BOL,Bolivia,2008,16674276285.8956
BRA,Brazil,2008,1695855391757.96
BRB,Barbados,2008,4790410400.0
BRN,Brunei Darussalam,2008,15926456515.0049
BTN,Bhutan,2008,1317517834.59916
BWA,Botswana,2008,10730829116.4105
CAF,Central African Republic,2008,1993407888.49838
CAN,Canada,2008,1552989690721.65
CHE,Switzerland,2008,567267767519.158
CHI,Channel Islands,2008,
CHL,Chile,2008,179894594475.405
CHN,China,2008,4667346414521.95
CIV,Cote d'Ivoire,2008,34078240293.2559
CMR,Cameroon,2008,27715142032.913
COD,"Congo, Dem. Rep.",2008,22723488723.3641
COG,"Congo, Rep.",2008,11649857673.4436
COL,Colombia,2008,242504150472.931
COM,Comoros,2008,915659107.965823
CPV,Cabo Verde,2008,1959620648.31578
CRI,Costa Rica,2008,30801745700.4514
CUB,Cuba,2008,56302129629.6296
CUW,Curacao,2008,2833476145.2514
CYM,Cayman Islands,2008,4585948969.33223
CYP,Cyprus,2008,27844646257.507
CZE,Czechia,2008,236506264753.95
DEU,Germany,2008,3808197720125.0
DJI,Djibouti,2008,999105339.267729
DMA,Dominica,2008,480003703.703704
DNK,Denmark,2008,354979471960.142
DOM,Dominican Republic,2008,48091433554.186
DZA,Algeria,2008,180383848331.135
EAR,Early-demographic dividend,2008,7461798613306.43
ECS,Europe & Central Asia,2008,23453627549028.2
ECU,Ecuador,2008,61139438000.0
EGY,"Egypt, Arab Rep.",2008,162818181818.182
ERI,Eritrea,2008,1380188800.0
ESP,Spain,2008,1636115447612.5
EST,Estonia,2008,24342935403.5447
ETH,Ethiopia,2008,27066912635.2228
FIN,Finland,2008,285698662071.094
FJI,Fiji,2008,3523185919.55826
FRA,France,2008,2926802941585.86
FRO,Faroe Islands,2008,2489873249.62815
FSM,"Micronesia, Fed. Sts.",2008,258124736.278522
GAB,Gabon,2008,15571348344.3379
GBR,United Kingdom,2008,2945251838235.29
GEO,Georgia,2008,12795145130.9103
GHA,Ghana,2008,28679383241.0729
GIB,Gibraltar,2008,
GIN,Guinea,2008,6964179983.17212
GMB,"Gambia, The",2008,1561766955.73024
GNB,Guinea-Bissau,2008,952667544.037289
GNQ,Equatorial Guinea,2008,19749893536.3204
GRC,Greece,2008,351121399546.485
GRD,Grenada,2008,825976037.037037
GRL,Greenland,2008,2499092314.41875
GTM,Guatemala,2008,38503720224.3166
GUM,Guam,2008,4658000000.0
GUY,Guyana,2008,3025187433.33637
HKG,"Hong Kong SAR, China",2008,219278749139.734
HND,Honduras,2008,13881731875.7466
HRV,Croatia,2008,68472854617.2831
HTI,Haiti,2008,10432962634.8748
HUN,Hungary,2008,158228265915.534
IDB,IDA blend,2008,714771797908.919
IDN,Indonesia,2008,510228634992.258
IMN,Isle of Man,2008,5928791505.35144
IND,India,2008,1198895139005.92
IRL,Ireland,2008,275447471451.063
IRN,"Iran, Islamic Rep.",2008,406070949553.875
IRQ,Iraq,2008,131614434153.505
ISL,Iceland,2008,18247921360.2599
ISR,Israel,2008,221231658862.876
ITA,Italy,2008,2417508414187.19
JAM,Jamaica,2008,13709401520.0326
JOR,Jordan,2008,22658715989.3302
JPN,Japan,2008,5106679115127.3
KAZ,Kazakhstan,2008,133441648851.982
KEN,Kenya,2008,35895153327.8497
KGZ,Kyrgyz Republic,2008,5139958909.17936
KHM,Cambodia,2008,12174303999.0812
KIR,Kiribati,2008,147017894.97877
KNA,St. Kitts and Nevis,2008,777692592.592593
KOR,"Korea, Rep.",2008,1091580692542.34
KWT,Kuwait,2008,147379737229.753
LAO,Lao PDR,2008,5446433157.40114
LBN,Lebanon,2008,29118916105.4726
LBR,Liberia,2008,1726000000.0
LBY,Libya,2008,86710767415.1371
LCA,St. Lucia,2008,1437731111.11111
LCN,Latin America & Caribbean,2008,4644093134666.99
LIE,Liechtenstein,2008,5081479840.08716
LKA,Sri Lanka,2008,40713826215.0093
LSO,Lesotho,2008,1766902709.19935
LTE,Late-demographic dividend,2008,11750024639145.1
LTU,Lithuania,2008,47831254207.5223
LUX,Luxembourg,2008,58844277701.5258
LVA,Latvia,2008,34135200994.0067
MAC,"Macao SAR, China",2008,21027018332.6663
MAF,St. Martin (French part),2008,
MAR,Morocco,2008,101822906949.063
MCO,Monaco,2008,6502942244.93068
MDA,Moldova,2008,6054824248.24221
MDG,Madagascar,2008,10725137723.6549
MDV,Maldives,2008,2271646187.5
MEX,Mexico,2008,1161553459715.1
MHL,Marshall Islands,2008,146600000.0
MKD,North Macedonia,2008,9909552434.51136
MLI,Mali,2008,11462490840.2784
MLT,Malta,2008,9135419464.96088
MMR,Myanmar,2008,31862554101.9378
MNE,Montenegro,2008,4540861725.50168
MNG,Mongolia,2008,5623216608.04288
MNP,Northern Mariana Islands,2008,939000000.0
MOZ,Mozambique,2008,12920340964.6544
MRT,Mauritania,2008,5206437193.80413
MUS,Mauritius,2008,10127777060.4113
MWI,Malawi,2008,7743617352.21427
MYS,Malaysia,2008,230811614370.384
NAM,Namibia,2008,8607431497.49471
NCL,New Caledonia,2008,9067619760.07073
NER,Niger,2008,7297600226.00536
NGA,Nigeria,2008,339476276257.793
NIC,Nicaragua,2008,8496967596.77008
NLD,Netherlands,2008,957901566041.406
NOR,Norway,2008,464917553191.489
NPL,Nepal,2008,12545438605.3959
NRU,Nauru,2008,37602264.7306872
NZL,New Zealand,2008,133437126590.286
OMN,Oman,2008,69804681404.4213
PAK,Pakistan,2008,202203748583.854
PAN,Panama,2008,25721327955.2772
PER,Peru,2008,120550599815.441
PHL,Philippines,2008,181624626327.361
PLW,Palau,2008,201067733.764648
PNG,Papua New Guinea,2008,11670892800.5309
POL,Poland,2008,535612030671.888
PRI,Puerto Rico (US),2008,93639300000.0
PRK,"Korea, Dem. People's Rep.",2008,
PRT,Portugal,2008,263416394624.084
PRY,Paraguay,2008,24615267663.5385
PSE,West Bank and Gaza,2008,7310400000.0
PYF,French Polynesia,2008,7136741421.95908
QAT,Qatar,2008,115270054945.055
ROU,Romania,2008,214315932061.275
RUS,Russia,2008,1660848058303.11
RWA,Rwanda,2008,5179854064.57033
SAU,Saudi Arabia,2008,519796800000.0
SDN,Sudan,2008,64833083257.1431
SEN,Senegal,2008,16853989627.548
SGP,Singapore,2008,193617323539.203
SLB,Solomon Islands,2008,776335523.470373
SLE,Sierra Leone,2008,4157895298.19572
SLV,El Salvador,2008,17986890000.0
SMR,San Marino,2008,2403213305.03601
SOM,"Somalia, Fed. Rep.",2008,5913620292.90573
SRB,Serbia,2008,54220641201.6474
SSD,South Sudan,2008,14586253383.0632
STP,Sao Tome and Principe,2008,188021165.00338
SUR,Suriname,2008,3532969034.60838
SVK,Slovak Republic,2008,100830060552.902
SVN,Slovenia,2008,55509332322.3578
SWE,Sweden,2008,514614100832.941
SWZ,Eswatini,2008,3235921170.5095
SXM,Sint Maarten (Dutch part),2008,
SYC,Seychelles,2008,979597394.293453
SYR,Syrian Arab Republic,2008,52557913568.9549
TCA,Turks and Caicos Islands,2008,862684000.0
TCD,Chad,2008,13385593990.3378
TGO,Togo,2008,4578847112.70688
THA,Thailand,2008,291382982430.951
TJK,Tajikistan,2008,5161299725.27673
TKM,Turkmenistan,2008,19271523178.8079
TLS,Timor-Leste,2008,648523571.342018
TON,Tonga,2008,344438844.333518
TTO,Trinidad and Tobago,2008,27871587349.5413
TUN,Tunisia,2008,44859439902.2191
TUR,Turkiye,2008,775415944332.866
TUV,Tuvalu,2008,31874434.857882
TZA,Tanzania,2008,27947821397.9272
UGA,Uganda,2008,14440404132.2047
UKR,Ukraine,2008,188110390659.515
URY,Uruguay,2008,31119602538.8322
USA,United States,2008,14769857911000.0
UZB,Uzbekistan,2008,29549438883.8338
VCT,St. Vincent and the Grenadines,2008,732663259.259259
VEN,"Venezuela, RB",2008,315953388510.678
VGB,British Virgin Islands,2008,
VIR,Virgin Islands (U.S.),2008,4244000000.0
VNM,Viet Nam,2008,99130304099.1274
VUT,Vanuatu,2008,590748429.401902
WSM,Samoa,2008,641346191.664776
XKX,Kosovo,2008,5181776768.71247
YEM,"Yemen, Rep.",2008,26910855807.288
ZAF,South Africa,2008,316131258616.309
ZMB,Zambia,2008,17910858637.9048
ZWE,Zimbabwe,2008,4418000000.0
ABW,Aruba,2009,2553793296.08939
AFE,Africa Eastern and Southern,2009,726921646144.603
AFG,Afghanistan,2009,12416152732.0567
AFW,Africa Western and Central,2009,515037106035.659
AGO,Angola,2009,81705175408.3893
ALB,Albania,2009,12335540656.1006
AND,Andorra,2009,3688974807.45037
ARE,United Arab Emirates,2009,253547358747.447
ARG,Argentina,2009,332976484577.619
ARM,Armenia,2009,8647937081.2562
ASM,American Samoa,2009,675000000.0
ATG,Antigua and Barbuda,2009,1386518518.51852
AUS,Australia,2009,931761689770.843
AUT,Austria,2009,399290118782.429
AZE,Azerbaijan,2009,44292427184.9492
BDI,Burundi,2009,1775495032.424
BEL,Belgium,2009,485014525992.461
BEN,Benin,2009,9738626517.00319
BFA,Burkina Faso,2009,9450696873.34326
BGD,Bangladesh,2009,102475158190.998
BGR,Bulgaria,2009,52023801230.12
BHR,Bahrain,2009,22938218085.1064
BHS,"Bahamas, The",2009,9981960000.0
BIH,Bosnia and Herzegovina,2009,17613949091.2294
BLR,Belarus,2009,50873167326.0414
BLZ,Belize,2009,1688012750.0
BMU,Bermuda,2009,6656000000.0
BOL,Bolivia,2009,17339992193.7322
BRA,Brazil,2009,1666996294252.12
BRB,Barbados,2009,4466809600.0
BRN,Brunei Darussalam,2009,11912904509.8582
BTN,Bhutan,2009,1331343797.77308
BWA,Botswana,2009,10118459242.3183
CAF,Central African Republic,2009,2067381665.25454
CAN,Canada,2009,1374625142157.29
CHE,Switzerland,2009,554212916092.271
CHI,Channel Islands,2009,9100755725.19084
CHL,Chile,2009,171777900623.892
CHN,China,2009,5189577094997.58
CIV,Cote d'Ivoire,2009,33886813250.2036
CMR,Cameroon,2009,27932970317.129
COD,"Congo, Dem. Rep.",2009,18607259480.5447
COG,"Congo, Rep.",2009,9723299915.25312
COL,Colombia,2009,232468663109.595
COM,Comoros,2009,905341172.70583
CPV,Cabo Verde,2009,1852334575.17521
CRI,Costa Rica,2009,30745714312.6417
CUB,Cuba,2009,57481481481.4815
CUW,Curacao,2009,2869153184.35754
CYM,Cayman Islands,2009,4281714618.03238
CYP,Cyprus,2009,26048179949.1741
CZE,Czechia,2009,206971882704.716
DEU,Germany,2009,3478545516683.59
DJI,Djibouti,2009,1049110684.72493
DMA,Dominica,2009,515618518.518519
DNK,Denmark,2009,322619152194.594
DOM,Dominican Republic,2009,48223781476.8909
DZA,Algeria,2009,150317292079.359
EAR,Early-demographic dividend,2009,7179119134034.64
ECS,Europe & Central Asia,2009,20648444471712.4
ECU,Ecuador,2009,60094978000.0
EGY,"Egypt, Arab Rep.",2009,189147005444.646
ERI,Eritrea,2009,1856695551.21951
ESP,Spain,2009,1496587590847.66
EST,Estonia,2009,19633984440.1223
ETH,Ethiopia,2009,32437389116.038
FIN,Finland,2009,253480783439.453
FJI,Fiji,2009,2870624635.68032
FRA,France,2009,2700075882518.98
FRO,Faroe Islands,2009,2296065170.05552
FSM,"Micronesia, Fed. Sts.",2009,274654606.935781
GAB,Gabon,2009,12113699068.2517
GBR,United Kingdom,2009,2429358155475.93
GEO,Georgia,2009,10766920065.8251
GHA,Ghana,2009,26048720005.5233
GIB,Gibraltar,2009,
GIN,Guinea,2009,6716905339.73136
GMB,"Gambia, The",2009,1450142508.57808
GNB,Guinea-Bissau,2009,890167833.369849
GNQ,Equatorial Guinea,2009,15027795173.2187
GRC,Greece,2009,326829054686.306
GRD,Grenada,2009,771275555.555555
GRL,Greenland,2009,2529963903.22685
GTM,Guatemala,2009,37126148264.6383
GUM,Guam,2009,4828000000.0
GUY,Guyana,2009,3165663152.73351
HKG,"Hong Kong SAR, China",2009,214047795659.045
HND,Honduras,2009,14587496229.1811
HRV,Croatia,2009,62315996674.7984
HTI,Haiti,2009,11597002834.7786
HUN,Hungary,2009,130807441076.16
IDB,IDA blend,2009,669157586112.912
IDN,Indonesia,2009,539580085612.401
IMN,Isle of Man,2009,5486921247.07323
IND,India,2009,1341888016994.9
IRL,Ireland,2009,236443115853.695
IRN,"Iran, Islamic Rep.",2009,414059094949.063
IRQ,Iraq,2009,111657580326.315
ISL,Iceland,2009,13212543837.5133
ISR,Israel,2009,213403181852.86
ITA,Italy,2009,2209484319012.65
JAM,Jamaica,2009,12120458114.8318
JOR,Jordan,2009,24537876056.338
JPN,Japan,2009,5289493117993.89
KAZ,Kazakhstan,2009,115308686941.38
KEN,Kenya,2009,42347217912.9176
KGZ,Kyrgyz Republic,2009,4690061380.60253
KHM,Cambodia,2009,12502901169.7377
KIR,Kiribati,2009,140177384.145395
KNA,St. Kitts and Nevis,2009,774274074.074074
KOR,"Korea, Rep.",2009,983065242417.36
KWT,Kuwait,2009,105968691905.415
LAO,Lao PDR,2009,5836137329.63305
LBN,Lebanon,2009,35399582928.6899
LBR,Liberia,2009,1768000000.0
LBY,Libya,2009,60808562033.4191
LCA,St. Lucia,2009,1401507888.88889
LCN,Latin America & Caribbean,2009,4357538584711.36
LIE,Liechtenstein,2009,4504375348.07038
LKA,Sri Lanka,2009,42066224093.0065
LSO,Lesotho,2009,1740894964.80511
LTE,Late-demographic dividend,2009,11368232780191.9
LTU,Lithuania,2009,37494380038.9213
LUX,Luxembourg,2009,54467289897.5582
LVA,Latvia,2009,25691530442.035
MAC,"Macao SAR, China",2009,21589540350.7115
MAF,St. Martin (French part),2009,
MAR,Morocco,2009,101154952240.881
MCO,Monaco,2009,5474379252.34114
MDA,Moldova,2009,5439434271.78807
MDG,Madagascar,2009,9616879409.43789
MDV,Maldives,2009,2345294875.0
MEX,Mexico,2009,943437415024.633
MHL,Marshall Islands,2009,151200000.0
MKD,North Macedonia,2009,9401736825.42688
MLI,Mali,2009,12155217832.8781
MLT,Malta,2009,8734745697.93323
MMR,Myanmar,2009,36906181380.8127
MNE,Montenegro,2009,4142640316.75465
MNG,Mongolia,2009,4583850367.88972
MNP,Northern Mariana Islands,2009,795000000.0
MOZ,Mozambique,2009,12263894790.0125
MRT,Mauritania,2009,4714595547.75102
MUS,Mauritius,2009,9264513545.14108
MWI,Malawi,2009,9009887946.82039
MYS,Malaysia,2009,202257453036.641
NAM,Namibia,2009,8938847189.07592
NCL,New Caledonia,2009,8704438102.20142
NER,Niger,2009,7352131309.73341
NGA,Nigeria,2009,295008835380.997
NIC,Nicaragua,2009,8298702489.0801
NLD,Netherlands,2009,878954223140.234
NOR,Norway,2009,387976400617.019
NPL,Nepal,2009,12854985464.0764
NRU,Nauru,2009,44176245.5492433
NZL,New Zealand,2009,121663439315.385
OMN,Oman,2009,55454096228.8687
PAK,Pakistan,2009,187337783856.466
PAN,Panama,2009,27791215547.3487
PER,Peru,2009,120822986521.479
PHL,Philippines,2009,175974755881.372
PLW,Palau,2009,189854705.810547
PNG,Papua New Guinea,2009,11619456449.266
POL,Poland,2009,440891472247.096
PRI,Puerto Rico (US),2009,96385600000.0
PRK,"Korea, Dem. People's Rep.",2009,
PRT,Portugal,2009,244667762835.543
PRY,Paraguay,2009,22355151162.0031
PSE,West Bank and Gaza,2009,8085700000.0
PYF,French Polynesia,2009,6584557973.9375
QAT,Qatar,2009,97798351648.3516
ROU,Romania,2009,174110532658.867
RUS,Russia,2009,1222645900055.7
RWA,Rwanda,2009,5674476969.06444
SAU,Saudi Arabia,2009,429097866666.667
SDN,Sudan,2009,51621044076.9231
SEN,Senegal,2009,16145867494.9405
SGP,Singapore,2009,194150283771.566
SLB,Solomon Islands,2009,805557289.459198
SLE,Sierra Leone,2009,3953403098.37107
SLV,El Salvador,2009,17601620000.0
SMR,San Marino,2009,2064277126.41466
SOM,"Somalia, Fed. Rep.",2009,2948594552.44952
SRB,Serbia,2009,46955984409.7271
SSD,South Sudan,2009,12231264525.0671
STP,Sao Tome and Principe,2009,200668065.03175
SUR,Suriname,2009,3875409836.06557
SVK,Slovak Republic,2009,89342984697.5246
SVN,Slovenia,2009,49975540954.8465
SWE,Sweden,2009,434311714442.499
SWZ,Eswatini,2009,3525213502.43118
SXM,Sint Maarten (Dutch part),2009,854972067.039106
SYC,Seychelles,2009,850901620.433301
SYR,Syrian Arab Republic,2009,54111735628.7065
TCA,Turks and Caicos Islands,2009,703176000.0
TCD,Chad,2009,12317614053.6841
TGO,Togo,2009,4721888275.26937
THA,Thailand,2009,281710630187.319
TJK,Tajikistan,2009,4979472364.4534
TKM,Turkmenistan,2009,20214385964.9123
TLS,Timor-Leste,2009,726937835.848612
TON,Tonga,2009,312415028.446113
TTO,Trinidad and Tobago,2009,19172165225.5015
TUN,Tunisia,2009,43455740497.3061
TUR,Turkiye,2009,653894449921.288
TUV,Tuvalu,2009,28076983.9703819
TZA,Tanzania,2009,29400573553.6075
UGA,Uganda,2009,25127805566.6584
UKR,Ukraine,2009,121552153444.124
URY,Uruguay,2009,32708319077.5179
USA,United States,2009,14478064934000.0
UZB,Uzbekistan,2009,33689223673.2577
VCT,St. Vincent and the Grenadines,2009,714300259.259259
VEN,"Venezuela, RB",2009,329787628928.472
VGB,British Virgin Islands,2009,
VIR,Virgin Islands (U.S.),2009,4201000000.0
VNM,Viet Nam,2009,106014659565.214
VUT,Vanuatu,2009,592622319.145664
WSM,Samoa,2009,628006115.424052
XKX,Kosovo,2009,5015894692.97027
YEM,"Yemen, Rep.",2009,25130278212.5575
ZAF,South Africa,2009,329754060647.129
ZMB,Zambia,2009,15328342303.9575
ZWE,Zimbabwe,2009,9670750000.0
ABW,Aruba,2010,2453597206.70391
AFE,Africa Eastern and Southern,2010,863822114606.332
AFG,Afghanistan,2010,15856668555.8336
AFW,Africa Western and Central,2010,605794323433.505
AGO,Angola,2010,95546919754.7633
ALB,Albania,2010,12086545641.299
AND,Andorra,2010,3449925693.58181
ARE,United Arab Emirates,2010,307736419332.88
ARG,Argentina,2010,423627422092.49
ARM,Armenia,2010,9260285755.62424
ASM,American Samoa,2010,573000000.0
ATG,Antigua and Barbuda,2010,1298348148.14815
AUS,Australia,2010,1152566632022.13
AUT,Austria,2010,389827789217.634
AZE,Azerbaijan,2010,52909294791.9262
BDI,Burundi,2010,2032135192.01248
BEL,Belgium,2010,481556503720.001
BEN,Benin,2010,9535345015.78355
BFA,Burkina Faso,2010,10109619740.6994
BGD,Bangladesh,2010,115275540051.262
BGR,Bulgaria,2010,50689051382.4361
BHR,Bahrain,2010,26805984042.5532
BHS,"Bahamas, The",2010,10095760000.0
BIH,Bosnia and Herzegovina,2010,17176315803.7298
BLR,Belarus,2010,57231904542.8755
BLZ,Belize,2010,1748988400.0
BMU,Bermuda,2010,6634526000.0
BOL,Bolivia,2010,19649723722.1034
BRA,Brazil,2010,2208838108484.35
BRB,Barbados,2010,5672900000.0
BRN,Brunei Darussalam,2010,13707121038.4383
BTN,Bhutan,2010,1708880730.20989
BWA,Botswana,2010,12637273429.1339
CAF,Central African Republic,2010,2142591540.40068
CAN,Canada,2010,1617343367486.26
CHE,Switzerland,2010,598851028906.58
CHI,Channel Islands,2010,8902359316.35606
CHL,Chile,2010,217051209238.534
CHN,China,2010,6192564874453.29
CIV,Cote d'Ivoire,2010,34936307980.063
CMR,Cameroon,2010,27507501821.0296
COD,"Congo, Dem. Rep.",2010,24161641931.0331
COG,"Congo, Rep.",2010,13148396211.5955
COL,Colombia,2010,286498534094.963
COM,Comoros,2010,907978730.887844
CPV,Cabo Verde,2010,1824751467.92957
CRI,Costa Rica,2010,37658616951.8038
CUB,Cuba,2010,59562962962.963
CUW,Curacao,2010,2951342793.29609
CYM,Cayman Islands,2010,4156841163.77763
CYP,Cyprus,2010,25799940077.6075
CZE,Czechia,2010,211168667286.27
DEU,Germany,2010,3467093769666.67
DJI,Djibouti,2010,1128611700.3618
DMA,Dominica,2010,519859259.259259
DNK,Denmark,2010,322345594075.47
DOM,Dominican Republic,2010,53801053352.5005
DZA,Algeria,2010,177785053939.531
EAR,Early-demographic dividend,2010,8719722451021.04
ECS,Europe & Central Asia,2010,21118677014368.3
ECU,Ecuador,2010,68151329000.0
EGY,"Egypt, Arab Rep.",2010,218983666061.706
ERI,Eritrea,2010,1589515447.15447
ESP,Spain,2010,1427989078916.67
EST,Estonia,2010,19524355419.038
ETH,Ethiopia,2010,29933790334.3418
FIN,Finland,2010,249429613683.334
FJI,Fiji,2010,3140166712.79624
FRA,France,2010,2646230027988.34
FRO,Faroe Islands,2010,2331796784.36009
FSM,"Micronesia, Fed. Sts.",2010,290638857.061212
GAB,Gabon,2010,14372593020.2885
GBR,United Kingdom,2010,2496740681057.14
GEO,Georgia,2010,12426907967.1578
GHA,Ghana,2010,32197655566.5347
GIB,Gibraltar,2010,
GIN,Guinea,2010,6853467145.53089
GMB,"Gambia, The",2010,1543294926.87301
GNB,Guinea-Bissau,2010,940112538.936436
GNQ,Equatorial Guinea,2010,16314443436.2903
GRC,Greece,2010,296417644404.034
GRD,Grenada,2010,771014814.814815
GRL,Greenland,2010,2503167187.49305
GTM,Guatemala,2010,40676578423.4871
GUM,Guam,2010,4949000000.0
GUY,Guyana,2010,3432912516.92427
HKG,"Hong Kong SAR, China",2010,228638668727.291
HND,Honduras,2010,15839344591.9842
HRV,Croatia,2010,58975205417.3439
HTI,Haiti,2010,11859312725.1448
HUN,Hungary,2010,131898737241.166
IDB,IDA blend,2010,780580681565.074
IDN,Indonesia,2010,755094157621.936
IMN,Isle of Man,2010,5920369789.50182
IND,India,2010,1675615519484.96
IRL,Ireland,2010,221732824603.484
IRN,"Iran, Islamic Rep.",2010,487069570463.768
IRQ,Iraq,2010,138516722649.573
ISL,Iceland,2010,13922711576.5124
ISR,Israel,2010,239679036634.372
ITA,Italy,2010,2144936254535.0
JAM,Jamaica,2010,13220549908.2494
JOR,Jordan,2010,27133804225.3521
JPN,Japan,2010,5759071769013.11
KAZ,Kazakhstan,2010,148047348240.643
KEN,Kenya,2010,45405615063.7551
KGZ,Kyrgyz Republic,2010,4794361863.01353
KHM,Cambodia,2010,13808673288.0696
KIR,Kiribati,2010,165458433.127645
KNA,St. Kitts and Nevis,2010,778718518.518518
KOR,"Korea, Rep.",2010,1192830015737.68
KWT,Kuwait,2010,115416245241.742
LAO,Lao PDR,2010,7131771014.70456
LBN,Lebanon,2010,38443907042.1227
LBR,Liberia,2010,1998000000.0
LBY,Libya,2010,75380825062.4216
LCA,St. Lucia,2010,1482385185.18519
LCN,Latin America & Caribbean,2010,5397900660485.76
LIE,Liechtenstein,2010,5082337238.44718
LKA,Sri Lanka,2010,58636049434.1871
LSO,Lesotho,2010,2234754241.91918
LTE,Late-demographic dividend,2010,13679708028983.9
LTU,Lithuania,2010,36638128534.0643
LUX,Luxembourg,2010,56213985987.4168
LVA,Latvia,2010,23468324572.3343
MAC,"Macao SAR, China",2010,28244172833.6035
MAF,St. Martin (French part),2010,
MAR,Morocco,2010,100865329473.44
MCO,Monaco,2010,5367561569.59548
MDA,Moldova,2010,6974982369.60155
MDG,Madagascar,2010,9982711338.07029
MDV,Maldives,2010,2588176054.6875
MEX,Mexico,2010,1105424238731.09
MHL,Marshall Islands,2010,161100000.0
MKD,North Macedonia,2010,9407170321.37752
MLI,Mali,2010,12710739159.4045
MLT,Malta,2010,9097044159.26912
MMR,Myanmar,2010,49540813342.4834
MNE,Montenegro,2010,4136936189.28052
MNG,Mongolia,2010,7189481998.90094
MNP,Northern Mariana Islands,2010,799000000.0
MOZ,Mozambique,2010,11411894723.864
MRT,Mauritania,2010,5628878797.98257
MUS,Mauritius,2010,10144716154.9356
MWI,Malawi,2010,10128323010.6049
MYS,Malaysia,2010,255017638455.59
NAM,Namibia,2010,11431412421.1316
NCL,New Caledonia,2010,9364350076.91225
NER,Niger,2010,7851192502.30917
NGA,Nigeria,2010,366990417129.04
NIC,Nicaragua,2010,8758602232.98358
NLD,Netherlands,2010,852464982433.335
NOR,Norway,2010,431052143940.438
NPL,Nepal,2010,16002656434.4746
NRU,Nauru,2010,47562844.6104251
NZL,New Zealand,2010,146887902524.052
OMN,Oman,2010,64993498049.4148
PAK,Pakistan,2010,196709621849.586
PAN,Panama,2010,30231009532.9507
PER,Peru,2010,147527631520.729
PHL,Philippines,2010,208368893151.144
PLW,Palau,2010,188042373.657227
PNG,Papua New Guinea,2010,14250786674.7766
POL,Poland,2010,478111630683.514
PRI,Puerto Rico (US),2010,98381300000.0
PRK,"Korea, Dem. People's Rep.",2010,
PRT,Portugal,2010,238443864993.217
PRY,Paraguay,2010,27260886405.2341
PSE,West Bank and Gaza,2010,9681500000.0
PYF,French Polynesia,2010,6086644798.55982
QAT,Qatar,2010,123627197802.198
ROU,Romania,2010,170064350671.827
RUS,Russia,2010,1524916715223.95
RWA,Rwanda,2010,6124756654.12346
SAU,Saudi Arabia,2010,528207466666.667
SDN,Sudan,2010,58962978034.4828
SEN,Senegal,2010,16121315909.0758
SGP,Singapore,2010,239807980591.24
SLB,Solomon Islands,2010,898128551.289162
SLE,Sierra Leone,2010,4262805966.78755
SLV,El Salvador,2010,18447920000.0
SMR,San Marino,2010,1881191925.32503
SOM,"Somalia, Fed. Rep.",2010,2687807003.73935
SRB,Serbia,2010,43536629233.1424
SSD,South Sudan,2010,14602072410.9506
STP,Sao Tome and Principe,2010,190021192.489536
SUR,Suriname,2010,4368370997.92126
SVK,Slovak Republic,2010,91112160800.7668
SVN,Slovenia,2010,47793117240.9001
SWE,Sweden,2010,492750897239.447
SWZ,Eswatini,2010,4360714358.88708
SXM,Sint Maarten (Dutch part),2010,892290502.793296
SYC,Seychelles,2010,981616542.328454
SYR,Syrian Arab Republic,2010,61390830874.7007
TCA,Turks and Caicos Islands,2010,686788000.0
TCD,Chad,2010,14058506663.7252
TGO,Togo,2010,4746386893.22553
THA,Thailand,2010,341104766329.17
TJK,Tajikistan,2010,5642221099.17704
TKM,Turkmenistan,2010,22583157894.7368
TLS,Timor-Leste,2010,881909347.096515
TON,Tonga,2010,366887374.989696
TTO,Trinidad and Tobago,2010,22157920592.3669
TUN,Tunisia,2010,46206091937.9628
TUR,Turkiye,2010,782545664268.333
TUV,Tuvalu,2010,32105408.4771121
TZA,Tanzania,2010,32012892919.37
UGA,Uganda,2010,26673441430.7857
UKR,Ukraine,2010,141209170427.233
URY,Uruguay,2010,41950361211.9581
USA,United States,2010,15048964444000.0
UZB,Uzbekistan,2010,49765676402.4495
VCT,St. Vincent and the Grenadines,2010,720447888.888889
VEN,"Venezuela, RB",2010,393192354510.653
VGB,British Virgin Islands,2010,
VIR,Virgin Islands (U.S.),2010,4324000000.0
VNM,Viet Nam,2010,147201173196.979
VUT,Vanuatu,2010,670712979.682038
WSM,Samoa,2010,680260907.153983
XKX,Kosovo,2010,5343950556.07185
YEM,"Yemen, Rep.",2010,30906749533.221
ZAF,South Africa,2010,417363822801.713
ZMB,Zambia,2010,20265559483.8548
ZWE,Zimbabwe,2010,12047750000.0
ABW,Aruba,2011,2637859217.87709
AFE,Africa Eastern and Southern,2011,959822476083.878
AFG,Afghanistan,2011,17805098206.3141
AFW,Africa Western and Central,2011,691133400013.31
AGO,Angola,2011,125551634704.473
ALB,Albania,2011,12973755874.5365
AND,Andorra,2011,3629133062.55168
ARE,United Arab Emirates,2011,368881143635.126
ARG,Argentina,2011,530158122010.442
ARM,Armenia,2011,10142111824.5835
ASM,American Samoa,2011,570000000.0
ATG,Antigua and Barbuda,2011,1287359259.25926
AUS,Australia,2011,1402939868653.4
AUT,Austria,2011,428954737064.057
AZE,Azerbaijan,2011,65952796427.9473
BDI,Burundi,2011,2235812879.56709
BEL,Belgium,2011,527196649048.639
BEN,Benin,2011,10693321363.6574
BFA,Burkina Faso,2011,12080295977.5632
BGD,Bangladesh,2011,128607482310.357
BGR,Bulgaria,2011,57681293006.9721
BHR,Bahrain,2011,29914680851.0638
BHS,"Bahamas, The",2011,10070450000.0
BIH,Bosnia and Herzegovina,2011,18644233537.1093
BLR,Belarus,2011,61762382327.9319
BLZ,Belize,2011,1831576700.0
BMU,Bermuda,2011,6312691000.0
BOL,Bolivia,2011,23963164696.592
BRA,Brazil,2011,2616156606579.21
BRB,Barbados,2011,5663100000.0
BRN,Brunei Darussalam,2011,18524791062.657
BTN,Bhutan,2011,1977728658.68259
BWA,Botswana,2011,15110643612.1729
CAF,Central African Republic,2011,2437982705.12093
CAN,Canada,2011,1793326630174.52
CHE,Switzerland,2011,715888126682.396
CHI,Channel Islands,2011,9648680025.8275
CHL,Chile,2011,251382573893.87
CHN,China,2011,7671757207851.29
CIV,Cote d'Ivoire,2011,36693710801.3976
CMR,Cameroon,2011,30630910495.217
COD,"Congo, Dem. Rep.",2011,26392379641.765
COG,"Congo, Rep.",2011,15655383576.6515
COL,Colombia,2011,334966134804.887
COM,Comoros,2011,1023086273.53336
CPV,Cabo Verde,2011,2046817987.20109
CRI,Costa Rica,2011,42762613698.9636
CUB,Cuba,2011,68990000000.0
CUW,Curacao,2011,2930092237.27161
CYM,Cayman Islands,2011,4186073160.18254
CYP,Cyprus,2011,27641549301.6561
CZE,Czechia,2011,231429378717.312
DEU,Germany,2011,3823575803793.78
DJI,Djibouti,2011,1239144501.77525
DMA,Dominica,2011,532081481.481481
DNK,Denmark,2011,344315595263.175
DOM,Dominican Republic,2011,57948261615.957
DZA,Algeria,2011,218331946925.304
EAR,Early-demographic dividend,2011,9832704039068.24
ECS,Europe & Central Asia,2011,23432000301407.5
ECU,Ecuador,2011,78986648000.0
EGY,"Egypt, Arab Rep.",2011,235989672977.625
ERI,Eritrea,2011,2065001626.01626
ESP,Spain,2011,1487568659241.25
EST,Estonia,2011,23303915794.7569
ETH,Ethiopia,2011,31952763089.33
FIN,Finland,2011,275126915515.565
FJI,Fiji,2011,3779411899.37483
FRA,France,2011,2870408553990.28
FRO,Faroe Islands,2011,2505740669.27039
FSM,"Micronesia, Fed. Sts.",2011,306799375.530804
GAB,Gabon,2011,18210307743.5816
GBR,United Kingdom,2011,2675590034128.66
GEO,Georgia,2011,15475290469.2869
GHA,Ghana,2011,39336668080.559
GIB,Gibraltar,2011,
GIN,Guinea,2011,6785137203.33153
GMB,"Gambia, The",2011,1409693596.93594
GNB,Guinea-Bissau,2011,1157074319.19388
GNQ,Equatorial Guinea,2011,21357343668.9447
GRC,Greece,2011,283228079776.041
GRD,Grenada,2011,778655555.555555
GRL,Greenland,2011,2684461375.46585
GTM,Guatemala,2011,46876006272.2387
GUM,Guam,2011,4984000000.0
GUY,Guyana,2011,3691384317.52178
HKG,"Hong Kong SAR, China",2011,248513617677.287
HND,Honduras,2011,17710275685.4074
HRV,Croatia,2011,62889007657.3899
HTI,Haiti,2011,13008746038.8867
HUN,Hungary,2011,141712804953.868
IDB,IDA blend,2011,888614216908.754
IDN,Indonesia,2011,892969104563.171
IMN,Isle of Man,2011,6565667052.79737
IND,India,2011,1823051829894.55
IRL,Ireland,2011,240975871046.644
IRN,"Iran, Islamic Rep.",2011,629082257472.368
IRQ,Iraq,2011,185749664444.444
ISL,Iceland,2011,15394005872.149
ISR,Israel,2011,268094998225.028
ITA,Italy,2011,2306974020278.21
JAM,Jamaica,2011,14444661522.1463
JOR,Jordan,2011,29524149154.9296
JPN,Japan,2011,6233147172341.35
KAZ,Kazakhstan,2011,192626464617.071
KEN,Kenya,2011,46869473150.61
KGZ,Kyrgyz Republic,2011,6197765984.28468
KHM,Cambodia,2011,16032622023.8265
KIR,Kiribati,2011,195970140.170383
KNA,St. Kitts and Nevis,2011,836092592.592593
KOR,"Korea, Rep.",2011,1307103477219.1
KWT,Kuwait,2011,154039231245.856
LAO,Lao PDR,2011,8750104617.17303
LBN,Lebanon,2011,39927125961.5257
LBR,Liberia,2011,2398000000.0
LBY,Libya,2011,48169263294.1007
LCA,St. Lucia,2011,1568370370.37037
LCN,Latin America & Caribbean,2011,6139415369063.72
LIE,Liechtenstein,2011,5739706004.89616
LKA,Sri Lanka,2011,67753285896.6254
LSO,Lesotho,2011,2579409619.96722
LTE,Late-demographic dividend,2011,16665376541950.8
LTU,Lithuania,2011,43186501862.7907
LUX,Luxembourg,2011,61696281326.2453
LVA,Latvia,2011,26575547900.8247
MAC,"Macao SAR, China",2011,36848881944.6939
MAF,St. Martin (French part),2011,775875748.523832
MAR,Morocco,2011,110080631332.375
MCO,Monaco,2011,6088689808.38347
MDA,Moldova,2011,8414352020.49442
MDG,Madagascar,2011,11551819617.874
MDV,Maldives,2011,2774350240.04918
MEX,Mexico,2011,1229013703416.76
MHL,Marshall Islands,2011,172300000.0
MKD,North Macedonia,2011,10494626767.6445
MLI,Mali,2011,15452791789.0031
MLT,Malta,2011,9789361703.07204
MMR,Myanmar,2011,59977326085.9908
MNE,Montenegro,2011,4507126949.08507
MNG,Mongolia,2011,10409797377.8571
MNP,Northern Mariana Islands,2011,729000000.0
MOZ,Mozambique,2011,14619279988.716
MRT,Mauritania,2011,6764627745.9033
MUS,Mauritius,2011,11677718382.4259
MWI,Malawi,2011,11648142958.3651
MYS,Malaysia,2011,297951668674.835
NAM,Namibia,2011,12523359440.5499
NCL,New Caledonia,2011,10351448004.7674
NER,Niger,2011,8772950777.79176
NGA,Nigeria,2011,414466676831.16
NIC,Nicaragua,2011,9774329332.71276
NLD,Netherlands,2011,913140741332.687
NOR,Norway,2011,501360549669.404
NPL,Nepal,2011,21573872420.7008
NRU,Nauru,2011,65071879.7787162
NZL,New Zealand,2011,168484908960.078
OMN,Oman,2011,77497529258.7776
PAK,Pakistan,2011,230586581059.665
PAN,Panama,2011,35687738251.8135
PER,Peru,2011,171761737046.585
PHL,Philippines,2011,234216730291.32
PLW,Palau,2011,198742370.605469
PNG,Papua New Guinea,2011,17985138065.8549
POL,Poland,2011,527848543023.469
PRI,Puerto Rico (US),2011,100351700000.0
PRK,"Korea, Dem. People's Rep.",2011,
PRT,Portugal,2011,245426767676.002
PRY,Paraguay,2011,33756238766.4931
PSE,West Bank and Gaza,2011,11186100000.0
PYF,French Polynesia,2011,6203940036.91982
QAT,Qatar,2011,167775274725.275
ROU,Romania,2011,192623977894.173
RUS,Russia,2011,2045922753398.04
RWA,Rwanda,2011,6884913658.10632
SAU,Saudi Arabia,2011,680660800000.0
SDN,Sudan,2011,55018567210.5263
SEN,Senegal,2011,17814283639.3119
SGP,Singapore,2011,279356499090.458
SLB,Solomon Islands,2011,1063898226.71892
SLE,Sierra Leone,2011,4861632884.67985
SLV,El Salvador,2011,20283780000.0
SMR,San Marino,2011,1813717438.69134
SOM,"Somalia, Fed. Rep.",2011,2906000096.93249
SRB,Serbia,2011,51251098408.0924
SSD,South Sudan,2011,14907308932.7534
STP,Sao Tome and Principe,2011,226455001.243083
SUR,Suriname,2011,4422276621.78703
SVK,Slovak Republic,2011,99705104723.4341
SVN,Slovenia,2011,51199194599.3094
SWE,Sweden,2011,570538581144.45
SWZ,Eswatini,2011,4722912047.32265
SXM,Sint Maarten (Dutch part),2011,936089385.47486
SYC,Seychelles,2011,1058918707.26124
SYR,Syrian Arab Republic,2011,67539428159.4474
TCA,Turks and Caicos Islands,2011,842941000.0
TCD,Chad,2011,16685349673.9957
TGO,Togo,2011,5422439152.10906
THA,Thailand,2011,370818739623.622
TJK,Tajikistan,2011,6522756255.012
TKM,Turkmenistan,2011,29233333333.3333
TLS,Timor-Leste,2011,1042534597.52614
TON,Tonga,2011,414143828.494419
TTO,Trinidad and Tobago,2011,25433007437.1605
TUN,Tunisia,2011,48123325825.0739
TUR,Turkiye,2011,844192507380.795
TUV,Tuvalu,2011,39196957.4908996
TZA,Tanzania,2011,34657140096.4836
UGA,Uganda,2011,27871725241.4723
UKR,Ukraine,2011,169333835201.554
URY,Uruguay,2011,50342406067.0777
USA,United States,2011,15599728123000.0
UZB,Uzbekistan,2011,60178909297.208
VCT,St. Vincent and the Grenadines,2011,713796370.37037
VEN,"Venezuela, RB",2011,316482190800.364
VGB,British Virgin Islands,2011,
VIR,Virgin Islands (U.S.),2011,4223000000.0
VNM,Viet Nam,2011,172595049183.925
VUT,Vanuatu,2011,770153588.218833
WSM,Samoa,2011,744097050.169115
XKX,Kosovo,2011,6341613609.97976
YEM,"Yemen, Rep.",2011,32726417878.391
ZAF,South Africa,2011,458199494830.834
ZMB,Zambia,2011,23459515275.5776
ZWE,Zimbabwe,2011,14109000000.0
ABW,Aruba,2012,2615208379.88827
AFE,Africa Eastern and Southern,2012,969265729636.028
AFG,Afghanistan,2012,19907329777.5872
AFW,Africa Western and Central,2012,748030003656.802
AGO,Angola,2012,143572907527.976
ALB,Albania,2012,12246499747.9714
AND,Andorra,2012,3188653258.61001
ARE,United Arab Emirates,2012,392793464942.138
ARG,Argentina,2012,545982375701.128
ARM,Armenia,2012,10619320682.9474
ASM,American Samoa,2012,640000000.0
ATG,Antigua and Barbuda,2012,1364729629.62963
AUS,Australia,2012,1552728401401.58
AUT,Austria,2012,406750487603.59
AZE,Azerbaijan,2012,69679944504.1972
BDI,Burundi,2012,2327402362.81574
BEL,Belgium,2012,498414364944.961
BEN,Benin,2012,11141358115.8991
BFA,Burkina Faso,2012,12561015156.5683
BGD,Bangladesh,2012,133310747603.483
BGR,Bulgaria,2012,54297052002.2338
BHR,Bahrain,2012,31963404255.3191
BHS,"Bahamas, The",2012,10720400000.0
BIH,Bosnia and Herzegovina,2012,17226735995.6905
BLR,Belarus,2012,65685890438.8922
BLZ,Belize,2012,1917083500.0
BMU,Bermuda,2012,6378188000.0
BOL,Bolivia,2012,27084497481.9103
BRA,Brazil,2012,2465228293706.86
BRB,Barbados,2012,5761450000.0
BRN,Brunei Darussalam,2012,19048443340.7732
BTN,Bhutan,2012,1973387227.96519
BWA,Botswana,2012,13907464500.1489
CAF,Central African Republic,2012,2510126512.22831
CAN,Canada,2012,1828366481521.6
CHE,Switzerland,2012,686420221557.99
CHI,Channel Islands,2012,9454638123.23572
CHL,Chile,2012,267024782486.855
CHN,China,2012,8673664713189.24
CIV,Cote d'Ivoire,2012,36302302877.2977
CMR,Cameroon,2012,30155062329.2821
COD,"Congo, Dem. Rep.",2012,30029369928.7318
COG,"Congo, Rep.",2012,17692911296.3044
COL,Colombia,2012,370691143018.039
COM,Comoros,2012,1015843490.82374
CPV,Cabo Verde,2012,1913081210.41411
CRI,Costa Rica,2012,47231655431.7355
CUB,Cuba,2012,73141000000.0
CUW,Curacao,2012,3012836256.55523
CYM,Cayman Islands,2012,4291004485.56803
CYP,Cyprus,2012,25047436974.6819
CZE,Czechia,2012,210363223087.728
DEU,Germany,2012,3596483233406.25
DJI,Djibouti,2012,1353632941.5207
DMA,Dominica,2012,520355555.555556
DNK,Denmark,2012,326792574244.963
DOM,Dominican Republic,2012,60561635555.6383
DZA,Algeria,2012,227143746075.934
EAR,Early-demographic dividend,2012,10275142735646.4
ECS,Europe & Central Asia,2012,22560574822089.8
ECU,Ecuador,2012,87735048000.0
EGY,"Egypt, Arab Rep.",2012,279116666666.667
ERI,Eritrea,2012,
ESP,Spain,2012,1330994811670.31
EST,Estonia,2012,23237406116.3988
ETH,Ethiopia,2012,43310721414.0829
FIN,Finland,2012,257443384492.969
FJI,Fiji,2012,3972028104.47328
FRA,France,2012,2683007095787.23
FRO,Faroe Islands,2012,2427200388.91831
FSM,"Micronesia, Fed. Sts.",2012,322838077.579294
GAB,Gabon,2012,17170464016.0593
GBR,United Kingdom,2012,2719715961539.83
GEO,Georgia,2012,16894392033.2256
GHA,Ghana,2012,41271701060.954
GIB,Gibraltar,2012,
GIN,Guinea,2012,7638044556.84656
GMB,"Gambia, The",2012,1415004738.26621
GNB,Guinea-Bissau,2012,1049412177.11413
GNQ,Equatorial Guinea,2012,22388344143.9131
GRC,Greece,2012,238841140018.233
GRD,Grenada,2012,799881481.481481
GRL,Greenland,2012,2609678486.36749
GTM,Guatemala,2012,49593929487.1263
GUM,Guam,2012,5265000000.0
GUY,Guyana,2012,4063088535.76331
HKG,"Hong Kong SAR, China",2012,262628865879.697
HND,Honduras,2012,18528554397.5695
HRV,Croatia,2012,57548115904.416
HTI,Haiti,2012,13708925477.1304
HUN,Hungary,2012,128470269689.958
IDB,IDA blend,2012,982900021354.995
IDN,Indonesia,2012,917869913332.649
IMN,Isle of Man,2012,6690228371.66909
IND,India,2012,1827637590410.41
IRL,Ireland,2012,226921827888.137
IRN,"Iran, Islamic Rep.",2012,644019315003.54
IRQ,Iraq,2012,218002476129.472
ISL,Iceland,2012,14943757823.3226
ISR,Israel,2012,263589172712.391
ITA,Italy,2012,2097929495121.68
JAM,Jamaica,2012,14807086555.5283
JOR,Jordan,2012,31634561690.1408
JPN,Japan,2012,6272362996105.03
KAZ,Kazakhstan,2012,207998568865.789
KEN,Kenya,2012,56396704671.5777
KGZ,Kyrgyz Republic,2012,6605142884.36215
KHM,Cambodia,2012,17826536699.8016
KIR,Kiribati,2012,207001545.867109
KNA,St. Kitts and Nevis,2012,824585185.185185
KOR,"Korea, Rep.",2012,1335343586437.67
KWT,Kuwait,2012,174047662680.041
LAO,Lao PDR,2012,10192846339.4029
LBN,Lebanon,2012,44016799515.7546
LBR,Liberia,2012,2791614000.0
LBY,Libya,2012,92540938129.1315
LCA,St. Lucia,2012,1598207407.40741
LCN,Latin America & Caribbean,2012,6202552292365.06
LIE,Liechtenstein,2012,5456102482.28614
LKA,Sri Lanka,2012,70447217163.7784
LSO,Lesotho,2012,2477702216.26888
LTE,Late-demographic dividend,2012,17836300107332.0
LTU,Lithuania,2012,42709372066.8627
LUX,Luxembourg,2012,59776383527.3602
LVA,Latvia,2012,27116149948.6683
MAC,"Macao SAR, China",2012,43193350975.6862
MAF,St. Martin (French part),2012,
MAR,Morocco,2012,106937392311.129
MCO,Monaco,2012,5742749294.00852
MDA,Moldova,2012,8709138634.82921
MDG,Madagascar,2012,11578975061.9479
MDV,Maldives,2012,2886163997.20531
MEX,Mexico,2012,1255110424817.79
MHL,Marshall Islands,2012,180700000.0
MKD,North Macedonia,2012,9745261300.57788
MLI,Mali,2012,14795114602.6396
MLT,Malta,2012,9609532089.16031
MMR,Myanmar,2012,59937796648.2158
MNE,Montenegro,2012,4071829462.26447
MNG,Mongolia,2012,12292770631.565
MNP,Northern Mariana Islands,2012,746000000.0
MOZ,Mozambique,2012,16688114144.0745
MRT,Mauritania,2012,6728208836.22143
MUS,Mauritius,2012,11832323837.1071
MWI,Malawi,2012,8773203178.16512
MYS,Malaysia,2012,314443047642.111
NAM,Namibia,2012,13042053591.6857
NCL,New Caledonia,2012,9659151917.40484
NER,Niger,2012,9426912647.59111
NGA,Nigeria,2012,463971018239.281
NIC,Nicaragua,2012,10532017231.8253
NLD,Netherlands,2012,845689017065.625
NOR,Norway,2012,512777309840.997
NPL,Nepal,2012,21703100877.1309
NRU,Nauru,2012,101055722.95058
NZL,New Zealand,2012,176560711239.147
OMN,Oman,2012,87408842652.7958
PAK,Pakistan,2012,250106966104.704
PAN,Panama,2012,41595439720.9767
PER,Peru,2012,192650021648.583
PHL,Philippines,2012,261920540962.63
PLW,Palau,2012,215616882.324219
PNG,Papua New Guinea,2012,21295168665.7247
POL,Poland,2012,498148649702.66
PRI,Puerto Rico (US),2012,101564800000.0
PRK,"Korea, Dem. People's Rep.",2012,
PRT,Portugal,2012,216536676771.973
PRY,Paraguay,2012,33271921136.3071
PSE,West Bank and Gaza,2012,12208400000.0
PYF,French Polynesia,2012,5692858099.00217
QAT,Qatar,2012,186833516483.516
ROU,Romania,2012,179117323107.087
RUS,Russia,2012,2208293553878.42
RWA,Rwanda,2012,7654761050.18587
SAU,Saudi Arabia,2012,751921333333.333
SDN,Sudan,2012,37632919966.6667
SEN,Senegal,2012,17660870411.5235
SGP,Singapore,2012,295092888076.589
SLB,Solomon Islands,2012,1185217634.37393
SLE,Sierra Leone,2012,6141666509.36295
SLV,El Salvador,2012,21386150000.0
SMR,San Marino,2012,1604701299.43546
SOM,"Somalia, Fed. Rep.",2012,4364670159.99578
SRB,Serbia,2012,45103269969.4112
SSD,South Sudan,2012,11931472169.4915
STP,Sao Tome and Principe,2012,225815131.929273
SUR,Suriname,2012,4980000000.0
SVK,Slovak Republic,2012,94724394278.052
SVN,Slovenia,2012,46167053954.3367
SWE,Sweden,2012,549739674655.127
SWZ,Eswatini,2012,4747813067.26006
SXM,Sint Maarten (Dutch part),2012,985865921.787709
SYC,Seychelles,2012,1089407839.19709
SYR,Syrian Arab Republic,2012,43190318032.5627
TCA,Turks and Caicos Islands,2012,832848000.0
TCD,Chad,2012,17892228569.8861
TGO,Togo,2012,5413541649.14901
THA,Thailand,2012,397558325278.579
TJK,Tajikistan,2012,7633036903.07634
TKM,Turkmenistan,2012,35164210526.3158
TLS,Timor-Leste,2012,1160555039.5788
TON,Tonga,2012,471122971.305043
TTO,Trinidad and Tobago,2012,27147349937.4689
TUN,Tunisia,2012,47311401812.6733
TUR,Turkiye,2012,885327622479.052
TUV,Tuvalu,2012,39345579.4723758
TZA,Tanzania,2012,39650394362.9287
UGA,Uganda,2012,27305915910.7877
UKR,Ukraine,2012,182591753827.949
URY,Uruguay,2012,54232266358.7811
USA,United States,2012,16253972230000.0
UZB,Uzbekistan,2012,67517349212.0609
VCT,St. Vincent and the Grenadines,2012,730032592.592593
VEN,"Venezuela, RB",2012,372592062768.06
VGB,British Virgin Islands,2012,
VIR,Virgin Islands (U.S.),2012,4089000000.0
VNM,Viet Nam,2012,195590661129.249
VUT,Vanuatu,2012,747839697.746593
WSM,Samoa,2012,773141661.165548
XKX,Kosovo,2012,6163484244.63408
YEM,"Yemen, Rep.",2012,35401331609.5916
ZAF,South Africa,2012,434400545085.811
ZMB,Zambia,2012,25503060420.026
ZWE,Zimbabwe,2012,17123500000.0
ABW,Aruba,2013,2727849162.01117
AFE,Africa Eastern and Southern,2013,981308886976.783
AFG,Afghanistan,2013,20146416757.5987
AFW,Africa Western and Central,2013,844180401591.48
AGO,Angola,2013,148845200696.792
ALB,Albania,2013,12796985886.1478
AND,Andorra,2013,3193513470.43941
ARE,United Arab Emirates,2013,409632675289.313
ARG,Argentina,2013,552025140252.246
ARM,Armenia,2013,11121464437.0415
ASM,American Samoa,2013,638000000.0
ATG,Antigua and Barbuda,2013,1325496296.2963
AUS,Australia,2013,1583737461925.39
AUT,Austria,2013,426580502769.417
AZE,Azerbaijan,2013,74160560123.6902
BDI,Burundi,2013,2451624637.67157
BEL,Belgium,2013,524097026598.55
BEN,Benin,2013,12517845123.9315
BFA,Burkina Faso,2013,13444300485.8412
BGD,Bangladesh,2013,149998957434.186
BGR,Bulgaria,2013,55819262374.9039
BHR,Bahrain,2013,33823324468.0851
BHS,"Bahamas, The",2013,10475300000.0
BIH,Bosnia and Herzegovina,2013,18179109209.3892
BLR,Belarus,2013,75527558966.4473
BLZ,Belize,2013,2035191450.0
BMU,Bermuda,2013,6465756000.0
BOL,Bolivia,2013,30659338885.6729
BRA,Brazil,2013,2472819362043.74
BRB,Barbados,2013,5667200000.0
BRN,Brunei Darussalam,2013,18094148098.6536
BTN,Bhutan,2013,1943696951.65411
BWA,Botswana,2013,14271738933.2042
CAF,Central African Republic,2013,1691544110.18543
CAN,Canada,2013,1846597421834.98
CHE,Switzerland,2013,706234937370.968
CHI,Channel Islands,2013,9594745810.67159
CHL,Chile,2013,277395018842.417
CHN,China,2013,9743124247267.24
CIV,Cote d'Ivoire,2013,42760235484.6093
CMR,Cameroon,2013,33728621180.3231
COD,"Congo, Dem. Rep.",2013,34891189160.3002
COG,"Congo, Rep.",2013,17958720699.0868
COL,Colombia,2013,382093697077.685
COM,Comoros,2013,1116224106.83728
CPV,Cabo Verde,2013,2028910915.16446
CRI,Costa Rica,2013,50949668841.6696
CUB,Cuba,2013,77148000000.0
CUW,Curacao,2013,3033568606.16651
CYM,Cayman Islands,2013,4405796081.15984
CYP,Cyprus,2013,23959712860.8331
CZE,Czechia,2013,213024360541.119
DEU,Germany,2013,3807023797050.99
DJI,Djibouti,2013,2044440443.16654
DMA,Dominica,2013,545325925.925926
DNK,Denmark,2013,344631016965.12
DOM,Dominican Republic,2013,62555417414.582
DZA,Algeria,2013,229701430292.157
EAR,Early-demographic dividend,2013,10330333855700.2
ECS,Europe & Central Asia,2013,23574066317473.4
ECU,Ecuador,2013,96570334000.0
EGY,"Egypt, Arab Rep.",2013,288434108527.132
ERI,Eritrea,2013,
ESP,Spain,2013,1362186923157.65
EST,Estonia,2013,25451032780.7573
ETH,Ethiopia,2013,47648276605.0123
FIN,Finland,2013,270268036626.275
FJI,Fiji,2013,4189967998.51424
FRA,France,2013,2816077607875.26
FRO,Faroe Islands,2013,2690110520.92548
FSM,"Micronesia, Fed. Sts.",2013,312808581.662958
GAB,Gabon,2013,17595744798.3398
GBR,United Kingdom,2013,2796908333283.39
GEO,Georgia,2013,17517660143.6859
GHA,Ghana,2013,62845721959.827
GIB,Gibraltar,2013,
GIN,Guinea,2013,8376613539.28278
GMB,"Gambia, The",2013,1375609453.43746
GNB,Guinea-Bissau,2013,1109682824.13594
GNQ,Equatorial Guinea,2013,21948834283.7856
GRC,Greece,2013,236556279640.705
GRD,Grenada,2013,842618518.518518
GRL,Greenland,2013,2684946990.12448
GTM,Guatemala,2013,52996420177.4409
GUM,Guam,2013,5399000000.0
GUY,Guyana,2013,4167800928.83553
HKG,"Hong Kong SAR, China",2013,275696879834.966
HND,Honduras,2013,18499729214.904
HRV,Croatia,2013,59846265181.8502
HTI,Haiti,2013,14902488604.2421
HUN,Hungary,2013,135646053778.582
IDB,IDA blend,2013,1071507625598.43
IDN,Indonesia,2013,912524136718.018
IMN,Isle of Man,2013,7001175622.71266
IND,India,2013,1856721507621.58
IRL,Ireland,2013,242924245718.756
IRN,"Iran, Islamic Rep.",2013,500399839839.877
IRQ,Iraq,2013,234637675128.645
ISL,Iceland,2013,16244319958.6808
ISR,Israel,2013,298478070673.058
ITA,Italy,2013,2153225581941.46
JAM,Jamaica,2013,14264205152.6126
JOR,Jordan,2013,34454440140.8451
JPN,Japan,2013,5212328181166.18
KAZ,Kazakhstan,2013,236634603409.089
KEN,Kenya,2013,61671440407.8387
KGZ,Kyrgyz Republic,2013,7335033800.59056
KHM,Cambodia,2013,19807135252.8649
KIR,Kiribati,2013,201730860.757856
KNA,St. Kitts and Nevis,2013,874548148.148148
KOR,"Korea, Rep.",2013,1434669686501.84
KWT,Kuwait,2013,174168116534.844
LAO,Lao PDR,2013,11983252626.5452
LBN,Lebanon,2013,46880103080.597
LBR,Liberia,2013,3177198100.0
LBY,Libya,2013,75351107029.0605
LCA,St. Lucia,2013,1660392592.59259
LCN,Latin America & Caribbean,2013,6252550709058.29
LIE,Liechtenstein,2013,6391708310.67727
LKA,Sri Lanka,2013,76976203829.4765
LSO,Lesotho,2013,2367112931.642
LTE,Late-demographic dividend,2013,19233518032034.2
LTU,Lithuania,2013,46303660422.0434
LUX,Luxembourg,2013,65203276466.9763
LVA,Latvia,2013,29152128167.8438
MAC,"Macao SAR, China",2013,51559125350.236
MAF,St. Martin (French part),2013,
MAR,Morocco,2013,115739287305.08
MCO,Monaco,2013,6555591709.88585
MDA,Moldova,2013,9496717875.51932
MDG,Madagascar,2013,12423555455.3853
MDV,Maldives,2013,3295009237.50107
MEX,Mexico,2013,1327436290282.67
MHL,Marshall Islands,2013,186400000.0
MKD,North Macedonia,2013,10817702346.0674
MLI,Mali,2013,15747192680.9101
MLT,Malta,2013,10796782636.1081
MMR,Myanmar,2013,60269732854.827
MNE,Montenegro,2013,4422097762.7848
MNG,Mongolia,2013,12582122604.2577
MNP,Northern Mariana Islands,2013,772000000.0
MOZ,Mozambique,2013,17198073057.1981
MRT,Mauritania,2013,7223071097.08417
MUS,Mauritius,2013,12434596541.2996
MWI,Malawi,2013,8031571927.62055
MYS,Malaysia,2013,323276235524.415
NAM,Namibia,2013,12043307277.1235
NCL,New Caledonia,2013,10151382933.1594
NER,Niger,2013,10224897437.8648
NGA,Nigeria,2013,520117180313.906
NIC,Nicaragua,2013,10982988249.2103
NLD,Netherlands,2013,883951539006.669
NOR,Norway,2013,526014468085.106
NPL,Nepal,2013,22162204924.5726
NRU,Nauru,2013,94385014.9425842
NZL,New Zealand,2013,191012364176.878
OMN,Oman,2013,89936020806.2419
PAK,Pakistan,2013,258657231672.412
PAN,Panama,2013,46949496479.4008
PER,Peru,2013,201175543571.392
PHL,Philippines,2013,283902828588.718
PLW,Palau,2013,224110610.961914
PNG,Papua New Guinea,2013,21261338064.8783
POL,Poland,2013,518179836405.36
PRI,Puerto Rico (US),2013,102450000000.0
PRK,"Korea, Dem. People's Rep.",2013,
PRT,Portugal,2013,226677408291.745
PRY,Paraguay,2013,38501122141.4135
PSE,West Bank and Gaza,2013,13515500000.0
PYF,French Polynesia,2013,6031827122.60663
QAT,Qatar,2013,198727747252.747
ROU,Romania,2013,189798603751.235
RUS,Russia,2013,2292470078346.22
RWA,Rwanda,2013,7819964030.17937
SAU,Saudi Arabia,2013,769755733333.333
SDN,Sudan,2013,43024018082.1918
SEN,Senegal,2013,18918667724.8817
SGP,Singapore,2013,307576360584.992
SLB,Solomon Islands,2013,1285905957.64116
SLE,Sierra Leone,2013,7502762862.72657
SLV,El Salvador,2013,21990960000.0
SMR,San Marino,2013,1678741475.14095
SOM,"Somalia, Fed. Rep.",2013,5062881600.00104
SRB,Serbia,2013,50455529604.0696
SSD,South Sudan,2013,18426469016.9492
STP,Sao Tome and Principe,2013,267041747.584354
SUR,Suriname,2013,5145757575.75758
SVK,Slovak Republic,2013,99134277850.3418
SVN,Slovenia,2013,47867056858.8892
SWE,Sweden,2013,584125353119.18
SWZ,Eswatini,2013,4463396204.01995
SXM,Sint Maarten (Dutch part),2013,1022905027.93296
SYC,Seychelles,2013,1333160407.38516
SYR,Syrian Arab Republic,2013,21361254635.051
TCA,Turks and Caicos Islands,2013,863328000.0
TCD,Chad,2013,17865316886.3315
TGO,Togo,2013,6021729629.82454
THA,Thailand,2013,420333654592.547
TJK,Tajikistan,2013,8448411318.25417
TKM,Turkmenistan,2013,39197543859.6491
TLS,Timor-Leste,2013,1395727420.71268
TON,Tonga,2013,451788498.263614
TTO,Trinidad and Tobago,2013,28560537057.1548
TUN,Tunisia,2013,48685446413.953
TUR,Turkiye,2013,962167643588.925
TUV,Tuvalu,2013,38615890.6320745
TZA,Tanzania,2013,45648857242.315
UGA,Uganda,2013,28915786516.6123
UKR,Ukraine,2013,190498811460.028
URY,Uruguay,2013,61337621933.7857
USA,United States,2013,16843190993000.0
UZB,Uzbekistan,2013,73180037914.9104
VCT,St. Vincent and the Grenadines,2013,764781259.259259
VEN,"Venezuela, RB",2013,258930655486.37
VGB,British Virgin Islands,2013,
VIR,Virgin Islands (U.S.),2013,3738000000.0
VNM,Viet Nam,2013,213708811665.34
VUT,Vanuatu,2013,758304466.245339
WSM,Samoa,2013,797736334.281305
XKX,Kosovo,2013,6735328609.6594
YEM,"Yemen, Rep.",2013,40415233436.1767
ZAF,South Africa,2013,400886013595.573
ZMB,Zambia,2013,28037239462.7142
ZWE,Zimbabwe,2013,19100750000.0
ABW,Aruba,2014,2790849720.67039
AFE,Africa Eastern and Southern,2014,998836162271.296
AFG,Afghanistan,2014,20497128555.6972
AFW,Africa Western and Central,2014,904071921008.085
AGO,Angola,2014,153449860496.402
ALB,Albania,2014,13296322588.1684
AND,Andorra,2014,3271686452.47686
ARE,United Arab Emirates,2014,424935874744.724
ARG,Argentina,2014,526319673731.638
ARM,Armenia,2014,11609513246.7958
ASM,American Samoa,2014,643000000.0
ATG,Antigua and Barbuda,2014,1378707407.40741
AUS,Australia,2014,1474677007565.64
AUT,Austria,2014,438556021078.034
AZE,Azerbaijan,2014,75239785452.1022
BDI,Burundi,2014,2705826648.21019
BEL,Belgium,2014,537987419164.351
BEN,Benin,2014,13284527846.9081
BFA,Burkina Faso,2014,13943016076.7436
BGD,Bangladesh,2014,172886611653.786
BGR,Bulgaria,2014,57080897012.1077
BHR,Bahrain,2014,34772526595.7447
BHS,"Bahamas, The",2014,11139100000.0
BIH,Bosnia and Herzegovina,2014,18558734107.1478
BLR,Belarus,2014,78813069120.9984
BLZ,Belize,2014,2138242200.0
BMU,Bermuda,2014,6413988000.0
BOL,Bolivia,2014,32996188017.3661
BRA,Brazil,2014,2456043766032.38
BRB,Barbados,2014,5620600000.0
BRN,Brunei Darussalam,2014,17097797386.0336
BTN,Bhutan,2014,2089079570.58285
BWA,Botswana,2014,15470088500.7414
CAF,Central African Republic,2014,1894813389.40325
CAN,Canada,2014,1805749878439.94
CHE,Switzerland,2014,726537808338.0
CHI,Channel Islands,2014,10527973277.6068
CHL,Chile,2014,259560978224.359
CHN,China,2014,10674533168257.4
CIV,Cote d'Ivoire,2014,48843005613.7091
CMR,Cameroon,2014,36386544706.0806
COD,"Congo, Dem. Rep.",2014,38352980552.8665
COG,"Congo, Rep.",2014,17919321078.0284
COL,Colombia,2014,381240864422.407
COM,Comoros,2014,1149587661.00693
CPV,Cabo Verde,2014,2041930125.42979
CRI,Costa Rica,2014,52016408854.2658
CUB,Cuba,2014,80656100000.0
CUW,Curacao,2014,3059406995.39666
CYM,Cayman Islands,2014,4562853582.32463
CYP,Cyprus,2014,23225918259.9824
CZE,Czechia,2014,210911285077.683
DEU,Germany,2014,3964870735760.77
DJI,Djibouti,2014,2220637966.25047
DMA,Dominica,2014,572255555.555555
DNK,Denmark,2014,352832602064.452
DOM,Dominican Republic,2014,67014329099.5549
DZA,Algeria,2014,238942664192.59
EAR,Early-demographic dividend,2014,10533364326771.5
ECS,Europe & Central Asia,2014,23920533649825.0
ECU,Ecuador,2014,102717794000.0
EGY,"Egypt, Arab Rep.",2014,305595408895.265
ERI,Eritrea,2014,
ESP,Spain,2014,1380244561361.96
EST,Estonia,2014,27055689003.0038
ETH,Ethiopia,2014,55612228233.5179
FIN,Finland,2014,273478528954.901
FJI,Fiji,2014,4857104768.86844
FRA,France,2014,2861236112552.42
FRO,Faroe Islands,2014,2914012679.27277
FSM,"Micronesia, Fed. Sts.",2014,313994033.967662
GAB,Gabon,2014,18203966895.8433
GBR,United Kingdom,2014,3085362169410.29
GEO,Georgia,2014,17966015109.3043
GHA,Ghana,2014,54678533805.9064
GIB,Gibraltar,2014,
GIN,Guinea,2014,8778473372.82124
GMB,"Gambia, The",2014,1229461721.40861
GNB,Guinea-Bissau,2014,1135250721.0374
GNQ,Equatorial Guinea,2014,21765453081.9826
GRC,Greece,2014,233911581521.062
GRD,Grenada,2014,911496296.296296
GRL,Greenland,2014,2842065708.35962
GTM,Guatemala,2014,57852159007.6243
GUM,Guam,2014,5610000000.0
GUY,Guyana,2014,4127660151.8087
HKG,"Hong Kong SAR, China",2014,291459995978.893
HND,Honduras,2014,19756533971.8698
HRV,Croatia,2014,59606934500.9957
HTI,Haiti,2014,15146883497.6331
HUN,Hungary,2014,141128696412.321
IDB,IDA blend,2014,1164584937017.84
IDN,Indonesia,2014,890814755533.537
IMN,Isle of Man,2014,7708454412.32126
IND,India,2014,2039126479154.52
IRL,Ireland,2014,266490442124.309
IRN,"Iran, Islamic Rep.",2014,462284793280.825
IRQ,Iraq,2014,228415656174.957
ISL,Iceland,2014,18052183514.8695
ISR,Israel,2014,315017088116.716
ITA,Italy,2014,2173255507985.84
JAM,Jamaica,2014,13899217679.9219
JOR,Jordan,2014,36847643521.1268
JPN,Japan,2014,4896994405353.29
KAZ,Kazakhstan,2014,221415613595.469
KEN,Kenya,2014,68285796514.2896
KGZ,Kyrgyz Republic,2014,7468102412.68237
KHM,Cambodia,2014,22041463967.9009
KIR,Kiribati,2014,200287281.98074
KNA,St. Kitts and Nevis,2014,952111111.111111
KOR,"Korea, Rep.",2014,1556252422020.44
KWT,Kuwait,2014,162650450684.725
LAO,Lao PDR,2014,13279245886.3854
LBN,Lebanon,2014,48095213746.6003
LBR,Liberia,2014,3225652000.0
LBY,Libya,2014,57372355592.022
LCA,St. Lucia,2014,1749185185.18518
LCN,Latin America & Caribbean,2014,6217846355596.35
LIE,Liechtenstein,2014,6657526979.72277
LKA,Sri Lanka,2014,82531125190.5224
LSO,Lesotho,2014,2441063054.05792
LTE,Late-demographic dividend,2014,19998109576538.4
LTU,Lithuania,2014,48306546656.9281
LUX,Luxembourg,2014,68804811897.6445
LVA,Latvia,2014,30277203767.4058
MAC,"Macao SAR, China",2014,54930501310.2956
MAF,St. Martin (French part),2014,772921958.529509
MAR,Morocco,2014,119130841411.664
MCO,Monaco,2014,7070017323.65476
MDA,Moldova,2014,9402090137.7423
MDG,Madagascar,2014,12522957399.2281
MDV,Maldives,2014,3697353039.20043
MEX,Mexico,2014,1364507717614.13
MHL,Marshall Islands,2014,186000000.0
MKD,North Macedonia,2014,11362265252.778
MLI,Mali,2014,17081681993.1695
MLT,Malta,2014,11888032873.8295
MMR,Myanmar,2014,65531374210.3224
MNE,Montenegro,2014,4579636601.80039
MNG,Mongolia,2014,12226514668.0622
MNP,Northern Mariana Islands,2014,832000000.0
MOZ,Mozambique,2014,17978246586.0662
MRT,Mauritania,2014,6592537781.81518
MUS,Mauritius,2014,13230490081.5656
MWI,Malawi,2014,8801326169.14547
MYS,Malaysia,2014,338066095097.254
NAM,Namibia,2014,12435430969.6301
NCL,New Caledonia,2014,10635035594.7528
NER,Niger,2014,10862943543.5419
NGA,Nigeria,2014,574183763411.508
NIC,Nicaragua,2014,11880438824.4494
NLD,Netherlands,2014,901556501756.467
NOR,Norway,2014,501736471832.848
NPL,Nepal,2014,22731612922.1906
NRU,Nauru,2014,99149244.4001333
NZL,New Zealand,2014,201518402787.38
OMN,Oman,2014,92699089726.9181
PAK,Pakistan,2014,271390474857.632
PAN,Panama,2014,51427104881.9655
PER,Peru,2014,200786250582.943
PHL,Philippines,2014,297483555338.044
PLW,Palau,2014,245591094.970703
PNG,Papua New Guinea,2014,23210823987.308
POL,Poland,2014,542134167178.627
PRI,Puerto Rico (US),2014,102445800000.0
PRK,"Korea, Dem. People's Rep.",2014,
PRT,Portugal,2014,230078616299.675
PRY,Paraguay,2014,40377929295.6522
PSE,West Bank and Gaza,2014,13989700000.0
PYF,French Polynesia,2014,6151996560.84289
QAT,Qatar,2014,206224725274.725
ROU,Romania,2014,199722319675.741
RUS,Russia,2014,2059241589895.01
RWA,Rwanda,2014,8238966124.23115
SAU,Saudi Arabia,2014,787153066666.667
SDN,Sudan,2014,49516748617.9775
SEN,Senegal,2014,19797253440.2679
SGP,Singapore,2014,314863580758.455
SLB,Solomon Islands,2014,1335576762.84974
SLE,Sierra Leone,2014,7686138790.90872
SLV,El Salvador,2014,22593470000.0
SMR,San Marino,2014,1673911426.17254
SOM,"Somalia, Fed. Rep.",2014,5728399719.99958
SRB,Serbia,2014,49114321280.3466
SSD,South Sudan,2014,13962212847.4576
STP,Sao Tome and Principe,2014,293119143.246825
SUR,Suriname,2014,5240606060.60606
SVK,Slovak Republic,2014,101713075598.862
SVN,Slovenia,2014,49514466379.6057
SWE,Sweden,2014,577727767303.596
SWZ,Eswatini,2014,4285065665.03168
SXM,Sint Maarten (Dutch part),2014,1361811508.37989
SYC,Seychelles,2014,1387577870.08161
SYR,Syrian Arab Republic,2014,21502061465.9498
TCA,Turks and Caicos Islands,2014,956605000.0
TCD,Chad,2014,18144336903.7175
TGO,Togo,2014,6393314707.85456
THA,Thailand,2014,407339040197.651
TJK,Tajikistan,2014,9112605459.32845
TKM,Turkmenistan,2014,43524210526.3158
TLS,Timor-Leste,2014,1447535182.8616
TON,Tonga,2014,440997738.014078
TTO,Trinidad and Tobago,2014,29474180005.1333
TUN,Tunisia,2014,50271812920.612
TUR,Turkiye,2014,942343431928.654
TUV,Tuvalu,2014,38760982.6540096
TZA,Tanzania,2014,49986726460.6805
UGA,Uganda,2014,32612397257.4458
UKR,Ukraine,2014,133503871861.723
URY,Uruguay,2014,61496186973.902
USA,United States,2014,17550680174000.0
UZB,Uzbekistan,2014,80845385809.4529
VCT,St. Vincent and the Grenadines,2014,770900000.0
VEN,"Venezuela, RB",2014,214689614732.719
VGB,British Virgin Islands,2014,
VIR,Virgin Islands (U.S.),2014,3565000000.0
VNM,Viet Nam,2014,233451469642.519
VUT,Vanuatu,2014,773717010.546445
WSM,Samoa,2014,796683519.593842
XKX,Kosovo,2014,7074394734.88431
YEM,"Yemen, Rep.",2014,43228585321.3272
ZAF,South Africa,2014,381198869776.106
ZMB,Zambia,2014,27141023558.0829
ZWE,Zimbabwe,2014,19505500000.0
ABW,Aruba,2015,2962906703.91061
AFE,Africa Eastern and Southern,2015,910002035578.038
AFG,Afghanistan,2015,19134221644.7325
AFW,Africa Western and Central,2015,778022057597.448
AGO,Angola,2015,102543067840.732
ALB,Albania,2015,11470171826.9575
AND,Andorra,2015,2789882569.1005
ARE,United Arab Emirates,2015,381973042886.317
ARG,Argentina,2015,594749285413.212
ARM,Armenia,2015,10553337518.414
ASM,American Samoa,2015,673000000.0
ATG,Antigua and Barbuda,2015,1437485185.18519
AUS,Australia,2015,1356805839935.9
AUT,Austria,2015,379546097300.633
AZE,Azerbaijan,2015,53076235354.746
BDI,Burundi,2015,2810532912.49975
BEL,Belgium,2015,461044767544.531
BEN,Benin,2015,11388160996.7738
BFA,Burkina Faso,2015,11832159315.6298
BGD,Bangladesh,2015,195146608978.131
BGR,Bulgaria,2015,50765918159.1476
BHR,Bahrain,2015,32523297872.3404
BHS,"Bahamas, The",2015,11837600000.0
BIH,Bosnia and Herzegovina,2015,16404348361.0926
BLR,Belarus,2015,56454769844.7632
BLZ,Belize,2015,2193095150.0
BMU,Bermuda,2015,6654541000.0
BOL,Bolivia,2015,33000198248.9146
BRA,Brazil,2015,1802211999456.42
BRB,Barbados,2015,5698150000.0
BRN,Brunei Darussalam,2015,12930296870.1247
BTN,Bhutan,2015,2187815803.36833
BWA,Botswana,2015,13530748844.505
CAF,Central African Republic,2015,1695825714.19282
CAN,Canada,2015,1556508816217.14
CHE,Switzerland,2015,694118186379.628
CHI,Channel Islands,2015,10109273770.329
CHL,Chile,2015,242450355830.884
CHN,China,2015,11280814787468.9
CIV,Cote d'Ivoire,2015,45815005169.2651
CMR,Cameroon,2015,32210233020.4569
COD,"Congo, Dem. Rep.",2015,40179574490.3032
COG,"Congo, Rep.",2015,12434793867.3568
COL,Colombia,2015,293492370193.166
COM,Comoros,2015,966029600.862227
CPV,Cabo Verde,2015,1749857620.35329
CRI,Costa Rica,2015,56441920820.5194
CUB,Cuba,2015,87132800000.0
CUW,Curacao,2015,3058779211.89831
CYM,Cayman Islands,2015,4708167255.28727
CYP,Cyprus,2015,19909278416.8575
CZE,Czechia,2015,189107698561.919
DEU,Germany,2015,3425099578746.09
DJI,Djibouti,2015,2424391785.43897
DMA,Dominica,2015,583177777.777778
DNK,Denmark,2015,301758922337.637
DOM,Dominican Republic,2015,70966782572.4386
DZA,Algeria,2015,187493855609.345
EAR,Early-demographic dividend,2015,10127250782286.2
ECS,Europe & Central Asia,2015,20603435735279.6
ECU,Ecuador,2015,97209558000.0
EGY,"Egypt, Arab Rep.",2015,329366576819.407
ERI,Eritrea,2015,
ESP,Spain,2015,1206164777553.12
EST,Estonia,2015,23311847750.9394
ETH,Ethiopia,2015,62103418181.8182
FIN,Finland,2015,233210733506.25
FJI,Fiji,2015,4682479893.97558
FRA,France,2015,2442483452642.5
FRO,Faroe Islands,2015,2573905971.05459
FSM,"Micronesia, Fed. Sts.",2015,310175057.802073
GAB,Gabon,2015,14383107762.6952
GBR,United Kingdom,2015,2945579890258.46
GEO,Georgia,2015,15223796148.8396
GHA,Ghana,2015,49436806230.4839
GIB,Gibraltar,2015,
GIN,Guinea,2015,8794201742.84609
GMB,"Gambia, The",2015,1378176608.93204
GNB,Guinea-Bissau,2015,1152384166.79638
GNQ,Equatorial Guinea,2015,13185496881.0174
GRC,Greece,2015,194567373678.099
GRD,Grenada,2015,997007407.407407
GRL,Greenland,2015,2499113022.81675
GTM,Guatemala,2015,62186066547.6566
GUM,Guam,2015,5799000000.0
GUY,Guyana,2015,4279840193.7046
HKG,"Hong Kong SAR, China",2015,309385622601.348
HND,Honduras,2015,20979791685.416
HRV,Croatia,2015,50998893384.8289
HTI,Haiti,2015,14849629308.6025
HUN,Hungary,2015,125244126623.289
IDB,IDA blend,2015,1104888256132.44
IDN,Indonesia,2015,860854232686.214
IMN,Isle of Man,2015,7084800892.22284
IND,India,2015,2103588360044.94
IRL,Ireland,2015,302101388556.271
IRN,"Iran, Islamic Rep.",2015,409191686496.677
IRQ,Iraq,2015,166774104959.102
ISL,Iceland,2015,17700486957.1907
ISR,Israel,2015,303469434072.296
ITA,Italy,2015,1845428048839.1
JAM,Jamaica,2015,14963589915.5912
JOR,Jordan,2015,38587017887.3239
JPN,Japan,2015,4444930651964.18
KAZ,Kazakhstan,2015,184388404706.042
KEN,Kenya,2015,70120446896.8359
KGZ,Kyrgyz Republic,2015,6678177511.66313
KHM,Cambodia,2015,24174170369.0738
KIR,Kiribati,2015,191559398.688293
KNA,St. Kitts and Nevis,2015,957222222.222222
KOR,"Korea, Rep.",2015,1539212301135.55
KWT,Kuwait,2015,114585555688.511
LAO,Lao PDR,2015,14426380125.6488
LBN,Lebanon,2015,49929337836.8159
LBR,Liberia,2015,3227075700.0
LBY,Libya,2015,48717501321.3052
LCA,St. Lucia,2015,1807640740.74074
LCN,Latin America & Caribbean,2015,5289615626446.62
LIE,Liechtenstein,2015,6268515276.17441
LKA,Sri Lanka,2015,85090301052.0465
LSO,Lesotho,2015,2359686724.53829
LTE,Late-demographic dividend,2015,18797219107172.1
LTU,Lithuania,2015,41540954817.2039
LUX,Luxembourg,2015,60071584216.1375
LVA,Latvia,2015,26344565876.8902
MAC,"Macao SAR, China",2015,44940613353.1038
MAF,St. Martin (French part),2015,
MAR,Morocco,2015,110413823841.592
MCO,Monaco,2015,6264756528.37691
MDA,Moldova,2015,7797667196.73087
MDG,Madagascar,2015,11323020701.3017
MDV,Maldives,2015,4129505319.12921
MEX,Mexico,2015,1213294467716.88
MHL,Marshall Islands,2015,183700000.0
MKD,North Macedonia,2015,10064519962.5655
MLI,Mali,2015,15583181170.4105
MLT,Malta,2015,11340795042.0881
MMR,Myanmar,2015,59607290408.4359
MNE,Montenegro,2015,4010885990.83986
MNG,Mongolia,2015,11619892590.6941
MNP,Northern Mariana Islands,2015,910000000.0
MOZ,Mozambique,2015,16208985769.615
MRT,Mauritania,2015,6166863896.68677
MUS,Mauritius,2015,12162211503.0793
MWI,Malawi,2015,9219474379.31534
MYS,Malaysia,2015,301355266964.947
NAM,Namibia,2015,11335161083.5061
NCL,New Caledonia,2015,8738203074.3957
NER,Niger,2015,9683867926.44282
NGA,Nigeria,2015,493026682800.63
NIC,Nicaragua,2015,12756696261.0676
NLD,Netherlands,2015,775743675302.734
NOR,Norway,2015,388159512245.53
NPL,Nepal,2015,24360801286.7638
NRU,Nauru,2015,84863440.5801997
NZL,New Zealand,2015,178224167087.99
OMN,Oman,2015,78710793237.9714
PAK,Pakistan,2015,299963590534.773
PAN,Panama,2015,55767806073.1781
PER,Peru,2015,189802976285.619
PHL,Philippines,2015,306445871242.322
PLW,Palau,2015,287057525.634766
PNG,Papua New Guinea,2015,21723437010.0982
POL,Poland,2015,480054118583.367
PRI,Puerto Rico (US),2015,103375500000.0
PRK,"Korea, Dem. People's Rep.",2015,
PRT,Portugal,2015,199038523119.639
PRY,Paraguay,2015,36211447840.1027
PSE,West Bank and Gaza,2015,13972400000.0
PYF,French Polynesia,2015,5325846361.81186
QAT,Qatar,2015,161739835164.835
ROU,Romania,2015,177885131240.315
RUS,Russia,2015,1363482182197.71
RWA,Rwanda,2015,8543760199.80208
SAU,Saudi Arabia,2015,693414400000.0
SDN,Sudan,2015,51726758676.7677
SEN,Senegal,2015,17774766696.1759
SGP,Singapore,2015,307998545269.398
SLB,Solomon Islands,2015,1307908813.59962
SLE,Sierra Leone,2015,6788352974.78329
SLV,El Salvador,2015,23438240000.0
SMR,San Marino,2015,1419401070.56043
SOM,"Somalia, Fed. Rep.",2015,6152149099.99942
SRB,Serbia,2015,41297410634.9586
SSD,South Sudan,2015,11997800760.2242
STP,Sao Tome and Principe,2015,259999643.047388
SUR,Suriname,2015,5126237646.22072
SVK,Slovak Republic,2015,89178548717.3324
SVN,Slovenia,2015,42709468274.8137
SWE,Sweden,2015,501602351911.6
SWZ,Eswatini,2015,3908217914.21824
SXM,Sint Maarten (Dutch part),2015,1417888715.0838
SYC,Seychelles,2015,1432403352.12944
SYR,Syrian Arab Republic,2015,16466863117.0009
TCA,Turks and Caicos Islands,2015,1078274000.0
TCD,Chad,2015,14559599499.5011
TGO,Togo,2015,5755457836.01866
THA,Thailand,2015,401296238228.084
TJK,Tajikistan,2015,8271431485.07484
TKM,Turkmenistan,2015,35799714285.7143
TLS,Timor-Leste,2015,1590282371.46446
TON,Tonga,2015,437525514.240726
TTO,Trinidad and Tobago,2015,26841141793.2143
TUN,Tunisia,2015,45779494041.9295
TUR,Turkiye,2015,865460050683.656
TUV,Tuvalu,2015,36811936.0824587
TZA,Tanzania,2015,47413919817.124
UGA,Uganda,2015,32387183730.1002
UKR,Ukraine,2015,91030967789.0717
URY,Uruguay,2015,57680327998.6689
USA,United States,2015,18206020741000.0
UZB,Uzbekistan,2015,86196264755.3105
VCT,St. Vincent and the Grenadines,2015,786555555.555555
VEN,"Venezuela, RB",2015,125449241571.391
VGB,British Virgin Islands,2015,
VIR,Virgin Islands (U.S.),2015,3663000000.0
VNM,Viet Nam,2015,239258328381.741
VUT,Vanuatu,2015,759690180.951654
WSM,Samoa,2015,824150498.653536
XKX,Kosovo,2015,6295848422.71573
YEM,"Yemen, Rep.",2015,42444490073.8555
ZAF,South Africa,2015,346709790458.563
ZMB,Zambia,2015,21251216798.7762
ZWE,Zimbabwe,2015,19973250000.0
ABW,Aruba,2016,2983637430.1676
AFE,Africa Eastern and Southern,2016,831868076442.431
AFG,Afghanistan,2016,18116572395.0772
AFW,Africa Western and Central,2016,700028168335.244
AGO,Angola,2016,59878249719.3279
ALB,Albania,2016,11988668784.6628
AND,Andorra,2016,2896611878.6258
ARE,United Arab Emirates,2016,381717086453.37
ARG,Argentina,2016,557532320662.955
ARM,Armenia,2016,10546136235.5219
ASM,American Samoa,2016,671000000.0
ATG,Antigua and Barbuda,2016,1489603703.7037
AUS,Australia,2016,1211588128417.61
AUT,Austria,2016,393687359770.273
AZE,Azerbaijan,2016,37866996882.9157
BDI,Burundi,2016,2618093125.14687
BEL,Belgium,2016,474271566739.729
BEN,Benin,2016,11821065853.3838
BFA,Burkina Faso,2016,12833363045.3367
BGD,Bangladesh,2016,265224515675.034
BGR,Bulgaria,2016,53929397039.2106
BHR,Bahrain,2016,33884680851.0638
BHS,"Bahamas, The",2016,11880900000.0
BIH,Bosnia and Herzegovina,2016,17116926553.8513
BLR,Belarus,2016,47723545321.259
BLZ,Belize,2016,2239604950.0
BMU,Bermuda,2016,6899911000.0
BOL,Bolivia,2016,33941126193.9219
BRA,Brazil,2016,1795693265999.04
BRB,Barbados,2016,5674600000.0
BRN,Brunei Darussalam,2016,11400266044.6651
BTN,Bhutan,2016,2357504760.78592
BWA,Botswana,2016,15082637184.0496
CAF,Central African Republic,2016,1825018144.65595
CAN,Canada,2016,1527994741907.43
CHE,Switzerland,2016,687895460902.713
CHI,Channel Islands,2016,9168857222.32574
CHL,Chile,2016,249344863928.438
CHN,China,2016,11456024084962.0
CIV,Cote d'Ivoire,2016,48407761036.8238
CMR,Cameroon,2016,33814337044.3765
COD,"Congo, Dem. Rep.",2016,38600224214.4728
COG,"Congo, Rep.",2016,10931328150.8478
COL,Colombia,2016,282720100286.228
COM,Comoros,2016,1012835493.19325
CPV,Cabo Verde,2016,1849789985.99572
CRI,Costa Rica,2016,58847019609.6549
CUB,Cuba,2016,91370407900.0
CUW,Curacao,2016,3024690188.01683
CYM,Cayman Islands,2016,4909322200.00212
CYP,Cyprus,2016,21046462280.5979
CZE,Czechia,2016,198160659303.939
DEU,Germany,2016,3536787895179.0
DJI,Djibouti,2016,2604955228.70117
DMA,Dominica,2016,612711111.111111
DNK,Denmark,2016,312181849372.233
DOM,Dominican Republic,2016,75552902635.7075
DZA,Algeria,2016,180763839522.151
EAR,Early-demographic dividend,2016,10423237803666.1
ECS,Europe & Central Asia,2016,20528432079127.4
ECU,Ecuador,2016,97671433000.0
EGY,"Egypt, Arab Rep.",2016,332441717791.411
ERI,Eritrea,2016,
ESP,Spain,2016,1243015667917.12
EST,Estonia,2016,24561027787.7896
ETH,Ethiopia,2016,68475871209.607
FIN,Finland,2016,238777818792.608
FJI,Fiji,2016,4930213644.36653
FRA,France,2016,2470407619777.13
FRO,Faroe Islands,2016,2813278868.78208
FSM,"Micronesia, Fed. Sts.",2016,325000000.0
GAB,Gabon,2016,14023890265.3665
GBR,United Kingdom,2016,2706807606538.73
GEO,Georgia,2016,15444548901.9637
GHA,Ghana,2016,56144179397.8516
GIB,Gibraltar,2016,
GIN,Guinea,2016,8595955222.49719
GMB,"Gambia, The",2016,1484578885.97132
GNB,Guinea-Bissau,2016,1245074264.10396
GNQ,Equatorial Guinea,2016,11240808847.8878
GRC,Greece,2016,193097239005.87
GRD,Grenada,2016,1061640740.74074
GRL,Greenland,2016,2707139544.46695
GTM,Guatemala,2016,66053408205.8838
GUM,Guam,2016,5901000000.0
GUY,Guyana,2016,4482697336.56174
HKG,"Hong Kong SAR, China",2016,320860317562.562
HND,Honduras,2016,21717604952.1835
HRV,Croatia,2016,52650714171.8617
HTI,Haiti,2016,14069277526.2278
HUN,Hungary,2016,128983560865.293
IDB,IDA blend,2016,1035761112332.6
IDN,Indonesia,2016,931877364037.698
IMN,Isle of Man,2016,6846377563.00683
IND,India,2016,2294796885663.16
IRL,Ireland,2016,305431252708.748
IRN,"Iran, Islamic Rep.",2016,478618064870.999
IRQ,Iraq,2016,166743557747.671
ISL,Iceland,2016,21083713310.457
ISR,Israel,2016,321940971558.016
ITA,Italy,2016,1887111188176.93
JAM,Jamaica,2016,14898999754.1229
JOR,Jordan,2016,39892551126.7606
JPN,Japan,2016,5003677627544.24
KAZ,Kazakhstan,2016,137278320084.171
KEN,Kenya,2016,74815144163.8931
KGZ,Kyrgyz Republic,2016,6813095379.1187
KHM,Cambodia,2016,26556545153.3573
KIR,Kiribati,2016,206467818.503227
KNA,St. Kitts and Nevis,2016,1006818518.51852
KOR,"Korea, Rep.",2016,1579150518945.44
KWT,Kuwait,2016,109406674124.652
LAO,Lao PDR,2016,15912501722.6143
LBN,Lebanon,2016,51147308774.1294
LBR,Liberia,2016,3398419600.0
LBY,Libya,2016,49912073701.298
LCA,St. Lucia,2016,1868544444.44444
LCN,Latin America & Caribbean,2016,5148746106826.83
LIE,Liechtenstein,2016,6237302033.50132
LKA,Sri Lanka,2016,88000211171.5956
LSO,Lesotho,2016,2114426452.2019
LTE,Late-demographic dividend,2016,18841937712407.0
LTU,Lithuania,2016,42970749245.0336
LUX,Luxembourg,2016,62216885435.9488
LVA,Latvia,2016,27117105059.5075
MAC,"Macao SAR, China",2016,44964868323.7558
MAF,St. Martin (French part),2016,
MAR,Morocco,2016,111572947004.917
MCO,Monaco,2016,6471290793.55029
MDA,Moldova,2016,7980917075.7748
MDG,Madagascar,2016,11848613858.442
MDV,Maldives,2016,4409942623.85538
MEX,Mexico,2016,1112233497452.7
MHL,Marshall Islands,2016,201800000.0
MKD,North Macedonia,2016,10672467073.2873
MLI,Mali,2016,16743796799.8329
MLT,Malta,2016,12025782834.1534
MMR,Myanmar,2016,63298361983.5653
MNE,Montenegro,2016,4357469330.46719
MNG,Mongolia,2016,11181350649.3573
MNP,Northern Mariana Islands,2016,1230000000.0
MOZ,Mozambique,2016,12069051237.1711
MRT,Mauritania,2016,6398747592.13185
MUS,Mauritius,2016,12757680846.5663
MWI,Malawi,2016,7909868618.46366
MYS,Malaysia,2016,301256033870.334
NAM,Namibia,2016,10722018732.0936
NCL,New Caledonia,2016,8724568954.89799
NER,Niger,2016,10398861981.7583
NGA,Nigeria,2016,404649125252.16
NIC,Nicaragua,2016,13286093388.4752
NLD,Netherlands,2016,797163949289.885
NOR,Norway,2016,370956547619.048
NPL,Nepal,2016,24524109483.5293
NRU,Nauru,2016,97541943.0355053
NZL,New Zealand,2016,189100085275.23
OMN,Oman,2016,75128738621.5865
PAK,Pakistan,2016,313630000130.435
PAN,Panama,2016,59760858717.8359
PER,Peru,2016,191898104390.379
PHL,Philippines,2016,318627003016.731
PLW,Palau,2016,305227020.263672
PNG,Papua New Guinea,2016,20758876952.6232
POL,Poland,2016,473259583969.643
PRI,Puerto Rico (US),2016,104336700000.0
PRK,"Korea, Dem. People's Rep.",2016,
PRT,Portugal,2016,206305431241.638
PRY,Paraguay,2016,36089700222.9546
PSE,West Bank and Gaza,2016,15405400000.0
PYF,French Polynesia,2016,5497036476.8031
QAT,Qatar,2016,151732142857.143
ROU,Romania,2016,185290759248.844
RUS,Russia,2016,1276786350881.14
RWA,Rwanda,2016,8695272057.91798
SAU,Saudi Arabia,2016,689279466666.667
SDN,Sudan,2016,42630376000.0
SEN,Senegal,2016,19040312333.1864
SGP,Singapore,2016,319646468521.497
SLB,Solomon Islands,2016,1379486290.71433
SLE,Sierra Leone,2016,6084297211.10217
SLV,El Salvador,2016,24191430000.0
SMR,San Marino,2016,1468343139.74326
SOM,"Somalia, Fed. Rep.",2016,6613743069.99912
SRB,Serbia,2016,42225495909.5633
SSD,South Sudan,2016,
STP,Sao Tome and Principe,2016,292267272.196925
SUR,Suriname,2016,3317421648.09918
SVK,Slovak Republic,2016,90347173228.6356
SVN,Slovenia,2016,44290685824.0682
SWE,Sweden,2016,513058312950.939
SWZ,Eswatini,2016,3722306116.72872
SXM,Sint Maarten (Dutch part),2016,1427017206.70391
SYC,Seychelles,2016,1568513348.14463
SYR,Syrian Arab Republic,2016,12597854877.4254
TCA,Turks and Caicos Islands,2016,1202078000.0
TCD,Chad,2016,13026289835.7789
TGO,Togo,2016,6071167584.1951
THA,Thailand,2016,413366349747.508
TJK,Tajikistan,2016,6992416096.89018
TKM,Turkmenistan,2016,36169428571.4286
TLS,Timor-Leste,2016,1640464612.08088
TON,Tonga,2016,420828262.317922
TTO,Trinidad and Tobago,2016,23624322192.6274
TUN,Tunisia,2016,44360072680.4476
TUR,Turkiye,2016,870818016909.84
TUV,Tuvalu,2016,41629064.2232388
TZA,Tanzania,2016,49774409374.4538
UGA,Uganda,2016,29203988696.2626
UKR,Ukraine,2016,93355869403.9223
URY,Uruguay,2016,57480787465.2716
USA,United States,2016,18695110842000.0
UZB,Uzbekistan,2016,86138288644.171
VCT,St. Vincent and the Grenadines,2016,814303703.703704
VEN,"Venezuela, RB",2016,112915034262.314
VGB,British Virgin Islands,2016,
VIR,Virgin Islands (U.S.),2016,3798000000.0
VNM,Viet Nam,2016,257096001177.982
VUT,Vanuatu,2016,804323576.861028
WSM,Samoa,2016,843924796.697421
XKX,Kosovo,2016,6682677289.98994
YEM,"Yemen, Rep.",2016,31317825274.1507
ZAF,South Africa,2016,323585509674.481
ZMB,Zambia,2016,20958412538.3093
ZWE,Zimbabwe,2016,20559250000.0
ABW,Aruba,2017,3092427932.96089
AFE,Africa Eastern and Southern,2017,978076465866.452
AFG,Afghanistan,2017,18753456497.8159
AFW,Africa Western and Central,2017,694051345937.233
AGO,Angola,2017,84376935689.3366
ALB,Albania,2017,13258268435.6048
AND,Andorra,2017,3000160414.63795
ARE,United Arab Emirates,2017,403365010211.028
ARG,Argentina,2017,643628393281.364
ARM,Armenia,2017,11527458709.0158
ASM,American Samoa,2017,612000000.0
ATG,Antigua and Barbuda,2017,1534855555.55556
AUS,Australia,2017,1330890554614.09
AUT,Austria,2017,414926138132.691
AZE,Azerbaijan,2017,40866627351.9817
BDI,Burundi,2017,2831362208.34039
BEL,Belgium,2017,500908767351.53
BEN,Benin,2017,12701655836.9467
BFA,Burkina Faso,2017,14106955615.3442
BGD,Bangladesh,2017,293732446624.596
BGR,Bulgaria,2017,59167647387.606
BHR,Bahrain,2017,37204813829.7872
BHS,"Bahamas, The",2017,12446900000.0
BIH,Bosnia and Herzegovina,2017,18326373135.6099
BLR,Belarus,2017,54725405751.1559
BLZ,Belize,2017,2266028250.0
BMU,Bermuda,2017,7142316000.0
BOL,Bolivia,2017,45927439594.7902
BRA,Brazil,2017,2063514688805.78
BRB,Barbados,2017,5683150000.0
BRN,Brunei Darussalam,2017,12128168045.1245
BTN,Bhutan,2017,2591358009.20276
BWA,Botswana,2017,16105155856.7708
CAF,Central African Republic,2017,2072349972.6818
CAN,Canada,2017,1649265644244.09
CHE,Switzerland,2017,695200833086.499
CHI,Channel Islands,2017,9170044517.20264
CHL,Chile,2017,276154259981.097
CHN,China,2017,12537559062282.9
CIV,Cote d'Ivoire,2017,52512343996.69
CMR,Cameroon,2017,36098547033.1655
COD,"Congo, Dem. Rep.",2017,37537521565.5308
COG,"Congo, Rep.",2017,11834473039.3645
COL,Colombia,2017,311866875156.879
COM,Comoros,2017,1077439756.59451
CPV,Cabo Verde,2017,1996741539.95088
CRI,Costa Rica,2017,60516044656.5206
CUB,Cuba,2017,96850649700.0
CUW,Curacao,2017,3033433248.15988
CYM,Cayman Islands,2017,5166281293.18715
CYP,Cyprus,2017,22946570628.7576
CZE,Czechia,2017,221563575696.217
DEU,Germany,2017,3765351626105.89
DJI,Djibouti,2017,2762581334.22612
DMA,Dominica,2017,563355555.555555
DNK,Denmark,2017,331610593961.988
DOM,Dominican Republic,2017,79070274743.1658
DZA,Algeria,2017,189880896903.073
EAR,Early-demographic dividend,2017,11320553240043.8
ECS,Europe & Central Asia,2017,21791487069281.7
ECU,Ecuador,2017,104467486000.0
EGY,"Egypt, Arab Rep.",2017,248362771739.13
ERI,Eritrea,2017,
ESP,Spain,2017,1321754088818.83
EST,Estonia,2017,27469461919.1189
ETH,Ethiopia,2017,76366081766.6667
FIN,Finland,2017,253846138440.0
FJI,Fiji,2017,5353469174.47838
FRA,France,2017,2588868323334.71
FRO,Faroe Islands,2017,2980057377.87967
FSM,"Micronesia, Fed. Sts.",2017,359000000.0
GAB,Gabon,2017,14929487485.1623
GBR,United Kingdom,2017,2699118387873.1
GEO,Georgia,2017,16473125375.0684
GHA,Ghana,2017,60385409434.8567
GIB,Gibraltar,2017,
GIN,Guinea,2017,10324668271.1362
GMB,"Gambia, The",2017,1504909462.69521
GNB,Guinea-Bissau,2017,1469978606.12143
GNQ,Equatorial Guinea,2017,12200913878.9827
GRC,Greece,2017,200381103984.298
GRD,Grenada,2017,1125685185.18519
GRL,Greenland,2017,2851613679.03433
GTM,Guatemala,2017,71653780740.4226
GUM,Guam,2017,6013000000.0
GUY,Guyana,2017,4748174334.14044
HKG,"Hong Kong SAR, China",2017,341273289534.466
HND,Honduras,2017,23136247990.5977
HRV,Croatia,2017,56182782585.9052
HTI,Haiti,2017,15093357161.1498
HUN,Hungary,2017,143335098991.862
IDB,IDA blend,2017,1064701742324.65
IDN,Indonesia,2017,1015618744159.73
IMN,Isle of Man,2017,6979788333.50279
IND,India,2017,2651474262755.45
IRL,Ireland,2017,348355212568.515
IRN,"Iran, Islamic Rep.",2017,510239893417.645
IRQ,Iraq,2017,187217660050.676
ISL,Iceland,2017,25060086487.8901
ISR,Israel,2017,358451839052.991
ITA,Italy,2017,1970720904584.71
JAM,Jamaica,2017,15783583236.675
JOR,Jordan,2017,41608435915.493
JPN,Japan,2017,4930837369151.42
KAZ,Kazakhstan,2017,166805788827.233
KEN,Kenya,2017,82036510877.2599
KGZ,Kyrgyz Republic,2017,7702938379.42036
KHM,Cambodia,2017,29355665909.7905
KIR,Kiribati,2017,222875736.343445
KNA,St. Kitts and Nevis,2017,1056977777.77778
KOR,"Korea, Rep.",2017,1710196756713.17
KWT,Kuwait,2017,120687539805.505
LAO,Lao PDR,2017,17071155481.4994
LBN,Lebanon,2017,53027680685.9038
LBR,Liberia,2017,3390703400.0
LBY,Libya,2017,67157452181.7738
LCA,St. Lucia,2017,1998503703.7037
LCN,Latin America & Caribbean,2017,5715057427671.22
LIE,Liechtenstein,2017,6474308717.85289
LKA,Sri Lanka,2017,94369350285.5814
LSO,Lesotho,2017,2306741672.29006
LTE,Late-demographic dividend,2017,20889290142886.5
LTU,Lithuania,2017,47756764508.446
LUX,Luxembourg,2017,65712180342.9836
LVA,Latvia,2017,29391059767.4259
MAC,"Macao SAR, China",2017,50297028370.6668
MAF,St. Martin (French part),2017,
MAR,Morocco,2017,118540573367.844
MCO,Monaco,2017,6430254652.58934
MDA,Moldova,2017,9514404016.20949
MDG,Madagascar,2017,13176313593.5509
MDV,Maldives,2017,4816426256.52914
MEX,Mexico,2017,1190721475906.0
MHL,Marshall Islands,2017,213700000.0
MKD,North Macedonia,2017,11307067069.6658
MLI,Mali,2017,18308362040.0521
MLT,Malta,2017,14161366724.1955
MMR,Myanmar,2017,66053040475.0257
MNE,Montenegro,2017,4803962015.62122
MNG,Mongolia,2017,11480847740.736
MNP,Northern Mariana Islands,2017,1560000000.0
MOZ,Mozambique,2017,13264640645.7768
MRT,Mauritania,2017,6800135898.28827
MUS,Mauritius,2017,13896938315.2799
MWI,Malawi,2017,8943543793.5839
MYS,Malaysia,2017,319109094160.343
NAM,Namibia,2017,12895153370.9132
NCL,New Caledonia,2017,9174048681.98577
NER,Niger,2017,11185104251.6943
NGA,Nigeria,2017,375745731053.427
NIC,Nicaragua,2017,13785893007.4769
NLD,Netherlands,2017,848233537845.884
NOR,Norway,2017,401745275035.261
NPL,Nepal,2017,28971588940.364
NRU,Nauru,2017,109355638.866955
NZL,New Zealand,2017,206745969246.073
OMN,Oman,2017,80856697009.1027
PAK,Pakistan,2017,339205534861.1
PAN,Panama,2017,64327688826.3137
PER,Peru,2017,211007984080.911
PHL,Philippines,2017,328480736802.76
PLW,Palau,2017,292148590.087891
PNG,Papua New Guinea,2017,22742699138.356
POL,Poland,2017,528356676667.211
PRI,Puerto Rico (US),2017,103445500000.0
PRK,"Korea, Dem. People's Rep.",2017,
PRT,Portugal,2017,220862990767.229
PRY,Paraguay,2017,38997129473.5613
PSE,West Bank and Gaza,2017,16128000000.0
PYF,French Polynesia,2017,5833352692.7995
QAT,Qatar,2017,161099175824.176
ROU,Romania,2017,210147385855.419
RUS,Russia,2017,1574199360089.0
RWA,Rwanda,2017,9252833891.40871
SAU,Saudi Arabia,2017,741266133333.333
SDN,Sudan,2017,41283617976.1905
SEN,Senegal,2017,20996562943.5979
SGP,Singapore,2017,343673334902.33
SLB,Solomon Islands,2017,1469790526.3972
SLE,Sierra Leone,2017,5749846528.48046
SLV,El Salvador,2017,24979190000.0
SMR,San Marino,2017,1528620346.31168
SOM,"Somalia, Fed. Rep.",2017,7621501710.0012
SRB,Serbia,2017,45972834713.8077
SSD,South Sudan,2017,
STP,Sao Tome and Principe,2017,322002845.229335
SUR,Suriname,2017,3591679430.99988
SVK,Slovak Republic,2017,95978130734.9766
SVN,Slovenia,2017,48153200134.6613
SWE,Sweden,2017,535172356784.769
SWZ,Eswatini,2017,4462640651.49219
SXM,Sint Maarten (Dutch part),2017,1353212122.90503
SYC,Seychelles,2017,1675370641.01416
SYR,Syrian Arab Republic,2017,16369843352.3453
TCA,Turks and Caicos Islands,2017,1197958000.0
TCD,Chad,2017,13349041408.7152
TGO,Togo,2017,6387424239.8801
THA,Thailand,2017,456356813536.764
TJK,Tajikistan,2017,7536402852.85802
TKM,Turkmenistan,2017,37926285714.2857
TLS,Timor-Leste,2017,1584878439.93596
TON,Tonga,2017,459976850.268529
TTO,Trinidad and Tobago,2017,23830750900.6899
TUN,Tunisia,2017,42163530590.9462
TUR,Turkiye,2017,863874522365.276
TUV,Tuvalu,2017,45276595.3533146
TZA,Tanzania,2017,53274884532.7886
UGA,Uganda,2017,30744473841.424
UKR,Ukraine,2017,112090505081.739
URY,Uruguay,2017,65005997963.4822
USA,United States,2017,19477336549000.0
UZB,Uzbekistan,2017,69703222282.7278
VCT,St. Vincent and the Grenadines,2017,844040740.740741
VEN,"Venezuela, RB",2017,115883275162.586
VGB,British Virgin Islands,2017,
VIR,Virgin Islands (U.S.),2017,3794000000.0
VNM,Viet Nam,2017,281353605986.903
VUT,Vanuatu,2017,880043284.399407
WSM,Samoa,2017,884844384.463214
XKX,Kosovo,2017,7180768692.01515
YEM,"Yemen, Rep.",2017,26842229044.5848
ZAF,South Africa,2017,381448814653.456
ZMB,Zambia,2017,25873601260.8353
ZWE,Zimbabwe,2017,51035657370.5179
ABW,Aruba,2018,3276187709.49721
AFE,Africa Eastern and Southern,2018,1020955778298.17
AFG,Afghanistan,2018,18053222687.4126
AFW,Africa Western and Central,2018,777840323023.311
AGO,Angola,2018,89512794227.495
ALB,Albania,2018,15379508329.7568
AND,Andorra,2018,3218418631.67579
ARE,United Arab Emirates,2018,440560108917.631
ARG,Argentina,2018,524819892360.176
ARM,Armenia,2018,12457940694.7395
ASM,American Samoa,2018,639000000.0
ATG,Antigua and Barbuda,2018,1661529629.62963
AUS,Australia,2018,1433144978761.67
AUT,Austria,2018,452582294972.775
AZE,Azerbaijan,2018,47112470051.7701
BDI,Burundi,2018,2913411408.44783
BEL,Belgium,2018,542638913427.921
BEN,Benin,2018,14262408089.9261
BFA,Burkina Faso,2018,15890066221.2882
BGD,Bangladesh,2018,321362752441.78
BGR,Bulgaria,2018,66097226262.2191
BHR,Bahrain,2018,39567978723.4043
BHS,"Bahamas, The",2018,12819200000.0
BIH,Bosnia and Herzegovina,2018,20484058033.1144
BLR,Belarus,2018,60031026576.26
BLZ,Belize,2018,2285915050.0
BMU,Bermuda,2018,7225977000.0
BOL,Bolivia,2018,48414038842.2576
BRA,Brazil,2018,1916933708352.71
BRB,Barbados,2018,6001950000.0
BRN,Brunei Darussalam,2018,13566908391.0895
BTN,Bhutan,2018,2583335721.85904
BWA,Botswana,2018,17031943186.1353
CAF,Central African Republic,2018,2220979146.11241
CAN,Canada,2018,1725329192783.02
CHE,Switzerland,2018,725568717468.001
CHI,Channel Islands,2018,10026394043.6136
CHL,Chile,2018,295857562991.709
CHN,China,2018,14147765772963.8
CIV,Cote d'Ivoire,2018,58522477786.6889
CMR,Cameroon,2018,39955552189.795
COD,"Congo, Dem. Rep.",2018,46659954092.4862
COG,"Congo, Rep.",2018,14773900288.5135
COL,Colombia,2018,334198218098.276
COM,Comoros,2018,1178530633.24599
CPV,Cabo Verde,2018,2205099506.99994
CRI,Costa Rica,2018,62420164991.5374
CUB,Cuba,2018,100050036100.0
CUW,Curacao,2018,3046364819.53197
CYM,Cayman Islands,2018,5530178498.90783
CYP,Cyprus,2018,25754001367.5448
CZE,Czechia,2018,251992360762.236
DEU,Germany,2018,4055433215301.96
DJI,Djibouti,2018,2913464658.08768
DMA,Dominica,2018,628244444.444444
DNK,Denmark,2018,355293374912.393
DOM,Dominican Republic,2018,84994732049.3461
DZA,Algeria,2018,194554483655.528
EAR,Early-demographic dividend,2018,11478917653356.5
ECS,Europe & Central Asia,2018,23342642668393.2
ECU,Ecuador,2018,107478961000.0
EGY,"Egypt, Arab Rep.",2018,262588632526.73
ERI,Eritrea,2018,
ESP,Spain,2018,1431642809327.06
EST,Estonia,2018,31222632740.7247
ETH,Ethiopia,2018,83337901071.9697
FIN,Finland,2018,273869255596.078
FJI,Fiji,2018,5581425327.44397
FRA,France,2018,2781576320884.39
FRO,Faroe Islands,2018,3188600927.46688
FSM,"Micronesia, Fed. Sts.",2018,392000000.0
GAB,Gabon,2018,16867326401.9626
GBR,United Kingdom,2018,2897028009916.05
GEO,Georgia,2018,17902544880.6471
GHA,Ghana,2018,67259353965.6087
GIB,Gibraltar,2018,
GIN,Guinea,2018,11857030366.7891
GMB,"Gambia, The",2018,1670671327.81651
GNB,Guinea-Bissau,2018,1554133593.91699
GNQ,Equatorial Guinea,2018,13097012133.6159
GRC,Greece,2018,213298873494.394
GRD,Grenada,2018,1166514814.81481
GRL,Greenland,2018,3055782146.15957
GTM,Guatemala,2018,73328356007.6152
GUM,Guam,2018,6051000000.0
GUY,Guyana,2018,4787636997.85343
HKG,"Hong Kong SAR, China",2018,361731070995.726
HND,Honduras,2018,24067750760.499
HRV,Croatia,2018,61667925219.0755
HTI,Haiti,2018,16403864617.8458
HUN,Hungary,2018,161184691013.835
IDB,IDA blend,2018,1125278097800.27
IDN,Indonesia,2018,1042271532988.63
IMN,Isle of Man,2018,7491649455.92717
IND,India,2018,2702929641648.74
IRL,Ireland,2018,395780319816.603
IRN,"Iran, Islamic Rep.",2018,411903303606.044
IRQ,Iraq,2018,227367469034.031
ISL,Iceland,2018,26677652544.3499
ISR,Israel,2018,376299083108.497
ITA,Italy,2018,2099435266458.67
JAM,Jamaica,2018,16855447986.2221
JOR,Jordan,2018,43370860704.2254
JPN,Japan,2018,5040880939324.86
KAZ,Kazakhstan,2018,179339977690.485
KEN,Kenya,2018,92202979985.2863
KGZ,Kyrgyz Republic,2018,8271106235.41552
KHM,Cambodia,2018,33145892168.8958
KIR,Kiribati,2018,233514717.441266
KNA,St. Kitts and Nevis,2018,1076548148.14815
KOR,"Korea, Rep.",2018,1824251454306.83
KWT,Kuwait,2018,138646316350.727
LAO,Lao PDR,2018,18141641089.7963
LBN,Lebanon,2018,54901519155.5556
LBR,Liberia,2018,3422754800.0
LBY,Libya,2018,76686029772.1483
LCA,St. Lucia,2018,2060955555.55556
LCN,Latin America & Caribbean,2018,5581100995040.84
LIE,Liechtenstein,2018,6692620691.84146
LKA,Sri Lanka,2018,94450015982.8405
LSO,Lesotho,2018,2556247291.99785
LTE,Late-demographic dividend,2018,22907660419321.1
LTU,Lithuania,2018,54261795148.5372
LUX,Luxembourg,2018,71085623495.1145
LVA,Latvia,2018,33247935477.3576
MAC,"Macao SAR, China",2018,55076322634.344
MAF,St. Martin (French part),2018,
MAR,Morocco,2018,127341147581.818
MCO,Monaco,2018,7184333936.01355
MDA,Moldova,2018,11252353420.8798
MDG,Madagascar,2018,13760033282.2925
MDV,Maldives,2018,5404344162.69888
MEX,Mexico,2018,1256300182879.73
MHL,Marshall Islands,2018,220000000.0
MKD,North Macedonia,2018,12683068114.2388
MLI,Mali,2018,20368015381.2413
MLT,Malta,2018,16153779510.9928
MMR,Myanmar,2018,67860515993.1186
MNE,Montenegro,2018,5433467174.79183
MNG,Mongolia,2018,13178094720.4986
MNP,Northern Mariana Islands,2018,1301000000.0
MOZ,Mozambique,2018,15017358952.8452
MRT,Mauritania,2018,7473550557.07378
MUS,Mauritius,2018,14957535715.9696
MWI,Malawi,2018,9879220354.29186
MYS,Malaysia,2018,358788845712.53
NAM,Namibia,2018,13682019076.4022
NCL,New Caledonia,2018,9896402283.68587
NER,Niger,2018,12837307496.8821
NGA,Nigeria,2018,421739251509.08
NIC,Nicaragua,2018,13025221974.232
NLD,Netherlands,2018,929733599796.862
NOR,Norway,2018,439788625883.8
NPL,Nepal,2018,33111525237.149
NRU,Nauru,2018,130995566.30391
NZL,New Zealand,2018,211985631173.205
OMN,Oman,2018,91505851755.5267
PAK,Pakistan,2018,356128166704.921
PAN,Panama,2018,67316471181.2488
PER,Peru,2018,222597009739.235
PHL,Philippines,2018,346841896587.313
PLW,Palau,2018,287998352.050781
PNG,Papua New Guinea,2018,24109780708.0268
POL,Poland,2018,594616687350.017
PRI,Puerto Rico (US),2018,100958100000.0
PRK,"Korea, Dem. People's Rep.",2018,
PRT,Portugal,2018,242092894542.888
PRY,Paraguay,2018,40225448340.6341
PSE,West Bank and Gaza,2018,16276600000.0
PYF,French Polynesia,2018,6135116253.33452
QAT,Qatar,2018,183335164835.165
ROU,Romania,2018,241791427223.903
RUS,Russia,2018,1657328773461.31
RWA,Rwanda,2018,9637904520.86283
SAU,Saudi Arabia,2018,886564800000.0
SDN,Sudan,2018,32333780383.2924
SEN,Senegal,2018,23116701556.1381
SGP,Singapore,2018,377123710560.614
SLB,Solomon Islands,2018,1615473250.25259
SLE,Sierra Leone,2018,6390514688.52816
SLV,El Salvador,2018,26020850000.0
SMR,San Marino,2018,1655353653.05934
SOM,"Somalia, Fed. Rep.",2018,7873000000.0
SRB,Serbia,2018,52787520248.9242
SSD,South Sudan,2018,
STP,Sao Tome and Principe,2018,383717327.830508
SUR,Suriname,2018,3996198866.57453
SVK,Slovak Republic,2018,106611673364.837
SVN,Slovenia,2018,53689067639.9176
SWE,Sweden,2018,549649344043.182
SWZ,Eswatini,2018,4643751059.28203
SXM,Sint Maarten (Dutch part),2018,1259200446.92737
SYC,Seychelles,2018,1784313926.76807
SYR,Syrian Arab Republic,2018,21497782867.6426
TCA,Turks and Caicos Islands,2018,1314329000.0
TCD,Chad,2018,15327000248.8701
TGO,Togo,2018,7029215766.46367
THA,Thailand,2018,506754208404.485
TJK,Tajikistan,2018,7764999999.45362
TKM,Turkmenistan,2018,40765428571.4286
TLS,Timor-Leste,2018,1555988614.43594
TON,Tonga,2018,493530783.00463
TTO,Trinidad and Tobago,2018,23883058083.2171
TUN,Tunisia,2018,42686504459.801
TUR,Turkiye,2018,788356985773.667
TUV,Tuvalu,2018,48015259.8751356
TZA,Tanzania,2018,57003712892.0858
UGA,Uganda,2018,32927025619.6795
UKR,Ukraine,2018,130891088293.55
URY,Uruguay,2018,65344577415.7535
USA,United States,2018,20533057312000.0
UZB,Uzbekistan,2018,58695899092.1083
VCT,St. Vincent and the Grenadines,2018,884329629.62963
VEN,"Venezuela, RB",2018,102021093964.682
VGB,British Virgin Islands,2018,
VIR,Virgin Islands (U.S.),2018,3923000000.0
VNM,Viet Nam,2018,310106478394.659
VUT,Vanuatu,2018,914727908.137793
WSM,Samoa,2018,878448433.404342
XKX,Kosovo,2018,7878762812.27689
YEM,"Yemen, Rep.",2018,21606160663.0318
ZAF,South Africa,2018,405260723892.517
ZMB,Zambia,2018,26311507273.6735
ZWE,Zimbabwe,2018,34141666666.6667
ABW,Aruba,2019,3346623191.45988
AFE,Africa Eastern and Southern,2019,1018714795912.35
AFG,Afghanistan,2019,18799444490.1128
AFW,Africa Western and Central,2019,1026996211935.8
AGO,Angola,2019,80734428592.5368
ALB,Albania,2019,15585111614.0376
AND,Andorra,2019,3155150255.91195
ARE,United Arab Emirates,2019,433926208304.969
ARG,Argentina,2019,447754683615.225
ARM,Armenia,2019,13619290539.2116
ASM,American Samoa,2019,647000000.0
ATG,Antigua and Barbuda,2019,1726448148.14815
AUS,Australia,2019,1398349602956.35
AUT,Austria,2019,442983642371.842
AZE,Azerbaijan,2019,48174235294.1176
BDI,Burundi,2019,2871555326.31029
BEL,Belgium,2019,536726344405.489
BEN,Benin,2019,14391686313.4641
BFA,Burkina Faso,2019,16032813503.3707
BGD,Bangladesh,2019,351231654603.692
BGR,Bulgaria,2019,68507731353.9114
BHR,Bahrain,2019,40446808510.6383
BHS,"Bahamas, The",2019,13277000000.0
BIH,Bosnia and Herzegovina,2019,20482608984.3316
BLR,Belarus,2019,64410170653.4569
BLZ,Belize,2019,2381187850.0
BMU,Bermuda,2019,7423465000.0
BOL,Bolivia,2019,49056643589.0014
BRA,Brazil,2019,1873288158838.63
BRB,Barbados,2019,6161850000.0
BRN,Brunei Darussalam,2019,13469235364.7032
BTN,Bhutan,2019,2735683570.46155
BWA,Botswana,2019,16725908148.5481
CAF,Central African Republic,2019,2221301351.43918
CAN,Canada,2019,1743725183672.52
CHE,Switzerland,2019,721369112726.724
CHI,Channel Islands,2019,10031864649.0819
CHL,Chile,2019,278285058719.466
CHN,China,2019,14560167101283.4
CIV,Cote d'Ivoire,2019,60382894697.3557
CMR,Cameroon,2019,39667757527.6578
COD,"Congo, Dem. Rep.",2019,46845900350.0332
COG,"Congo, Rep.",2019,13976637779.9763
COL,Colombia,2019,323031701192.84
COM,Comoros,2019,1187915408.87243
CPV,Cabo Verde,2019,2252177124.32402
CRI,Costa Rica,2019,64417670521.3545
CUB,Cuba,2019,103427600000.0
CUW,Curacao,2019,3026124115.73275
CYM,Cayman Islands,2019,5941896599.57333
CYP,Cyprus,2019,26196667099.5303
CZE,Czechia,2019,256794209028.77
DEU,Germany,2019,3959894794039.21
DJI,Djibouti,2019,3088851450.30694
DMA,Dominica,2019,644259259.259259
DNK,Denmark,2019,345401473012.615
DOM,Dominican Republic,2019,89146130744.723
DZA,Algeria,2019,193459662090.677
EAR,Early-demographic dividend,2019,11686574879191.1
ECS,Europe & Central Asia,2019,23067540030248.6
ECU,Ecuador,2019,107595830000.0
EGY,"Egypt, Arab Rep.",2019,318678815489.749
ERI,Eritrea,2019,
ESP,Spain,2019,1403496387686.27
EST,Estonia,2019,31873748770.0313
ETH,Ethiopia,2019,91834517112.628
FIN,Finland,2019,267014821129.411
FJI,Fiji,2019,5344907153.46698
FRA,France,2019,2722793515171.76
FRO,Faroe Islands,2019,3266432734.22819
FSM,"Micronesia, Fed. Sts.",2019,394000000.0
GAB,Gabon,2019,16874405465.391
GBR,United Kingdom,2019,2875710080015.3
GEO,Georgia,2019,17638337116.9126
GHA,Ghana,2019,68352629246.1555
GIB,Gibraltar,2019,
GIN,Guinea,2019,13442861496.4454
GMB,"Gambia, The",2019,1813609692.49994
GNB,Guinea-Bissau,2019,1596227316.34846
GNQ,Equatorial Guinea,2019,11364133549.7478
GRC,Greece,2019,207305649887.019
GRD,Grenada,2019,1213485185.18519
GRL,Greenland,2019,2997309971.87623
GTM,Guatemala,2019,77172331693.4093
GUM,Guam,2019,6355000000.0
GUY,Guyana,2019,5173760191.84652
HKG,"Hong Kong SAR, China",2019,363074545072.389
HND,Honduras,2019,24882225741.8119
HRV,Croatia,2019,61466721186.3116
HTI,Haiti,2019,15016090929.5125
HUN,Hungary,2019,164936682033.992
IDB,IDA blend,2019,1354444605559.25
IDN,Indonesia,2019,1119099871350.2
IMN,Isle of Man,2019,7314967866.28289
IND,India,2019,2835606256558.19
IRL,Ireland,2019,407211793800.713
IRN,"Iran, Islamic Rep.",2019,347988400957.999
IRQ,Iraq,2019,233636097800.338
ISL,Iceland,2019,24985687022.0452
ISR,Israel,2019,400645216358.857
ITA,Italy,2019,2019606796583.53
JAM,Jamaica,2019,17026269262.5307
JOR,Jordan,2019,44503006338.0282
JPN,Japan,2019,5117993853016.51
KAZ,Kazakhstan,2019,181667184854.501
KEN,Kenya,2019,100378436207.371
KGZ,Kyrgyz Republic,2019,9371275264.36735
KHM,Cambodia,2019,36685356407.7206
KIR,Kiribati,2019,216985388.322754
KNA,St. Kitts and Nevis,2019,1107855555.55556
KOR,"Korea, Rep.",2019,1751045752054.63
KWT,Kuwait,2019,140856394860.529
LAO,Lao PDR,2019,18740561512.5555
LBN,Lebanon,2019,51605959131.2741
LBR,Liberia,2019,3319596500.0
LBY,Libya,2019,69254496471.6938
LCA,St. Lucia,2019,2095344444.44444
LCN,Latin America & Caribbean,2019,5473432644126.84
LIE,Liechtenstein,2019,6436467007.11932
LKA,Sri Lanka,2019,88998706296.5783
LSO,Lesotho,2019,2390702295.82777
LTE,Late-demographic dividend,2019,23366567397285.6
LTU,Lithuania,2019,55122066225.796
LUX,Luxembourg,2019,69872035113.6469
LVA,Latvia,2019,33099503950.847
MAC,"Macao SAR, China",2019,55025172016.004
MAF,St. Martin (French part),2019,652206037.103874
MAR,Morocco,2019,128920266409.458
MCO,Monaco,2019,7383496254.23721
MDA,Moldova,2019,11736797054.6965
MDG,Madagascar,2019,14104664678.5063
MDV,Maldives,2019,5726094799.37709
MEX,Mexico,2019,1304106203902.45
MHL,Marshall Islands,2019,232900000.0
MKD,North Macedonia,2019,12606338448.547
MLI,Mali,2019,20477421884.5414
MLT,Malta,2019,16337793530.7322
MMR,Myanmar,2019,75065106243.3578
MNE,Montenegro,2019,5483476883.4658
MNG,Mongolia,2019,14206359017.5143
MNP,Northern Mariana Islands,2019,1179000000.0
MOZ,Mozambique,2019,15512759046.672
MRT,Mauritania,2019,7894764885.82312
MUS,Mauritius,2019,14645235204.6176
MWI,Malawi,2019,11051852712.6142
MYS,Malaysia,2019,365177721021.516
NAM,Namibia,2019,12541928303.48
NCL,New Caledonia,2019,9475655324.59495
NER,Niger,2019,12889555561.2299
NGA,Nigeria,2019,668219992691.462
NIC,Nicaragua,2019,12699023614.245
NLD,Netherlands,2019,928903005576.469
NOR,Norway,2019,408742840909.091
NPL,Nepal,2019,34186180699.0255
NRU,Nauru,2019,125160115.547819
NZL,New Zealand,2019,213006341101.869
OMN,Oman,2019,88060858257.4772
PAK,Pakistan,2019,320909472770.669
PAN,Panama,2019,69778991192.5571
PER,Peru,2019,228346006003.648
PHL,Philippines,2019,376823402239.136
PLW,Palau,2019,282041290.283203
PNG,Papua New Guinea,2019,24750626029.8777
POL,Poland,2019,602683770144.88
PRI,Puerto Rico (US),2019,105126400000.0
PRK,"Korea, Dem. People's Rep.",2019,
PRT,Portugal,2019,240115970063.019
PRY,Paraguay,2019,37925338329.156
PSE,West Bank and Gaza,2019,17133500000.0
PYF,French Polynesia,2019,6022276196.13871
QAT,Qatar,2019,176371428571.429
ROU,Romania,2019,250080428511.595
RUS,Russia,2019,1693115002708.32
RWA,Rwanda,2019,10349300276.7623
SAU,Saudi Arabia,2019,888890133333.333
SDN,Sudan,2019,32338079165.2893
SEN,Senegal,2019,23403995992.1354
SGP,Singapore,2019,376161998830.048
SLB,Solomon Islands,2019,1619150563.92084
SLE,Sierra Leone,2019,6523577594.29408
SLV,El Salvador,2019,26881140000.0
SMR,San Marino,2019,1616340692.28937
SOM,"Somalia, Fed. Rep.",2019,8656000000.0
SRB,Serbia,2019,53864693664.5568
SSD,South Sudan,2019,
STP,Sao Tome and Principe,2019,412976082.620705
SUR,Suriname,2019,4016040575.08796
SVK,Slovak Republic,2019,105843498304.094
SVN,Slovenia,2019,53909922735.545
SWE,Sweden,2019,530894124494.418
SWZ,Eswatini,2019,4617018958.69086
SXM,Sint Maarten (Dutch part),2019,1407880446.92737
SYC,Seychelles,2019,1868690096.73454
SYR,Syrian Arab Republic,2019,22583045060.0821
TCA,Turks and Caicos Islands,2019,1371838000.0
TCD,Chad,2019,14905517742.8454
TGO,Togo,2019,6992654019.28876
THA,Thailand,2019,543976691793.886
TJK,Tajikistan,2019,8300813599.3084
TKM,Turkmenistan,2019,40810067974.509
TLS,Timor-Leste,2019,2032550389.41316
TON,Tonga,2019,506031238.979937
TTO,Trinidad and Tobago,2019,23477745791.6977
TUN,Tunisia,2019,41905642418.825
TUR,Turkiye,2019,775853144222.613
TUV,Tuvalu,2019,54123198.5662913
TZA,Tanzania,2019,61026731925.9213
UGA,Uganda,2019,35353061003.4359
UKR,Ukraine,2019,153883047509.577
URY,Uruguay,2019,62222313618.8454
USA,United States,2019,21380976119000.0
UZB,Uzbekistan,2019,67293639798.3996
VCT,St. Vincent and the Grenadines,2019,910481481.481481
VEN,"Venezuela, RB",2019,73014084091.3
VGB,British Virgin Islands,2019,
VIR,Virgin Islands (U.S.),2019,4121000000.0
VNM,Viet Nam,2019,334365270496.667
VUT,Vanuatu,2019,936526267.622513
WSM,Samoa,2019,912950466.064906
XKX,Kosovo,2019,7899741278.75198
YEM,"Yemen, Rep.",2019,
ZAF,South Africa,2019,389330032224.269
ZMB,Zambia,2019,23308667781.2258
ZWE,Zimbabwe,2019,33357695635.1284
ABW,Aruba,2020,2471419181.71957
AFE,Africa Eastern and Southern,2020,938607563405.087
AFG,Afghanistan,2020,19955929052.1496
AFW,Africa Western and Central,2020,963784699293.976
AGO,Angola,2020,58852456453.8769
ALB,Albania,2020,15241458744.5927
AND,Andorra,2020,2891002460.29153
ARE,United Arab Emirates,2020,357161878829.135
ARG,Argentina,2020,385740508436.965
ARM,Armenia,2020,12641698583.2152
ASM,American Samoa,2020,721000000.0
ATG,Antigua and Barbuda,2020,1411637037.03704
AUS,Australia,2020,1333336461648.09
AUT,Austria,2020,434397601557.696
AZE,Azerbaijan,2020,42693000000.0
BDI,Burundi,2020,3227847281.31544
BEL,Belgium,2020,529694473501.791
BEN,Benin,2020,15686741883.934
BFA,Burkina Faso,2020,17725010532.5268
BGD,Bangladesh,2020,373979442362.193
BGR,Bulgaria,2020,70486877546.4901
BHR,Bahrain,2020,35837632978.7234
BHS,"Bahamas, The",2020,10363200000.0
BIH,Bosnia and Herzegovina,2020,20226038369.9191
BLR,Belarus,2020,61371673344.7424
BLZ,Belize,2020,2047284600.0
BMU,Bermuda,2020,6887364000.0
BOL,Bolivia,2020,42313784081.042
BRA,Brazil,2020,1476107292151.95
BRB,Barbados,2020,5407050000.0
BRN,Brunei Darussalam,2020,12005799653.9835
BTN,Bhutan,2020,2457604333.90927
BWA,Botswana,2020,14960251607.8135
CAF,Central African Republic,2020,2326720900.38047
CAN,Canada,2020,1655684730000.19
CHE,Switzerland,2020,741999406005.627
CHI,Channel Islands,2020,9439810769.23077
CHL,Chile,2020,254042159309.311
CHN,China,2020,14996414166715.1
CIV,Cote d'Ivoire,2020,63027852805.4204
CMR,Cameroon,2020,40773241177.0505
COD,"Congo, Dem. Rep.",2020,46691989748.9186
COG,"Congo, Rep.",2020,11468687464.0046
COL,Colombia,2020,270348342541.465
COM,Comoros,2020,1218763671.26563
CPV,Cabo Verde,2020,1821565613.68613
CRI,Costa Rica,2020,62395610760.0492
CUB,Cuba,2020,107352000000.0
CUW,Curacao,2020,2534327592.49914
CYM,Cayman Islands,2020,5655357984.24218
CYP,Cyprus,2020,25555093854.2968
CZE,Czechia,2020,251109660602.536
DEU,Germany,2020,3941398957073.94
DJI,Djibouti,2020,3144136196.6228
DMA,Dominica,2020,528944444.444444
DNK,Denmark,2020,355631021931.621
DOM,Dominican Republic,2020,78546672406.8291
DZA,Algeria,2020,164873415325.201
EAR,Early-demographic dividend,2020,10823343545638.3
ECS,Europe & Central Asia,2020,22322527185686.7
ECU,Ecuador,2020,95865473000.0
EGY,"Egypt, Arab Rep.",2020,383817841547.099
ERI,Eritrea,2020,
ESP,Spain,2020,1289783836971.21
EST,Estonia,2020,31820771493.8974
ETH,Ethiopia,2020,98676811061.4035
FIN,Finland,2020,270000311606.226
FJI,Fiji,2020,4227719873.3865
FRA,France,2020,2647926055110.05
FRO,Faroe Islands,2020,3271813311.5831
FSM,"Micronesia, Fed. Sts.",2020,372902700.0
GAB,Gabon,2020,15342236163.9864
GBR,United Kingdom,2020,2724001478304.59
GEO,Georgia,2020,16010869215.68
GHA,Ghana,2020,70008243859.8666
GIB,Gibraltar,2020,
GIN,Guinea,2020,14088693742.9464
GMB,"Gambia, The",2020,1812170891.19069
GNB,Guinea-Bissau,2020,1705057581.09946
GNQ,Equatorial Guinea,2020,9893816007.7398
GRC,Greece,2020,191362985554.861
GRD,Grenada,2020,1043411111.11111
GRL,Greenland,2020,3089625554.40473
GTM,Guatemala,2020,77719468248.3666
GUM,Guam,2020,5916000000.0
GUY,Guyana,2020,5471256594.72422
HKG,"Hong Kong SAR, China",2020,344943149590.058
HND,Honduras,2020,23352232483.755
HRV,Croatia,2020,57959843541.3699
HTI,Haiti,2020,14508222518.3018
HUN,Hungary,2020,158468487754.196
IDB,IDA blend,2020,1258453633593.24
IDN,Indonesia,2020,1059054842698.48
IMN,Isle of Man,2020,6684225641.02564
IND,India,2020,2674851578587.27
IRL,Ireland,2020,436009027818.948
IRN,"Iran, Islamic Rep.",2020,280934329279.723
IRQ,Iraq,2020,180898797516.874
ISL,Iceland,2020,22034665040.7901
ISR,Israel,2020,410768352657.612
ITA,Italy,2020,1907481094079.23
JAM,Jamaica,2020,15000214216.2439
JOR,Jordan,2020,43700383098.5916
JPN,Japan,2020,5054068005376.28
KAZ,Kazakhstan,2020,171082365861.423
KEN,Kenya,2020,100657505750.545
KGZ,Kyrgyz Republic,2020,8270468614.24051
KHM,Cambodia,2020,34818073901.4851
KIR,Kiribati,2020,220898020.418627
KNA,St. Kitts and Nevis,2020,883922222.222222
KOR,"Korea, Rep.",2020,1744070276373.34
KWT,Kuwait,2020,111045470605.715
LAO,Lao PDR,2020,18981805250.2424
LBN,Lebanon,2020,31712128253.7961
LBR,Liberia,2020,3176126300.0
LBY,Libya,2020,46854285440.642
LCA,St. Lucia,2020,1499274074.07407
LCN,Latin America & Caribbean,2020,4627348896643.87
LIE,Liechtenstein,2020,6405870210.32293
LKA,Sri Lanka,2020,84335574581.5072
LSO,Lesotho,2020,2053699863.99625
LTE,Late-demographic dividend,2020,22869539211355.0
LTU,Lithuania,2020,57412038533.2718
LUX,Luxembourg,2020,73670782100.3909
LVA,Latvia,2020,33379927434.6149
MAC,"Macao SAR, China",2020,25280064167.7333
MAF,St. Martin (French part),2020,
MAR,Morocco,2020,121353645057.144
MCO,Monaco,2020,6730736282.78961
MDA,Moldova,2020,11530746234.4492
MDG,Madagascar,2020,13051441203.9474
MDV,Maldives,2020,3712604583.36665
MEX,Mexico,2020,1121064767308.42
MHL,Marshall Islands,2020,241800000.0
MKD,North Macedonia,2020,12361036913.8409
MLI,Mali,2020,20698560938.7775
MLT,Malta,2020,16404663226.4598
MMR,Myanmar,2020,79006113670.2831
MNE,Montenegro,2020,4723571497.76347
MNG,Mongolia,2020,13312981429.0891
MNP,Northern Mariana Islands,2020,866000000.0
MOZ,Mozambique,2020,14235420174.1884
MRT,Mauritania,2020,8260752385.23089
MUS,Mauritius,2020,11566111137.5568
MWI,Malawi,2020,11769313597.8545
MYS,Malaysia,2020,337456163961.211
NAM,Namibia,2020,10583748541.5258
NCL,New Caledonia,2020,9454629467.91408
NER,Niger,2020,13744653103.058
NGA,Nigeria,2020,598586817819.073
NIC,Nicaragua,2020,12726422432.4868
NLD,Netherlands,2020,932560861701.17
NOR,Norway,2020,367633418886.627
NPL,Nepal,2020,33433659301.2466
NRU,Nauru,2020,124685688.161094
NZL,New Zealand,2020,213029554653.687
OMN,Oman,2020,75909492847.8544
PAK,Pakistan,2020,300425609817.981
PAN,Panama,2020,57059846521.5327
PER,Peru,2020,201409694755.934
PHL,Philippines,2020,361751145451.597
PLW,Palau,2020,261688507.080078
PNG,Papua New Guinea,2020,23848447849.6081
POL,Poland,2020,605914237903.742
PRI,Puerto Rico (US),2020,103130900000.0
PRK,"Korea, Dem. People's Rep.",2020,
PRT,Portugal,2020,229618773422.577
PRY,Paraguay,2020,35432178068.1756
PSE,West Bank and Gaza,2020,15531700000.0
PYF,French Polynesia,2020,5574821989.38239
QAT,Qatar,2020,144411538461.538
ROU,Romania,2020,250625048303.578
RUS,Russia,2020,1493075894362.14
RWA,Rwanda,2020,10174386856.6101
SAU,Saudi Arabia,2020,767951200000.0
SDN,Sudan,2020,27034593750.0
SEN,Senegal,2020,24530513037.7518
SGP,Singapore,2020,349165858544.568
SLB,Solomon Islands,2020,1536143427.82958
SLE,Sierra Leone,2020,6688307703.1447
SLV,El Salvador,2020,24921190000.0
SMR,San Marino,2020,1541248248.80727
SOM,"Somalia, Fed. Rep.",2020,8628000000.0
SRB,Serbia,2020,55874017668.998
SSD,South Sudan,2020,
STP,Sao Tome and Principe,2020,471229484.607144
SUR,Suriname,2020,2911807496.20227
SVK,Slovak Republic,2020,107732602896.441
SVN,Slovenia,2020,53384760135.1581
SWE,Sweden,2020,544265668451.678
SWZ,Eswatini,2020,4134677809.50096
SXM,Sint Maarten (Dutch part),2020,1236428100.55866
SYC,Seychelles,2020,1382551751.56908
SYR,Syrian Arab Republic,2020,12047752036.091
TCA,Turks and Caicos Islands,2020,918387000.0
TCD,Chad,2020,14932897821.2387
TGO,Togo,2020,7486031561.86885
THA,Thailand,2020,500461898480.246
TJK,Tajikistan,2020,8133963550.65742
TKM,Turkmenistan,2020,41509903181.7231
TLS,Timor-Leste,2020,2162619240.86927
TON,Tonga,2020,506571467.895978
TTO,Trinidad and Tobago,2020,20888515184.2239
TUN,Tunisia,2020,42491780918.361
TUR,Turkiye,2020,733628247119.077
TUV,Tuvalu,2020,51746594.3148543
TZA,Tanzania,2020,66068737786.0639
UGA,Uganda,2020,37600368241.6657
UKR,Ukraine,2020,156617722013.342
URY,Uruguay,2020,53559359261.826
USA,United States,2020,21060473613000.0
UZB,Uzbekistan,2020,66443265418.3086
VCT,St. Vincent and the Grenadines,2020,864566666.666667
VEN,"Venezuela, RB",2020,42838020721.1995
VGB,British Virgin Islands,2020,
VIR,Virgin Islands (U.S.),2020,4229000000.0
VNM,Viet Nam,2020,346615738537.796
VUT,Vanuatu,2020,909421043.508407
WSM,Samoa,2020,868884902.953089
XKX,Kosovo,2020,7717143395.54732
YEM,"Yemen, Rep.",2020,
ZAF,South Africa,2020,337974655408.055
ZMB,Zambia,2020,18137764930.651
ZWE,Zimbabwe,2020,31980334561.3123
ABW,Aruba,2021,2880902798.92288
AFE,Africa Eastern and Southern,2021,1114144799994.21
AFG,Afghanistan,2021,14259995441.0759
AFW,Africa Western and Central,2021,1026651004045.79
AGO,Angola,2021,79559543805.2963
ALB,Albania,2021,18031989573.0294
AND,Andorra,2021,3324648075.56293
ARE,United Arab Emirates,2021,422441388699.796
ARG,Argentina,2021,486564085480.036
ARM,Armenia,2021,13878908628.9378
ASM,American Samoa,2021,750000000.0
ATG,Antigua and Barbuda,2021,1602125925.92593
AUS,Australia,2021,1560617493202.69
AUT,Austria,2021,480466363176.806
AZE,Azerbaijan,2021,54825411764.7059
BDI,Burundi,2021,3435598072.7935
BEL,Belgium,2021,598522422241.851
BEN,Benin,2021,17687623530.3355
BFA,Burkina Faso,2021,19697516284.3787
BGD,Bangladesh,2021,416271647911.014
BGR,Bulgaria,2021,84374613233.36
BHR,Bahrain,2021,40840212765.9574
BHS,"Bahamas, The",2021,12037000000.0
BIH,Bosnia and Herzegovina,2021,23672712121.2671
BLR,Belarus,2021,69673747131.87
BLZ,Belize,2021,2428606250.0
BMU,Bermuda,2021,7290037000.0
BOL,Bolivia,2021,47877892402.3155
BRA,Brazil,2021,1670647464062.96
BRB,Barbados,2021,5947550000.0
BRN,Brunei Darussalam,2021,14006496617.4458
BTN,Bhutan,2021,2768802960.11204
BWA,Botswana,2021,18750182236.2211
CAF,Central African Republic,2021,2516498412.46384
CAN,Canada,2021,2022378748423.23
CHE,Switzerland,2021,815309330986.719
CHI,Channel Islands,2021,11157540109.8939
CHL,Chile,2021,315325547162.072
CHN,China,2021,18201698719564.0
CIV,Cote d'Ivoire,2021,72794636653.7793
CMR,Cameroon,2021,45011937346.8384
COD,"Congo, Dem. Rep.",2021,59067289573.5102
COG,"Congo, Rep.",2021,14825690210.9157
COL,Colombia,2021,318524633225.395
COM,Comoros,2021,1272238390.85864
CPV,Cabo Verde,2021,2051842618.70539
CRI,Costa Rica,2021,64960725734.1965
CUB,Cuba,2021,
CUW,Curacao,2021,2739594359.5908
CYM,Cayman Islands,2021,6060813808.15072
CYP,Cyprus,2021,30372642502.4897
CZE,Czechia,2021,290972714482.313
DEU,Germany,2021,4355251953410.78
DJI,Djibouti,2021,3392796953.08939
DMA,Dominica,2021,562911111.111111
DNK,Denmark,2021,406110162088.054
DOM,Dominican Republic,2021,94850719516.7127
DZA,Algeria,2021,186231205262.082
EAR,Early-demographic dividend,2021,12695008338487.8
ECS,Europe & Central Asia,2021,25572901699926.6
ECU,Ecuador,2021,107179074000.0
EGY,"Egypt, Arab Rep.",2021,424671765455.704
ERI,Eritrea,2021,
ESP,Spain,2021,1461244901852.69
EST,Estonia,2021,37201101170.5847
ETH,Ethiopia,2021,109070960371.859
FIN,Finland,2021,294223210496.119
FJI,Fiji,2021,4158873156.17978
FRA,France,2021,2966433692008.09
FRO,Faroe Islands,2021,3699551717.10561
FSM,"Micronesia, Fed. Sts.",2021,391601900.0
GAB,Gabon,2021,19444935097.2395
GBR,United Kingdom,2021,3194559188925.93
GEO,Georgia,2021,18853115588.8106
GHA,Ghana,2021,79514204730.3979
GIB,Gibraltar,2021,
GIN,Guinea,2021,17069115737.8259
GMB,"Gambia, The",2021,2014158842.14596
GNB,Guinea-Bissau,2021,1908094558.33981
GNQ,Equatorial Guinea,2021,12215878032.7166
GRC,Greece,2021,218303801895.326
GRD,Grenada,2021,1122222222.22222
GRL,Greenland,2021,3293578467.57327
GTM,Guatemala,2021,86455522272.7383
GUM,Guam,2021,6234000000.0
GUY,Guyana,2021,8041362110.31175
HKG,"Hong Kong SAR, China",2021,368954169748.818
HND,Honduras,2021,28144331506.6149
HRV,Croatia,2021,69002365163.3368
HTI,Haiti,2021,20944387975.7051
HUN,Hungary,2021,183282685440.486
IDB,IDA blend,2021,1369357769886.58
IDN,Indonesia,2021,1186509691086.73
IMN,Isle of Man,2021,7931193222.06405
IND,India,2021,3167270623260.47
IRL,Ireland,2021,530394123829.763
IRN,"Iran, Islamic Rep.",2021,407350685583.335
IRQ,Iraq,2021,209691945713.103
ISL,Iceland,2021,26234872402.457
ISR,Israel,2021,489851549972.347
ITA,Italy,2021,2179207773596.09
JAM,Jamaica,2021,15963885376.3537
JOR,Jordan,2021,46296100140.8451
JPN,Japan,2021,5039148168861.22
KAZ,Kazakhstan,2021,197112255360.612
KEN,Kenya,2021,109703658904.994
KGZ,Kyrgyz Republic,2021,9249133946.26531
KHM,Cambodia,2021,36790163687.4421
KIR,Kiribati,2021,285259881.131951
KNA,St. Kitts and Nevis,2021,858622222.222222
KOR,"Korea, Rep.",2021,1942313560965.9
KWT,Kuwait,2021,148350671489.144
LAO,Lao PDR,2021,18827148530.9347
LBN,Lebanon,2021,23131941556.7843
LBR,Liberia,2021,3513049500.0
LBY,Libya,2021,35217995647.2862
LCA,St. Lucia,2021,1867185185.18518
LCN,Latin America & Caribbean,2021,5382862734265.64
LIE,Liechtenstein,2021,7912602342.18895
LKA,Sri Lanka,2021,88556698937.7033
LSO,Lesotho,2021,2412130056.55851
LTE,Late-demographic dividend,2021,27284231194748.9
LTU,Lithuania,2021,67037321008.9679
LUX,Luxembourg,2021,86386759695.1653
LVA,Latvia,2021,38183326784.9335
MAC,"Macao SAR, China",2021,30633941629.3633
MAF,St. Martin (French part),2021,649206262.847519
MAR,Morocco,2021,142022058447.231
MCO,Monaco,2021,8623242743.29564
MDA,Moldova,2021,13691869264.0794
MDG,Madagascar,2021,14354731964.3258
MDV,Maldives,2021,5252457369.55218
MEX,Mexico,2021,1316569466685.95
MHL,Marshall Islands,2021,261245544.433594
MKD,North Macedonia,2021,14000283827.0154
MLI,Mali,2021,22999245262.6719
MLT,Malta,2021,19739875611.4902
MMR,Myanmar,2021,66345291149.4433
MNE,Montenegro,2021,5823715809.63286
MNG,Mongolia,2021,15286441737.6686
MNP,Northern Mariana Islands,2021,914000000.0
MOZ,Mozambique,2021,16168055475.4449
MRT,Mauritania,2021,9222536364.01272
MUS,Mauritius,2021,11622048696.8129
MWI,Malawi,2021,12378119199.0839
MYS,Malaysia,2021,373784553029.978
NAM,Namibia,2021,12402486183.6396
NCL,New Caledonia,2021,10071349663.8484
NER,Niger,2021,14915002436.069
NGA,Nigeria,2021,609147716972.859
NIC,Nicaragua,2021,14209020361.8508
NLD,Netherlands,2021,1054472123449.6
NOR,Norway,2021,503367986030.268
NPL,Nepal,2021,36924841394.2605
NRU,Nauru,2021,175390280.69162
NZL,New Zealand,2021,253977931814.967
OMN,Oman,2021,87323797139.1417
PAK,Pakistan,2021,348516647445.148
PAN,Panama,2021,67396392506.2378
PER,Peru,2021,226328766459.634
PHL,Philippines,2021,394087359848.11
PLW,Palau,2021,231343460.083008
PNG,Papua New Guinea,2021,26109413521.3117
POL,Poland,2021,689170230665.35
PRI,Puerto Rico (US),2021,106426600000.0
PRK,"Korea, Dem. People's Rep.",2021,
PRT,Portugal,2021,256055879091.139
PRY,Paraguay,2021,39950899938.7474
PSE,West Bank and Gaza,2021,18109000000.0
PYF,French Polynesia,2021,5994931236.42282
QAT,Qatar,2021,179732142857.143
ROU,Romania,2021,285071280114.469
RUS,Russia,2021,1829186719575.1
RWA,Rwanda,2021,11078787090.1564
SAU,Saudi Arabia,2021,982661066666.667
SDN,Sudan,2021,34229513774.9936
SEN,Senegal,2021,27520784129.7508
SGP,Singapore,2021,436591382250.464
SLB,Solomon Islands,2021,1558312103.84225
SLE,Sierra Leone,2021,7166931485.49433
SLV,El Salvador,2021,29043140000.0
SMR,San Marino,2021,1855652786.18368
SOM,"Somalia, Fed. Rep.",2021,9483000000.0
SRB,Serbia,2021,66159884072.5308
SSD,South Sudan,2021,
STP,Sao Tome and Principe,2021,524402455.54816
SUR,Suriname,2021,3107923197.96954
SVK,Slovak Republic,2021,120511265913.343
SVN,Slovenia,2021,61540813361.8556
SWE,Sweden,2021,631693331300.776
SWZ,Eswatini,2021,4807069277.20114
SXM,Sint Maarten (Dutch part),2021,1353071061.45251
SYC,Seychelles,2021,1487173794.80528
SYR,Syrian Arab Republic,2021,14353205678.4991
TCA,Turks and Caicos Islands,2021,1236459000.0
TCD,Chad,2021,16871937697.5854
TGO,Togo,2021,8541668141.26198
THA,Thailand,2021,506194668789.937
TJK,Tajikistan,2021,8937805347.13963
TKM,Turkmenistan,2021,40589905812.0364
TLS,Timor-Leste,2021,3625024341.27346
TON,Tonga,2021,519306352.78704
TTO,Trinidad and Tobago,2021,24222963262.7213
TUN,Tunisia,2021,47073234359.1819
TUR,Turkiye,2021,839938668172.134
TUV,Tuvalu,2021,60196405.7138393
TZA,Tanzania,2021,70655628147.8986
UGA,Uganda,2021,40529788748.6737
UKR,Ukraine,2021,199765859570.935
URY,Uruguay,2021,60739084240.8633
USA,United States,2021,23315080560000.0
UZB,Uzbekistan,2021,77340060003.0347
VCT,St. Vincent and the Grenadines,2021,888677777.777778
VEN,"Venezuela, RB",2021,56614976854.5499
VGB,British Virgin Islands,2021,
VIR,Virgin Islands (U.S.),2021,4507000000.0
VNM,Viet Nam,2021,366474752771.009
VUT,Vanuatu,2021,950394006.532514
WSM,Samoa,2021,859724936.05765
XKX,Kosovo,2021,9413408574.4949
YEM,"Yemen, Rep.",2021,
ZAF,South Africa,2021,419986284375.368
ZMB,Zambia,2021,22096416932.0089
ZWE,Zimbabwe,2021,41287673690.0771
ABW,Aruba,2022,3324034443.26581
AFE,Africa Eastern and Southern,2022,1228967879390.01
AFG,Afghanistan,2022,14497243872.1337
AFW,Africa Western and Central,2022,1063649130876.99
AGO,Angola,2022,131212208930.344
ALB,Albania,2022,19017247013.8821
AND,Andorra,2022,3380611694.73392
ARE,United Arab Emirates,2022,511403403675.97
ARG,Argentina,2022,633993756301.08
ARM,Armenia,2022,19513506553.1251
ASM,American Samoa,2022,871000000.0
ATG,Antigua and Barbuda,2022,1866566666.66667
AUS,Australia,2022,1695627535475.8
AUT,Austria,2022,473221298968.216
AZE,Azerbaijan,2022,78807470588.2353
BDI,Burundi,2022,4036192552.88879
BEL,Belgium,2022,591085783326.267
BEN,Benin,2022,17425405090.862
BFA,Burkina Faso,2022,18622421394.6133
BGD,Bangladesh,2022,460131689083.083
BGR,Bulgaria,2022,90506153293.6733
BHR,Bahrain,2022,46458191489.3617
BHS,"Bahamas, The",2022,13896800000.0
BIH,Bosnia and Herzegovina,2022,24534663636.1778
BLR,Belarus,2022,73775179924.603
BLZ,Belize,2022,2846604350.0
BMU,Bermuda,2022,7874381000.0
BOL,Bolivia,2022,50959081953.6903
BRA,Brazil,2022,1951923832083.87
BRB,Barbados,2022,6884900000.0
BRN,Brunei Darussalam,2022,16681536466.7183
BTN,Bhutan,2022,2898227743.75576
BWA,Botswana,2022,20321150599.1523
CAF,Central African Republic,2022,2382618615.01694
CAN,Canada,2022,2190411080134.32
CHE,Switzerland,2022,828508926958.393
CHI,Channel Islands,2022,11308272505.183
CHL,Chile,2022,301226575540.242
CHN,China,2022,18316765021690.2
CIV,Cote d'Ivoire,2022,70922824813.9102
CMR,Cameroon,2022,44347206072.5513
COD,"Congo, Dem. Rep.",2022,70422346142.2023
COG,"Congo, Rep.",2022,15817030154.6941
COL,Colombia,2022,345632492851.448
COM,Comoros,2022,1222485532.31976
CPV,Cabo Verde,2022,2247003344.34242
CRI,Costa Rica,2022,69243626028.5936
CUB,Cuba,2022,
CUW,Curacao,2022,3075180834.72417
CYM,Cayman Islands,2022,6660161212.01997
CYP,Cyprus,2022,31218038929.0919
CZE,Czechia,2022,301831228325.556
DEU,Germany,2022,4201021706478.62
DJI,Djibouti,2022,3562814908.76149
DMA,Dominica,2022,623062962.962963
DNK,Denmark,2022,400114306337.077
DOM,Dominican Republic,2022,113478087134.8
DZA,Algeria,2022,225581644702.568
EAR,Early-demographic dividend,2022,14034689936337.3
ECS,Europe & Central Asia,2022,25798700454390.6
ECU,Ecuador,2022,116133121000.0
EGY,"Egypt, Arab Rep.",2022,476747720364.742
ERI,Eritrea,2022,
ESP,Spain,2022,1448850658406.62
EST,Estonia,2022,38226641740.29
ETH,Ethiopia,2022,123140304666.0
FIN,Finland,2022,280253099309.34
FJI,Fiji,2022,4977861885.60316
FRA,France,2022,2794788137066.94
FRO,Faroe Islands,2022,3615241800.50058
FSM,"Micronesia, Fed. Sts.",2022,415956900.0
GAB,Gabon,2022,20440655695.1804
GBR,United Kingdom,2022,3181244350465.41
GEO,Georgia,2022,24984568959.605
GHA,Ghana,2022,73919003209.9866
GIB,Gibraltar,2022,
GIN,Guinea,2022,19910452541.9219
GMB,"Gambia, The",2022,2204734527.88096
GNB,Guinea-Bissau,2022,1859601384.05928
GNQ,Equatorial Guinea,2022,13687643435.6249
GRC,Greece,2022,217990189600.69
GRD,Grenada,2022,1224007407.40741
GRL,Greenland,2022,3152334771.77992
GTM,Guatemala,2022,95641446500.6523
GUM,Guam,2022,6910000000.0
GUY,Guyana,2022,14718388489.2086
HKG,"Hong Kong SAR, China",2022,358679533984.718
HND,Honduras,2022,31426041806.7985
HRV,Croatia,2022,71196498671.1145
HTI,Haiti,2022,20253551920.5516
HUN,Hungary,2022,177002580544.155
IDB,IDA blend,2022,1456880573683.68
IDN,Indonesia,2022,1319101183380.15
IMN,Isle of Man,2022,7431257410.92713
IND,India,2022,3346107287730.93
IRL,Ireland,2022,548341794599.09
IRN,"Iran, Islamic Rep.",2022,422662261525.665
IRQ,Iraq,2022,287372232137.931
ISL,Iceland,2022,29166102877.2755
ISR,Israel,2022,525181008025.57
ITA,Italy,2022,2104067630319.46
JAM,Jamaica,2022,18813516805.214
JOR,Jordan,2022,48764963380.2817
JPN,Japan,2022,4262463317796.53
KAZ,Kazakhstan,2022,225496328925.494
KEN,Kenya,2022,114448978152.637
KGZ,Kyrgyz Republic,2022,12134931017.9465
KHM,Cambodia,2022,39994532959.6074
KIR,Kiribati,2022,270040453.254018
KNA,St. Kitts and Nevis,2022,981429629.62963
KOR,"Korea, Rep.",2022,1799363116866.52
KWT,Kuwait,2022,183502046693.878
LAO,Lao PDR,2022,15468785203.7532
LBN,Lebanon,2022,20992421948.8081
LBR,Liberia,2022,4001047000.0
LBY,Libya,2022,43246297921.8499
LCA,St. Lucia,2022,2342714814.81481
LCN,Latin America & Caribbean,2022,6144995160894.64
LIE,Liechtenstein,2022,7426856242.7736
LKA,Sri Lanka,2022,74143020262.8076
LSO,Lesotho,2022,2354980960.02697
LTE,Late-demographic dividend,2022,28550398557203.3
LTU,Lithuania,2022,71033884499.7824
LUX,Luxembourg,2022,80801680397.0139
LVA,Latvia,2022,38003198508.9107
MAC,"Macao SAR, China",2022,24929307447.3237
MAF,St. Martin (French part),2022,
MAR,Morocco,2022,131245312804.483
MCO,Monaco,2022,8800430486.17137
MDA,Moldova,2022,14525337523.7271
MDG,Madagascar,2022,15325603272.6097
MDV,Maldives,2022,6177123352.26211
MEX,Mexico,2022,1466934724293.06
MHL,Marshall Islands,2022,258723510.742188
MKD,North Macedonia,2022,13932436550.0883
MLI,Mali,2022,22539987718.7642
MLT,Malta,2022,18928276162.4131
MMR,Myanmar,2022,62253049903.28
MNE,Montenegro,2022,6251215144.13471
MNG,Mongolia,2022,17146471713.748
MNP,Northern Mariana Islands,2022,1096000000.0
MOZ,Mozambique,2022,18883528581.3734
MRT,Mauritania,2022,9557966698.25369
MUS,Mauritius,2022,12936444123.3037
MWI,Malawi,2022,12429059928.102
MYS,Malaysia,2022,407830525989.553
NAM,Namibia,2022,12569449123.3661
NCL,New Caledonia,2022,9623318718.31459
NER,Niger,2022,15433852712.2963
NGA,Nigeria,2022,646950257577.814
NIC,Nicaragua,2022,15634572502.2294
NLD,Netherlands,2022,1046540797548.64
NOR,Norway,2022,596297651035.798
NPL,Nepal,2022,41182939600.6209
NRU,Nauru,2022,152373433.909474
NZL,New Zealand,2022,249509991440.438
OMN,Oman,2022,109852795838.752
PAK,Pakistan,2022,374890295666.694
PAN,Panama,2022,76479304470.9375
PER,Peru,2022,246065570308.155
PHL,Philippines,2022,404353369604.631
PLW,Palau,2022,243826812.744141
PNG,Papua New Guinea,2022,31653185952.609
POL,Poland,2022,695607470875.276
PRI,Puerto Rico (US),2022,113843700000.0
PRK,"Korea, Dem. People's Rep.",2022,
PRT,Portugal,2022,256898677175.024
PRY,Paraguay,2022,41952910858.0846
PSE,West Bank and Gaza,2022,19165500000.0
PYF,French Polynesia,2022,5622688338.06317
QAT,Qatar,2022,235709340659.341
ROU,Romania,2022,295319437556.988
RUS,Russia,2022,2291612121334.64
RWA,Rwanda,2022,13316161002.3912
SAU,Saudi Arabia,2022,1239075200000.0
SDN,Sudan,2022,51666875363.0963
SEN,Senegal,2022,27783332222.6759
SGP,Singapore,2022,509017841146.557
SLB,Solomon Islands,2022,1466670929.62333
SLE,Sierra Leone,2022,7121125277.52542
SLV,El Salvador,2022,31870120000.0
SMR,San Marino,2022,1829211863.9476
SOM,"Somalia, Fed. Rep.",2022,10203000000.0
SRB,Serbia,2022,66809895701.2152
SSD,South Sudan,2022,
STP,Sao Tome and Principe,2022,540809499.189348
SUR,Suriname,2022,3791603200.0259
SVK,Slovak Republic,2022,115792972358.209
SVN,Slovenia,2022,59899117741.0022
SWE,Sweden,2022,575071237640.921
SWZ,Eswatini,2022,4746660273.50829
SXM,Sint Maarten (Dutch part),2022,1592564639.32961
SYC,Seychelles,2022,2018346588.73752
SYR,Syrian Arab Republic,2022,23622827079.5047
TCA,Turks and Caicos Islands,2022,1434119000.0
TCD,Chad,2022,17828508289.6049
TGO,Togo,2022,8646453099.4124
THA,Thailand,2022,495644697587.661
TJK,Tajikistan,2022,10713525200.3998
TKM,Turkmenistan,2022,42208726137.7192
TLS,Timor-Leste,2022,3208599889.00965
TON,Tonga,2022,556514555.400882
TTO,Trinidad and Tobago,2022,28341164301.126
TUN,Tunisia,2022,44929920092.7955
TUR,Turkiye,2022,926097476913.818
TUV,Tuvalu,2022,59065982.0873657
TZA,Tanzania,2022,75749121842.9149
UGA,Uganda,2022,45565333210.9108
UKR,Ukraine,2022,161989520721.19
URY,Uruguay,2022,70594110920.0358
USA,United States,2022,25604848907611.0
UZB,Uzbekistan,2022,90095926567.4359
VCT,St. Vincent and the Grenadines,2022,989188888.888889
VEN,"Venezuela, RB",2022,89013255584.7499
VGB,British Virgin Islands,2022,
VIR,Virgin Islands (U.S.),2022,4672000000.0
VNM,Viet Nam,2022,413445230668.578
VUT,Vanuatu,2022,1055031360.57356
WSM,Samoa,2022,889554711.842341
XKX,Kosovo,2022,9354907646.29785
YEM,"Yemen, Rep.",2022,
ZAF,South Africa,2022,407596043067.885
ZMB,Zambia,2022,29163782140.4858
ZWE,Zimbabwe,2022,40757561708.7741
ABW,Aruba,2023,3834729616.12027
AFE,Africa Eastern and Southern,2023,1179359054880.45
AFG,Afghanistan,2023,17152234636.8715
AFW,Africa Western and Central,2023,938238370514.198
AGO,Angola,2023,107167747140.127
ALB,Albania,2023,23491242727.4082
AND,Andorra,2023,3785065524.84754
ARE,United Arab Emirates,2023,522622191967.325
ARG,Argentina,2023,649461687959.174
ARM,Armenia,2023,24185982215.6543
ASM,American Samoa,2023,
ATG,Antigua and Barbuda,2023,2005785185.18518
AUS,Australia,2023,1734451264655.6
AUT,Austria,2023,516670509628.876
AZE,Azerbaijan,2023,72428470588.2353
BDI,Burundi,2023,3430949249.91221
BEL,Belgium,2023,651330595110.011
BEN,Benin,2023,19673291004.1444
BFA,Burkina Faso,2023,20112614449.2039
BGD,Bangladesh,2023,437415333018.291
BGR,Bulgaria,2023,102199231384.542
BHR,Bahrain,2023,46192260638.2979
BHS,"Bahamas, The",2023,15271300000.0
BIH,Bosnia and Herzegovina,2023,27592361498.4057
BLR,Belarus,2023,72478760370.4258
BLZ,Belize,2023,3052362650.0
BMU,Bermuda,2023,8579242000.0
BOL,Bolivia,2023,52340206946.4544
BRA,Brazil,2023,2191131869706.02
BRB,Barbados,2023,7223250000.0
BRN,Brunei Darussalam,2023,15095084656.1634
BTN,Bhutan,2023,3012896789.24928
BWA,Botswana,2023,19411266967.1044
CAF,Central African Republic,2023,2555492085.94725
CAN,Canada,2023,2173339670064.33
CHE,Switzerland,2023,894424821645.205
CHI,Channel Islands,2023,12507320838.3932
CHL,Chile,2023,335518054097.637
CHN,China,2023,18270356654533.2
CIV,Cote d'Ivoire,2023,80780312569.1646
CMR,Cameroon,2023,48814501547.4313
COD,"Congo, Dem. Rep.",2023,69843655425.2929
COG,"Congo, Rep.",2023,15321055822.5167
COL,Colombia,2023,366291836137.916
COM,Comoros,2023,1326836543.00797
CPV,Cabo Verde,2023,2504525548.71164
CRI,Costa Rica,2023,86497941439.0174
CUB,Cuba,2023,
CUW,Curacao,2023,3281419347.37053
CYM,Cayman Islands,2023,7241244269.45972
CYP,Cyprus,2023,35075423857.0996
CZE,Czechia,2023,345059295659.911
DEU,Germany,2023,4562207532490.28
DJI,Djibouti,2023,3898447007.38798
DMA,Dominica,2023,659311111.111111
DNK,Denmark,2023,404651706117.557
DOM,Dominican Republic,2023,120456239153.739
DZA,Algeria,2023,247923887214.655
EAR,Early-demographic dividend,2023,14933453330998.3
ECS,Europe & Central Asia,2023,27732942821913.5
ECU,Ecuador,2023,121147057000.0
EGY,"Egypt, Arab Rep.",2023,395926075163.006
ERI,Eritrea,2023,
ESP,Spain,2023,1619481980719.64
EST,Estonia,2023,41470344395.1086
ETH,Ethiopia,2023,135874093202.492
FIN,Finland,2023,295021982462.75
FJI,Fiji,2023,5476673518.13788
FRA,France,2023,3056250648138.29
FRO,Faroe Islands,2023,3943131022.2291
FSM,"Micronesia, Fed. Sts.",2023,441469400.0
GAB,Gabon,2023,19388372070.9778
GBR,United Kingdom,2023,3420796653789.08
GEO,Georgia,2023,30777833600.6515
GHA,Ghana,2023,80547146878.3843
GIB,Gibraltar,2023,
GIN,Guinea,2023,22407615556.0571
GMB,"Gambia, The",2023,2382262184.68273
GNB,Guinea-Bissau,2023,2127688181.12014
GNQ,Equatorial Guinea,2023,12337550583.754
GRC,Greece,2023,242946187738.269
GRD,Grenada,2023,1336418518.51852
GRL,Greenland,2023,3326543974.39193
GTM,Guatemala,2023,104368755054.601
GUM,Guam,2023,
GUY,Guyana,2023,16918503597.1223
HKG,"Hong Kong SAR, China",2023,381043026173.935
HND,Honduras,2023,34355805527.9795
HRV,Croatia,2023,85624153964.0987
HTI,Haiti,2023,19850585722.3241
HUN,Hungary,2023,213240316634.648
IDB,IDA blend,2023,1272526278004.68
IDN,Indonesia,2023,1371169301563.62
IMN,Isle of Man,2023,
IND,India,2023,3638489096033.86
IRL,Ireland,2023,567372737459.116
IRN,"Iran, Islamic Rep.",2023,457510482317.483
IRQ,Iraq,2023,268881051643.549
ISL,Iceland,2023,31677891896.7861
ISR,Israel,2023,512184638998.974
ITA,Italy,2023,2316727999333.18
JAM,Jamaica,2023,21418804319.6395
JOR,Jordan,2023,51088476338.0282
JPN,Japan,2023,4213167237905.83
KAZ,Kazakhstan,2023,261840101059.923
KEN,Kenya,2023,107500884685.013
KGZ,Kyrgyz Republic,2023,15180842369.4894
KHM,Cambodia,2023,42335646895.7984
KIR,Kiribati,2023,288610747.738991
KNA,St. Kitts and Nevis,2023,1055651851.85185
KOR,"Korea, Rep.",2023,1844800934391.54
KWT,Kuwait,2023,165384407116.233
LAO,Lao PDR,2023,15843155731.2552
LBN,Lebanon,2023,20078620356.9931
LBR,Liberia,2023,4390000000.0
LBY,Libya,2023,44027664915.187
LCA,St. Lucia,2023,2430166666.66667
LCN,Latin America & Caribbean,2023,6910660006084.82
LIE,Liechtenstein,2023,8239379403.22096
LKA,Sri Lanka,2023,83716142582.1945
LSO,Lesotho,2023,2117962445.37471
LTE,Late-demographic dividend,2023,28934446547714.4
LTU,Lithuania,2023,79789877416.1681
LUX,Luxembourg,2023,88788881539.3937
LVA,Latvia,2023,42779550936.838
MAC,"Macao SAR, China",2023,45626467279.891
MAF,St. Martin (French part),2023,
MAR,Morocco,2023,146036093666.762
MCO,Monaco,2023,10003892565.2005
MDA,Moldova,2023,16711906746.2133
MDG,Madagascar,2023,15869945477.8505
MDV,Maldives,2023,6621008703.95743
MEX,Mexico,2023,1798317581486.88
MHL,Marshall Islands,2023,263761322.021484
MKD,North Macedonia,2023,15855131188.9092
MLI,Mali,2023,24813860598.5307
MLT,Malta,2023,22610561526.1461
MMR,Myanmar,2023,66757619000.0
MNE,Montenegro,2023,7644389159.84471
MNG,Mongolia,2023,20325121393.9074
MNP,Northern Mariana Islands,2023,
MOZ,Mozambique,2023,20921079532.6094
MRT,Mauritania,2023,10726838461.3987
MUS,Mauritius,2023,14072212290.4596
MWI,Malawi,2023,13363669672.9405
MYS,Malaysia,2023,399949418752.657
NAM,Namibia,2023,12408271449.2244
NCL,New Caledonia,2023,9769167530.35744
NER,Niger,2023,16698786977.59
NGA,Nigeria,2023,487387801880.597
NIC,Nicaragua,2023,17805842283.8725
NLD,Netherlands,2023,1135475867551.0
NOR,Norway,2023,482949731776.587
NPL,Nepal,2023,41047772331.0994
NRU,Nauru,2023,151435609.578807
NZL,New Zealand,2023,255194972673.122
OMN,Oman,2023,106174708036.51
PAK,Pakistan,2023,336686348609.266
PAN,Panama,2023,83812155244.3352
PER,Peru,2023,266958720837.988
PHL,Philippines,2023,437055627244.424
PLW,Palau,2023,276733062.744141
PNG,Papua New Guinea,2023,30816367066.9594
POL,Poland,2023,812451193396.143
PRI,Puerto Rico (US),2023,118478754280.882
PRK,"Korea, Dem. People's Rep.",2023,
PRT,Portugal,2023,292323800948.839
PRY,Paraguay,2023,43118053174.5461
PSE,West Bank and Gaza,2023,17847900000.0
PYF,French Polynesia,2023,6137447782.87066
QAT,Qatar,2023,217308516483.516
ROU,Romania,2023,347757995758.914
RUS,Russia,2023,2071505725030.58
RWA,Rwanda,2023,14331722703.4134
SAU,Saudi Arabia,2023,1218584533333.33
SDN,Sudan,2023,39898289820.7951
SEN,Senegal,2023,30696331295.7826
SGP,Singapore,2023,505439514078.019
SLB,Solomon Islands,2023,1506124566.40404
SLE,Sierra Leone,2023,6415852766.73832
SLV,El Salvador,2023,33853940000.0
SMR,San Marino,2023,2027527227.831
SOM,"Somalia, Fed. Rep.",2023,10958000000.0
SRB,Serbia,2023,81343999280.0179
SSD,South Sudan,2023,
STP,Sao Tome and Principe,2023,690456806.696406
SUR,Suriname,2023,3472693412.08497
SVK,Slovak Republic,2023,133578518423.544
SVN,Slovenia,2023,69255264238.3855
SWE,Sweden,2023,578990915246.07
SWZ,Eswatini,2023,4621191261.84214
SXM,Sint Maarten (Dutch part),2023,1686525953.05006
SYC,Seychelles,2023,2187379754.66167
SYR,Syrian Arab Republic,2023,
TCA,Turks and Caicos Islands,2023,1638653000.0
TCD,Chad,2023,18340233748.8805
TGO,Togo,2023,9816236302.58515
THA,Thailand,2023,515906283940.933
TJK,Tajikistan,2023,12244169292.7998
TKM,Turkmenistan,2023,45894538665.5538
TLS,Timor-Leste,2023,2079767170.22651
TON,Tonga,2023,591139749.44287
TTO,Trinidad and Tobago,2023,25036993423.3664
TUN,Tunisia,2023,48205328303.3398
TUR,Turkiye,2023,1141242864657.45
TUV,Tuvalu,2023,62280311.5852172
TZA,Tanzania,2023,79030935627.0781
UGA,Uganda,2023,48768955863.3175
UKR,Ukraine,2023,181221517868.744
URY,Uruguay,2023,77991666837.7382
USA,United States,2023,27292170793214.4
UZB,Uzbekistan,2023,102641879248.764
VCT,St. Vincent and the Grenadines,2023,1072237037.03704
VEN,"Venezuela, RB",2023,102376526555.948
VGB,British Virgin Islands,2023,
VIR,Virgin Islands (U.S.),2023,
VNM,Viet Nam,2023,433857681378.291
VUT,Vanuatu,2023,1115861055.72463
WSM,Samoa,2023,1044909500.02527
XKX,Kosovo,2023,10468224574.7539
YEM,"Yemen, Rep.",2023,
ZAF,South Africa,2023,381440724491.232
ZMB,Zambia,2023,27577956471.244
ZWE,Zimbabwe,2023,35871779680.6335
ABW,Aruba,2024,4265650673.00236
AFE,Africa Eastern and Southern,2024,1242693542929.85
AFG,Afghanistan,2024,
AFW,Africa Western and Central,2024,736384961061.523
AGO,Angola,2024,100998916781.079
ALB,Albania,2024,27046429296.6673
AND,Andorra,2024,4039842405.48117
ARE,United Arab Emirates,2024,552324846834.581
ARG,Argentina,2024,638365455340.04
ARM,Armenia,2024,25955275380.0321
ASM,American Samoa,2024,
ATG,Antigua and Barbuda,2024,2207622874.07407
AUS,Australia,2024,1757022451652.83
AUT,Austria,2024,534790720466.822
AZE,Azerbaijan,2024,74315882352.9412
BDI,Burundi,2024,3082433067.32634
BEL,Belgium,2024,671370081636.406
BEN,Benin,2024,21482643706.4249
BFA,Burkina Faso,2024,23124729853.0218
BGD,Bangladesh,2024,450119432068.852
BGR,Bulgaria,2024,113343355779.985
BHR,Bahrain,2024,47109734308.5106
BHS,"Bahamas, The",2024,15832800000.0
BIH,Bosnia and Herzegovina,2024,29613572022.8993
BLR,Belarus,2024,75961865471.9129
BLZ,Belize,2024,3203631800.0
BMU,Bermuda,2024,9233600000.0
BOL,Bolivia,2024,54881327452.9667
BRA,Brazil,2024,2185821648943.86
BRB,Barbados,2024,7498050000.0
BRN,Brunei Darussalam,2024,15340808592.48
BTN,Bhutan,2024,
BWA,Botswana,2024,19402063512.9066
CAF,Central African Republic,2024,2751494281.06887
CAN,Canada,2024,2243636826633.76
CHE,Switzerland,2024,936564198048.516
CHI,Channel Islands,2024,
CHL,Chile,2024,330267137371.592
CHN,China,2024,18743803170827.2
CIV,Cote d'Ivoire,2024,87113179149.284
CMR,Cameroon,2024,53296694320.2057
COD,"Congo, Dem. Rep.",2024,70962185790.7094
COG,"Congo, Rep.",2024,15719986076.6464
COL,Colombia,2024,418818154879.271
COM,Comoros,2024,1440991455.45188
CPV,Cabo Verde,2024,2725414150.72735
CRI,Costa Rica,2024,95350423176.5962
CUB,Cuba,2024,
CUW,Curacao,2024,3561178196.20713
CYM,Cayman Islands,2024,
CYP,Cyprus,2024,37634533331.8902
CZE,Czechia,2024,347034062928.479
DEU,Germany,2024,4685592577804.69
DJI,Djibouti,2024,4152145939.98458
DMA,Dominica,2024,688881481.481481
DNK,Denmark,2024,424524722037.047
DOM,Dominican Republic,2024,124282245638.568
DZA,Algeria,2024,269322281664.773
EAR,Early-demographic dividend,2024,15808304487948.1
ECS,Europe & Central Asia,2024,29291828957768.8
ECU,Ecuador,2024,124676074700.0
EGY,"Egypt, Arab Rep.",2024,389059911003.566
ERI,Eritrea,2024,
ESP,Spain,2024,1725671652742.19
EST,Estonia,2024,43130419829.35
ETH,Ethiopia,2024,149740297952.986
FIN,Finland,2024,298696961297.656
FJI,Fiji,2024,5968125909.27126
FRA,France,2024,3160442622465.08
FRO,Faroe Islands,2024,4052937169.76536
FSM,"Micronesia, Fed. Sts.",2024,471425099.488675
GAB,Gabon,2024,20895684425.6752
GBR,United Kingdom,2024,3686033044482.13
GEO,Georgia,2024,34189423544.9955
GHA,Ghana,2024,82308110386.4641
GIB,Gibraltar,2024,
GIN,Guinea,2024,25008678293.4084
GMB,"Gambia, The",2024,2404888749.21907
GNB,Guinea-Bissau,2024,2218393804.54798
GNQ,Equatorial Guinea,2024,12765777677.0622
GRC,Greece,2024,256238371778.118
GRD,Grenada,2024,1371918518.51852
GRL,Greenland,2024,
GTM,Guatemala,2024,113199581158.203
GUM,Guam,2024,
GUY,Guyana,2024,24662709832.1343
HKG,"Hong Kong SAR, China",2024,406863396487.342
HND,Honduras,2024,37093565854.0437
HRV,Croatia,2024,92983810328.9088
HTI,Haiti,2024,25224154990.7946
HUN,Hungary,2024,222722738925.641
IDB,IDA blend,2024,1117411942661.72
IDN,Indonesia,2024,1396300098190.97
IMN,Isle of Man,2024,
IND,India,2024,3909891533858.08
IRL,Ireland,2024,609157459747.205
IRN,"Iran, Islamic Rep.",2024,475252089215.416
IRQ,Iraq,2024,279641257615.385
ISL,Iceland,2024,33255181468.9382
ISR,Israel,2024,540379921261.681
ITA,Italy,2024,2380825077243.59
JAM,Jamaica,2024,22014397089.7689
JOR,Jordan,2024,53352289577.4648
JPN,Japan,2024,4027597523550.58
KAZ,Kazakhstan,2024,291480274648.826
KEN,Kenya,2024,120339557905.932
KGZ,Kyrgyz Republic,2024,17478259659.2625
KHM,Cambodia,2024,46352647037.2406
KIR,Kiribati,2024,307862564.489711
KNA,St. Kitts and Nevis,2024,1122388888.88889
KOR,"Korea, Rep.",2024,1875388209406.8
KWT,Kuwait,2024,160227273053.334
LAO,Lao PDR,2024,16502933121.3379
LBN,Lebanon,2024,
LBR,Liberia,2024,4779300900.0
LBY,Libya,2024,48487151215.345
LCA,St. Lucia,2024,2549062962.96296
LCN,Latin America & Caribbean,2024,7110323254687.35
LIE,Liechtenstein,2024,
LKA,Sri Lanka,2024,98963185509.6499
LSO,Lesotho,2024,2271759454.51107
LTE,Late-demographic dividend,2024,29979152245112.6
LTU,Lithuania,2024,84869215513.3648
LUX,Luxembourg,2024,93279851863.4062
LVA,Latvia,2024,43684254432.3609
MAC,"Macao SAR, China",2024,49467258923.3244
MAF,St. Martin (French part),2024,
MAR,Morocco,2024,160610994054.734
MCO,Monaco,2024,11125783372.4794
MDA,Moldova,2024,18200340853.6517
MDG,Madagascar,2024,17420501490.1231
MDV,Maldives,2024,7061608267.25451
MEX,Mexico,2024,1856365616165.94
MHL,Marshall Islands,2024,290108489.990234
MKD,North Macedonia,2024,16951682245.4202
MLI,Mali,2024,26794747239.8805
MLT,Malta,2024,24971574502.4475
MMR,Myanmar,2024,74068349523.8095
MNE,Montenegro,2024,8270016670.86774
MNG,Mongolia,2024,23794540024.5132
MNP,Northern Mariana Islands,2024,
MOZ,Mozambique,2024,22745341305.0622
MRT,Mauritania,2024,10908045686.8808
MUS,Mauritius,2024,14937861786.17
MWI,Malawi,2024,11316411329.4619
MYS,Malaysia,2024,422227005428.688
NAM,Namibia,2024,13372354511.716
NCL,New Caledonia,2024,8548919387.12607
NER,Niger,2024,19876128485.7857
NGA,Nigeria,2024,252261880141.151
NIC,Nicaragua,2024,19693982967.5926
NLD,Netherlands,2024,1214927698572.66
NOR,Norway,2024,483592648313.301
NPL,Nepal,2024,42914268286.7109
NRU,Nauru,2024,162588620.632234
NZL,New Zealand,2024,260172385097.616
OMN,Oman,2024,107137198769.386
PAK,Pakistan,2024,371570000121.266
PAN,Panama,2024,86523959131.7472
PER,Peru,2024,289221969062.941
PHL,Philippines,2024,461617509782.355
PLW,Palau,2024,
PNG,Papua New Guinea,2024,31800428265.5246
POL,Poland,2024,917767106146.761
PRI,Puerto Rico (US),2024,126029527033.705
PRK,"Korea, Dem. People's Rep.",2024,
PRT,Portugal,2024,313271185085.102
PRY,Paraguay,2024,44458118397.4445
PSE,West Bank and Gaza,2024,13711100000.0
PYF,French Polynesia,2024,6323716355.05009
QAT,Qatar,2024,219162637362.637
ROU,Romania,2024,382564217988.866
RUS,Russia,2024,2173835806671.66
RWA,Rwanda,2024,14251642235.0968
SAU,Saudi Arabia,2024,1239804533333.33
SDN,Sudan,2024,49672435513.1126
SEN,Senegal,2024,32808056600.9436
SGP,Singapore,2024,547386645891.847
SLB,Solomon Islands,2024,1583964703.75061
SLE,Sierra Leone,2024,6971127235.3123
SLV,El Salvador,2024,35364960000.0
SMR,San Marino,2024,
SOM,"Somalia, Fed. Rep.",2024,11967000000.0
SRB,Serbia,2024,90097765959.1114
SSD,South Sudan,2024,
STP,Sao Tome and Principe,2024,822154621.088897
SUR,Suriname,2024,4416775112.09627
SVK,Slovak Republic,2024,140934076532.375
SVN,Slovenia,2024,72972015197.3859
SWE,Sweden,2024,603715224265.798
SWZ,Eswatini,2024,4858885840.77236
SXM,Sint Maarten (Dutch part),2024,1797836665.95136
SYC,Seychelles,2024,2167239562.46013
SYR,Syrian Arab Republic,2024,
TCA,Turks and Caicos Islands,2024,1745378000.0
TCD,Chad,2024,19518819751.283
TGO,Togo,2024,10651180146.531
THA,Thailand,2024,526517658841.684
TJK,Tajikistan,2024,14204575548.5536
TKM,Turkmenistan,2024,51387209872.2994
TLS,Timor-Leste,2024,1865608515.41321
TON,Tonga,2024,
TTO,Trinidad and Tobago,2024,25633544529.4849
TUN,Tunisia,2024,51332285656.5422
TUR,Turkiye,2024,1359123768774.12
TUV,Tuvalu,2024,
TZA,Tanzania,2024,78844405385.2195
UGA,Uganda,2024,53911907086.1525
UKR,Ukraine,2024,190741262414.705
URY,Uruguay,2024,80961511073.5797
USA,United States,2024,28750956130731.2
UZB,Uzbekistan,2024,114965293466.611
VCT,St. Vincent and the Grenadines,2024,1157207407.40741
VEN,"Venezuela, RB",2024,119802963257.783
VGB,British Virgin Islands,2024,
VIR,Virgin Islands (U.S.),2024,
VNM,Viet Nam,2024,476388230307.175
VUT,Vanuatu,2024,1117972034.22642
WSM,Samoa,2024,1175749785.65113
XKX,Kosovo,2024,11197246322.588
YEM,"Yemen, Rep.",2024,
ZAF,South Africa,2024,401144998373.585
ZMB,Zambia,2024,25303185342.2511
ZWE,Zimbabwe,2024,41539411516.4448
ABW,Aruba,2025,
AFE,Africa Eastern and Southern,2025,
AFG,Afghanistan,2025,
AFW,Africa Western and Central,2025,
AGO,Angola,2025,
ALB,Albania,2025,
AND,Andorra,2025,
ARE,United Arab Emirates,2025,
ARG,Argentina,2025,
ARM,Armenia,2025,
ASM,American Samoa,2025,
ATG,Antigua and Barbuda,2025,
AUS,Australia,2025,
AUT,Austria,2025,
AZE,Azerbaijan,2025,
BDI,Burundi,2025,
BEL,Belgium,2025,
BEN,Benin,2025,
BFA,Burkina Faso,2025,
BGD,Bangladesh,2025,
BGR,Bulgaria,2025,
BHR,Bahrain,2025,
BHS,"Bahamas, The",2025,
BIH,Bosnia and Herzegovina,2025,
BLR,Belarus,2025,
BLZ,Belize,2025,
BMU,Bermuda,2025,
BOL,Bolivia,2025,
BRA,Brazil,2025,
BRB,Barbados,2025,
BRN,Brunei Darussalam,2025,
BTN,Bhutan,2025,
BWA,Botswana,2025,
CAF,Central African Republic,2025,
CAN,Canada,2025,
CHE,Switzerland,2025,
CHI,Channel Islands,2025,
CHL,Chile,2025,
CHN,China,2025,
CIV,Cote d'Ivoire,2025,
CMR,Cameroon,2025,
COD,"Congo, Dem. Rep.",2025,
COG,"Congo, Rep.",2025,
COL,Colombia,2025,
COM,Comoros,2025,
CPV,Cabo Verde,2025,
CRI,Costa Rica,2025,
CUB,Cuba,2025,
CUW,Curacao,2025,
CYM,Cayman Islands,2025,
CYP,Cyprus,2025,
CZE,Czechia,2025,
DEU,Germany,2025,
DJI,Djibouti,2025,
DMA,Dominica,2025,
DNK,Denmark,2025,
DOM,Dominican Republic,2025,
DZA,Algeria,2025,
EAR,Early-demographic dividend,2025,
ECS,Europe & Central Asia,2025,
ECU,Ecuador,2025,
EGY,"Egypt, Arab Rep.",2025,
ERI,Eritrea,2025,
ESP,Spain,2025,
EST,Estonia,2025,
ETH,Ethiopia,2025,
FIN,Finland,2025,
FJI,Fiji,2025,
FRA,France,2025,
FRO,Faroe Islands,2025,
FSM,"Micronesia, Fed. Sts.",2025,
GAB,Gabon,2025,
GBR,United Kingdom,2025,
GEO,Georgia,2025,
GHA,Ghana,2025,
GIB,Gibraltar,2025,
GIN,Guinea,2025,
GMB,"Gambia, The",2025,
GNB,Guinea-Bissau,2025,
GNQ,Equatorial Guinea,2025,
GRC,Greece,2025,
GRD,Grenada,2025,
GRL,Greenland,2025,
GTM,Guatemala,2025,
GUM,Guam,2025,
GUY,Guyana,2025,
HKG,"Hong Kong SAR, China",2025,
HND,Honduras,2025,
HRV,Croatia,2025,
HTI,Haiti,2025,
HUN,Hungary,2025,
IDB,IDA blend,2025,
IDN,Indonesia,2025,
IMN,Isle of Man,2025,
IND,India,2025,
IRL,Ireland,2025,
IRN,"Iran, Islamic Rep.",2025,
IRQ,Iraq,2025,
ISL,Iceland,2025,
ISR,Israel,2025,
ITA,Italy,2025,
JAM,Jamaica,2025,
JOR,Jordan,2025,
JPN,Japan,2025,
KAZ,Kazakhstan,2025,
KEN,Kenya,2025,
KGZ,Kyrgyz Republic,2025,
KHM,Cambodia,2025,
KIR,Kiribati,2025,
KNA,St. Kitts and Nevis,2025,
KOR,"Korea, Rep.",2025,
KWT,Kuwait,2025,
LAO,Lao PDR,2025,
LBN,Lebanon,2025,
LBR,Liberia,2025,
LBY,Libya,2025,
LCA,St. Lucia,2025,
LCN,Latin America & Caribbean,2025,
LIE,Liechtenstein,2025,
LKA,Sri Lanka,2025,
LSO,Lesotho,2025,
LTE,Late-demographic dividend,2025,
LTU,Lithuania,2025,
LUX,Luxembourg,2025,
LVA,Latvia,2025,
MAC,"Macao SAR, China",2025,
MAF,St. Martin (French part),2025,
MAR,Morocco,2025,
MCO,Monaco,2025,
MDA,Moldova,2025,
MDG,Madagascar,2025,
MDV,Maldives,2025,
MEX,Mexico,2025,
MHL,Marshall Islands,2025,
MKD,North Macedonia,2025,
MLI,Mali,2025,
MLT,Malta,2025,
MMR,Myanmar,2025,
MNE,Montenegro,2025,
MNG,Mongolia,2025,
MNP,Northern Mariana Islands,2025,
MOZ,Mozambique,2025,
MRT,Mauritania,2025,
MUS,Mauritius,2025,
MWI,Malawi,2025,
MYS,Malaysia,2025,
NAM,Namibia,2025,
NCL,New Caledonia,2025,
NER,Niger,2025,
NGA,Nigeria,2025,
NIC,Nicaragua,2025,
NLD,Netherlands,2025,
NOR,Norway,2025,
NPL,Nepal,2025,
NRU,Nauru,2025,
NZL,New Zealand,2025,
OMN,Oman,2025,
PAK,Pakistan,2025,
PAN,Panama,2025,
PER,Peru,2025,
PHL,Philippines,2025,
PLW,Palau,2025,
PNG,Papua New Guinea,2025,
POL,Poland,2025,
PRI,Puerto Rico (US),2025,
PRK,"Korea, Dem. People's Rep.",2025,
PRT,Portugal,2025,
PRY,Paraguay,2025,
PSE,West Bank and Gaza,2025,
PYF,French Polynesia,2025,
QAT,Qatar,2025,
ROU,Romania,2025,
RUS,Russia,2025,
RWA,Rwanda,2025,
SAU,Saudi Arabia,2025,
SDN,Sudan,2025,
SEN,Senegal,2025,
SGP,Singapore,2025,
SLB,Solomon Islands,2025,
SLE,Sierra Leone,2025,
SLV,El Salvador,2025,
SMR,San Marino,2025,
SOM,"Somalia, Fed. Rep.",2025,
SRB,Serbia,2025,
SSD,South Sudan,2025,
STP,Sao Tome and Principe,2025,
SUR,Suriname,2025,
SVK,Slovak Republic,2025,
SVN,Slovenia,2025,
SWE,Sweden,2025,
SWZ,Eswatini,2025,
SXM,Sint Maarten (Dutch part),2025,
SYC,Seychelles,2025,
SYR,Syrian Arab Republic,2025,
TCA,Turks and Caicos Islands,2025,
TCD,Chad,2025,
TGO,Togo,2025,
THA,Thailand,2025,
TJK,Tajikistan,2025,
TKM,Turkmenistan,2025,
TLS,Timor-Leste,2025,
TON,Tonga,2025,
TTO,Trinidad and Tobago,2025,
TUN,Tunisia,2025,
TUR,Turkiye,2025,
TUV,Tuvalu,2025,
TZA,Tanzania,2025,
UGA,Uganda,2025,
UKR,Ukraine,2025,
URY,Uruguay,2025,
USA,United States,2025,
UZB,Uzbekistan,2025,
VCT,St. Vincent and the Grenadines,2025,
VEN,"Venezuela, RB",2025,
VGB,British Virgin Islands,2025,
VIR,Virgin Islands (U.S.),2025,
VNM,Viet Nam,2025,
VUT,Vanuatu,2025,
WSM,Samoa,2025,
XKX,Kosovo,2025,
YEM,"Yemen, Rep.",2025,
ZAF,South Africa,2025,
ZMB,Zambia,2025,
ZWE,Zimbabwe,2025,
