Country_Code,Standard_Country,Year,Military_Exp_USD,Military_Pct_GDP
ABW,Aruba,1960,,
ABW,Aruba,1961,,
ABW,Aruba,1962,,
ABW,Aruba,1963,,
ABW,Aruba,1964,,
ABW,Aruba,1965,,
ABW,Aruba,1966,,
ABW,Aruba,1967,,
ABW,Aruba,1968,,
ABW,Aruba,1969,,
ABW,Aruba,1970,,
ABW,Aruba,1971,,
ABW,Aruba,1972,,
ABW,Aruba,1973,,
ABW,Aruba,1974,,
ABW,Aruba,1975,,
ABW,Aruba,1976,,
ABW,Aruba,1977,,
ABW,Aruba,1978,,
ABW,Aruba,1979,,
ABW,Aruba,1980,,
ABW,Aruba,1981,,
ABW,Aruba,1982,,
ABW,Aruba,1983,,
ABW,Aruba,1984,,
ABW,Aruba,1985,,
ABW,Aruba,1986,,
ABW,Aruba,1987,,
ABW,Aruba,1988,,
ABW,Aruba,1989,,
ABW,Aruba,1990,,
ABW,Aruba,1991,,
ABW,Aruba,1992,,
ABW,Aruba,1993,,
ABW,Aruba,1994,,
ABW,Aruba,1995,,
ABW,Aruba,1996,,
ABW,Aruba,1997,,
ABW,Aruba,1998,,
ABW,Aruba,1999,,
ABW,Aruba,2000,,
ABW,Aruba,2001,,
ABW,Aruba,2002,,
ABW,Aruba,2003,,
ABW,Aruba,2004,,
ABW,Aruba,2005,,
ABW,Aruba,2006,,
ABW,Aruba,2007,,
ABW,Aruba,2008,,
ABW,Aruba,2009,,
ABW,Aruba,2010,,
ABW,Aruba,2011,,
ABW,Aruba,2012,,
ABW,Aruba,2013,,
ABW,Aruba,2014,,
ABW,Aruba,2015,,
ABW,Aruba,2016,,
ABW,Aruba,2017,,
ABW,Aruba,2018,,
ABW,Aruba,2019,,
ABW,Aruba,2020,,
ABW,Aruba,2021,,
ABW,Aruba,2022,,
ABW,Aruba,2023,,
ABW,Aruba,2024,,
ABW,Aruba,2025,,
AFE,Africa Eastern and Southern,1960,,
AFE,Africa Eastern and Southern,1961,,
AFE,Africa Eastern and Southern,1962,,
AFE,Africa Eastern and Southern,1963,321995105.592536,
AFE,Africa Eastern and Southern,1964,439800468.248919,2.04313585766076
AFE,Africa Eastern and Southern,1965,523991764.064749,2.4612743823206
AFE,Africa Eastern and Southern,1966,563107868.706277,2.07408121648211
AFE,Africa Eastern and Southern,1967,599200560.390729,2.34171003828715
AFE,Africa Eastern and Southern,1968,651839873.849006,2.09779385317617
AFE,Africa Eastern and Southern,1969,748192662.805837,2.09931924577849
AFE,Africa Eastern and Southern,1970,808051583.819031,2.04115812416206
AFE,Africa Eastern and Southern,1971,930569413.181881,2.17421723781396
AFE,Africa Eastern and Southern,1972,978416632.720141,2.15361846098594
AFE,Africa Eastern and Southern,1973,1341007129.32249,2.30965061799518
AFE,Africa Eastern and Southern,1974,1912090260.16004,2.67543470385564
AFE,Africa Eastern and Southern,1975,2359066011.77603,3.158864544162
AFE,Africa Eastern and Southern,1976,2711217181.47119,3.65072312663943
AFE,Africa Eastern and Southern,1977,3516242094.08135,3.99368696162701
AFE,Africa Eastern and Southern,1978,4436187157.32162,4.15749788793389
AFE,Africa Eastern and Southern,1979,5059938377.44219,3.95889701231683
AFE,Africa Eastern and Southern,1980,5688875761.40021,3.71312834203997
AFE,Africa Eastern and Southern,1981,5821777472.14513,3.82504565059919
AFE,Africa Eastern and Southern,1982,5586490773.70499,3.9520573025223
AFE,Africa Eastern and Southern,1983,5954550238.35962,3.9561010700511
AFE,Africa Eastern and Southern,1984,6059014945.37724,3.96536848994993
AFE,Africa Eastern and Southern,1985,5268638660.93183,3.66302617485731
AFE,Africa Eastern and Southern,1986,5815940446.62015,3.88585000053418
AFE,Africa Eastern and Southern,1987,7253046582.51314,4.88687540170018
AFE,Africa Eastern and Southern,1988,8315635574.15312,5.18981251773422
AFE,Africa Eastern and Southern,1989,8403081989.50234,5.19352130336942
AFE,Africa Eastern and Southern,1990,9777789552.00326,4.77358568603662
AFE,Africa Eastern and Southern,1991,8341006681.63332,3.7120864698374
AFE,Africa Eastern and Southern,1992,6310707062.68746,2.92246712426778
AFE,Africa Eastern and Southern,1993,7129497156.21002,3.07453775198049
AFE,Africa Eastern and Southern,1994,5621952774.36164,2.60072770764722
AFE,Africa Eastern and Southern,1995,5084815803.29411,2.15311895438742
AFE,Africa Eastern and Southern,1996,4478141130.68525,1.82373047474075
AFE,Africa Eastern and Southern,1997,4739305120.39884,1.81332724536626
AFE,Africa Eastern and Southern,1998,4137540985.31222,1.81675428988793
AFE,Africa Eastern and Southern,1999,5722502786.54834,2.2645202768771
AFE,Africa Eastern and Southern,2000,5401733241.50712,1.98006307111707
AFE,Africa Eastern and Southern,2001,4488594404.40717,1.91760768586603
AFE,Africa Eastern and Southern,2002,4895651489.67202,1.97717272759236
AFE,Africa Eastern and Southern,2003,5646539416.27222,1.7534970700042
AFE,Africa Eastern and Southern,2004,7366020357.18671,1.79951130030893
AFE,Africa Eastern and Southern,2005,8391802332.31698,1.68479751946627
AFE,Africa Eastern and Southern,2006,10168981008.6831,1.71707783070078
AFE,Africa Eastern and Southern,2007,11233010788.2932,1.67613352192642
AFE,Africa Eastern and Southern,2008,13548342318.6203,1.94146910346489
AFE,Africa Eastern and Southern,2009,13534612775.6365,1.954757135979
AFE,Africa Eastern and Southern,2010,11939662796.3399,1.56758981834682
AFE,Africa Eastern and Southern,2011,13243429787.9745,1.52552678849218
AFE,Africa Eastern and Southern,2012,13839864655.0265,1.55783552956438
AFE,Africa Eastern and Southern,2013,15581977215.0537,1.7517010035687
AFE,Africa Eastern and Southern,2014,16829353040.2181,1.805596975896
AFE,Africa Eastern and Southern,2015,15383318097.6508,1.54122446300319
AFE,Africa Eastern and Southern,2016,13659413872.3535,1.28135259202439
AFE,Africa Eastern and Southern,2017,16172675472.1069,1.28671011401209
AFE,Africa Eastern and Southern,2018,12270486684.636,1.12595665662997
AFE,Africa Eastern and Southern,2019,11691723928.9498,1.07806529365479
AFE,Africa Eastern and Southern,2020,11443761587.0642,1.15816553367555
AFE,Africa Eastern and Southern,2021,12538942807.1952,1.14597275856757
AFE,Africa Eastern and Southern,2022,13229012881.3545,1.11853373440927
AFE,Africa Eastern and Southern,2023,13732573540.4478,1.044193838613
AFE,Africa Eastern and Southern,2024,13659048840.3166,0.976005194817781
AFE,Africa Eastern and Southern,2025,,
AFG,Afghanistan,1960,,
AFG,Afghanistan,1961,,
AFG,Afghanistan,1962,,
AFG,Afghanistan,1963,,
AFG,Afghanistan,1964,,
AFG,Afghanistan,1965,,
AFG,Afghanistan,1966,,
AFG,Afghanistan,1967,,
AFG,Afghanistan,1968,,
AFG,Afghanistan,1969,,
AFG,Afghanistan,1970,2939585.50125376,1.62960609911055
AFG,Afghanistan,1971,,
AFG,Afghanistan,1972,,
AFG,Afghanistan,1973,3341271.55123016,1.86891025641026
AFG,Afghanistan,1974,3581366.35143003,1.61082474226804
AFG,Afghanistan,1975,4203664.56865451,1.72206572769953
AFG,Afghanistan,1976,5393251.2159455,2.04608695652174
AFG,Afghanistan,1977,6127288.0633346,2.0114747930775
AFG,Afghanistan,1978,,
AFG,Afghanistan,1979,,
AFG,Afghanistan,1980,,
AFG,Afghanistan,1981,,
AFG,Afghanistan,1982,,
AFG,Afghanistan,1983,,
AFG,Afghanistan,1984,,
AFG,Afghanistan,1985,,
AFG,Afghanistan,1986,,
AFG,Afghanistan,1987,,
AFG,Afghanistan,1988,,
AFG,Afghanistan,1989,,
AFG,Afghanistan,1990,,
AFG,Afghanistan,1991,,
AFG,Afghanistan,1992,,
AFG,Afghanistan,1993,,
AFG,Afghanistan,1994,,
AFG,Afghanistan,1995,,
AFG,Afghanistan,1996,,
AFG,Afghanistan,1997,,
AFG,Afghanistan,1998,,
AFG,Afghanistan,1999,,
AFG,Afghanistan,2000,,
AFG,Afghanistan,2001,,
AFG,Afghanistan,2002,,
AFG,Afghanistan,2003,,
AFG,Afghanistan,2004,125111557.457054,2.43125378739118
AFG,Afghanistan,2005,122727193.134874,1.99206569856085
AFG,Afghanistan,2006,131346231.269517,1.89623399634252
AFG,Afghanistan,2007,219580214.296198,2.56626735198569
AFG,Afghanistan,2008,240532594.620985,2.335545701939
AFG,Afghanistan,2009,251869514.820335,2.08741255278385
AFG,Afghanistan,2010,298147102.825701,1.94583569418812
AFG,Afghanistan,2011,325806949.72333,1.82134545354632
AFG,Afghanistan,2012,238583385.374322,1.17541612009987
AFG,Afghanistan,2013,217194107.113298,1.07694976762403
AFG,Afghanistan,2014,268238787.719988,1.29801287790022
AFG,Afghanistan,2015,199517108.764826,0.994575822723645
AFG,Afghanistan,2016,185878310.062383,0.956772140958855
AFG,Afghanistan,2017,191407113.244397,0.945226799939516
AFG,Afghanistan,2018,198074728.574408,1.00674585570556
AFG,Afghanistan,2019,226306243.729258,1.17096838242129
AFG,Afghanistan,2020,279576954.925193,1.35885692738929
AFG,Afghanistan,2021,278250788.014927,1.827933856217
AFG,Afghanistan,2022,,
AFG,Afghanistan,2023,,
AFG,Afghanistan,2024,,
AFG,Afghanistan,2025,,
AFW,Africa Western and Central,1960,,
AFW,Africa Western and Central,1961,65730524.3831638,
AFW,Africa Western and Central,1962,90028246.0092655,1.31471581400447
AFW,Africa Western and Central,1963,100571059.526628,1.31333102644613
AFW,Africa Western and Central,1964,118886714.16175,1.44184541418655
AFW,Africa Western and Central,1965,145634004.191034,1.46835895392531
AFW,Africa Western and Central,1966,150726614.016474,1.36672116191477
AFW,Africa Western and Central,1967,279405116.483602,
AFW,Africa Western and Central,1968,468085528.047781,5.39674585044925
AFW,Africa Western and Central,1969,792195080.16297,6.26760960626426
AFW,Africa Western and Central,1970,805756788.47743,3.94045401695422
AFW,Africa Western and Central,1971,798401254.138415,3.10481139581203
AFW,Africa Western and Central,1972,1073660122.48322,3.79475660855557
AFW,Africa Western and Central,1973,1225931367.71765,3.74991932288916
AFW,Africa Western and Central,1974,1569425244.50618,3.33007464144611
AFW,Africa Western and Central,1975,3325926333.27176,5.56163313705685
AFW,Africa Western and Central,1976,2972064214.24566,4.30230005735399
AFW,Africa Western and Central,1977,3538129233.05042,4.27198178987284
AFW,Africa Western and Central,1978,3531858527.90589,3.78892376524712
AFW,Africa Western and Central,1979,3749098042.56657,3.20114329850032
AFW,Africa Western and Central,1980,3819500057.55731,2.4776641157231
AFW,Africa Western and Central,1981,2995896467.39343,2.49040405860265
AFW,Africa Western and Central,1982,2333427778.63198,2.10199689025771
AFW,Africa Western and Central,1983,2271656004.89054,2.07781189184814
AFW,Africa Western and Central,1984,1833692045.21992,1.58357797906172
AFW,Africa Western and Central,1985,1782805894.30473,1.53868101156931
AFW,Africa Western and Central,1986,1325887034.64413,1.49896155482826
AFW,Africa Western and Central,1987,1034038528.72362,1.22358026467533
AFW,Africa Western and Central,1988,1028974102.24905,1.26419788169234
AFW,Africa Western and Central,1989,869622423.787789,1.11117651704025
AFW,Africa Western and Central,1990,1058239033.95801,1.1446053013656
AFW,Africa Western and Central,1991,1017904206.18611,1.13220311331109
AFW,Africa Western and Central,1992,1121450093.76604,1.09510095985559
AFW,Africa Western and Central,1993,1223171278.3599,1.23548106043875
AFW,Africa Western and Central,1994,889421995.123373,0.95252101346672
AFW,Africa Western and Central,1995,1114380570.52239,0.637582407408898
AFW,Africa Western and Central,1996,1243017431.17495,0.536495470495363
AFW,Africa Western and Central,1997,1365594415.16732,0.56030649835577
AFW,Africa Western and Central,1998,1630290670.11551,0.64606165402743
AFW,Africa Western and Central,1999,1034573025.66621,0.989737523392496
AFW,Africa Western and Central,2000,959300982.609088,0.829603006613827
AFW,Africa Western and Central,2001,1269265105.71866,1.03826229529971
AFW,Africa Western and Central,2002,1677374103.82213,1.11173617032891
AFW,Africa Western and Central,2003,1793043312.25745,0.911921981361557
AFW,Africa Western and Central,2004,1955986947.41056,0.843866507513584
AFW,Africa Western and Central,2005,2015580275.88297,0.676015624776978
AFW,Africa Western and Central,2006,2343547220.22438,0.64036899032441
AFW,Africa Western and Central,2007,2945810821.62647,0.690477934417032
AFW,Africa Western and Central,2008,4420055281.36649,0.815407446639942
AFW,Africa Western and Central,2009,4304860294.26092,0.90568242340593
AFW,Africa Western and Central,2010,4658214435.30059,0.824579048128891
AFW,Africa Western and Central,2011,4987982651.04179,0.800118887721733
AFW,Africa Western and Central,2012,4921502460.77794,0.711070613000623
AFW,Africa Western and Central,2013,6171135414.06019,0.765519899436827
AFW,Africa Western and Central,2014,6451564749.92889,0.7273812097636
AFW,Africa Western and Central,2015,5016333439.14496,0.674778833747135
AFW,Africa Western and Central,2016,5575535214.60029,0.812959153905816
AFW,Africa Western and Central,2017,5510400667.6926,0.813068528209328
AFW,Africa Western and Central,2018,6325121729.78858,0.837845820664007
AFW,Africa Western and Central,2019,6163842037.42304,0.725344410661711
AFW,Africa Western and Central,2020,7196957645.04129,0.884575534810036
AFW,Africa Western and Central,2021,9713964207.41475,1.13082449497043
AFW,Africa Western and Central,2022,8502192591.61574,0.922682710205257
AFW,Africa Western and Central,2023,9427716905.99577,1.13387269537417
AFW,Africa Western and Central,2024,8015682860.17091,1.16925756165184
AFW,Africa Western and Central,2025,,
AGO,Angola,1960,,
AGO,Angola,1961,,
AGO,Angola,1962,,
AGO,Angola,1963,,
AGO,Angola,1964,,
AGO,Angola,1965,,
AGO,Angola,1966,,
AGO,Angola,1967,,
AGO,Angola,1968,,
AGO,Angola,1969,,
AGO,Angola,1970,,
AGO,Angola,1971,,
AGO,Angola,1972,,
AGO,Angola,1973,,
AGO,Angola,1974,,
AGO,Angola,1975,,
AGO,Angola,1976,,
AGO,Angola,1977,,
AGO,Angola,1978,343271609.064777,
AGO,Angola,1979,504712881.877131,
AGO,Angola,1980,497359449.16104,
AGO,Angola,1981,618891637.14152,
AGO,Angola,1982,668493883.280968,
AGO,Angola,1983,778628250.551507,
AGO,Angola,1984,1066247743.83314,
AGO,Angola,1985,1146467009.82686,1.715e-05
AGO,Angola,1986,1156494418.07607,1.73e-05
AGO,Angola,1987,1487398890.30015,22.25
AGO,Angola,1988,1469382980.14573,21.9805
AGO,Angola,1989,1948559395.68153,19.4323333333333
AGO,Angola,1990,1751153151.94866,17.4636666666667
AGO,Angola,1991,1031247788.04428,7.1025
AGO,Angola,1992,794138821.161656,5.68283054258138
AGO,Angola,1993,1774397876.82742,17.5225890755741
AGO,Angola,1994,594991178.694447,5.70928069083604
AGO,Angola,1995,233843714.8893,4.70739276826233
AGO,Angola,1996,159741933.468199,2.44784815671705
AGO,Angola,1997,456780475.026196,5.97226820719497
AGO,Angola,1998,170278292.568682,2.64201188106298
AGO,Angola,1999,1066588789.23285,17.334692213616
AGO,Angola,2000,583621333.598924,6.39260315427404
AGO,Angola,2001,404299139.990661,4.52435381521461
AGO,Angola,2002,438686245.411232,2.86993244512575
AGO,Angola,2003,670021164.432494,3.76147907354734
AGO,Angola,2004,817533582.152083,3.47118018672779
AGO,Angola,2005,1365055398.69044,3.69224094698531
AGO,Angola,2006,1970309115.18376,3.76149530543532
AGO,Angola,2007,2032432883.4343,3.11405449295742
AGO,Angola,2008,3163591147.40902,3.57312038062707
AGO,Angola,2009,3311193245.27722,4.70961004832072
AGO,Angola,2010,3500794836.44649,4.1775845224338
AGO,Angola,2011,3639496373.5446,3.25566035129376
AGO,Angola,2012,4144634851.46856,3.23665949921649
AGO,Angola,2013,6090751702.00884,4.45523942155109
AGO,Angola,2014,6846249313.34052,4.69845451564414
AGO,Angola,2015,3608299114.61674,3.10542629308278
AGO,Angola,2016,2764054937.15976,2.73333494465123
AGO,Angola,2017,3062872913.9838,2.50798280550579
AGO,Angola,2018,1983613748.00089,1.95578680987962
AGO,Angola,2019,1470938717.28754,1.76791430458684
AGO,Angola,2020,993594404.625879,1.81042916830117
AGO,Angola,2021,981451011.871799,1.39322266365773
AGO,Angola,2022,1622763731.95097,1.410163657162
AGO,Angola,2023,1247846345.08517,1.40725542077164
AGO,Angola,2024,922050813.886942,1.00049213337543
AGO,Angola,2025,,
ALB,Albania,1960,,
ALB,Albania,1961,,
ALB,Albania,1962,,
ALB,Albania,1963,,
ALB,Albania,1964,,
ALB,Albania,1965,,
ALB,Albania,1966,,
ALB,Albania,1967,,
ALB,Albania,1968,,
ALB,Albania,1969,,
ALB,Albania,1970,,
ALB,Albania,1971,,
ALB,Albania,1972,,
ALB,Albania,1973,,
ALB,Albania,1974,,
ALB,Albania,1975,0.0,
ALB,Albania,1976,0.0,
ALB,Albania,1977,0.0,
ALB,Albania,1978,0.0,
ALB,Albania,1979,0.0,
ALB,Albania,1980,0.0,6.05202163275818
ALB,Albania,1981,0.0,5.84831705344366
ALB,Albania,1982,0.0,5.65159574468085
ALB,Albania,1983,0.0,5.44128198995456
ALB,Albania,1984,0.0,6.11750454270139
ALB,Albania,1985,0.0,5.65142619937141
ALB,Albania,1986,0.0,5.62618650405569
ALB,Albania,1987,0.0,5.86222892264873
ALB,Albania,1988,0.0,5.61731662843362
ALB,Albania,1989,0.0,5.16761272357288
ALB,Albania,1990,0.0,5.8883007196812
ALB,Albania,1991,0.0,5.79127042184833
ALB,Albania,1992,31559657.4817579,4.6708878237371
ALB,Albania,1993,39289843.4285042,3.19945106674965
ALB,Albania,1994,49649504.9316606,2.54781906037648
ALB,Albania,1995,50907521.7778257,2.05358735905793
ALB,Albania,1996,45713356.1086709,1.37902962734156
ALB,Albania,1997,29825491.9997583,1.28308078036268
ALB,Albania,1998,33638047.439804,1.23824256064749
ALB,Albania,1999,42784205.2131221,1.24921009885957
ALB,Albania,2000,45362503.3922719,1.24636024189216
ALB,Albania,2001,53232045.1615151,1.30929137475594
ALB,Albania,2002,58649352.5025864,1.32003449433204
ALB,Albania,2003,76142881.7606657,1.33684292419802
ALB,Albania,2004,100922358.435493,1.38115794211088
ALB,Albania,2005,110140852.685934,1.35000497056322
ALB,Albania,2006,140983900.659916,1.56776908873068
ALB,Albania,2007,194840309.240843,1.8207653435572
ALB,Albania,2008,255677957.818501,1.98486885667765
ALB,Albania,2009,182736862.497776,1.5172171395597
ALB,Albania,2010,185893241.995074,1.55859189302349
ALB,Albania,2011,197006789.236335,1.52826633776627
ALB,Albania,2012,183204695.660212,1.48708257655216
ALB,Albania,2013,180015508.820867,1.40898210141146
ALB,Albania,2014,178120368.027763,1.34651599128914
ALB,Albania,2015,132350667.590834,1.16230386432234
ALB,Albania,2016,130853203.626464,1.10358100880452
ALB,Albania,2017,144382688.719935,1.10915100558884
ALB,Albania,2018,175886688.575874,1.16054478505068
ALB,Albania,2019,197225913.318893,1.28080596201472
ALB,Albania,2020,196596308.984418,1.29583570269739
ALB,Albania,2021,222814540.116661,1.24298808396067
ALB,Albania,2022,228693159.623738,1.20878861551122
ALB,Albania,2023,397617613.069546,1.7407334644623
ALB,Albania,2024,535472559.206879,2.03786228936679
ALB,Albania,2025,,
AND,Andorra,1960,,
AND,Andorra,1961,,
AND,Andorra,1962,,
AND,Andorra,1963,,
AND,Andorra,1964,,
AND,Andorra,1965,,
AND,Andorra,1966,,
AND,Andorra,1967,,
AND,Andorra,1968,,
AND,Andorra,1969,,
AND,Andorra,1970,,
AND,Andorra,1971,,
AND,Andorra,1972,,
AND,Andorra,1973,,
AND,Andorra,1974,,
AND,Andorra,1975,,
AND,Andorra,1976,,
AND,Andorra,1977,,
AND,Andorra,1978,,
AND,Andorra,1979,,
AND,Andorra,1980,,
AND,Andorra,1981,,
AND,Andorra,1982,,
AND,Andorra,1983,,
AND,Andorra,1984,,
AND,Andorra,1985,,
AND,Andorra,1986,,
AND,Andorra,1987,,
AND,Andorra,1988,,
AND,Andorra,1989,,
AND,Andorra,1990,,
AND,Andorra,1991,,
AND,Andorra,1992,,
AND,Andorra,1993,,
AND,Andorra,1994,,
AND,Andorra,1995,,
AND,Andorra,1996,,
AND,Andorra,1997,,
AND,Andorra,1998,,
AND,Andorra,1999,,
AND,Andorra,2000,,
AND,Andorra,2001,,
AND,Andorra,2002,,
AND,Andorra,2003,,
AND,Andorra,2004,,
AND,Andorra,2005,,
AND,Andorra,2006,,
AND,Andorra,2007,,
AND,Andorra,2008,,
AND,Andorra,2009,,
AND,Andorra,2010,,
AND,Andorra,2011,,
AND,Andorra,2012,,
AND,Andorra,2013,,
AND,Andorra,2014,,
AND,Andorra,2015,,
AND,Andorra,2016,,
AND,Andorra,2017,,
AND,Andorra,2018,,
AND,Andorra,2019,,
AND,Andorra,2020,,
AND,Andorra,2021,,
AND,Andorra,2022,,
AND,Andorra,2023,,
AND,Andorra,2024,,
AND,Andorra,2025,,
ARE,United Arab Emirates,1960,,
ARE,United Arab Emirates,1961,,
ARE,United Arab Emirates,1962,,
ARE,United Arab Emirates,1963,,
ARE,United Arab Emirates,1964,,
ARE,United Arab Emirates,1965,,
ARE,United Arab Emirates,1966,,
ARE,United Arab Emirates,1967,,
ARE,United Arab Emirates,1968,,
ARE,United Arab Emirates,1969,,
ARE,United Arab Emirates,1970,,
ARE,United Arab Emirates,1971,,
ARE,United Arab Emirates,1972,,
ARE,United Arab Emirates,1973,,
ARE,United Arab Emirates,1974,,
ARE,United Arab Emirates,1975,,
ARE,United Arab Emirates,1976,,
ARE,United Arab Emirates,1977,,
ARE,United Arab Emirates,1978,,
ARE,United Arab Emirates,1979,,
ARE,United Arab Emirates,1980,,
ARE,United Arab Emirates,1981,,
ARE,United Arab Emirates,1982,,
ARE,United Arab Emirates,1983,,
ARE,United Arab Emirates,1984,,
ARE,United Arab Emirates,1985,,
ARE,United Arab Emirates,1986,,
ARE,United Arab Emirates,1987,,
ARE,United Arab Emirates,1988,,
ARE,United Arab Emirates,1989,,
ARE,United Arab Emirates,1990,,
ARE,United Arab Emirates,1991,,
ARE,United Arab Emirates,1992,,
ARE,United Arab Emirates,1993,,
ARE,United Arab Emirates,1994,,
ARE,United Arab Emirates,1995,,
ARE,United Arab Emirates,1996,,
ARE,United Arab Emirates,1997,3335766741.48489,6.75906148063517
ARE,United Arab Emirates,1998,4010347174.94894,8.62972120984848
ARE,United Arab Emirates,1999,4233083730.42886,7.6695379976034
ARE,United Arab Emirates,2000,5875833900.61266,8.3237222448449
ARE,United Arab Emirates,2001,5797957794.41797,5.61210552340521
ARE,United Arab Emirates,2002,5354118447.92376,4.87553180534483
ARE,United Arab Emirates,2003,5834717494.89449,4.69230626722928
ARE,United Arab Emirates,2004,6816882232.81144,4.6114776396626
ARE,United Arab Emirates,2005,6604220558.20286,3.65647067832081
ARE,United Arab Emirates,2006,7165418652.14432,3.22597447304637
ARE,United Arab Emirates,2007,8460993873.38325,3.28052136989454
ARE,United Arab Emirates,2008,11571681415.9292,3.6680226492701
ARE,United Arab Emirates,2009,13836351259.3601,5.45710777311036
ARE,United Arab Emirates,2010,17504697072.8387,6.03859220826788
ARE,United Arab Emirates,2011,19181756296.8005,5.46631452753061
ARE,United Arab Emirates,2012,19024098025.8679,5.07555649376756
ARE,United Arab Emirates,2013,23561061946.9027,6.03468625064444
ARE,United Arab Emirates,2014,22755071477.1954,5.64365135247024
ARE,United Arab Emirates,2015,,
ARE,United Arab Emirates,2016,,
ARE,United Arab Emirates,2017,,
ARE,United Arab Emirates,2018,,
ARE,United Arab Emirates,2019,,
ARE,United Arab Emirates,2020,,
ARE,United Arab Emirates,2021,,
ARE,United Arab Emirates,2022,,
ARE,United Arab Emirates,2023,,
ARE,United Arab Emirates,2024,,
ARE,United Arab Emirates,2025,,
ARG,Argentina,1960,0.0,1.55
ARG,Argentina,1961,0.0,2.14
ARG,Argentina,1962,305162407.203668,2.66
ARG,Argentina,1963,242219771.188823,1.68
ARG,Argentina,1964,245740498.034076,1.15
ARG,Argentina,1965,252407602.894431,1.07
ARG,Argentina,1966,279225436.289744,1.168
ARG,Argentina,1967,251930719.052261,1.4
ARG,Argentina,1968,337142857.142857,1.68571428571429
ARG,Argentina,1969,442857142.857143,1.9375
ARG,Argentina,1970,445713893.877895,1.87777777777778
ARG,Argentina,1971,519719484.172883,1.80769230769231
ARG,Argentina,1972,766000000.0,1.82380952380952
ARG,Argentina,1973,1294000000.0,1.84857142857143
ARG,Argentina,1974,1626000000.0,1.65918367346939
ARG,Argentina,1975,798359535.20164,2.04195804195804
ARG,Argentina,1976,2050248958.80214,3.78129117259552
ARG,Argentina,1977,2058223941.63377,4.00860009555662
ARG,Argentina,1978,3103989946.59127,4.71914405808177
ARG,Argentina,1979,5057062803.25292,4.67335625570135
ARG,Argentina,1980,6477389013.47732,3.09895833333333
ARG,Argentina,1981,5882767126.46132,3.46534653465347
ARG,Argentina,1982,2279872697.46359,2.70455793520044
ARG,Argentina,1983,2848053181.38652,2.73881278538813
ARG,Argentina,1984,2527749814.85341,2.16203914428767
ARG,Argentina,1985,2027221261.23072,2.29971724787936
ARG,Argentina,1986,2449545720.61181,2.31367874921125
ARG,Argentina,1987,2485659655.83174,2.2843868799904
ARG,Argentina,1988,2696341658.47862,2.12493922313663
ARG,Argentina,1989,1440922190.20173,1.88036559239223
ARG,Argentina,1990,2050907629.17129,1.45090921225786
ARG,Argentina,1991,2858778842.10019,1.50692655529635
ARG,Argentina,1992,3254455191.68378,1.42122223348777
ARG,Argentina,1993,3368550452.17659,1.42280290057293
ARG,Argentina,1994,3754724686.88939,1.45703853325047
ARG,Argentina,1995,3801950487.62191,1.47307310721151
ARG,Argentina,1996,3379138769.76541,1.24122726437626
ARG,Argentina,1997,3340670335.16758,1.14013911131295
ARG,Argentina,1998,3398699349.67484,1.13631802186333
ARG,Argentina,1999,3461730865.43272,1.22035954754993
ARG,Argentina,2000,3266633316.65833,1.14882267666887
ARG,Argentina,2001,3183591795.89795,1.18423354187058
ARG,Argentina,2002,1114172482.91036,1.09188047859748
ARG,Argentina,2003,1374873734.32668,1.06089505704838
ARG,Argentina,2004,1465809188.24616,0.883295358833529
ARG,Argentina,2005,1699579151.82907,0.847154783885961
ARG,Argentina,2006,1847553129.83947,0.788233877461469
ARG,Argentina,2007,2296448241.88781,0.792548175031362
ARG,Argentina,2008,2788980204.56974,0.762756475390461
ARG,Argentina,2009,2981852290.09382,0.886508576686385
ARG,Argentina,2010,3475348407.46349,0.814878118220695
ARG,Argentina,2011,4051930104.57065,0.764287095310235
ARG,Argentina,2012,4563217858.77234,0.784824735364742
ARG,Argentina,2013,5137974300.9699,0.83773642721392
ARG,Argentina,2014,4979442724.4582,0.878100924236765
ARG,Argentina,2015,5482616700.96393,0.850128597463815
ARG,Argentina,2016,4509647660.05234,0.809245362717563
ARG,Argentina,2017,5459643672.45401,0.84775481125944
ARG,Argentina,2018,3842852365.3176,0.732300347538541
ARG,Argentina,2019,3132654926.06745,0.699696134379197
ARG,Argentina,2020,2830929705.21542,0.734111593948744
ARG,Argentina,2021,3073433322.80813,0.631788619254705
ARG,Argentina,2022,4338261310.30872,0.684586409291956
ARG,Argentina,2023,4882352998.99977,0.75569413987974
ARG,Argentina,2024,4177618452.20522,0.618350391157195
ARG,Argentina,2025,,
ARM,Armenia,1960,,
ARM,Armenia,1961,,
ARM,Armenia,1962,,
ARM,Armenia,1963,,
ARM,Armenia,1964,,
ARM,Armenia,1965,,
ARM,Armenia,1966,,
ARM,Armenia,1967,,
ARM,Armenia,1968,,
ARM,Armenia,1969,,
ARM,Armenia,1970,,
ARM,Armenia,1971,,
ARM,Armenia,1972,,
ARM,Armenia,1973,,
ARM,Armenia,1974,,
ARM,Armenia,1975,,
ARM,Armenia,1976,,
ARM,Armenia,1977,,
ARM,Armenia,1978,,
ARM,Armenia,1979,,
ARM,Armenia,1980,,
ARM,Armenia,1981,,
ARM,Armenia,1982,,
ARM,Armenia,1983,,
ARM,Armenia,1984,,
ARM,Armenia,1985,,
ARM,Armenia,1986,,
ARM,Armenia,1987,,
ARM,Armenia,1988,,
ARM,Armenia,1989,,
ARM,Armenia,1990,,
ARM,Armenia,1991,,
ARM,Armenia,1992,0.0,2.20338983050847
ARM,Armenia,1993,9829763.86600769,2.29664433319049
ARM,Armenia,1994,,
ARM,Armenia,1995,52228583.8170226,4.05931190833614
ARM,Armenia,1996,52410268.5482839,3.28186700423013
ARM,Armenia,1997,64062121.1905135,3.90939855980585
ARM,Armenia,1998,66757573.0568511,3.52809600318196
ARM,Armenia,1999,68234148.5659606,3.69737423084246
ARM,Armenia,2000,68052142.0654426,3.56002487253697
ARM,Armenia,2001,66247626.4597048,3.12724938530975
ARM,Armenia,2002,64106405.6523643,2.69771474886414
ARM,Armenia,2003,76587998.887282,2.72837221377968
ARM,Armenia,2004,98070488.1985412,2.74199670493715
ARM,Armenia,2005,140738102.677157,2.87193136291811
ARM,Armenia,2006,188189116.431112,2.94761315625864
ARM,Armenia,2007,280108688.343921,3.04257470127966
ARM,Armenia,2008,395994365.442251,3.39557936270657
ARM,Armenia,2009,359499343.487034,4.15704990783508
ARM,Armenia,2010,395011507.787829,4.26564605593771
ARM,Armenia,2011,390871433.902191,3.85394644115574
ARM,Armenia,2012,380571678.896068,3.58376691873744
ARM,Armenia,2013,444551859.501106,3.99724455730484
ARM,Armenia,2014,457807021.791353,3.94337826474581
ARM,Armenia,2015,447379807.506819,4.23922578573229
ARM,Armenia,2016,431396218.601658,4.09034921699325
ARM,Armenia,2017,443610413.340995,3.84973057654684
ARM,Armenia,2018,513252026.482368,4.11988615256896
ARM,Armenia,2019,652000174.824083,4.78770584078564
ARM,Armenia,2020,633960400.11526,4.98254372367497
ARM,Armenia,2021,619435471.710093,4.46514475903396
ARM,Armenia,2022,795201580.049707,4.08174595925594
ARM,Armenia,2023,1326245679.38669,5.50629814850566
ARM,Armenia,2024,1418011710.7943,5.48174920349075
ARM,Armenia,2025,,
ASM,American Samoa,1960,,
ASM,American Samoa,1961,,
ASM,American Samoa,1962,,
ASM,American Samoa,1963,,
ASM,American Samoa,1964,,
ASM,American Samoa,1965,,
ASM,American Samoa,1966,,
ASM,American Samoa,1967,,
ASM,American Samoa,1968,,
ASM,American Samoa,1969,,
ASM,American Samoa,1970,,
ASM,American Samoa,1971,,
ASM,American Samoa,1972,,
ASM,American Samoa,1973,,
ASM,American Samoa,1974,,
ASM,American Samoa,1975,,
ASM,American Samoa,1976,,
ASM,American Samoa,1977,,
ASM,American Samoa,1978,,
ASM,American Samoa,1979,,
ASM,American Samoa,1980,,
ASM,American Samoa,1981,,
ASM,American Samoa,1982,,
ASM,American Samoa,1983,,
ASM,American Samoa,1984,,
ASM,American Samoa,1985,,
ASM,American Samoa,1986,,
ASM,American Samoa,1987,,
ASM,American Samoa,1988,,
ASM,American Samoa,1989,,
ASM,American Samoa,1990,,
ASM,American Samoa,1991,,
ASM,American Samoa,1992,,
ASM,American Samoa,1993,,
ASM,American Samoa,1994,,
ASM,American Samoa,1995,,
ASM,American Samoa,1996,,
ASM,American Samoa,1997,,
ASM,American Samoa,1998,,
ASM,American Samoa,1999,,
ASM,American Samoa,2000,,
ASM,American Samoa,2001,,
ASM,American Samoa,2002,,
ASM,American Samoa,2003,,
ASM,American Samoa,2004,,
ASM,American Samoa,2005,,
ASM,American Samoa,2006,,
ASM,American Samoa,2007,,
ASM,American Samoa,2008,,
ASM,American Samoa,2009,,
ASM,American Samoa,2010,,
ASM,American Samoa,2011,,
ASM,American Samoa,2012,,
ASM,American Samoa,2013,,
ASM,American Samoa,2014,,
ASM,American Samoa,2015,,
ASM,American Samoa,2016,,
ASM,American Samoa,2017,,
ASM,American Samoa,2018,,
ASM,American Samoa,2019,,
ASM,American Samoa,2020,,
ASM,American Samoa,2021,,
ASM,American Samoa,2022,,
ASM,American Samoa,2023,,
ASM,American Samoa,2024,,
ASM,American Samoa,2025,,
ATG,Antigua and Barbuda,1960,,
ATG,Antigua and Barbuda,1961,,
ATG,Antigua and Barbuda,1962,,
ATG,Antigua and Barbuda,1963,,
ATG,Antigua and Barbuda,1964,,
ATG,Antigua and Barbuda,1965,,
ATG,Antigua and Barbuda,1966,,
ATG,Antigua and Barbuda,1967,,
ATG,Antigua and Barbuda,1968,,
ATG,Antigua and Barbuda,1969,,
ATG,Antigua and Barbuda,1970,,
ATG,Antigua and Barbuda,1971,,
ATG,Antigua and Barbuda,1972,,
ATG,Antigua and Barbuda,1973,,
ATG,Antigua and Barbuda,1974,,
ATG,Antigua and Barbuda,1975,,
ATG,Antigua and Barbuda,1976,,
ATG,Antigua and Barbuda,1977,,
ATG,Antigua and Barbuda,1978,,
ATG,Antigua and Barbuda,1979,,
ATG,Antigua and Barbuda,1980,,
ATG,Antigua and Barbuda,1981,,
ATG,Antigua and Barbuda,1982,,
ATG,Antigua and Barbuda,1983,,
ATG,Antigua and Barbuda,1984,,
ATG,Antigua and Barbuda,1985,,
ATG,Antigua and Barbuda,1986,,
ATG,Antigua and Barbuda,1987,,
ATG,Antigua and Barbuda,1988,,
ATG,Antigua and Barbuda,1989,,
ATG,Antigua and Barbuda,1990,,
ATG,Antigua and Barbuda,1991,,
ATG,Antigua and Barbuda,1992,,
ATG,Antigua and Barbuda,1993,,
ATG,Antigua and Barbuda,1994,,
ATG,Antigua and Barbuda,1995,,
ATG,Antigua and Barbuda,1996,,
ATG,Antigua and Barbuda,1997,,
ATG,Antigua and Barbuda,1998,,
ATG,Antigua and Barbuda,1999,,
ATG,Antigua and Barbuda,2000,,
ATG,Antigua and Barbuda,2001,,
ATG,Antigua and Barbuda,2002,,
ATG,Antigua and Barbuda,2003,,
ATG,Antigua and Barbuda,2004,,
ATG,Antigua and Barbuda,2005,,
ATG,Antigua and Barbuda,2006,,
ATG,Antigua and Barbuda,2007,,
ATG,Antigua and Barbuda,2008,,
ATG,Antigua and Barbuda,2009,,
ATG,Antigua and Barbuda,2010,,
ATG,Antigua and Barbuda,2011,,
ATG,Antigua and Barbuda,2012,,
ATG,Antigua and Barbuda,2013,,
ATG,Antigua and Barbuda,2014,,
ATG,Antigua and Barbuda,2015,,
ATG,Antigua and Barbuda,2016,,
ATG,Antigua and Barbuda,2017,,
ATG,Antigua and Barbuda,2018,,
ATG,Antigua and Barbuda,2019,,
ATG,Antigua and Barbuda,2020,,
ATG,Antigua and Barbuda,2021,,
ATG,Antigua and Barbuda,2022,,
ATG,Antigua and Barbuda,2023,,
ATG,Antigua and Barbuda,2024,,
ATG,Antigua and Barbuda,2025,,
AUS,Australia,1960,459760073.561612,2.3695451396906
AUS,Australia,1961,470960075.353612,2.41513985411521
AUS,Australia,1962,489440078.310413,2.36369536996971
AUS,Australia,1963,553280088.524814,2.44663463919568
AUS,Australia,1964,655760104.921617,2.64824279705097
AUS,Australia,1965,787360125.97762,2.952292961532
AUS,Australia,1966,986720157.875225,3.45138290370603
AUS,Australia,1967,1197840191.65443,3.79376396722358
AUS,Australia,1968,1321600211.45603,3.83727358459887
AUS,Australia,1969,1314880210.38083,3.38591988002192
AUS,Australia,1970,1277360204.37763,2.96603557682305
AUS,Australia,1971,1331754789.44566,2.76315170889944
AUS,Australia,1972,1484443744.94753,2.68562060485785
AUS,Australia,1973,1855729306.59264,2.37934679594664
AUS,Australia,1974,2127274762.94236,2.26280269948392
AUS,Australia,1975,2268707674.46336,2.26731559253735
AUS,Australia,1976,2441084024.61737,2.21661210675248
AUS,Australia,1977,2500485127.38059,2.24720220833707
AUS,Australia,1978,2816316205.75076,2.21568856991058
AUS,Australia,1979,3100685079.26643,2.19272937103289
AUS,Australia,1980,3657867289.72814,2.24895690403517
AUS,Australia,1981,4323644156.90375,2.29660194471064
AUS,Australia,1982,4459544581.75223,2.39326521613692
AUS,Australia,1983,4511671066.02643,2.51981181916526
AUS,Australia,1984,4925319432.74361,2.50523365070013
AUS,Australia,1985,4386859325.7862,2.52326837870517
AUS,Australia,1986,4606710027.60751,2.54042975157867
AUS,Australia,1987,5057135655.16952,2.37298883241393
AUS,Australia,1988,5836347868.20948,2.16075183750683
AUS,Australia,1989,6300015815.27756,2.04853013398884
AUS,Australia,1990,6704213698.03132,2.07633746497533
AUS,Australia,1991,7023509067.11535,2.16398943025625
AUS,Australia,1992,6882091580.0683,2.1677126248268
AUS,Australia,1993,6733829289.52236,2.17544607354227
AUS,Australia,1994,7459696581.9777,2.1137746508636
AUS,Australia,1995,7665878445.99453,2.01963487798019
AUS,Australia,1996,8202776516.98934,1.92972572930819
AUS,Australia,1997,7936884917.39524,1.86485958622229
AUS,Australia,1998,7107542890.88659,1.86888717465027
AUS,Australia,1999,7770250653.24688,1.88736164284382
AUS,Australia,2000,7273760312.61052,1.8244056794188
AUS,Australia,2001,7043145895.39887,1.86297632956383
AUS,Australia,2002,7946766201.59082,1.86803152019821
AUS,Australia,2003,9926649415.33553,1.84253577993579
AUS,Australia,2004,11995219709.5054,1.82208057125111
AUS,Australia,2005,13237798498.6292,1.79628773763805
AUS,Australia,2006,14239779513.0914,1.8177309027711
AUS,Australia,2007,17186440961.6173,1.81127596229823
AUS,Australia,2008,18633092318.2741,1.79619704962465
AUS,Australia,2009,18960138513.0129,1.92365517034008
AUS,Australia,2010,23217692815.7335,1.85259869583961
AUS,Australia,2011,26597198655.3381,1.75526613878209
AUS,Australia,2012,26216580848.4356,1.67028165223311
AUS,Australia,2013,24825262588.8168,1.63819651223089
AUS,Australia,2014,25783708714.0042,1.77241725032578
AUS,Australia,2015,24046205860.2554,1.95232628501993
AUS,Australia,2016,26382947050.0183,2.0896214779767
AUS,Australia,2017,27691112416.8515,2.00509517581937
AUS,Australia,2018,26839820914.4018,1.89562007676709
AUS,Australia,2019,26079346314.3255,1.88000240626833
AUS,Australia,2020,27300894700.6194,2.00738622102391
AUS,Australia,2021,32718066816.8168,1.97847691589702
AUS,Australia,2022,32445330432.014,1.88329708969124
AUS,Australia,2023,32387989797.746,1.86157133456052
AUS,Australia,2024,33819572368.4211,1.8837883329175
AUS,Australia,2025,,
AUT,Austria,1960,91559097.9576499,1.4581856994971
AUT,Austria,1961,91029854.6168543,1.30933752302764
AUT,Austria,1962,100026991.410381,1.35207185896469
AUT,Austria,1963,125959915.109368,1.57966775838201
AUT,Austria,1964,164594678.987452,1.88730024255788
AUT,Austria,1965,142895702.014829,1.50721338742394
AUT,Austria,1966,167770139.032226,1.62440513164265
AUT,Austria,1967,176767275.825752,1.60916641574175
AUT,Austria,1968,182059709.233709,1.54267474905488
AUT,Austria,1969,193173819.390418,1.49925656716418
AUT,Austria,1970,199524739.479966,1.38013012131531
AUT,Austria,1971,209277606.745348,1.24610695391068
AUT,Austria,1972,249425547.367042,1.20228666458138
AUT,Austria,1973,328898821.44589,1.1849885730058
AUT,Austria,1974,422543505.786049,1.27688251935917
AUT,Austria,1975,546724394.020795,1.45127836371395
AUT,Austria,1976,581408727.267149,1.36519681077057
AUT,Austria,1977,686893244.300868,1.34595189062191
AUT,Austria,1978,877450655.245279,1.42921261189068
AUT,Austria,1979,1049972515.42533,1.43384573169429
AUT,Austria,1980,1152895906.47504,1.42024610611492
AUT,Austria,1981,969372327.098363,1.38005173349012
AUT,Austria,1982,995369996.934841,1.41299673018358
AUT,Austria,1983,991995097.475966,1.39117588416479
AUT,Austria,1984,949715291.722829,1.41415833617155
AUT,Austria,1985,1036872489.29208,1.51262356650052
AUT,Austria,1986,1475426088.99424,1.5087585414904
AUT,Austria,1987,1737112605.38592,1.41667790274506
AUT,Austria,1988,1713954576.8605,1.29918114420184
AUT,Austria,1989,1623488055.24644,1.23415492526247
AUT,Austria,1990,1972701681.51639,1.19566026670559
AUT,Austria,1991,1994055545.99645,1.15421711847241
AUT,Austria,1992,2139925321.74009,1.09921407158669
AUT,Austria,1993,2115115266.68433,1.11558454134251
AUT,Austria,1994,2227560550.13156,1.09445307622703
AUT,Austria,1995,2557834494.18618,1.07323205206951
AUT,Austria,1996,2457903048.65764,1.04968297742271
AUT,Austria,1997,2164802343.39854,1.04643398189713
AUT,Austria,1998,2159796003.21024,1.01807286299799
AUT,Austria,1999,2124379545.86859,0.980246123382213
AUT,Austria,2000,1925557398.19421,0.983960897278692
AUT,Austria,2001,1788798310.52966,0.911232125098393
AUT,Austria,2002,1881746741.32982,0.888297333812562
AUT,Austria,2003,2381962768.92309,0.915451921068386
AUT,Austria,2004,2679282064.65391,0.897058496971847
AUT,Austria,2005,2686166243.8442,0.855937301571622
AUT,Austria,2006,2640185362.43902,0.791400408855326
AUT,Austria,2007,3499817967.31076,0.906103987717548
AUT,Austria,2008,3746731607.28018,0.876420517647602
AUT,Austria,2009,3334754939.61878,0.838531947457704
AUT,Austria,2010,3218351224.09923,0.826388366920392
AUT,Austria,2011,3409721208.58269,0.795931958980622
AUT,Austria,2012,3187227448.7533,0.783538525853244
AUT,Austria,2013,3229065841.34293,0.757180192579996
AUT,Austria,2014,3305159256.48245,0.75464957585912
AUT,Austria,2015,2665409781.52379,0.702576919833039
AUT,Austria,2016,2885947386.10357,0.73372291194157
AUT,Austria,2017,3153118623.81495,0.761540652203723
AUT,Austria,2018,3387982011.96842,0.748993468286285
AUT,Austria,2019,3336542767.57725,0.753133437614439
AUT,Austria,2020,3840077510.54371,0.885811629497475
AUT,Austria,2021,4196428571.42857,0.873515488270759
AUT,Austria,2022,3612733177.95148,0.766706008326772
AUT,Austria,2023,4452227950.61387,0.870829952423219
AUT,Austria,2024,5258693991.82582,0.999843177036641
AUT,Austria,2025,,
AZE,Azerbaijan,1960,,
AZE,Azerbaijan,1961,,
AZE,Azerbaijan,1962,,
AZE,Azerbaijan,1963,,
AZE,Azerbaijan,1964,,
AZE,Azerbaijan,1965,,
AZE,Azerbaijan,1966,,
AZE,Azerbaijan,1967,,
AZE,Azerbaijan,1968,,
AZE,Azerbaijan,1969,,
AZE,Azerbaijan,1970,,
AZE,Azerbaijan,1971,,
AZE,Azerbaijan,1972,,
AZE,Azerbaijan,1973,,
AZE,Azerbaijan,1974,,
AZE,Azerbaijan,1975,,
AZE,Azerbaijan,1976,,
AZE,Azerbaijan,1977,,
AZE,Azerbaijan,1978,,
AZE,Azerbaijan,1979,,
AZE,Azerbaijan,1980,,
AZE,Azerbaijan,1981,,
AZE,Azerbaijan,1982,,
AZE,Azerbaijan,1983,,
AZE,Azerbaijan,1984,,
AZE,Azerbaijan,1985,,
AZE,Azerbaijan,1986,,
AZE,Azerbaijan,1987,,
AZE,Azerbaijan,1988,,
AZE,Azerbaijan,1989,,
AZE,Azerbaijan,1990,,
AZE,Azerbaijan,1991,,
AZE,Azerbaijan,1992,11070110.701107,2.40022562120839
AZE,Azerbaijan,1993,77519379.8449612,5.00046778569608
AZE,Azerbaijan,1994,43942747.0585426,1.946584590385
AZE,Azerbaijan,1995,66159968.9138776,2.73690130284
AZE,Azerbaijan,1996,71606841.2432157,2.25423034135488
AZE,Azerbaijan,1997,92086691.9675062,2.32404979925782
AZE,Azerbaijan,1998,107262858.619798,2.41235591259715
AZE,Azerbaijan,1999,120262173.966334,2.62510993144516
AZE,Azerbaijan,2000,119575651.71524,2.26786206311863
AZE,Azerbaijan,2001,131963660.064189,2.31206260817217
AZE,Azerbaijan,2002,139894091.943335,2.24331377031766
AZE,Azerbaijan,2003,176552162.305808,2.4263625550969
AZE,Azerbaijan,2004,228249631.62565,2.62948113760521
AZE,Azerbaijan,2005,304521477.7332,2.29906967458575
AZE,Azerbaijan,2006,717111853.555619,3.41775933255807
AZE,Azerbaijan,2007,946599792.104637,2.86419491898944
AZE,Azerbaijan,2008,1607799225.91952,3.29121114577001
AZE,Azerbaijan,2009,1472909976.94651,3.32542168167072
AZE,Azerbaijan,2010,1476608733.57005,2.79100435652891
AZE,Azerbaijan,2011,3080084995.80846,4.67013555547022
AZE,Azerbaijan,2012,3246122612.63039,4.65861825196324
AZE,Azerbaijan,2013,3367574161.19744,4.54092330961466
AZE,Azerbaijan,2014,3427179917.06482,4.55501312398224
AZE,Azerbaijan,2015,2900551382.15215,5.46487679293858
AZE,Azerbaijan,2016,1396969107.65832,3.68852730317814
AZE,Azerbaijan,2017,1528859592.29385,3.75630173249661
AZE,Azerbaijan,2018,1672176470.58824,3.54929331269041
AZE,Azerbaijan,2019,1854235294.11765,3.8490186357853
AZE,Azerbaijan,2020,2237764705.88235,5.24152602506817
AZE,Azerbaijan,2021,2703176470.58824,4.93051740712765
AZE,Azerbaijan,2022,2991035294.11765,3.79537025080483
AZE,Azerbaijan,2023,3561670588.23529,4.92241403839666
AZE,Azerbaijan,2024,3777088235.29412,4.99292395978321
AZE,Azerbaijan,2025,,
BDI,Burundi,1960,,
BDI,Burundi,1961,380000.0,0.187192118226601
BDI,Burundi,1962,8420000.0,3.94379391100703
BDI,Burundi,1963,1012000.0,0.434782608695652
BDI,Burundi,1964,1162000.0,0.445620493940788
BDI,Burundi,1965,2153481.48148148,1.35233700506103
BDI,Burundi,1966,2286857.14285714,1.38228792484112
BDI,Burundi,1967,2376000.0,1.33260688417409
BDI,Burundi,1968,2590857.14285714,1.4142233312539
BDI,Burundi,1969,3337142.85714286,1.75449137775641
BDI,Burundi,1970,,
BDI,Burundi,1971,2628571.42857143,1.03240865427776
BDI,Burundi,1972,3600000.0,1.45867098865478
BDI,Burundi,1973,5923067.59919576,1.94621227673989
BDI,Burundi,1974,7682539.68253968,2.2250827510114
BDI,Burundi,1975,8533333.33333333,2.05680705190989
BDI,Burundi,1976,9971014.49275362,2.22360119971041
BDI,Burundi,1977,13955555.5555556,2.53338174190165
BDI,Burundi,1978,17033333.3333333,2.79637365243246
BDI,Burundi,1979,20000000.0,2.64371530123667
BDI,Burundi,1980,27763333.3333333,2.91880336888339
BDI,Burundi,1981,29995555.5555556,3.03033024268684
BDI,Burundi,1982,36665555.5555555,3.50702489000361
BDI,Burundi,1983,34369644.2000553,3.10480892586401
BDI,Burundi,1984,29938434.0358703,2.97540078538161
BDI,Burundi,1985,32220298.1166781,2.7511726460413
BDI,Burundi,1986,34607737.5165322,2.80541315800684
BDI,Burundi,1987,30784856.4306756,2.64913991225016
BDI,Burundi,1988,34255493.4292532,3.14524514901215
BDI,Burundi,1989,37903281.7157947,3.3495221333571
BDI,Burundi,1990,39602347.3767189,3.44871247254088
BDI,Burundi,1991,42751758.8271914,3.78627086474328
BDI,Burundi,1992,38986476.4309684,3.59563794790509
BDI,Burundi,1993,36267402.586704,3.7202758201085
BDI,Burundi,1994,41909745.0348687,3.92111119751454
BDI,Burundi,1995,42108929.8798432,4.20907289936566
BDI,Burundi,1996,50893980.7826337,5.85688491874941
BDI,Burundi,1997,61870123.82539,6.35965296132281
BDI,Burundi,1998,58736036.2332111,6.57227250690963
BDI,Burundi,1999,50571188.2632257,6.25764365683521
BDI,Burundi,2000,42321552.2157761,4.86240221311558
BDI,Burundi,2001,53230373.1063777,6.07173715802774
BDI,Burundi,2002,44910067.0535236,5.44167885941746
BDI,Burundi,2003,43413201.3079382,5.53343538949835
BDI,Burundi,2004,44872377.1459715,4.90326684339249
BDI,Burundi,2005,49557129.3847889,4.43619004108442
BDI,Burundi,2006,44717502.0414512,3.51171845179021
BDI,Burundi,2007,46308706.2216348,3.41459524778307
BDI,Burundi,2008,43856319.9487218,2.72089052653941
BDI,Burundi,2009,,
BDI,Burundi,2010,,
BDI,Burundi,2011,,
BDI,Burundi,2012,58966662.2761714,2.5271777075949
BDI,Burundi,2013,60859500.0932422,2.4824131147541
BDI,Burundi,2014,62177428.7401455,2.29794559090695
BDI,Burundi,2015,66164584.4355924,2.13131991459474
BDI,Burundi,2016,66462843.0779874,2.2431638636818
BDI,Burundi,2017,63908678.4320088,2.00270990259373
BDI,Burundi,2018,65436595.2627955,2.14941956621913
BDI,Burundi,2019,84689413.9182017,2.8078168112503
BDI,Burundi,2020,67474092.716297,2.18591328366483
BDI,Burundi,2021,68376397.1357831,2.04300976329884
BDI,Burundi,2022,101434221.215165,2.59858091417074
BDI,Burundi,2023,145168021.651148,3.4315771103264
BDI,Burundi,2024,171829784.578258,3.80127919699841
BDI,Burundi,2025,,
BEL,Belgium,1960,383220247.363793,3.39734786713587
BEL,Belgium,1961,391218827.402035,3.25907007379727
BEL,Belgium,1962,422220787.917416,3.28475216700874
BEL,Belgium,1963,444601321.532591,3.2166309632907
BEL,Belgium,1964,497059226.927638,3.21347165933831
BEL,Belgium,1965,500722082.825724,2.97306360209053
BEL,Belgium,1966,563377895.390772,3.11258602859894
BEL,Belgium,1967,607918707.189363,3.13458162424807
BEL,Belgium,1968,646381114.508621,3.11509001127571
BEL,Belgium,1969,675078864.353312,2.93181499649615
BEL,Belgium,1970,747755088.868629,2.91864009674006
BEL,Belgium,1971,828721558.437287,2.89892591889451
BEL,Belgium,1972,1026588090.80827,2.88076004125292
BEL,Belgium,1973,1296519775.36788,2.83531113278907
BEL,Belgium,1974,1482318435.92776,2.76141618803791
BEL,Belgium,1975,1927662477.54259,3.06503453940771
BEL,Belgium,1976,2109619988.35942,3.09336953424019
BEL,Belgium,1977,2496513861.83075,3.14324864709375
BEL,Belgium,1978,3166647025.36802,3.26152206121967
BEL,Belgium,1979,3631580468.11257,3.26134501753371
BEL,Belgium,1980,3958575326.74283,3.25019538550409
BEL,Belgium,1981,3385176171.48879,3.36604943606586
BEL,Belgium,1982,2891774968.21585,3.26994459142415
BEL,Belgium,1983,2671831608.17975,3.19141317049267
BEL,Belgium,1984,2407447484.34478,3.00790244923592
BEL,Belgium,1985,2428223976.52078,2.9312338541026
BEL,Belgium,1986,3404311037.66514,2.95377262399122
BEL,Belgium,1987,4162992929.13576,2.90179479261597
BEL,Belgium,1988,4097149308.30983,2.62874841616219
BEL,Belgium,1989,3880733005.73301,2.46085432355232
BEL,Belgium,1990,4644324240.80376,2.35544045891723
BEL,Belgium,1991,4624500746.00154,2.28769284712482
BEL,Belgium,1992,4131298112.21321,1.83233253009366
BEL,Belgium,1993,3746042850.89637,1.73596589343319
BEL,Belgium,1994,3944101812.83271,1.67714315012305
BEL,Belgium,1995,4449014834.61072,1.5446405538339
BEL,Belgium,1996,4241865967.61501,1.51931684175109
BEL,Belgium,1997,3684095388.87611,1.4578661900969
BEL,Belgium,1998,3664288413.2382,1.41739581246631
BEL,Belgium,1999,3598447519.62175,1.39393068975137
BEL,Belgium,2000,3190805233.09379,1.35086536826323
BEL,Belgium,2001,3036035471.71837,1.28352328807131
BEL,Belgium,2002,3147146016.65804,1.22376131677303
BEL,Belgium,2003,3875697772.32025,1.22119401053058
BEL,Belgium,2004,4262663512.81717,1.15659439046667
BEL,Belgium,2005,4228224643.0881,1.09664118158572
BEL,Belgium,2006,4307895340.97481,1.05612306878486
BEL,Belgium,2007,5163979973.66685,1.09801876439276
BEL,Belgium,2008,6295821584.20918,1.22191451658895
BEL,Belgium,2009,5620670062.77758,1.16353003394252
BEL,Belgium,2010,5244720513.34689,1.09018110220613
BEL,Belgium,2011,5499370964.2666,1.04450113453523
BEL,Belgium,2012,5168997833.7235,1.0370296665755
BEL,Belgium,2013,5263164882.84678,1.0045200869807
BEL,Belgium,2014,5191507314.94392,0.966272329768275
BEL,Belgium,2015,4202062770.32272,0.911829965009217
BEL,Belgium,2016,4255489554.61624,0.898085290562566
BEL,Belgium,2017,4432808395.99139,0.886837200658898
BEL,Belgium,2018,4840126057.85914,0.892442476666613
BEL,Belgium,2019,4761195700.85087,0.887004950933882
BEL,Belgium,2020,5317451270.94495,1.00592796693225
BEL,Belgium,2021,6239356669.82025,1.04263994220028
BEL,Belgium,2022,6890161299.82246,1.16246551287247
BEL,Belgium,2023,7629396588.60593,1.18422875211757
BEL,Belgium,2024,8561520105.74799,1.2770531266155
BEL,Belgium,2025,,
BEN,Benin,1960,1301005.3222945,0.871584699453552
BEN,Benin,1961,2173203.94683193,1.39528795811518
BEN,Benin,1962,2734537.61825855,1.7516339869281
BEN,Benin,1963,2963071.79939269,1.73684210526316
BEN,Benin,1964,3803662.45352553,2.18169900980828
BEN,Benin,1965,3994923.71287149,2.10650887573965
BEN,Benin,1966,3724387.20601763,1.90023259677687
BEN,Benin,1967,3910553.2091333,1.97625210567402
BEN,Benin,1968,4293821.82457132,2.07212475633528
BEN,Benin,1969,4015987.01343663,1.89473684210526
BEN,Benin,1970,4099087.20238203,1.62528151941587
BEN,Benin,1971,4285361.4956638,1.60104203413747
BEN,Benin,1972,4904216.99176282,1.48779430882565
BEN,Benin,1973,6698401.4464599,1.67752808988764
BEN,Benin,1974,6447726.47016057,1.44237918215613
BEN,Benin,1975,7857666.1238469,1.49290780141844
BEN,Benin,1976,7160493.82716049,1.28164794007491
BEN,Benin,1977,10147346.141322,1.67878787878788
BEN,Benin,1978,8552841.49324636,1.19430693069307
BEN,Benin,1979,17562828.480364,1.93046003441345
BEN,Benin,1980,23617947.7470655,2.03165141910241
BEN,Benin,1981,17186114.2085371,1.55137131923036
BEN,Benin,1982,16554779.888377,1.04929864960155
BEN,Benin,1983,17765951.3050233,1.18897067654805
BEN,Benin,1984,21237787.6999339,1.45869894023797
BEN,Benin,1985,19810222.5199939,1.30493193241088
BEN,Benin,1986,26277338.538749,1.35509654006948
BEN,Benin,1987,35602937.4087051,1.56959850024171
BEN,Benin,1988,36931589.2670087,1.56409120470208
BEN,Benin,1989,28525930.384191,1.30789606118489
BEN,Benin,1990,32817291.9765669,1.22515712126057
BEN,Benin,1991,,
BEN,Benin,1992,,
BEN,Benin,1993,,
BEN,Benin,1994,,
BEN,Benin,1995,,
BEN,Benin,1996,,
BEN,Benin,1997,,
BEN,Benin,1998,,
BEN,Benin,1999,17843134.3887192,0.485389230497635
BEN,Benin,2000,14496275.1553423,0.412852302408383
BEN,Benin,2001,13112535.622252,0.357971127306215
BEN,Benin,2002,26000447.6404185,0.622819458209776
BEN,Benin,2003,34544046.7997247,0.647223226808757
BEN,Benin,2004,41780478.3402898,0.676149850432113
BEN,Benin,2005,44706029.5600871,0.680970684993479
BEN,Benin,2006,46786130.9261986,0.665723323947751
BEN,Benin,2007,,
BEN,Benin,2008,64724601.1098581,0.663958979626467
BEN,Benin,2009,,
BEN,Benin,2010,,
BEN,Benin,2011,,
BEN,Benin,2012,78223091.0412182,0.702056157787745
BEN,Benin,2013,86003157.6390576,0.687239683496254
BEN,Benin,2014,92990706.1881213,0.700924948797968
BEN,Benin,2015,90896085.8906078,0.798485297889781
BEN,Benin,2016,79581568.0520594,0.673596727016815
BEN,Benin,2017,116142782.36694,0.920613124425981
BEN,Benin,2018,90212425.9945842,0.6328575401476
BEN,Benin,2019,68112390.3078378,0.473313905552082
BEN,Benin,2020,71817818.4788086,0.458762015150415
BEN,Benin,2021,97424488.8098852,0.550883648806243
BEN,Benin,2022,110010370.317322,0.632087491743063
BEN,Benin,2023,149035288.004743,0.757551382919002
BEN,Benin,2024,154107719.732787,0.720549619940377
BEN,Benin,2025,,
BFA,Burkina Faso,1960,1268378.22957238,0.682017543859649
BFA,Burkina Faso,1961,1643154.20370219,0.834368530020704
BFA,Burkina Faso,1962,4901760.7157142,2.345703125
BFA,Burkina Faso,1963,5281287.75263656,2.38305709023941
BFA,Burkina Faso,1964,5358593.13463414,2.60515873015873
BFA,Burkina Faso,1965,3509330.32999947,1.52482269503546
BFA,Burkina Faso,1966,3907553.78992014,1.64948453608247
BFA,Burkina Faso,1967,3695106.93045963,1.32507288629738
BFA,Burkina Faso,1968,3760628.52180236,1.17848101265823
BFA,Burkina Faso,1969,4023680.4751482,1.24672228843862
BFA,Burkina Faso,1970,4185916.94012004,1.17223910840932
BFA,Burkina Faso,1971,4343468.09221517,1.17716535433071
BFA,Burkina Faso,1972,4947862.93586427,1.13985374771481
BFA,Burkina Faso,1973,6079259.18282194,1.23518687329079
BFA,Burkina Faso,1974,6269084.56409298,1.15190839694656
BFA,Burkina Faso,1975,18062366.7253036,2.81118373275236
BFA,Burkina Faso,1976,19531282.6951245,3.12382864792503
BFA,Burkina Faso,1977,22903777.2712471,3.04326663061114
BFA,Burkina Faso,1978,32372283.475733,3.28314606741573
BFA,Burkina Faso,1979,32032417.8975376,2.69861386138614
BFA,Burkina Faso,1980,35360658.841348,2.74669117647059
BFA,Burkina Faso,1981,33915894.7635713,2.84268969771746
BFA,Burkina Faso,1982,32866107.1313366,3.0033036339974
BFA,Burkina Faso,1983,29317755.9792792,2.93218341631388
BFA,Burkina Faso,1984,26968328.6913815,3.01716743691831
BFA,Burkina Faso,1985,27106616.8369084,1.83652541094857
BFA,Burkina Faso,1986,51180170.138548,2.62189349112426
BFA,Burkina Faso,1987,50712557.8547733,2.25258646172037
BFA,Burkina Faso,1988,57186887.2713599,2.31081264414598
BFA,Burkina Faso,1989,66816506.1691243,2.74077407740774
BFA,Burkina Faso,1990,84465502.3598333,2.70489296636086
BFA,Burkina Faso,1991,69505542.2233408,2.16686926732236
BFA,Burkina Faso,1992,71116618.5604401,2.04965156794425
BFA,Burkina Faso,1993,60526975.6288781,1.86252988480765
BFA,Burkina Faso,1994,30259093.4879909,1.42288472939781
BFA,Burkina Faso,1995,36862814.2354572,1.38304269392664
BFA,Burkina Faso,1996,37141874.1398724,1.28708847039697
BFA,Burkina Faso,1997,38549246.2337386,1.41705504471596
BFA,Burkina Faso,1998,39494738.5550011,1.2763626403725
BFA,Burkina Faso,1999,41741175.4769782,1.23191199892624
BFA,Burkina Faso,2000,36658539.0518782,1.23804638062972
BFA,Burkina Faso,2001,36832965.231045,1.1555150239697
BFA,Burkina Faso,2002,42468449.9589663,1.17793497700006
BFA,Burkina Faso,2003,50757054.3702684,1.0730553376671
BFA,Burkina Faso,2004,65684242.4070341,1.20700576570117
BFA,Burkina Faso,2005,73843342.1553535,1.2018948481342
BFA,Burkina Faso,2006,72632867.3334736,1.11032179719724
BFA,Burkina Faso,2007,107816728.462423,1.41572652816375
BFA,Burkina Faso,2008,116999586.873751,1.24291260830384
BFA,Burkina Faso,2009,127333296.624635,1.35276497598007
BFA,Burkina Faso,2010,123700474.683864,1.22478599330692
BFA,Burkina Faso,2011,138850860.201837,1.15090587793045
BFA,Burkina Faso,2012,147729698.91896,1.17602847916222
BFA,Burkina Faso,2013,166136345.235204,1.23609025726906
BFA,Burkina Faso,2014,177166971.776294,1.27234195224905
BFA,Burkina Faso,2015,147934736.66413,1.25078088033268
BFA,Burkina Faso,2016,149467363.227452,1.16533335437179
BFA,Burkina Faso,2017,191065838.764304,1.36362970468668
BFA,Burkina Faso,2018,305781079.057984,1.92538455062898
BFA,Burkina Faso,2019,357921557.517774,2.2125520849195
BFA,Burkina Faso,2020,382464677.360491,2.1142418147419
BFA,Burkina Faso,2021,458279098.444886,2.33362863136249
BFA,Burkina Faso,2022,562583349.170273,2.98161566942536
BFA,Burkina Faso,2023,827153018.861823,4.0787117239204
BFA,Burkina Faso,2024,1023672220.14258,4.67973196943363
BFA,Burkina Faso,2025,,
BGD,Bangladesh,1960,,
BGD,Bangladesh,1961,,
BGD,Bangladesh,1962,,
BGD,Bangladesh,1963,,
BGD,Bangladesh,1964,,
BGD,Bangladesh,1965,,
BGD,Bangladesh,1966,,
BGD,Bangladesh,1967,,
BGD,Bangladesh,1968,,
BGD,Bangladesh,1969,,
BGD,Bangladesh,1970,,
BGD,Bangladesh,1971,,
BGD,Bangladesh,1972,,
BGD,Bangladesh,1973,48606800.1313768,0.656720536673466
BGD,Bangladesh,1974,72298235.0382714,0.604303491769365
BGD,Bangladesh,1975,80830559.4733651,0.844783330921373
BGD,Bangladesh,1976,105287729.075513,1.52367897526514
BGD,Bangladesh,1977,128522908.761231,1.56997781312899
BGD,Bangladesh,1978,134871031.705263,1.26898518073211
BGD,Bangladesh,1979,136251932.925634,0.934292961052104
BGD,Bangladesh,1980,167255351.167634,0.857420859311264
BGD,Bangladesh,1981,174106138.716989,0.915831691308672
BGD,Bangladesh,1982,184674562.508557,1.06086968537316
BGD,Bangladesh,1983,231804492.459502,1.27067371198923
BGD,Bangladesh,1984,244337571.539817,1.17804196040112
BGD,Bangladesh,1985,224948007.05318,1.0542727837491
BGD,Bangladesh,1986,248796417.166614,1.11219167555771
BGD,Bangladesh,1987,288311839.747867,1.1682325387956
BGD,Bangladesh,1988,331995586.627989,1.24638809717465
BGD,Bangladesh,1989,378796135.246148,1.2908618013077
BGD,Bangladesh,1990,373023438.959292,1.22316502629369
BGD,Bangladesh,1991,381720110.052258,1.21442280200769
BGD,Bangladesh,1992,427723624.979361,1.36050314985351
BGD,Bangladesh,1993,471044672.335061,1.42939051496523
BGD,Bangladesh,1994,547417522.185003,1.52902366386599
BGD,Bangladesh,1995,620095155.928424,1.56669314074255
BGD,Bangladesh,1996,638958844.832812,1.5390735944898
BGD,Bangladesh,1997,681915123.987305,1.57166792587459
BGD,Bangladesh,1998,701585600.35317,1.56753519839217
BGD,Bangladesh,1999,737412573.607247,1.58483439104611
BGD,Bangladesh,2000,740798160.005685,1.3571191812402
BGD,Bangladesh,2001,705481695.212977,1.28842277551655
BGD,Bangladesh,2002,681816161.719721,1.04836646260037
BGD,Bangladesh,2003,719442956.940887,1.00263309760624
BGD,Bangladesh,2004,770641160.288967,0.99885977372525
BGD,Bangladesh,2005,773677668.179153,0.972810090266113
BGD,Bangladesh,2006,829682794.837739,0.989838836982973
BGD,Bangladesh,2007,953464223.599622,0.997091964413713
BGD,Bangladesh,2008,1030020018.23876,0.938215291633285
BGD,Bangladesh,2009,1258791156.60238,1.02893954845227
BGD,Bangladesh,2010,1624625085.96641,1.18438401700177
BGD,Bangladesh,2011,1801539801.81356,1.21766894947597
BGD,Bangladesh,2012,1823425076.37789,1.18089723364654
BGD,Bangladesh,2013,2047989070.87034,1.11372942922328
BGD,Bangladesh,2014,2355991524.71152,1.1364432719278
BGD,Bangladesh,2015,2815281640.95454,1.20851710681525
BGD,Bangladesh,2016,3239753509.63918,1.22590049912782
BGD,Bangladesh,2017,3266033239.35658,1.12758125325097
BGD,Bangladesh,2018,3649623807.57659,1.15395749092166
BGD,Bangladesh,2019,4348501894.83657,1.24410082330294
BGD,Bangladesh,2020,4651183348.26269,1.24468950875224
BGD,Bangladesh,2021,4849929469.84836,1.16873060016575
BGD,Bangladesh,2022,4214350329.15342,0.990983394484057
BGD,Bangladesh,2023,3782793038.25623,0.919471499049507
BGD,Bangladesh,2024,4034561892.72044,0.941321120606305
BGD,Bangladesh,2025,,
BGR,Bulgaria,1960,,
BGR,Bulgaria,1961,,
BGR,Bulgaria,1962,,
BGR,Bulgaria,1963,,
BGR,Bulgaria,1964,,
BGR,Bulgaria,1965,,
BGR,Bulgaria,1966,,
BGR,Bulgaria,1967,,
BGR,Bulgaria,1968,,
BGR,Bulgaria,1969,,
BGR,Bulgaria,1970,,
BGR,Bulgaria,1971,,
BGR,Bulgaria,1972,,
BGR,Bulgaria,1973,,
BGR,Bulgaria,1974,,
BGR,Bulgaria,1975,,
BGR,Bulgaria,1976,,
BGR,Bulgaria,1977,,
BGR,Bulgaria,1978,,
BGR,Bulgaria,1979,,
BGR,Bulgaria,1980,,
BGR,Bulgaria,1981,,
BGR,Bulgaria,1982,,
BGR,Bulgaria,1983,,
BGR,Bulgaria,1984,,
BGR,Bulgaria,1985,,
BGR,Bulgaria,1986,,
BGR,Bulgaria,1987,,
BGR,Bulgaria,1988,,
BGR,Bulgaria,1989,2071428571.42857,4.39627074963996
BGR,Bulgaria,1990,794520547.945205,3.83344348975545
BGR,Bulgaria,1991,232176386.59336,3.04323157297492
BGR,Bulgaria,1992,255770911.521259,2.97263384321224
BGR,Bulgaria,1993,282674243.302795,2.60927161179391
BGR,Bulgaria,1994,241993434.773533,2.49261728620574
BGR,Bulgaria,1995,311147105.587547,1.63834575680207
BGR,Bulgaria,1996,213616356.26711,1.73742958266484
BGR,Bulgaria,1997,244369396.151925,2.15948029978631
BGR,Bulgaria,1998,320389011.33859,2.13151621324202
BGR,Bulgaria,1999,357224539.583311,2.61950116392104
BGR,Bulgaria,2000,351343204.852869,2.65245576158903
BGR,Bulgaria,2001,406003542.804308,2.86251954387639
BGR,Bulgaria,2002,455950466.542769,2.77967655484011
BGR,Bulgaria,2003,569054077.451376,2.69120147161229
BGR,Bulgaria,2004,620909015.878256,2.3737116819405
BGR,Bulgaria,2005,667670395.710647,2.23535026726367
BGR,Bulgaria,2006,715719535.423628,2.08176190777138
BGR,Bulgaria,2007,990168293.621637,2.22853990097534
BGR,Bulgaria,2008,1161451477.80304,2.13186398257533
BGR,Bulgaria,2009,904961292.111268,1.73951150062383
BGR,Bulgaria,2010,832549293.00997,1.64246152423714
BGR,Bulgaria,2011,757931260.042945,1.31400025609446
BGR,Bulgaria,2012,722052494.990309,1.32981896505284
BGR,Bulgaria,2013,811634330.232022,1.45404283053363
BGR,Bulgaria,2014,747532532.136439,1.30960223173333
BGR,Bulgaria,2015,632509635.003401,1.24593360652028
BGR,Bulgaria,2016,670592858.359724,1.24384580804927
BGR,Bulgaria,2017,720037970.85424,1.22220854798635
BGR,Bulgaria,2018,961297274.594496,1.45106212373153
BGR,Bulgaria,2019,2158557527.18947,3.14495072906354
BGR,Bulgaria,2020,1119011539.8065,1.58561827051115
BGR,Bulgaria,2021,1275244890.55509,1.5107237100085
BGR,Bulgaria,2022,1436901369.51973,1.58707500372134
BGR,Bulgaria,2023,1989703477.83817,1.94458310651254
BGR,Bulgaria,2024,2329834254.14365,2.14947328244853
BGR,Bulgaria,2025,,
BHR,Bahrain,1960,,
BHR,Bahrain,1961,,
BHR,Bahrain,1962,,
BHR,Bahrain,1963,,
BHR,Bahrain,1964,,
BHR,Bahrain,1965,,
BHR,Bahrain,1966,,
BHR,Bahrain,1967,,
BHR,Bahrain,1968,,
BHR,Bahrain,1969,,
BHR,Bahrain,1970,,
BHR,Bahrain,1971,11583922.3582339,
BHR,Bahrain,1972,12539956.8625484,
BHR,Bahrain,1973,16765508.0949879,
BHR,Bahrain,1974,26346455.8950195,
BHR,Bahrain,1975,16434892.5410872,1.52617985442592
BHR,Bahrain,1976,26289247.4450138,1.75228724031609
BHR,Bahrain,1977,40439782.6361683,2.07792207792208
BHR,Bahrain,1978,116143119.294469,4.95813133539004
BHR,Bahrain,1979,157225700.11294,5.89275191514437
BHR,Bahrain,1980,175066312.997347,5.69889130660035
BHR,Bahrain,1981,239361702.12766,6.9025815655055
BHR,Bahrain,1982,311170212.765958,8.53516194922673
BHR,Bahrain,1983,183510638.297872,4.79033601777284
BHR,Bahrain,1984,164893617.021277,4.17930569598921
BHR,Bahrain,1985,167553191.489362,4.58815818221543
BHR,Bahrain,1986,178191489.361702,5.83776248148471
BHR,Bahrain,1987,178191489.361702,5.25325388113533
BHR,Bahrain,1988,207446808.510638,5.60304575820703
BHR,Bahrain,1989,218085106.382979,5.64466166448682
BHR,Bahrain,1990,239361702.12766,5.28479154433353
BHR,Bahrain,1991,263297872.340426,5.70375064815348
BHR,Bahrain,1992,279255319.148936,5.8780719923865
BHR,Bahrain,1993,279255319.148936,5.36985516733492
BHR,Bahrain,1994,284574468.085106,5.11130218782841
BHR,Bahrain,1995,303191489.361702,5.18323179048832
BHR,Bahrain,1996,321808510.638298,5.27393976376237
BHR,Bahrain,1997,321808510.638298,5.06848741255812
BHR,Bahrain,1998,329787234.042553,5.33310395251817
BHR,Bahrain,1999,364361702.12766,5.50362154366541
BHR,Bahrain,2000,359042553.191489,3.96167096884853
BHR,Bahrain,2001,372340425.531915,4.14808163198998
BHR,Bahrain,2002,444148936.170213,4.61110660635053
BHR,Bahrain,2003,515957446.808511,4.65883280302628
BHR,Bahrain,2004,531914893.617021,4.04492884796012
BHR,Bahrain,2005,513297872.340426,3.21438109533007
BHR,Bahrain,2006,574202127.659575,3.10294772848129
BHR,Bahrain,2007,642553191.489362,2.95699023434392
BHR,Bahrain,2008,719946808.510638,2.80016136873791
BHR,Bahrain,2009,828191489.361702,3.61053524967651
BHR,Bahrain,2010,842819148.93617,3.27782374844849
BHR,Bahrain,2011,1033510638.29787,3.59149722735675
BHR,Bahrain,2012,1182180851.06383,3.8444905725653
BHR,Bahrain,2013,1347606382.97872,4.14139762975071
BHR,Bahrain,2014,1475265957.44681,4.41851202803887
BHR,Bahrain,2015,1442021276.59574,4.6441113490364
BHR,Bahrain,2016,1505534574.46809,4.67063531353135
BHR,Bahrain,2017,1532712765.95745,4.32073774179037
BHR,Bahrain,2018,1527659574.46809,4.04108625299001
BHR,Bahrain,2019,1557712765.95745,4.02986101554975
BHR,Bahrain,2020,1404787234.04255,4.05746865109248
BHR,Bahrain,2021,1437500000.0,3.51979682208909
BHR,Bahrain,2022,1598069148.93617,3.42339334548769
BHR,Bahrain,2023,1622393617.02128,3.52083573819693
BHR,Bahrain,2024,1383973404.25532,2.8946654057963
BHR,Bahrain,2025,,
BHS,"Bahamas, The",1960,,
BHS,"Bahamas, The",1961,,
BHS,"Bahamas, The",1962,,
BHS,"Bahamas, The",1963,,
BHS,"Bahamas, The",1964,,
BHS,"Bahamas, The",1965,,
BHS,"Bahamas, The",1966,,
BHS,"Bahamas, The",1967,,
BHS,"Bahamas, The",1968,,
BHS,"Bahamas, The",1969,,
BHS,"Bahamas, The",1970,,
BHS,"Bahamas, The",1971,,
BHS,"Bahamas, The",1972,,
BHS,"Bahamas, The",1973,,
BHS,"Bahamas, The",1974,,
BHS,"Bahamas, The",1975,,
BHS,"Bahamas, The",1976,,
BHS,"Bahamas, The",1977,,
BHS,"Bahamas, The",1978,,
BHS,"Bahamas, The",1979,,
BHS,"Bahamas, The",1980,,
BHS,"Bahamas, The",1981,,
BHS,"Bahamas, The",1982,,
BHS,"Bahamas, The",1983,,
BHS,"Bahamas, The",1984,,
BHS,"Bahamas, The",1985,,
BHS,"Bahamas, The",1986,,
BHS,"Bahamas, The",1987,,
BHS,"Bahamas, The",1988,,
BHS,"Bahamas, The",1989,,
BHS,"Bahamas, The",1990,,
BHS,"Bahamas, The",1991,,
BHS,"Bahamas, The",1992,,
BHS,"Bahamas, The",1993,,
BHS,"Bahamas, The",1994,,
BHS,"Bahamas, The",1995,,
BHS,"Bahamas, The",1996,,
BHS,"Bahamas, The",1997,,
BHS,"Bahamas, The",1998,,
BHS,"Bahamas, The",1999,,
BHS,"Bahamas, The",2000,,
BHS,"Bahamas, The",2001,,
BHS,"Bahamas, The",2002,,
BHS,"Bahamas, The",2003,,
BHS,"Bahamas, The",2004,,
BHS,"Bahamas, The",2005,,
BHS,"Bahamas, The",2006,,
BHS,"Bahamas, The",2007,,
BHS,"Bahamas, The",2008,,
BHS,"Bahamas, The",2009,,
BHS,"Bahamas, The",2010,,
BHS,"Bahamas, The",2011,,
BHS,"Bahamas, The",2012,,
BHS,"Bahamas, The",2013,,
BHS,"Bahamas, The",2014,,
BHS,"Bahamas, The",2015,,
BHS,"Bahamas, The",2016,,
BHS,"Bahamas, The",2017,,
BHS,"Bahamas, The",2018,,
BHS,"Bahamas, The",2019,,
BHS,"Bahamas, The",2020,,
BHS,"Bahamas, The",2021,,
BHS,"Bahamas, The",2022,,
BHS,"Bahamas, The",2023,,
BHS,"Bahamas, The",2024,,
BHS,"Bahamas, The",2025,,
BIH,Bosnia and Herzegovina,1960,,
BIH,Bosnia and Herzegovina,1961,,
BIH,Bosnia and Herzegovina,1962,,
BIH,Bosnia and Herzegovina,1963,,
BIH,Bosnia and Herzegovina,1964,,
BIH,Bosnia and Herzegovina,1965,,
BIH,Bosnia and Herzegovina,1966,,
BIH,Bosnia and Herzegovina,1967,,
BIH,Bosnia and Herzegovina,1968,,
BIH,Bosnia and Herzegovina,1969,,
BIH,Bosnia and Herzegovina,1970,,
BIH,Bosnia and Herzegovina,1971,,
BIH,Bosnia and Herzegovina,1972,,
BIH,Bosnia and Herzegovina,1973,,
BIH,Bosnia and Herzegovina,1974,,
BIH,Bosnia and Herzegovina,1975,,
BIH,Bosnia and Herzegovina,1976,,
BIH,Bosnia and Herzegovina,1977,,
BIH,Bosnia and Herzegovina,1978,,
BIH,Bosnia and Herzegovina,1979,,
BIH,Bosnia and Herzegovina,1980,,
BIH,Bosnia and Herzegovina,1981,,
BIH,Bosnia and Herzegovina,1982,,
BIH,Bosnia and Herzegovina,1983,,
BIH,Bosnia and Herzegovina,1984,,
BIH,Bosnia and Herzegovina,1985,,
BIH,Bosnia and Herzegovina,1986,,
BIH,Bosnia and Herzegovina,1987,,
BIH,Bosnia and Herzegovina,1988,,
BIH,Bosnia and Herzegovina,1989,,
BIH,Bosnia and Herzegovina,1990,,
BIH,Bosnia and Herzegovina,1991,,
BIH,Bosnia and Herzegovina,1992,,
BIH,Bosnia and Herzegovina,1993,,
BIH,Bosnia and Herzegovina,1994,,
BIH,Bosnia and Herzegovina,1995,,
BIH,Bosnia and Herzegovina,1996,,
BIH,Bosnia and Herzegovina,1997,,
BIH,Bosnia and Herzegovina,1998,,
BIH,Bosnia and Herzegovina,1999,,
BIH,Bosnia and Herzegovina,2000,,
BIH,Bosnia and Herzegovina,2001,,
BIH,Bosnia and Herzegovina,2002,241025517.642926,3.9043729051368
BIH,Bosnia and Herzegovina,2003,202282838.891357,2.41669769045157
BIH,Bosnia and Herzegovina,2004,200100307.270373,1.8896028081156
BIH,Bosnia and Herzegovina,2005,173304847.652475,1.54421965764078
BIH,Bosnia and Herzegovina,2006,178375570.051377,1.38653346855639
BIH,Bosnia and Herzegovina,2007,195049685.094472,1.23615289583956
BIH,Bosnia and Herzegovina,2008,233292390.653086,1.2206120604463
BIH,Bosnia and Herzegovina,2009,242471357.847559,1.37658621151299
BIH,Bosnia and Herzegovina,2010,219915489.524222,1.28034144398166
BIH,Bosnia and Herzegovina,2011,211878260.622344,1.13643026444417
BIH,Bosnia and Herzegovina,2012,197344650.21252,1.14557192089501
BIH,Bosnia and Herzegovina,2013,197617188.825905,1.08705579799922
BIH,Bosnia and Herzegovina,2014,190380454.641275,1.02582688734534
BIH,Bosnia and Herzegovina,2015,162215681.880471,0.988857622509173
BIH,Bosnia and Herzegovina,2016,157912010.578703,0.922772270069199
BIH,Bosnia and Herzegovina,2017,156258302.093929,0.852593562264982
BIH,Bosnia and Herzegovina,2018,172073317.814949,0.84004735664614
BIH,Bosnia and Herzegovina,2019,165369204.350315,0.807324224885322
BIH,Bosnia and Herzegovina,2020,167521865.889213,0.827298283159884
BIH,Bosnia and Herzegovina,2021,209721886.336155,0.886133600491203
BIH,Bosnia and Herzegovina,2022,184484799.336616,0.752028730749218
BIH,Bosnia and Herzegovina,2023,197332515.798312,0.717630060649091
BIH,Bosnia and Herzegovina,2024,215974868.507652,0.747079920408854
BIH,Bosnia and Herzegovina,2025,,
BLR,Belarus,1960,,
BLR,Belarus,1961,,
BLR,Belarus,1962,,
BLR,Belarus,1963,,
BLR,Belarus,1964,,
BLR,Belarus,1965,,
BLR,Belarus,1966,,
BLR,Belarus,1967,,
BLR,Belarus,1968,,
BLR,Belarus,1969,,
BLR,Belarus,1970,,
BLR,Belarus,1971,,
BLR,Belarus,1972,,
BLR,Belarus,1973,,
BLR,Belarus,1974,,
BLR,Belarus,1975,,
BLR,Belarus,1976,,
BLR,Belarus,1977,,
BLR,Belarus,1978,,
BLR,Belarus,1979,,
BLR,Belarus,1980,,
BLR,Belarus,1981,,
BLR,Belarus,1982,,
BLR,Belarus,1983,,
BLR,Belarus,1984,,
BLR,Belarus,1985,,
BLR,Belarus,1986,,
BLR,Belarus,1987,,
BLR,Belarus,1988,,
BLR,Belarus,1989,,
BLR,Belarus,1990,,
BLR,Belarus,1991,,
BLR,Belarus,1992,0.0,1.62249864791779
BLR,Belarus,1993,0.0,2.79097146104819
BLR,Belarus,1994,0.0,3.62160825483893
BLR,Belarus,1995,179081676.937766,1.69946376942909
BLR,Belarus,1996,182805614.55491,1.26069255990701
BLR,Belarus,1997,249384139.428528,1.76896655126353
BLR,Belarus,1998,227586087.288305,1.49509870243434
BLR,Belarus,1999,165903848.853768,1.36676073838589
BLR,Belarus,2000,140326204.73339,1.34698415075765
BLR,Belarus,2001,177697841.726619,1.43829074692244
BLR,Belarus,2002,204364237.375204,1.40024580052512
BLR,Belarus,2003,231563860.43768,1.29906390002339
BLR,Belarus,2004,314314017.757122,1.35822231382833
BLR,Belarus,2005,452684068.306544,1.49845313530187
BLR,Belarus,2006,631831238.109449,1.70941249195756
BLR,Belarus,2007,746943263.997614,1.64976591437478
BLR,Belarus,2008,883027522.93578,1.45349285157346
BLR,Belarus,2009,675426505.075097,1.37257698145111
BLR,Belarus,2010,767699285.884553,1.3413834329232
BLR,Belarus,2011,756277351.280397,1.22449510976582
BLR,Belarus,2012,807423262.843503,1.22921872178113
BLR,Belarus,2013,959801690.305798,1.27079665150066
BLR,Belarus,2014,821490199.261989,1.04232763587955
BLR,Belarus,2015,642492621.860309,1.13806602416355
BLR,Belarus,2016,719624427.112323,1.52328091923032
BLR,Belarus,2017,748831971.680445,1.37200444073753
BLR,Belarus,2018,923260053.642986,1.53799428873681
BLR,Belarus,2019,899710685.507974,1.39642297566801
BLR,Belarus,2020,861053278.688525,1.40325859867166
BLR,Belarus,2021,951238823.019656,1.36528926554311
BLR,Belarus,2022,1105174741.30497,1.64869313490861
BLR,Belarus,2023,1579331078.5419,2.02344784419461
BLR,Belarus,2024,1491391768.48364,2.07364910790144
BLR,Belarus,2025,,
BLZ,Belize,1960,,
BLZ,Belize,1961,,
BLZ,Belize,1962,,
BLZ,Belize,1963,,
BLZ,Belize,1964,,
BLZ,Belize,1965,,
BLZ,Belize,1966,,
BLZ,Belize,1967,,
BLZ,Belize,1968,,
BLZ,Belize,1969,,
BLZ,Belize,1970,,
BLZ,Belize,1971,,
BLZ,Belize,1972,,
BLZ,Belize,1973,,
BLZ,Belize,1974,,
BLZ,Belize,1975,,
BLZ,Belize,1976,,
BLZ,Belize,1977,,
BLZ,Belize,1978,695125.0,0.575196524617294
BLZ,Belize,1979,1128250.0,0.799043909348442
BLZ,Belize,1980,1682000.0,0.863782257029144
BLZ,Belize,1981,2079250.0,1.15896992837435
BLZ,Belize,1982,2576875.0,1.43758716875872
BLZ,Belize,1983,2899750.0,1.53438103553192
BLZ,Belize,1984,3256125.0,1.54391891891892
BLZ,Belize,1985,3263000.0,1.55982599550648
BLZ,Belize,1986,,
BLZ,Belize,1987,,
BLZ,Belize,1988,,
BLZ,Belize,1989,4355375.0,1.1991114230498
BLZ,Belize,1990,4768750.0,0.894743197157451
BLZ,Belize,1991,4732875.0,0.818168468482646
BLZ,Belize,1992,5292125.0,0.788094264285229
BLZ,Belize,1993,6130375.0,0.844087949169837
BLZ,Belize,1994,7899375.0,1.05288722447478
BLZ,Belize,1995,8052875.0,1.01132983352715
BLZ,Belize,1996,7965875.0,0.962038381608788
BLZ,Belize,1997,9395000.0,1.11142453608722
BLZ,Belize,1998,,
BLZ,Belize,1999,,
BLZ,Belize,2000,7116125.0,0.657400606900072
BLZ,Belize,2001,7454662.5,0.660133826570744
BLZ,Belize,2002,7829937.5,0.65317934436876
BLZ,Belize,2003,8552225.0,0.674810769936463
BLZ,Belize,2004,9486150.0,0.699362422608098
BLZ,Belize,2005,10710962.5,0.75074714637425
BLZ,Belize,2006,12283037.5,0.770603665352675
BLZ,Belize,2007,13759075.0,0.804721615478068
BLZ,Belize,2008,18717737.5,1.07408006688025
BLZ,Belize,2009,17267537.5,1.02025947294782
BLZ,Belize,2010,15337250.0,0.876347006335822
BLZ,Belize,2011,15416250.0,0.842255994312455
BLZ,Belize,2012,15219125.0,0.796165416080834
BLZ,Belize,2013,17778875.0,0.874010589302631
BLZ,Belize,2014,19916875.0,0.931313121713426
BLZ,Belize,2015,19717625.0,0.892830505973699
BLZ,Belize,2016,21712887.5,0.96275814780823
BLZ,Belize,2017,23055950.0,1.01066786730984
BLZ,Belize,2018,23341162.5,1.01132122816519
BLZ,Belize,2019,24424950.0,1.01662701573035
BLZ,Belize,2020,26025325.0,1.26623781790202
BLZ,Belize,2021,26703375.0,1.0975102664713
BLZ,Belize,2022,27805037.5,0.979173785897568
BLZ,Belize,2023,30566587.5,0.992933768484191
BLZ,Belize,2024,30137800.0,0.898885869151742
BLZ,Belize,2025,,
BMU,Bermuda,1960,,
BMU,Bermuda,1961,,
BMU,Bermuda,1962,,
BMU,Bermuda,1963,,
BMU,Bermuda,1964,,
BMU,Bermuda,1965,,
BMU,Bermuda,1966,,
BMU,Bermuda,1967,,
BMU,Bermuda,1968,,
BMU,Bermuda,1969,,
BMU,Bermuda,1970,,
BMU,Bermuda,1971,,
BMU,Bermuda,1972,,
BMU,Bermuda,1973,,
BMU,Bermuda,1974,,
BMU,Bermuda,1975,,
BMU,Bermuda,1976,,
BMU,Bermuda,1977,,
BMU,Bermuda,1978,,
BMU,Bermuda,1979,,
BMU,Bermuda,1980,,
BMU,Bermuda,1981,,
BMU,Bermuda,1982,,
BMU,Bermuda,1983,,
BMU,Bermuda,1984,,
BMU,Bermuda,1985,,
BMU,Bermuda,1986,,
BMU,Bermuda,1987,,
BMU,Bermuda,1988,,
BMU,Bermuda,1989,,
BMU,Bermuda,1990,,
BMU,Bermuda,1991,,
BMU,Bermuda,1992,,
BMU,Bermuda,1993,,
BMU,Bermuda,1994,,
BMU,Bermuda,1995,,
BMU,Bermuda,1996,,
BMU,Bermuda,1997,,
BMU,Bermuda,1998,,
BMU,Bermuda,1999,,
BMU,Bermuda,2000,,
BMU,Bermuda,2001,,
BMU,Bermuda,2002,,
BMU,Bermuda,2003,,
BMU,Bermuda,2004,,
BMU,Bermuda,2005,,
BMU,Bermuda,2006,,
BMU,Bermuda,2007,,
BMU,Bermuda,2008,,
BMU,Bermuda,2009,,
BMU,Bermuda,2010,,
BMU,Bermuda,2011,,
BMU,Bermuda,2012,,
BMU,Bermuda,2013,,
BMU,Bermuda,2014,,
BMU,Bermuda,2015,,
BMU,Bermuda,2016,,
BMU,Bermuda,2017,,
BMU,Bermuda,2018,,
BMU,Bermuda,2019,,
BMU,Bermuda,2020,,
BMU,Bermuda,2021,,
BMU,Bermuda,2022,,
BMU,Bermuda,2023,,
BMU,Bermuda,2024,,
BMU,Bermuda,2025,,
BOL,Bolivia,1960,,
BOL,Bolivia,1961,4935417.96405309,1.20346398630851
BOL,Bolivia,1962,5195618.57100147,1.15869999293218
BOL,Bolivia,1963,6404292.35811652,1.32641201559317
BOL,Bolivia,1964,,
BOL,Bolivia,1965,,
BOL,Bolivia,1966,,
BOL,Bolivia,1967,,
BOL,Bolivia,1968,11583123.7931858,1.35015218468453
BOL,Bolivia,1969,12254609.230472,1.31822489730177
BOL,Bolivia,1970,16787135.9321534,1.61221645007261
BOL,Bolivia,1971,15863843.4558849,1.39158576575288
BOL,Bolivia,1972,20700640.9421659,1.59554189417413
BOL,Bolivia,1973,21129139.9666588,1.62263620944444
BOL,Bolivia,1974,39766636.0693248,1.83665409751227
BOL,Bolivia,1975,58304466.4174311,2.37123711512529
BOL,Bolivia,1976,66776055.5550065,2.36715657458444
BOL,Bolivia,1977,73254329.6013878,2.24749944085215
BOL,Bolivia,1978,97672439.468517,2.59897009809179
BOL,Bolivia,1979,119737096.068101,2.70846107783402
BOL,Bolivia,1980,159008134.942347,3.17239989323544
BOL,Bolivia,1981,238715537.624444,3.90220332170092
BOL,Bolivia,1982,123726843.539984,1.9818473003102
BOL,Bolivia,1983,89973482.5986752,1.49932070318929
BOL,Bolivia,1984,144680785.749052,2.17084173606847
BOL,Bolivia,1985,131208000.213663,2.01399252543919
BOL,Bolivia,1986,92869207.2219058,2.34554922832377
BOL,Bolivia,1987,103362387.152732,2.37726317649524
BOL,Bolivia,1988,92916951.6674937,2.02098131957809
BOL,Bolivia,1989,101690872.434517,2.15628869950008
BOL,Bolivia,1990,137065127.51571,2.81588331884607
BOL,Bolivia,1991,143643960.107356,2.6883248571772
BOL,Bolivia,1992,141441910.309395,2.50611883346961
BOL,Bolivia,1993,109897117.990753,1.91634980988593
BOL,Bolivia,1994,134595240.362557,2.25030123424626
BOL,Bolivia,1995,140760862.77222,2.09616225791141
BOL,Bolivia,1996,146963017.847677,1.98680754250518
BOL,Bolivia,1997,180200446.875488,2.27361030066829
BOL,Bolivia,1998,228677000.361153,2.69111085956905
BOL,Bolivia,1999,176744242.061382,2.13328709491197
BOL,Bolivia,2000,173245422.524961,2.0629715134384
BOL,Bolivia,2001,188919478.55279,2.3204467435097
BOL,Bolivia,2002,157345536.246862,1.99033371462944
BOL,Bolivia,2003,173406474.535753,2.14548339823865
BOL,Bolivia,2004,166383141.75173,1.89650330503014
BOL,Bolivia,2005,163958866.22217,1.717004422633
BOL,Bolivia,2006,167909985.854297,1.46622698404757
BOL,Bolivia,2007,195364180.930425,1.4890475837354
BOL,Bolivia,2008,365826318.090386,2.19395160882894
BOL,Bolivia,2009,305420456.957265,1.76136075631536
BOL,Bolivia,2010,547246000.161045,2.78500726887326
BOL,Bolivia,2011,403569202.360977,1.68412265690433
BOL,Bolivia,2012,499873229.567294,1.84560643919497
BOL,Bolivia,2013,564512107.577424,1.84124031434345
BOL,Bolivia,2014,625909654.613603,1.89691504477836
BOL,Bolivia,2015,580617340.150506,1.75943591545975
BOL,Bolivia,2016,519309934.32642,1.53046784866919
BOL,Bolivia,2017,574126113.37395,1.53642735273655
BOL,Bolivia,2018,602855917.994829,1.49690260690782
BOL,Bolivia,2019,593158568.591264,1.45127092717043
BOL,Bolivia,2020,510495827.347146,1.39204744468967
BOL,Bolivia,2021,536247233.213096,1.32579943750687
BOL,Bolivia,2022,429365590.625774,0.973250888476219
BOL,Bolivia,2023,588816403.688688,1.30430837360161
BOL,Bolivia,2024,655130126.365488,1.37066364312669
BOL,Bolivia,2025,,
BRA,Brazil,1960,382729752.052851,2.67913472590723
BRA,Brazil,1961,342339720.821958,2.36406619385343
BRA,Brazil,1962,387449035.549939,2.39868330737835
BRA,Brazil,1963,441999606.218533,2.26083918239834
BRA,Brazil,1964,354227857.06906,2.01449809094829
BRA,Brazil,1965,632869026.537902,3.35209215674899
BRA,Brazil,1966,718216574.564932,3.0219816316073
BRA,Brazil,1967,746139163.630054,2.85697200831844
BRA,Brazil,1968,755307566.684812,2.64974015836375
BRA,Brazil,1969,816622810.997187,2.61559000626652
BRA,Brazil,1970,1026234373.82096,2.88728955692843
BRA,Brazil,1971,1075071452.91974,2.61904685858105
BRA,Brazil,1972,1195501487.56211,2.43581199022501
BRA,Brazil,1973,1512670977.08737,2.15465130649243
BRA,Brazil,1974,1790114213.37072,1.94135341120892
BRA,Brazil,1975,2141126693.28147,1.97214379625895
BRA,Brazil,1976,2576476981.66804,2.00275336513055
BRA,Brazil,1977,2499644658.35739,1.68772647800164
BRA,Brazil,1978,2690623101.76157,1.59967155032807
BRA,Brazil,1979,2829161199.58493,1.52193168607333
BRA,Brazil,1980,2259307478.86009,1.13843442074363
BRA,Brazil,1981,2517859757.17182,1.14314876818876
BRA,Brazil,1982,3031328924.09642,1.30353436107498
BRA,Brazil,1983,2082669250.91503,1.25458032300474
BRA,Brazil,1984,2013151757.88161,1.19954104516533
BRA,Brazil,1985,2687049984.34728,1.42952312218953
BRA,Brazil,1986,2758186568.47748,1.22038872750142
BRA,Brazil,1987,4323674770.1207,1.74399403145367
BRA,Brazil,1988,5874167752.84461,2.1180722049862
BRA,Brazil,1989,8761486965.81023,2.68625
BRA,Brazil,1990,9236296955.40526,2.36384102519699
BRA,Brazil,1991,6694665295.15063,1.96333333333333
BRA,Brazil,1992,4993804466.92814,1.52152886115445
BRA,Brazil,1993,7099899155.09737,1.92792281498297
BRA,Brazil,1994,10591499118.3781,2.016007789121
BRA,Brazil,1995,14318919608.0931,1.86213698033379
BRA,Brazil,1996,14073226544.6224,1.65484349950291
BRA,Brazil,1997,13934266551.6378,1.57768831551774
BRA,Brazil,1998,14357357046.8411,1.66229191975824
BRA,Brazil,1999,9866973918.50843,1.64547466656987
BRA,Brazil,2000,11344032534.9018,1.73072614713627
BRA,Brazil,2001,10930231568.3746,1.95188244532532
BRA,Brazil,2002,9664561903.32699,1.89577119915617
BRA,Brazil,2003,8392905884.03499,1.50347763554507
BRA,Brazil,2004,9780111585.16574,1.46126840890621
BRA,Brazil,2005,13588619736.3611,1.52401346273319
BRA,Brazil,2006,16404867307.489,1.48108495636286
BRA,Brazil,2007,20485758014.6477,1.46629209992902
BRA,Brazil,2008,24452903035.8224,1.44192408837717
BRA,Brazil,2009,25648809910.8246,1.53862567601211
BRA,Brazil,2010,34002944470.0238,1.53940698128362
BRA,Brazil,2011,36936209895.8053,1.41185115924524
BRA,Brazil,2012,33987005074.0629,1.37865646470437
BRA,Brazil,2013,32874787230.5887,1.32944608382557
BRA,Brazil,2014,32660239369.4525,1.330244423168
BRA,Brazil,2015,24617701683.0655,1.36551715396161
BRA,Brazil,2016,24224746901.4667,1.34797541299482
BRA,Brazil,2017,29261833096.6693,1.41402166797586
BRA,Brazil,2018,28177406872.2637,1.46967772350671
BRA,Brazil,2019,25906871196.7546,1.38279724638797
BRA,Brazil,2020,19591209004.4634,1.32666026860555
BRA,Brazil,2021,19187122475.4493,1.14903763026142
BRA,Brazil,2022,20542063567.3716,1.05240083845945
BRA,Brazil,2023,21788291072.4883,1.00237538990131
BRA,Brazil,2024,20947723265.0291,0.972774559040702
BRA,Brazil,2025,,
BRB,Barbados,1960,,
BRB,Barbados,1961,,
BRB,Barbados,1962,,
BRB,Barbados,1963,,
BRB,Barbados,1964,,
BRB,Barbados,1965,,
BRB,Barbados,1966,,
BRB,Barbados,1967,,
BRB,Barbados,1968,,
BRB,Barbados,1969,,
BRB,Barbados,1970,,
BRB,Barbados,1971,,
BRB,Barbados,1972,,
BRB,Barbados,1973,,
BRB,Barbados,1974,,
BRB,Barbados,1975,,
BRB,Barbados,1976,,
BRB,Barbados,1977,,
BRB,Barbados,1978,,
BRB,Barbados,1979,,
BRB,Barbados,1980,,
BRB,Barbados,1981,,
BRB,Barbados,1982,,
BRB,Barbados,1983,,
BRB,Barbados,1984,,
BRB,Barbados,1985,,
BRB,Barbados,1986,,
BRB,Barbados,1987,,
BRB,Barbados,1988,,
BRB,Barbados,1989,,
BRB,Barbados,1990,,
BRB,Barbados,1991,,
BRB,Barbados,1992,,
BRB,Barbados,1993,,
BRB,Barbados,1994,,
BRB,Barbados,1995,,
BRB,Barbados,1996,,
BRB,Barbados,1997,,
BRB,Barbados,1998,,
BRB,Barbados,1999,,
BRB,Barbados,2000,,
BRB,Barbados,2001,,
BRB,Barbados,2002,,
BRB,Barbados,2003,,
BRB,Barbados,2004,,
BRB,Barbados,2005,,
BRB,Barbados,2006,,
BRB,Barbados,2007,,
BRB,Barbados,2008,,
BRB,Barbados,2009,,
BRB,Barbados,2010,,
BRB,Barbados,2011,,
BRB,Barbados,2012,,
BRB,Barbados,2013,,
BRB,Barbados,2014,,
BRB,Barbados,2015,,
BRB,Barbados,2016,,
BRB,Barbados,2017,,
BRB,Barbados,2018,,
BRB,Barbados,2019,,
BRB,Barbados,2020,,
BRB,Barbados,2021,,
BRB,Barbados,2022,,
BRB,Barbados,2023,,
BRB,Barbados,2024,,
BRB,Barbados,2025,,
BRN,Brunei Darussalam,1960,,
BRN,Brunei Darussalam,1961,,
BRN,Brunei Darussalam,1962,,
BRN,Brunei Darussalam,1963,,
BRN,Brunei Darussalam,1964,,
BRN,Brunei Darussalam,1965,,
BRN,Brunei Darussalam,1966,,
BRN,Brunei Darussalam,1967,,
BRN,Brunei Darussalam,1968,,
BRN,Brunei Darussalam,1969,,
BRN,Brunei Darussalam,1970,,
BRN,Brunei Darussalam,1971,9868097.73741424,4.99585337535246
BRN,Brunei Darussalam,1972,10345585.8360879,3.8200628601362
BRN,Brunei Darussalam,1973,14215522.7814429,3.28230653643877
BRN,Brunei Darussalam,1974,21818972.6985847,2.03233697729531
BRN,Brunei Darussalam,1975,41281153.797495,3.5334247762056
BRN,Brunei Darussalam,1976,67669294.6528306,4.75526862148403
BRN,Brunei Darussalam,1977,71685660.4082971,4.13717232894861
BRN,Brunei Darussalam,1978,89229646.1772544,4.59571480340641
BRN,Brunei Darussalam,1979,171464572.14333,6.11536632169392
BRN,Brunei Darussalam,1980,142386781.305897,2.88887204366283
BRN,Brunei Darussalam,1981,155271241.87647,3.55618190687842
BRN,Brunei Darussalam,1982,168998420.575509,3.96318009972056
BRN,Brunei Darussalam,1983,117119803.12818,3.0463201171851
BRN,Brunei Darussalam,1984,97366249.7421569,2.57408440230526
BRN,Brunei Darussalam,1985,101752153.262278,2.88778814029385
BRN,Brunei Darussalam,1986,110162485.877782,4.67072980761742
BRN,Brunei Darussalam,1987,104464429.861632,3.79251495457601
BRN,Brunei Darussalam,1988,178392184.534044,6.62997709980055
BRN,Brunei Darussalam,1989,186129028.949986,6.21043627031651
BRN,Brunei Darussalam,1990,231168587.554413,6.43773526926327
BRN,Brunei Darussalam,1991,245434285.548899,6.40435012461295
BRN,Brunei Darussalam,1992,251692787.466927,6.24514478073449
BRN,Brunei Darussalam,1993,233941291.875801,5.74023173528116
BRN,Brunei Darussalam,1994,261876080.238831,5.98247135891837
BRN,Brunei Darussalam,1995,285738475.214833,5.47726596521598
BRN,Brunei Darussalam,1996,328359479.163712,6.24949383149313
BRN,Brunei Darussalam,1997,369070790.202113,7.18396455211652
BRN,Brunei Darussalam,1998,293977055.449331,7.52984389348026
BRN,Brunei Darussalam,1999,258413177.892104,6.13041835206517
BRN,Brunei Darussalam,2000,244205201.976844,4.06920549004446
BRN,Brunei Darussalam,2001,217667939.186927,3.8863976083707
BRN,Brunei Darussalam,2002,226182431.489062,3.87078275829112
BRN,Brunei Darussalam,2003,243373245.014866,3.71141961800389
BRN,Brunei Darussalam,2004,199381149.311041,2.53273008763096
BRN,Brunei Darussalam,2005,248588079.788512,2.3494276381516
BRN,Brunei Darussalam,2006,293436463.532062,2.3039631946555
BRN,Brunei Darussalam,2007,323137150.819455,2.38015224434092
BRN,Brunei Darussalam,2008,361989034.484219,2.26179236887845
BRN,Brunei Darussalam,2009,349759722.804678,2.94107203176036
BRN,Brunei Darussalam,2010,390719540.010708,2.85048790060089
BRN,Brunei Darussalam,2011,415371528.964711,2.24224141990167
BRN,Brunei Darussalam,2012,411261473.947038,2.15903448896045
BRN,Brunei Darussalam,2013,412094279.75415,2.27750759504916
BRN,Brunei Darussalam,2014,527785180.451652,3.08686095781185
BRN,Brunei Darussalam,2015,424022039.167265,3.27929046083748
BRN,Brunei Darussalam,2016,403366488.712977,3.53938463904119
BRN,Brunei Darussalam,2017,346706804.42155,2.86512850957169
BRN,Brunei Darussalam,2018,357708767.503726,2.63661248533021
BRN,Brunei Darussalam,2019,414728739.002933,3.07858724948281
BRN,Brunei Darussalam,2020,436548223.350254,3.63429176862407
BRN,Brunei Darussalam,2021,453337798.615762,3.23636748209722
BRN,Brunei Darussalam,2022,435857351.159602,2.61193002463948
BRN,Brunei Darussalam,2023,448911490.729443,2.97601749693804
BRN,Brunei Darussalam,2024,558608208.955224,3.57781609529419
BRN,Brunei Darussalam,2025,,
BTN,Bhutan,1960,,
BTN,Bhutan,1961,,
BTN,Bhutan,1962,,
BTN,Bhutan,1963,,
BTN,Bhutan,1964,,
BTN,Bhutan,1965,,
BTN,Bhutan,1966,,
BTN,Bhutan,1967,,
BTN,Bhutan,1968,,
BTN,Bhutan,1969,,
BTN,Bhutan,1970,,
BTN,Bhutan,1971,,
BTN,Bhutan,1972,,
BTN,Bhutan,1973,,
BTN,Bhutan,1974,,
BTN,Bhutan,1975,,
BTN,Bhutan,1976,,
BTN,Bhutan,1977,,
BTN,Bhutan,1978,,
BTN,Bhutan,1979,,
BTN,Bhutan,1980,,
BTN,Bhutan,1981,,
BTN,Bhutan,1982,,
BTN,Bhutan,1983,,
BTN,Bhutan,1984,,
BTN,Bhutan,1985,,
BTN,Bhutan,1986,,
BTN,Bhutan,1987,,
BTN,Bhutan,1988,,
BTN,Bhutan,1989,,
BTN,Bhutan,1990,,
BTN,Bhutan,1991,,
BTN,Bhutan,1992,,
BTN,Bhutan,1993,,
BTN,Bhutan,1994,,
BTN,Bhutan,1995,,
BTN,Bhutan,1996,,
BTN,Bhutan,1997,,
BTN,Bhutan,1998,,
BTN,Bhutan,1999,,
BTN,Bhutan,2000,,
BTN,Bhutan,2001,,
BTN,Bhutan,2002,,
BTN,Bhutan,2003,,
BTN,Bhutan,2004,,
BTN,Bhutan,2005,,
BTN,Bhutan,2006,,
BTN,Bhutan,2007,,
BTN,Bhutan,2008,,
BTN,Bhutan,2009,,
BTN,Bhutan,2010,,
BTN,Bhutan,2011,,
BTN,Bhutan,2012,,
BTN,Bhutan,2013,,
BTN,Bhutan,2014,,
BTN,Bhutan,2015,,
BTN,Bhutan,2016,,
BTN,Bhutan,2017,,
BTN,Bhutan,2018,,
BTN,Bhutan,2019,,
BTN,Bhutan,2020,,
BTN,Bhutan,2021,,
BTN,Bhutan,2022,,
BTN,Bhutan,2023,,
BTN,Bhutan,2024,,
BTN,Bhutan,2025,,
BWA,Botswana,1960,,
BWA,Botswana,1961,,
BWA,Botswana,1962,,
BWA,Botswana,1963,,
BWA,Botswana,1964,,
BWA,Botswana,1965,,
BWA,Botswana,1966,,
BWA,Botswana,1967,,
BWA,Botswana,1968,,
BWA,Botswana,1969,,
BWA,Botswana,1970,,
BWA,Botswana,1971,,
BWA,Botswana,1972,,
BWA,Botswana,1973,,
BWA,Botswana,1974,,
BWA,Botswana,1975,,
BWA,Botswana,1976,,
BWA,Botswana,1977,5650505.96227849,1.35657256914742
BWA,Botswana,1978,14305862.2942268,2.87490900266925
BWA,Botswana,1979,24355619.031493,3.50149938260716
BWA,Botswana,1980,31844060.6002123,3.20762052877138
BWA,Botswana,1981,31162681.7474526,2.97829811536265
BWA,Botswana,1982,23551463.5899229,2.69474386042894
BWA,Botswana,1983,24454614.2415651,2.32633769837828
BWA,Botswana,1984,26109660.5744125,2.4372708318355
BWA,Botswana,1985,20997913.3487861,2.18473148857049
BWA,Botswana,1986,34310908.1814021,2.66359580269355
BWA,Botswana,1987,73826342.8115359,4.79441457471087
BWA,Botswana,1988,93747094.7560689,4.89967702289422
BWA,Botswana,1989,102798415.794411,3.56901008012406
BWA,Botswana,1990,156250839.841545,4.44515803477224
BWA,Botswana,1991,172269188.151724,4.60346992729676
BWA,Botswana,1992,177986045.607732,4.48280904912553
BWA,Botswana,1993,185671482.870903,4.93349197298009
BWA,Botswana,1994,170433762.315386,4.00812039559554
BWA,Botswana,1995,165873977.801105,3.50647971949777
BWA,Botswana,1996,140560134.769268,2.89952149833484
BWA,Botswana,1997,160507675.114223,3.19720462718414
BWA,Botswana,1998,181051047.355817,3.77939884443731
BWA,Botswana,1999,169578756.162962,3.09207375530236
BWA,Botswana,2000,184718394.612119,3.19124295081058
BWA,Botswana,2001,210322093.556759,3.83122303260369
BWA,Botswana,2002,223549258.826132,4.11020648951656
BWA,Botswana,2003,301014357.778797,4.00736658870518
BWA,Botswana,2004,314038897.140142,3.50587404134874
BWA,Botswana,2005,283835745.105521,2.85800418504025
BWA,Botswana,2006,272934274.753837,2.75454609516549
BWA,Botswana,2007,306451402.712573,2.90001468952761
BWA,Botswana,2008,332400254.289673,3.0976203987662
BWA,Botswana,2009,330147278.73948,3.26282073750534
BWA,Botswana,2010,348672725.29226,2.75907988033428
BWA,Botswana,2011,363324481.153045,2.40443003238577
BWA,Botswana,2012,326874161.65079,2.34377212582193
BWA,Botswana,2013,306438573.576809,2.1471710497407
BWA,Botswana,2014,346281321.660338,2.21199714449013
BWA,Botswana,2015,383739877.542959,2.82519449903662
BWA,Botswana,2016,514463449.229697,3.41066258273304
BWA,Botswana,2017,522430455.515621,3.24857919499091
BWA,Botswana,2018,498087432.354654,2.92475944543875
BWA,Botswana,2019,514720930.232558,3.08122244554008
BWA,Botswana,2020,499027479.519605,3.33478768726661
BWA,Botswana,2021,536630400.905482,3.04556932426419
BWA,Botswana,2022,512727689.054822,2.51778285669486
BWA,Botswana,2023,485567870.046926,2.45625898216649
BWA,Botswana,2024,567822651.448639,2.83392800595041
BWA,Botswana,2025,,
CAF,Central African Republic,1960,,
CAF,Central African Republic,1961,,
CAF,Central African Republic,1962,,
CAF,Central African Republic,1963,,
CAF,Central African Republic,1964,,
CAF,Central African Republic,1965,,
CAF,Central African Republic,1966,,
CAF,Central African Republic,1967,,
CAF,Central African Republic,1968,,
CAF,Central African Republic,1969,,
CAF,Central African Republic,1970,,
CAF,Central African Republic,1971,,
CAF,Central African Republic,1972,,
CAF,Central African Republic,1973,,
CAF,Central African Republic,1974,,
CAF,Central African Republic,1975,,
CAF,Central African Republic,1976,,
CAF,Central African Republic,1977,,
CAF,Central African Republic,1978,,
CAF,Central African Republic,1979,,
CAF,Central African Republic,1980,,
CAF,Central African Republic,1981,,
CAF,Central African Republic,1982,,
CAF,Central African Republic,1983,,
CAF,Central African Republic,1984,,
CAF,Central African Republic,1985,,
CAF,Central African Republic,1986,,
CAF,Central African Republic,1987,,
CAF,Central African Republic,1988,,
CAF,Central African Republic,1989,,
CAF,Central African Republic,1990,,
CAF,Central African Republic,1991,21598187.9216042,1.56806934196677
CAF,Central African Republic,1992,23185438.1696462,1.64212531741423
CAF,Central African Republic,1993,19144450.3695751,1.49708784517113
CAF,Central African Republic,1994,10689745.2292396,1.25588265167931
CAF,Central African Republic,1995,13014176.1561701,1.16678191990947
CAF,Central African Republic,1996,12196218.5662455,1.21019207119553
CAF,Central African Republic,1997,,
CAF,Central African Republic,1998,,
CAF,Central African Republic,1999,,
CAF,Central African Republic,2000,,
CAF,Central African Republic,2001,,
CAF,Central African Republic,2002,10681962.9606249,1.08695556960344
CAF,Central African Republic,2003,15018926.3592567,1.26385440119305
CAF,Central African Republic,2004,15103589.9183206,1.15308800406955
CAF,Central African Republic,2005,15396194.6506708,1.08975993344158
CAF,Central African Republic,2006,,
CAF,Central African Republic,2007,19112519.7436919,1.0890772448248
CAF,Central African Republic,2008,31511483.7931689,1.54988099383057
CAF,Central African Republic,2009,35992384.3570119,1.74797074081845
CAF,Central African Republic,2010,51585274.5029549,2.40996017514635
CAF,Central African Republic,2011,49874328.7289188,2.04840124780659
CAF,Central African Republic,2012,42746025.1857394,1.70284520206217
CAF,Central African Republic,2013,47923241.4489087,2.83390827023391
CAF,Central African Republic,2014,38407009.9214563,2.02965439546462
CAF,Central African Republic,2015,26703885.6228391,1.57531677890907
CAF,Central African Republic,2016,26832998.8201935,1.47163796004867
CAF,Central African Republic,2017,27516264.1779352,1.34269739488284
CAF,Central African Republic,2018,30517648.4136581,1.33998903358031
CAF,Central African Republic,2019,40777666.6587025,1.78989988276583
CAF,Central African Republic,2020,44348098.076355,1.8589727247233
CAF,Central African Republic,2021,55515012.0969341,2.14924843936704
CAF,Central African Republic,2022,42001802.6564659,1.71086224316852
CAF,Central African Republic,2023,62527021.8134447,2.37720659578149
CAF,Central African Republic,2024,71174969.9459274,2.51969119903231
CAF,Central African Republic,2025,,
CAN,Canada,1960,1702442711.4107,4.18525654025553
CAN,Canada,1961,1677820881.08423,4.12831224346052
CAN,Canada,1962,1671313753.19292,3.99921638867122
CAN,Canada,1963,1610091700.58692,3.62065011154897
CAN,Canada,1964,1657457282.98458,3.40206283659061
CAN,Canada,1965,1574704539.97291,2.93026065941654
CAN,Canada,1966,1614422827.01519,2.68328242154957
CAN,Canada,1967,1775500366.17812,2.74792676977819
CAN,Canada,1968,1797265817.14572,2.54364188044292
CAN,Canada,1969,1770108751.17249,2.27378467044438
CAN,Canada,1970,1889157917.90681,2.18897969593808
CAN,Canada,1971,2077659711.42515,2.13148563939489
CAN,Canada,1972,2233737030.68794,2.01181843821932
CAN,Canada,1973,2363060955.12359,1.83260181767425
CAN,Canada,1974,2809465529.28173,1.7838130850829
CAN,Canada,1975,3180915490.18837,1.86354185265607
CAN,Canada,1976,3581805735.1487,1.76592797783934
CAN,Canada,1977,3752174526.30589,1.80576360007784
CAN,Canada,1978,3969158477.03543,1.84888740061337
CAN,Canada,1979,4084145737.65174,1.71124591794032
CAN,Canada,1980,4744402251.07336,1.76444861477782
CAN,Canada,1981,5141128191.44056,1.7099156381512
CAN,Canada,1982,6017321456.07224,1.954343585383
CAN,Canada,1983,6947104071.66388,2.08119624877852
CAN,Canada,1984,7349795763.93554,2.11718885542571
CAN,Canada,1985,7460563318.39353,2.09737623375073
CAN,Canada,1986,7780136739.83447,2.10919711788911
CAN,Canada,1987,8694447167.77653,2.06257637101059
CAN,Canada,1988,9897335684.27981,1.98676711890836
CAN,Canada,1989,10747134688.6376,1.93461430865038
CAN,Canada,1990,11414631846.8936,1.95879374221417
CAN,Canada,1991,11338503299.2354,1.89544433858064
CAN,Canada,1992,10788803123.94,1.86168769986295
CAN,Canada,1993,10268822622.0283,1.82175350392748
CAN,Canada,1994,9577377639.78794,1.69668025731865
CAN,Canada,1995,9176903908.36758,1.55409007114777
CAN,Canada,1996,8615884471.23883,1.40375258106455
CAN,Canada,1997,7945140182.86606,1.24624320151167
CAN,Canada,1998,7748607984.03732,1.25629390156868
CAN,Canada,1999,8210778539.84237,1.24170306410258
CAN,Canada,2000,8299385230.72365,1.11434980213748
CAN,Canada,2001,8375571424.88184,1.13335628281332
CAN,Canada,2002,8495399281.21734,1.11686914736943
CAN,Canada,2003,9958245601.51315,1.11193730688338
CAN,Canada,2004,11336489831.0556,1.10418939142687
CAN,Canada,2005,12988132963.6232,1.10710542420811
CAN,Canada,2006,14809892802.9902,1.12252472932052
CAN,Canada,2007,17417139931.1051,1.18579022996702
CAN,Canada,2008,19342058404.5584,1.24551836677548
CAN,Canada,2009,18936226051.964,1.37755563107525
CAN,Canada,2010,19315688825.0369,1.19433833839121
CAN,Canada,2011,21393720863.7223,1.19329189549638
CAN,Canada,2012,20452107110.9741,1.11840459807104
CAN,Canada,2013,18515731209.9437,1.00236720047397
CAN,Canada,2014,17853640477.6849,0.989925299438869
CAN,Canada,2015,17937641894.7407,1.15270937445521
CAN,Canada,2016,17782775543.0736,1.16416156719089
CAN,Canada,2017,22269696323.3229,1.35189646465708
CAN,Canada,2018,22729327580.3404,1.3176781061648
CAN,Canada,2019,22394875659.3821,1.28451224366918
CAN,Canada,2020,23082774049.217,1.39399340787119
CAN,Canada,2021,25362240829.3461,1.25420081409628
CAN,Canada,2022,25567943876.0417,1.16713259486345
CAN,Canada,2023,27227653114.1228,1.25316567875902
CAN,Canada,2024,29346897810.219,1.31303419578919
CAN,Canada,2025,,
CHE,Switzerland,1960,200093758.218136,2.34145036125234
CHE,Switzerland,1961,237368366.891915,2.46907706945766
CHE,Switzerland,1962,273728261.242411,2.56756756756757
CHE,Switzerland,1963,294995369.258738,2.51633668194675
CHE,Switzerland,1964,329525834.962668,2.53585569731632
CHE,Switzerland,1965,343475228.392733,2.4679592507394
CHE,Switzerland,1966,378234372.677483,2.53079335934511
CHE,Switzerland,1967,383265301.455539,2.38237384506041
CHE,Switzerland,1968,373889479.641889,2.17651757188498
CHE,Switzerland,1969,409105981.088281,2.19792370538731
CHE,Switzerland,1970,436090053.625127,2.10334748800529
CHE,Switzerland,1971,511387689.442046,2.05252682169037
CHE,Switzerland,1972,601426981.737252,1.9681261245823
CHE,Switzerland,1973,764969998.388539,1.86144856220206
CHE,Switzerland,1974,888478643.954015,1.87597448618001
CHE,Switzerland,1975,1032046116.6553,1.90075273804003
CHE,Switzerland,1976,1228176857.46748,2.16258100873485
CHE,Switzerland,1977,1226534416.18959,2.02208656286439
CHE,Switzerland,1978,1668885135.51303,1.9673644305258
CHE,Switzerland,1979,1945005773.67206,2.03979942603046
CHE,Switzerland,1980,1996765550.12502,1.67860654586318
CHE,Switzerland,1981,1810878507.718,1.66280222143271
CHE,Switzerland,1982,1928314953.18357,1.72819451127189
CHE,Switzerland,1983,1946035042.92234,1.74880558932822
CHE,Switzerland,1984,1807905757.37973,1.70124830295676
CHE,Switzerland,1985,1966928896.72097,1.82497186832109
CHE,Switzerland,1986,2565428145.77636,1.66102195140386
CHE,Switzerland,1987,3020406520.96648,1.56186605542128
CHE,Switzerland,1988,3276156632.26953,1.5648052643261
CHE,Switzerland,1989,3082038962.5473,1.5241653668033
CHE,Switzerland,1990,4056408189.12148,1.57214718757236
CHE,Switzerland,1991,4016764412.58307,1.53782488553083
CHE,Switzerland,1992,4138043833.82401,1.52370927239544
CHE,Switzerland,1993,3611212625.70891,1.36696434518412
CHE,Switzerland,1994,3899275420.5997,1.33228409403183
CHE,Switzerland,1995,4645360981.67395,1.35581088252354
CHE,Switzerland,1996,4239447900.90695,1.28375680158363
CHE,Switzerland,1997,3498218850.5557,1.22086410342116
CHE,Switzerland,1998,3494250970.81687,1.18520390139366
CHE,Switzerland,1999,3146822887.19502,1.08621220546806
CHE,Switzerland,2000,2800146846.35608,1.02928011745958
CHE,Switzerland,2001,2763655325.25095,0.991880080138388
CHE,Switzerland,2002,2882696761.85832,0.956388349764947
CHE,Switzerland,2003,3270337504.17703,0.926630419400856
CHE,Switzerland,2004,3503819863.2891,0.888925074606932
CHE,Switzerland,2005,3484636759.34403,0.83306403652778
CHE,Switzerland,2006,3328973393.73445,0.753808477874928
CHE,Switzerland,2007,3524746536.48458,0.718232323663411
CHE,Switzerland,2008,4098459038.49172,0.722484412265189
CHE,Switzerland,2009,4055544323.34075,0.73179337674355
CHE,Switzerland,2010,4115407849.19121,0.687220165933277
CHE,Switzerland,2011,4973863848.78193,0.694782257657599
CHE,Switzerland,2012,4592165377.67521,0.669001710434324
CHE,Switzerland,2013,5032883664.3277,0.712636242390875
CHE,Switzerland,2014,4612776476.68481,0.634898338463689
CHE,Switzerland,2015,4521076909.31875,0.651341082840214
CHE,Switzerland,2016,4571348246.67311,0.664750475412517
CHE,Switzerland,2017,4628401508.54477,0.66568455676088
CHE,Switzerland,2018,4736844967.47697,0.652876569793988
CHE,Switzerland,2019,5021931589.53722,0.696324324760463
CHE,Switzerland,2020,5731416400.42599,0.772558973227674
CHE,Switzerland,2021,5485229759.29978,0.67289247365512
CHE,Switzerland,2022,5652315105.80348,0.682061302644033
CHE,Switzerland,2023,6289176348.46489,0.705659021596424
CHE,Switzerland,2024,6722303543.86997,0.717812077671144
CHE,Switzerland,2025,,
CHI,Channel Islands,1960,,
CHI,Channel Islands,1961,,
CHI,Channel Islands,1962,,
CHI,Channel Islands,1963,,
CHI,Channel Islands,1964,,
CHI,Channel Islands,1965,,
CHI,Channel Islands,1966,,
CHI,Channel Islands,1967,,
CHI,Channel Islands,1968,,
CHI,Channel Islands,1969,,
CHI,Channel Islands,1970,,
CHI,Channel Islands,1971,,
CHI,Channel Islands,1972,,
CHI,Channel Islands,1973,,
CHI,Channel Islands,1974,,
CHI,Channel Islands,1975,,
CHI,Channel Islands,1976,,
CHI,Channel Islands,1977,,
CHI,Channel Islands,1978,,
CHI,Channel Islands,1979,,
CHI,Channel Islands,1980,,
CHI,Channel Islands,1981,,
CHI,Channel Islands,1982,,
CHI,Channel Islands,1983,,
CHI,Channel Islands,1984,,
CHI,Channel Islands,1985,,
CHI,Channel Islands,1986,,
CHI,Channel Islands,1987,,
CHI,Channel Islands,1988,,
CHI,Channel Islands,1989,,
CHI,Channel Islands,1990,,
CHI,Channel Islands,1991,,
CHI,Channel Islands,1992,,
CHI,Channel Islands,1993,,
CHI,Channel Islands,1994,,
CHI,Channel Islands,1995,,
CHI,Channel Islands,1996,,
CHI,Channel Islands,1997,,
CHI,Channel Islands,1998,,
CHI,Channel Islands,1999,,
CHI,Channel Islands,2000,,
CHI,Channel Islands,2001,,
CHI,Channel Islands,2002,,
CHI,Channel Islands,2003,,
CHI,Channel Islands,2004,,
CHI,Channel Islands,2005,,
CHI,Channel Islands,2006,,
CHI,Channel Islands,2007,,
CHI,Channel Islands,2008,,
CHI,Channel Islands,2009,,
CHI,Channel Islands,2010,,
CHI,Channel Islands,2011,,
CHI,Channel Islands,2012,,
CHI,Channel Islands,2013,,
CHI,Channel Islands,2014,,
CHI,Channel Islands,2015,,
CHI,Channel Islands,2016,,
CHI,Channel Islands,2017,,
CHI,Channel Islands,2018,,
CHI,Channel Islands,2019,,
CHI,Channel Islands,2020,,
CHI,Channel Islands,2021,,
CHI,Channel Islands,2022,,
CHI,Channel Islands,2023,,
CHI,Channel Islands,2024,,
CHI,Channel Islands,2025,,
CHL,Chile,1960,126791042.64183,3.11840562719812
CHL,Chile,1961,160930923.495915,3.52744729701524
CHL,Chile,1962,162626224.42419,3.04370907803929
CHL,Chile,1963,152917455.404214,2.86539572501444
CHL,Chile,1964,149950377.692931,2.63518659558264
CHL,Chile,1965,168215772.366996,2.88571273300364
CHL,Chile,1966,186697964.758487,2.73592085235921
CHL,Chile,1967,182705341.270295,2.71363263392334
CHL,Chile,1968,173781024.275537,2.52706817797327
CHL,Chile,1969,179980922.718443,2.26089998688066
CHL,Chile,1970,388383950.343605,4.45045063352876
CHL,Chile,1971,651589862.883541,6.26481544192347
CHL,Chile,1972,745661188.757487,6.62541419500109
CHL,Chile,1973,1005919720.16376,6.28382090072808
CHL,Chile,1974,1103190480.84936,7.10956116396779
CHL,Chile,1975,486720076.897699,6.74253666077988
CHL,Chile,1976,599806958.679965,6.08505082532873
CHL,Chile,1977,924042756.712079,6.91524481356639
CHL,Chile,1978,1036145035.03307,6.7281223205458
CHL,Chile,1979,1312899709.49745,6.33255633255633
CHL,Chile,1980,1787179487.17949,6.48209286969784
CHL,Chile,1981,2292307692.30769,7.02211888902853
CHL,Chile,1982,2160747854.4756,8.87726773839499
CHL,Chile,1983,1497684300.84162,7.57522260240995
CHL,Chile,1984,1462262953.46653,7.6054061762236
CHL,Chile,1985,1137635210.74226,6.90060861105455
CHL,Chile,1986,1114393821.59332,6.28800219933844
CHL,Chile,1987,1166781369.7831,5.63807107493349
CHL,Chile,1988,999951022.807046,4.13999607967718
CHL,Chile,1989,988934423.159046,3.59002950895468
CHL,Chile,1990,1031475584.0382,3.40165485912065
CHL,Chile,1991,1038039494.18125,2.8498427672956
CHL,Chile,1992,1168858391.06836,2.62851046938573
CHL,Chile,1993,1291053675.96483,2.70692293725521
CHL,Chile,1994,1466048831.80184,2.59754498264789
CHL,Chile,1995,1827997368.77257,2.56206462916649
CHL,Chile,1996,1904105834.32581,2.42329858662731
CHL,Chile,1997,2120702607.94906,2.47364271374518
CHL,Chile,1998,2112373122.91435,2.57620115809555
CHL,Chile,1999,2043134811.5186,2.70268274607335
CHL,Chile,2000,2103460609.68852,2.68861587922595
CHL,Chile,2001,1893098223.76358,2.64704914030913
CHL,Chile,2002,1779553137.6599,2.53154295292261
CHL,Chile,2003,2067983997.63957,2.70297145376308
CHL,Chile,2004,2687320865.78325,2.71229041616156
CHL,Chile,2005,3100391590.8019,2.53476302244179
CHL,Chile,2006,3855358068.9265,2.50608218939499
CHL,Chile,2007,4022478103.75452,2.33098056175611
CHL,Chile,2008,4641877575.55109,2.58365229486108
CHL,Chile,2009,3902221588.27515,2.27650789887703
CHL,Chile,2010,4894081125.09775,2.25424093293149
CHL,Chile,2011,5686752069.60146,2.26361278130337
CHL,Chile,2012,5466101782.01784,2.04588028294284
CHL,Chile,2013,5529879480.60968,1.99462247217943
CHL,Chile,2014,5102777422.11734,1.9671068502734
CHL,Chile,2015,4630772773.72175,1.9096233898132
CHL,Chile,2016,4796010962.08952,1.92415844717468
CHL,Chile,2017,5370018134.87068,1.94059250989466
CHL,Chile,2018,5545831932.77856,1.87761395069212
CHL,Chile,2019,5182156528.66016,1.86471710953666
CHL,Chile,2020,5246204733.45184,2.06553058219768
CHL,Chile,2021,5194059174.29763,1.6474241515743
CHL,Chile,2022,4649295736.32937,1.54099069337002
CHL,Chile,2023,5470078568.90418,1.63026388670906
CHL,Chile,2024,5105441707.26122,1.57780388625485
CHL,Chile,2025,,
CHN,China,1960,,
CHN,China,1961,,
CHN,China,1962,,
CHN,China,1963,,
CHN,China,1964,,
CHN,China,1965,,
CHN,China,1966,,
CHN,China,1967,,
CHN,China,1968,,
CHN,China,1969,,
CHN,China,1970,,
CHN,China,1971,,
CHN,China,1972,,
CHN,China,1973,,
CHN,China,1974,,
CHN,China,1975,,
CHN,China,1976,,
CHN,China,1977,,
CHN,China,1978,,
CHN,China,1979,,
CHN,China,1980,,
CHN,China,1981,,
CHN,China,1982,,
CHN,China,1983,,
CHN,China,1984,,
CHN,China,1985,,
CHN,China,1986,,
CHN,China,1987,,
CHN,China,1988,,
CHN,China,1989,11251332630.388,2.44710131532583
CHN,China,1990,9926349250.81692,2.45401611552735
CHN,China,1991,9802375366.07312,2.31124341155315
CHN,China,1992,12244267842.2149,2.44954206753443
CHN,China,1993,12360225860.6446,1.92806687404062
CHN,China,1994,9867120066.27418,1.69347959870483
CHN,China,1995,12385129474.9875,1.68623388691537
CHN,China,1996,14275400819.9732,1.65272667000964
CHN,China,1997,15699586768.5755,1.63265067284541
CHN,China,1998,17031780199.6918,1.65508069090551
CHN,China,1999,20473915094.7667,1.87146591412577
CHN,China,2000,22237140151.2145,1.83575968454189
CHN,China,2001,26561462998.2924,1.98308624365796
CHN,China,2002,30284127409.9972,2.05936465293746
CHN,China,2003,33144000481.4458,1.99628893565843
CHN,China,2004,37904571826.996,1.93850823279804
CHN,China,2005,42789953650.9024,1.87185802294835
CHN,China,2006,51453373233.8486,1.8695916362794
CHN,China,2007,62136590754.5887,1.75016458545192
CHN,China,2008,78840802819.8629,1.71604254580499
CHN,China,2009,96601666752.9542,1.89352379603523
CHN,China,2010,105522648101.838,1.73351986212832
CHN,China,2011,125286373164.011,1.65908251595704
CHN,China,2012,145127609596.207,1.70094267160117
CHN,China,2013,164070469321.744,1.7143409229625
CHN,China,2014,182109204619.08,1.73840928794394
CHN,China,2015,196538827230.79,1.77677106896806
CHN,China,2016,198538361427.554,1.7688865902507
CHN,China,2017,210443034740.968,1.71124264388853
CHN,China,2018,232530595985.266,1.67357820944542
CHN,China,2019,240332555458.151,1.68291101151296
CHN,China,2020,257973429833.565,1.75669947098837
CHN,China,2021,285930518056.053,1.60525971842503
CHN,China,2022,291958428460.21,1.63053389156959
CHN,China,2023,296821377591.502,1.66484889659813
CHN,China,2024,313658330217.176,1.71129740345228
CHN,China,2025,,
CIV,Cote d'Ivoire,1960,,
CIV,Cote d'Ivoire,1961,,
CIV,Cote d'Ivoire,1962,8766845.9761483,1.27553444180523
CIV,Cote d'Ivoire,1963,8064779.44297515,0.998988877654196
CIV,Cote d'Ivoire,1964,11190603.484514,1.14392991239049
CIV,Cote d'Ivoire,1965,12902909.8877422,1.31969949916528
CIV,Cote d'Ivoire,1966,13269401.4116038,1.26356589147287
CIV,Cote d'Ivoire,1967,14711322.3116979,1.3126586869786
CIV,Cote d'Ivoire,1968,15305071.3953911,1.16049004594181
CIV,Cote d'Ivoire,1969,16156269.5942853,1.14879649890591
CIV,Cote d'Ivoire,1970,17727738.121511,1.18100747167992
CIV,Cote d'Ivoire,1971,23968971.0774416,1.50034098658786
CIV,Cote d'Ivoire,1972,31742504.8010539,1.69563374311149
CIV,Cote d'Ivoire,1973,28713844.1107457,1.13034263511127
CIV,Cote d'Ivoire,1974,41129183.0248645,1.33964817320704
CIV,Cote d'Ivoire,1975,45886157.1626546,1.17843019772319
CIV,Cote d'Ivoire,1976,52462858.3385646,1.11888611210282
CIV,Cote d'Ivoire,1977,51449039.4008466,0.79476861167002
CIV,Cote d'Ivoire,1978,86764810.153508,1.0980931015143
CIV,Cote d'Ivoire,1979,102735025.056177,1.12377230421145
CIV,Cote d'Ivoire,1980,118473116.243847,1.16428671100981
CIV,Cote d'Ivoire,1981,92002752.7223615,1.09103604783102
CIV,Cote d'Ivoire,1982,86425689.1231444,1.1421677056103
CIV,Cote d'Ivoire,1983,76251882.8759323,1.11504662496642
CIV,Cote d'Ivoire,1984,70164798.8245983,1.02559041948217
CIV,Cote d'Ivoire,1985,69565043.1929627,0.996969503636596
CIV,Cote d'Ivoire,1986,96559112.4612337,1.05352867044739
CIV,Cote d'Ivoire,1987,122780223.400114,1.21709875321591
CIV,Cote d'Ivoire,1988,128102253.498429,1.24914061221149
CIV,Cote d'Ivoire,1989,129676998.695957,1.33037465830519
CIV,Cote d'Ivoire,1990,143973702.091712,0.96477473288964
CIV,Cote d'Ivoire,1991,144168701.946425,0.994003862515562
CIV,Cote d'Ivoire,1992,156797334.260197,1.01708680343167
CIV,Cote d'Ivoire,1993,148635238.360944,0.973500965104727
CIV,Cote d'Ivoire,1994,84071649.2106519,0.731597907508044
CIV,Cote d'Ivoire,1995,,
CIV,Cote d'Ivoire,1996,102660140.122607,0.611814463966836
CIV,Cote d'Ivoire,1997,93525611.2625478,0.577204483263576
CIV,Cote d'Ivoire,1998,,
CIV,Cote d'Ivoire,1999,,
CIV,Cote d'Ivoire,2000,,
CIV,Cote d'Ivoire,2001,,
CIV,Cote d'Ivoire,2002,,
CIV,Cote d'Ivoire,2003,213007570.543703,1.0067518242091
CIV,Cote d'Ivoire,2004,250811588.441845,1.09607344304215
CIV,Cote d'Ivoire,2005,249872978.076395,1.05806530751568
CIV,Cote d'Ivoire,2006,267360247.853277,1.08657956101875
CIV,Cote d'Ivoire,2007,323619193.476705,1.1508330294867
CIV,Cote d'Ivoire,2008,368910574.915421,1.1017046812579
CIV,Cote d'Ivoire,2009,420059044.529063,1.25173572577555
CIV,Cote d'Ivoire,2010,387692139.954006,1.12710510056221
CIV,Cote d'Ivoire,2011,357330259.014212,1.00705786228658
CIV,Cote d'Ivoire,2012,407596534.123237,1.10066387533087
CIV,Cote d'Ivoire,2013,430003610.836489,0.995019119922897
CIV,Cote d'Ivoire,2014,521260529.25103,1.0677761217949
CIV,Cote d'Ivoire,2015,569671621.544538,1.24391728133935
CIV,Cote d'Ivoire,2016,602538731.235354,1.24585910179804
CIV,Cote d'Ivoire,2017,501578732.245649,0.965894036488091
CIV,Cote d'Ivoire,2018,607848217.884494,1.03921408235247
CIV,Cote d'Ivoire,2019,535951382.180975,0.887657865631757
CIV,Cote d'Ivoire,2020,607155889.9682,0.963119470642636
CIV,Cote d'Ivoire,2021,637656912.817499,0.876213826792915
CIV,Cote d'Ivoire,2022,607245699.55657,0.865226904910508
CIV,Cote d'Ivoire,2023,682177111.349214,0.864878467778842
CIV,Cote d'Ivoire,2024,658353218.218127,0.762358993041457
CIV,Cote d'Ivoire,2025,,
CMR,Cameroon,1960,,
CMR,Cameroon,1961,,
CMR,Cameroon,1962,,
CMR,Cameroon,1963,,
CMR,Cameroon,1964,,
CMR,Cameroon,1965,,
CMR,Cameroon,1966,,
CMR,Cameroon,1967,,
CMR,Cameroon,1968,,
CMR,Cameroon,1969,,
CMR,Cameroon,1970,20339866.0651295,1.87212787212787
CMR,Cameroon,1971,21501256.5551504,1.84267040149393
CMR,Cameroon,1972,24894059.3902265,1.76285473447598
CMR,Cameroon,1973,31636823.7104568,1.76067415730337
CMR,Cameroon,1974,34625371.3051245,1.6919407226959
CMR,Cameroon,1975,46770377.9052134,1.72759393312651
CMR,Cameroon,1976,48470391.2952501,1.76232501521607
CMR,Cameroon,1977,55167290.7847607,1.71585010760856
CMR,Cameroon,1978,71436168.327011,1.66511723995455
CMR,Cameroon,1979,88354754.0921954,1.65536374845869
CMR,Cameroon,1980,99867474.4414994,1.55581772599912
CMR,Cameroon,1981,120247597.808126,1.81891560899577
CMR,Cameroon,1982,131616586.428732,1.99051914580265
CMR,Cameroon,1983,129898757.695517,1.89068408387762
CMR,Cameroon,1984,127243641.82288,1.74021909233177
CMR,Cameroon,1985,116190293.881312,1.33983572895277
CMR,Cameroon,1986,145411861.18635,1.21782345828295
CMR,Cameroon,1987,163128000.878428,1.25002549719531
CMR,Cameroon,1988,154370685.71889,1.28479615502836
CMR,Cameroon,1989,146869357.508276,1.33368915456874
CMR,Cameroon,1990,180577745.946045,1.4745666126807
CMR,Cameroon,1991,178198343.181842,1.51455169920463
CMR,Cameroon,1992,183796639.112629,1.53260561383612
CMR,Cameroon,1993,168175220.632639,1.32612455061139
CMR,Cameroon,1994,94517340.4418188,1.31034009188973
CMR,Cameroon,1995,113575532.707734,1.25164483851881
CMR,Cameroon,1996,116936303.640686,1.22483788338251
CMR,Cameroon,1997,118711118.801924,1.30124174610687
CMR,Cameroon,1998,137245911.531786,1.39650943786737
CMR,Cameroon,1999,144704636.518818,1.44385239060644
CMR,Cameroon,2000,123034343.854287,1.32474886472414
CMR,Cameroon,2001,124301708.367495,1.29036003475657
CMR,Cameroon,2002,145626610.501185,1.33850675603337
CMR,Cameroon,2003,188499655.884377,1.3838069976001
CMR,Cameroon,2004,221107924.699736,1.4016038318718
CMR,Cameroon,2005,223084623.143015,1.14390062434822
CMR,Cameroon,2006,256927843.33225,1.22979394296967
CMR,Cameroon,2007,296698917.304968,1.24159299291596
CMR,Cameroon,2008,346586125.657373,1.2555907411193
CMR,Cameroon,2009,343265153.985929,1.23383418917622
CMR,Cameroon,2010,354054397.842016,1.28837517696819
CMR,Cameroon,2011,347477885.670932,1.13588889236589
CMR,Cameroon,2012,354447463.111647,1.17534857560788
CMR,Cameroon,2013,392840630.898917,1.16504114303499
CMR,Cameroon,2014,401529118.101393,1.10497962306915
CMR,Cameroon,2015,353815494.553489,1.09889864309409
CMR,Cameroon,2016,387437830.87299,1.14642434992604
CMR,Cameroon,2017,408157575.13556,1.13837382188187
CMR,Cameroon,2018,429892180.57235,1.07600981816736
CMR,Cameroon,2019,422294771.980244,1.06457837839838
CMR,Cameroon,2020,393299390.063774,0.96440732254506
CMR,Cameroon,2021,443336832.005677,0.985208787517684
CMR,Cameroon,2022,416638021.640202,0.939352946747924
CMR,Cameroon,2023,456569091.888027,0.926490469517272
CMR,Cameroon,2024,534852005.33635,1.00912763032385
CMR,Cameroon,2025,,
COD,"Congo, Dem. Rep.",1960,,
COD,"Congo, Dem. Rep.",1961,,
COD,"Congo, Dem. Rep.",1962,,
COD,"Congo, Dem. Rep.",1963,58217821.7821782,
COD,"Congo, Dem. Rep.",1964,49818181.8181818,3.91428571428571e-05
COD,"Congo, Dem. Rep.",1965,78909090.9090909,
COD,"Congo, Dem. Rep.",1966,78363636.3636364,4.31e-05
COD,"Congo, Dem. Rep.",1967,45907648.6811277,
COD,"Congo, Dem. Rep.",1968,50479041.9161677,4.215e-05
COD,"Congo, Dem. Rep.",1969,72455089.8203593,4.17241379310345e-05
COD,"Congo, Dem. Rep.",1970,102395209.580838,5.51612903225806e-05
COD,"Congo, Dem. Rep.",1971,101796407.185629,4.85714285714286e-05
COD,"Congo, Dem. Rep.",1972,94011976.0479042,4.02564102564103e-05
COD,"Congo, Dem. Rep.",1973,102395209.580838,3.48979591836735e-05
COD,"Congo, Dem. Rep.",1974,189221556.886228,5.26666666666667e-05
COD,"Congo, Dem. Rep.",1975,173652694.610778,4.53125e-05
COD,"Congo, Dem. Rep.",1976,120795356.005498,3.35789473684211e-05
COD,"Congo, Dem. Rep.",1977,161471103.327496,3.49242424242424e-05
COD,"Congo, Dem. Rep.",1978,214951895.990555,3.27322404371585e-05
COD,"Congo, Dem. Rep.",1979,190944707.620256,2.97297297297297e-05
COD,"Congo, Dem. Rep.",1980,152183674.978539,
COD,"Congo, Dem. Rep.",1981,71671583.9625418,
COD,"Congo, Dem. Rep.",1982,147162426.614481,
COD,"Congo, Dem. Rep.",1983,78919799.7904784,
COD,"Congo, Dem. Rep.",1984,53403541.4105844,
COD,"Congo, Dem. Rep.",1985,40371344.1672132,
COD,"Congo, Dem. Rep.",1986,67436312.9447526,
COD,"Congo, Dem. Rep.",1987,28297227.672553,
COD,"Congo, Dem. Rep.",1988,214939929.101904,
COD,"Congo, Dem. Rep.",1989,67494749.0973167,
COD,"Congo, Dem. Rep.",1990,45933813.550475,
COD,"Congo, Dem. Rep.",1991,43891987.2097209,
COD,"Congo, Dem. Rep.",1992,85527294.3626357,
COD,"Congo, Dem. Rep.",1993,469173805.489934,5.22608568530078
COD,"Congo, Dem. Rep.",1994,,
COD,"Congo, Dem. Rep.",1995,,
COD,"Congo, Dem. Rep.",1996,89269879.9838198,1.5468010910472
COD,"Congo, Dem. Rep.",1997,83825040.9227607,1.41085112381148
COD,"Congo, Dem. Rep.",1998,26629667.191379,0.428454161411096
COD,"Congo, Dem. Rep.",1999,149277860.267765,1.15815066378512
COD,"Congo, Dem. Rep.",2000,132883821.703899,0.220260805193326
COD,"Congo, Dem. Rep.",2001,,
COD,"Congo, Dem. Rep.",2002,,
COD,"Congo, Dem. Rep.",2003,78708031.879861,0.880645829020907
COD,"Congo, Dem. Rep.",2004,137637805.525238,1.33660440783123
COD,"Congo, Dem. Rep.",2005,165205060.897896,1.31013976084745
COD,"Congo, Dem. Rep.",2006,205102086.576592,1.3246033223691
COD,"Congo, Dem. Rep.",2007,205217223.028544,1.10611627665862
COD,"Congo, Dem. Rep.",2008,159998426.584992,0.697347863400989
COD,"Congo, Dem. Rep.",2009,122378010.980679,0.651615938486403
COD,"Congo, Dem. Rep.",2010,183682097.50826,0.821258594589643
COD,"Congo, Dem. Rep.",2011,238787546.588275,0.904759163497381
COD,"Congo, Dem. Rep.",2012,332493979.374942,1.10722925521469
COD,"Congo, Dem. Rep.",2013,374475653.351818,1.07353188499408
COD,"Congo, Dem. Rep.",2014,341224634.406213,0.88969520971371
COD,"Congo, Dem. Rep.",2015,491276877.079054,1.22338305167721
COD,"Congo, Dem. Rep.",2016,395733745.247056,1.02563437176754
COD,"Congo, Dem. Rep.",2017,295236074.31758,0.74157072807359
COD,"Congo, Dem. Rep.",2018,295348364.63547,0.61234655603641
COD,"Congo, Dem. Rep.",2019,352709565.59682,0.694017431863738
COD,"Congo, Dem. Rep.",2020,362091615.539271,0.729735329108429
COD,"Congo, Dem. Rep.",2021,306078782.560613,0.533178814847647
COD,"Congo, Dem. Rep.",2022,371081599.85082,0.567707215239695
COD,"Congo, Dem. Rep.",2023,794244598.072275,1.11885996027452
COD,"Congo, Dem. Rep.",2024,899187778.403836,1.22855267131451
COD,"Congo, Dem. Rep.",2025,,
COG,"Congo, Rep.",1960,,
COG,"Congo, Rep.",1961,,
COG,"Congo, Rep.",1962,,
COG,"Congo, Rep.",1963,,
COG,"Congo, Rep.",1964,,
COG,"Congo, Rep.",1965,,
COG,"Congo, Rep.",1966,,
COG,"Congo, Rep.",1967,,
COG,"Congo, Rep.",1968,,
COG,"Congo, Rep.",1969,,
COG,"Congo, Rep.",1970,13100436.6812227,4.86040268456376
COG,"Congo, Rep.",1971,13749473.4089688,4.60024301336574
COG,"Congo, Rep.",1972,12744615.6776231,3.52967032967033
COG,"Congo, Rep.",1973,19426710.1561764,4.22027290448343
COG,"Congo, Rep.",1974,24137429.6337841,4.24087591240876
COG,"Congo, Rep.",1975,33493068.5492714,4.49749373433584
COG,"Congo, Rep.",1976,34337727.5580665,4.7318339100346
COG,"Congo, Rep.",1977,36633018.5607294,4.95321959273528
COG,"Congo, Rep.",1978,37960435.3529266,4.31971759959657
COG,"Congo, Rep.",1979,52566260.1893551,4.39371316306483
COG,"Congo, Rep.",1980,57416698.2203711,3.36598224195339
COG,"Congo, Rep.",1981,63535260.9750084,3.1870961786967
COG,"Congo, Rep.",1982,72427162.0116492,3.34504567814476
COG,"Congo, Rep.",1983,,
COG,"Congo, Rep.",1984,49423627.4965271,2.25310380803339
COG,"Congo, Rep.",1985,55646692.4718929,2.57519571487433
COG,"Congo, Rep.",1986,,
COG,"Congo, Rep.",1987,100513414.321697,4.37416739067478
COG,"Congo, Rep.",1988,,
COG,"Congo, Rep.",1989,,
COG,"Congo, Rep.",1990,,
COG,"Congo, Rep.",1991,,
COG,"Congo, Rep.",1992,125617699.061551,3.82928860778653
COG,"Congo, Rep.",1993,109477580.051066,3.64486910824424
COG,"Congo, Rep.",1994,,
COG,"Congo, Rep.",1995,,
COG,"Congo, Rep.",1996,,
COG,"Congo, Rep.",1997,,
COG,"Congo, Rep.",1998,,
COG,"Congo, Rep.",1999,,
COG,"Congo, Rep.",2000,,
COG,"Congo, Rep.",2001,54445943.5309718,1.79222454052521
COG,"Congo, Rep.",2002,70704230.2019547,2.12335238350685
COG,"Congo, Rep.",2003,93776668.9607708,2.43229339855318
COG,"Congo, Rep.",2004,124298437.396481,2.44017990277083
COG,"Congo, Rep.",2005,100916074.52964,1.51813794092809
COG,"Congo, Rep.",2006,126569641.798466,1.56934291857187
COG,"Congo, Rep.",2007,168079588.204487,1.9162889436872
COG,"Congo, Rep.",2008,207724344.301649,1.79027941022784
COG,"Congo, Rep.",2009,,
COG,"Congo, Rep.",2010,218390920.636331,1.6625904477394
COG,"Congo, Rep.",2011,,
COG,"Congo, Rep.",2012,,
COG,"Congo, Rep.",2013,367057295.47164,2.04447551898046
COG,"Congo, Rep.",2014,704893729.407907,3.94035726748698
COG,"Congo, Rep.",2015,,
COG,"Congo, Rep.",2016,501812144.937836,4.59480614297478
COG,"Congo, Rep.",2017,371937055.076808,3.17813469269901
COG,"Congo, Rep.",2018,292260465.250187,1.97928115025179
COG,"Congo, Rep.",2019,299953238.969346,2.14627657925685
COG,"Congo, Rep.",2020,298382191.947452,2.60118726630221
COG,"Congo, Rep.",2021,313055831.486947,2.34034890602655
COG,"Congo, Rep.",2022,265847972.729665,1.90798488893194
COG,"Congo, Rep.",2023,284994429.664049,1.97625641072141
COG,"Congo, Rep.",2024,182044402.521739,1.18596121569308
COG,"Congo, Rep.",2025,,
COL,Colombia,1960,75960813.8658628,1.88432347552997
COL,Colombia,1961,97313432.8358209,2.1432563032116
COL,Colombia,1962,153596253.410634,3.09941520467836
COL,Colombia,1963,170000000.0,3.5151403758673
COL,Colombia,1964,190000000.0,3.18080357142857
COL,Colombia,1965,185202863.961814,3.19094692172311
COL,Colombia,1966,172592592.592593,3.16524479704396
COL,Colombia,1967,178541884.961121,3.1173645631477
COL,Colombia,1968,141184847.796596,2.38537248109852
COL,Colombia,1969,131638962.82354,2.05492415707552
COL,Colombia,1970,162662459.131057,2.25954658431875
COL,Colombia,1971,263898574.646672,3.37417409711976
COL,Colombia,1972,170587589.638519,1.96719582300512
COL,Colombia,1973,173879934.001777,1.69024510610298
COL,Colombia,1974,194904101.810536,1.57578013524412
COL,Colombia,1975,227942151.191927,1.74026807533756
COL,Colombia,1976,229146910.551999,1.49360287072351
COL,Colombia,1977,280082338.769106,1.43848721422287
COL,Colombia,1978,360663621.062755,1.55031940977911
COL,Colombia,1979,467687274.675792,1.67392876970441
COL,Colombia,1980,611248236.580563,1.83012164926257
COL,Colombia,1981,638643433.259008,1.75512036191792
COL,Colombia,1982,667866120.930581,1.71385095903576
COL,Colombia,1983,859813605.599187,2.21993752742179
COL,Colombia,1984,889730898.558775,2.32589496393177
COL,Colombia,1985,716735060.992748,2.05401660934215
COL,Colombia,1986,679498200.874082,1.94461959115846
COL,Colombia,1987,721331206.436748,1.98313541641877
COL,Colombia,1988,862374404.192878,2.19924475548319
COL,Colombia,1989,865205662.784133,2.18818380743982
COL,Colombia,1990,889979074.541223,1.86015929954807
COL,Colombia,1991,911467589.191922,1.85348178319724
COL,Colombia,1992,1102357226.95915,2.10667794255338
COL,Colombia,1993,1529432893.23516,2.52526701829097
COL,Colombia,1994,2005122887.75573,2.50840701347047
COL,Colombia,1995,2619338187.12438,2.83162658057701
COL,Colombia,1996,4318552315.54274,4.44539325396431
COL,Colombia,1997,2988711260.69275,2.80178788575936
COL,Colombia,1998,3389806737.53892,3.44098574204708
COL,Colombia,1999,3247296766.36887,3.76274205786296
COL,Colombia,2000,3027922793.23722,3.03168353865852
COL,Colombia,2001,3264438192.23092,3.32387281880532
COL,Colombia,2002,3347522601.66757,3.41712762358197
COL,Colombia,2003,3278369502.89299,3.46398869081496
COL,Colombia,2004,4056896991.18546,3.46501517406307
COL,Colombia,2005,4914190181.96076,3.37467969392646
COL,Colombia,2006,5326664238.46108,3.29582499135229
COL,Colombia,2007,6775762766.50516,3.28630170949445
COL,Colombia,2008,9051130501.95405,3.73724698565115
COL,Colombia,2009,9033202672.52324,3.88696383706353
COL,Colombia,2010,10422054493.6452,3.63691504613462
COL,Colombia,2011,10306578505.9573,3.07710698956258
COL,Colombia,2012,11706271912.7386,3.15600586340429
COL,Colombia,2013,12503812627.422,3.27226285651869
COL,Colombia,2014,11845950895.3824,3.10825884811044
COL,Colombia,2015,9127165374.88958,3.10996008410671
COL,Colombia,2016,8675980822.76398,3.07113102611539
COL,Colombia,2017,10018029817.5824,3.20809672439436
COL,Colombia,2018,10134719590.5505,3.0332327385044
COL,Colombia,2019,10167547855.5704,3.14565669372153
COL,Colombia,2020,9554131505.35102,3.53440413219336
COL,Colombia,2021,10180134292.0766,3.1957582534691
COL,Colombia,2022,9661013161.74645,2.79798282722927
COL,Colombia,2023,10779238341.5916,2.96545217971359
COL,Colombia,2024,15096259111.9062,3.35903368303836
COL,Colombia,2025,,
COM,Comoros,1960,,
COM,Comoros,1961,,
COM,Comoros,1962,,
COM,Comoros,1963,,
COM,Comoros,1964,,
COM,Comoros,1965,,
COM,Comoros,1966,,
COM,Comoros,1967,,
COM,Comoros,1968,,
COM,Comoros,1969,,
COM,Comoros,1970,,
COM,Comoros,1971,,
COM,Comoros,1972,,
COM,Comoros,1973,,
COM,Comoros,1974,,
COM,Comoros,1975,,
COM,Comoros,1976,,
COM,Comoros,1977,,
COM,Comoros,1978,,
COM,Comoros,1979,,
COM,Comoros,1980,,
COM,Comoros,1981,,
COM,Comoros,1982,,
COM,Comoros,1983,,
COM,Comoros,1984,,
COM,Comoros,1985,,
COM,Comoros,1986,,
COM,Comoros,1987,,
COM,Comoros,1988,,
COM,Comoros,1989,,
COM,Comoros,1990,,
COM,Comoros,1991,,
COM,Comoros,1992,,
COM,Comoros,1993,,
COM,Comoros,1994,,
COM,Comoros,1995,,
COM,Comoros,1996,,
COM,Comoros,1997,,
COM,Comoros,1998,,
COM,Comoros,1999,,
COM,Comoros,2000,,
COM,Comoros,2001,,
COM,Comoros,2002,,
COM,Comoros,2003,,
COM,Comoros,2004,,
COM,Comoros,2005,,
COM,Comoros,2006,,
COM,Comoros,2007,,
COM,Comoros,2008,,
COM,Comoros,2009,,
COM,Comoros,2010,,
COM,Comoros,2011,,
COM,Comoros,2012,,
COM,Comoros,2013,,
COM,Comoros,2014,,
COM,Comoros,2015,,
COM,Comoros,2016,,
COM,Comoros,2017,,
COM,Comoros,2018,,
COM,Comoros,2019,,
COM,Comoros,2020,,
COM,Comoros,2021,,
COM,Comoros,2022,,
COM,Comoros,2023,,
COM,Comoros,2024,,
COM,Comoros,2025,,
CPV,Cabo Verde,1960,,
CPV,Cabo Verde,1961,,
CPV,Cabo Verde,1962,,
CPV,Cabo Verde,1963,,
CPV,Cabo Verde,1964,,
CPV,Cabo Verde,1965,,
CPV,Cabo Verde,1966,,
CPV,Cabo Verde,1967,,
CPV,Cabo Verde,1968,,
CPV,Cabo Verde,1969,,
CPV,Cabo Verde,1970,,
CPV,Cabo Verde,1971,,
CPV,Cabo Verde,1972,,
CPV,Cabo Verde,1973,,
CPV,Cabo Verde,1974,,
CPV,Cabo Verde,1975,,
CPV,Cabo Verde,1976,,
CPV,Cabo Verde,1977,,
CPV,Cabo Verde,1978,,
CPV,Cabo Verde,1979,,
CPV,Cabo Verde,1980,,
CPV,Cabo Verde,1981,,
CPV,Cabo Verde,1982,,
CPV,Cabo Verde,1983,,
CPV,Cabo Verde,1984,3687650.14214536,2.79239896511732
CPV,Cabo Verde,1985,3394021.93782283,2.4634443863568
CPV,Cabo Verde,1986,4454431.91020264,2.3355314806092
CPV,Cabo Verde,1987,4967860.70118594,2.10367617411426
CPV,Cabo Verde,1988,5078572.17192216,1.91388560611607
CPV,Cabo Verde,1989,,
CPV,Cabo Verde,1990,,
CPV,Cabo Verde,1991,,
CPV,Cabo Verde,1992,3557902.66048787,0.992592471063058
CPV,Cabo Verde,1993,2735413.40800183,0.756580531119533
CPV,Cabo Verde,1994,3431398.8872987,0.838878589489836
CPV,Cabo Verde,1995,6206630.03410394,1.26508085113154
CPV,Cabo Verde,1996,4261939.78799271,0.8441753102704
CPV,Cabo Verde,1997,4099737.38069711,0.831007455137562
CPV,Cabo Verde,1998,4513154.87863892,0.858540442487481
CPV,Cabo Verde,1999,5004734.20803463,0.838543201162953
CPV,Cabo Verde,2000,6801072.79821535,1.15402591313906
CPV,Cabo Verde,2001,4638556.1722985,0.753615197231365
CPV,Cabo Verde,2002,4520858.93759388,0.665480290001653
CPV,Cabo Verde,2003,5782831.64283594,0.648753558764804
CPV,Cabo Verde,2004,6452150.49162459,0.63097843761799
CPV,Cabo Verde,2005,7082416.5475926,0.649497233340122
CPV,Cabo Verde,2006,6985154.83949502,0.564741208222978
CPV,Cabo Verde,2007,7943659.59432723,0.481259814269355
CPV,Cabo Verde,2008,10758715.9680387,0.54860127368837
CPV,Cabo Verde,2009,8402927.29263226,0.449908484432209
CPV,Cabo Verde,2010,8239369.29189467,0.451425943343675
CPV,Cabo Verde,2011,9757536.56239718,0.476996486976338
CPV,Cabo Verde,2012,9736385.83866217,0.506009716198007
CPV,Cabo Verde,2013,9815671.63454704,0.48366416567439
CPV,Cabo Verde,2014,10048862.0699012,0.492596173932618
CPV,Cabo Verde,2015,8922219.45508732,0.510089039086437
CPV,Cabo Verde,2016,10171216.502214,0.550048040403016
CPV,Cabo Verde,2017,9354384.16628162,0.470518534467026
CPV,Cabo Verde,2018,10714071.127336,0.485896540748011
CPV,Cabo Verde,2019,9728061.08978655,0.431864983823163
CPV,Cabo Verde,2020,11279268.103582,0.618818770532046
CPV,Cabo Verde,2021,11213723.4293559,0.546659834120196
CPV,Cabo Verde,2022,10250668.2732186,0.456081005090828
CPV,Cabo Verde,2023,14353938.3205322,0.566494134671967
CPV,Cabo Verde,2024,16827224.9254434,0.623903407592831
CPV,Cabo Verde,2025,,
CRI,Costa Rica,1960,0.0,
CRI,Costa Rica,1961,0.0,
CRI,Costa Rica,1962,0.0,
CRI,Costa Rica,1963,0.0,
CRI,Costa Rica,1964,0.0,
CRI,Costa Rica,1965,0.0,
CRI,Costa Rica,1966,0.0,
CRI,Costa Rica,1967,0.0,
CRI,Costa Rica,1968,0.0,
CRI,Costa Rica,1969,0.0,
CRI,Costa Rica,1970,0.0,
CRI,Costa Rica,1971,0.0,
CRI,Costa Rica,1972,0.0,
CRI,Costa Rica,1973,0.0,
CRI,Costa Rica,1974,0.0,
CRI,Costa Rica,1975,0.0,
CRI,Costa Rica,1976,0.0,
CRI,Costa Rica,1977,0.0,
CRI,Costa Rica,1978,0.0,
CRI,Costa Rica,1979,0.0,
CRI,Costa Rica,1980,0.0,
CRI,Costa Rica,1981,0.0,
CRI,Costa Rica,1982,0.0,
CRI,Costa Rica,1983,0.0,
CRI,Costa Rica,1984,0.0,
CRI,Costa Rica,1985,0.0,
CRI,Costa Rica,1986,0.0,
CRI,Costa Rica,1987,0.0,
CRI,Costa Rica,1988,0.0,
CRI,Costa Rica,1989,0.0,
CRI,Costa Rica,1990,0.0,
CRI,Costa Rica,1991,0.0,
CRI,Costa Rica,1992,0.0,
CRI,Costa Rica,1993,0.0,
CRI,Costa Rica,1994,0.0,
CRI,Costa Rica,1995,0.0,
CRI,Costa Rica,1996,0.0,
CRI,Costa Rica,1997,0.0,
CRI,Costa Rica,1998,0.0,
CRI,Costa Rica,1999,0.0,
CRI,Costa Rica,2000,0.0,
CRI,Costa Rica,2001,0.0,
CRI,Costa Rica,2002,0.0,
CRI,Costa Rica,2003,0.0,
CRI,Costa Rica,2004,0.0,
CRI,Costa Rica,2005,0.0,
CRI,Costa Rica,2006,0.0,
CRI,Costa Rica,2007,0.0,
CRI,Costa Rica,2008,0.0,
CRI,Costa Rica,2009,0.0,
CRI,Costa Rica,2010,0.0,
CRI,Costa Rica,2011,0.0,
CRI,Costa Rica,2012,0.0,
CRI,Costa Rica,2013,0.0,
CRI,Costa Rica,2014,0.0,
CRI,Costa Rica,2015,0.0,
CRI,Costa Rica,2016,0.0,
CRI,Costa Rica,2017,0.0,
CRI,Costa Rica,2018,0.0,
CRI,Costa Rica,2019,0.0,
CRI,Costa Rica,2020,0.0,
CRI,Costa Rica,2021,0.0,
CRI,Costa Rica,2022,0.0,
CRI,Costa Rica,2023,0.0,
CRI,Costa Rica,2024,0.0,
CRI,Costa Rica,2025,,
CUB,Cuba,1960,,
CUB,Cuba,1961,,
CUB,Cuba,1962,,
CUB,Cuba,1963,,
CUB,Cuba,1964,,
CUB,Cuba,1965,,
CUB,Cuba,1966,,
CUB,Cuba,1967,,
CUB,Cuba,1968,,
CUB,Cuba,1969,,
CUB,Cuba,1970,,
CUB,Cuba,1971,,
CUB,Cuba,1972,,
CUB,Cuba,1973,,
CUB,Cuba,1974,,
CUB,Cuba,1975,,
CUB,Cuba,1976,,
CUB,Cuba,1977,,
CUB,Cuba,1978,0.0,
CUB,Cuba,1979,0.0,
CUB,Cuba,1980,0.0,
CUB,Cuba,1981,0.0,
CUB,Cuba,1982,0.0,
CUB,Cuba,1983,0.0,
CUB,Cuba,1984,0.0,
CUB,Cuba,1985,0.0,
CUB,Cuba,1986,0.0,
CUB,Cuba,1987,0.0,
CUB,Cuba,1988,0.0,
CUB,Cuba,1989,0.0,
CUB,Cuba,1990,0.0,
CUB,Cuba,1991,0.0,
CUB,Cuba,1992,,
CUB,Cuba,1993,0.0,
CUB,Cuba,1994,,
CUB,Cuba,1995,,
CUB,Cuba,1996,,
CUB,Cuba,1997,,
CUB,Cuba,1998,,
CUB,Cuba,1999,,
CUB,Cuba,2000,,
CUB,Cuba,2001,,
CUB,Cuba,2002,,
CUB,Cuba,2003,296933962.264151,
CUB,Cuba,2004,62047619.047619,
CUB,Cuba,2005,78557142.8571429,
CUB,Cuba,2006,76587443.9461883,
CUB,Cuba,2007,83365638.7665198,
CUB,Cuba,2008,89057268.722467,
CUB,Cuba,2009,92462555.0660793,3.38096005154639
CUB,Cuba,2010,94277533.0396476,3.32685611242383
CUB,Cuba,2011,93744493.3920705,3.08450500072474
CUB,Cuba,2012,126872246.696035,3.93759997812444
CUB,Cuba,2013,119383259.911894,3.51272878104423
CUB,Cuba,2014,125638766.519824,3.53600476096013
CUB,Cuba,2015,118370044.052863,3.08379144526184
CUB,Cuba,2016,123658947.448659,3.07218792501319
CUB,Cuba,2017,122552919.006641,2.87240323946139
CUB,Cuba,2018,128609126.95598,2.87620737245072
CUB,Cuba,2019,,
CUB,Cuba,2020,,
CUB,Cuba,2021,,
CUB,Cuba,2022,,
CUB,Cuba,2023,,
CUB,Cuba,2024,,
CUB,Cuba,2025,,
CUW,Curacao,1960,,
CUW,Curacao,1961,,
CUW,Curacao,1962,,
CUW,Curacao,1963,,
CUW,Curacao,1964,,
CUW,Curacao,1965,,
CUW,Curacao,1966,,
CUW,Curacao,1967,,
CUW,Curacao,1968,,
CUW,Curacao,1969,,
CUW,Curacao,1970,,
CUW,Curacao,1971,,
CUW,Curacao,1972,,
CUW,Curacao,1973,,
CUW,Curacao,1974,,
CUW,Curacao,1975,,
CUW,Curacao,1976,,
CUW,Curacao,1977,,
CUW,Curacao,1978,,
CUW,Curacao,1979,,
CUW,Curacao,1980,,
CUW,Curacao,1981,,
CUW,Curacao,1982,,
CUW,Curacao,1983,,
CUW,Curacao,1984,,
CUW,Curacao,1985,,
CUW,Curacao,1986,,
CUW,Curacao,1987,,
CUW,Curacao,1988,,
CUW,Curacao,1989,,
CUW,Curacao,1990,,
CUW,Curacao,1991,,
CUW,Curacao,1992,,
CUW,Curacao,1993,,
CUW,Curacao,1994,,
CUW,Curacao,1995,,
CUW,Curacao,1996,,
CUW,Curacao,1997,,
CUW,Curacao,1998,,
CUW,Curacao,1999,,
CUW,Curacao,2000,,
CUW,Curacao,2001,,
CUW,Curacao,2002,,
CUW,Curacao,2003,,
CUW,Curacao,2004,,
CUW,Curacao,2005,,
CUW,Curacao,2006,,
CUW,Curacao,2007,,
CUW,Curacao,2008,,
CUW,Curacao,2009,,
CUW,Curacao,2010,,
CUW,Curacao,2011,,
CUW,Curacao,2012,,
CUW,Curacao,2013,,
CUW,Curacao,2014,,
CUW,Curacao,2015,,
CUW,Curacao,2016,,
CUW,Curacao,2017,,
CUW,Curacao,2018,,
CUW,Curacao,2019,,
CUW,Curacao,2020,,
CUW,Curacao,2021,,
CUW,Curacao,2022,,
CUW,Curacao,2023,,
CUW,Curacao,2024,,
CUW,Curacao,2025,,
CYM,Cayman Islands,1960,,
CYM,Cayman Islands,1961,,
CYM,Cayman Islands,1962,,
CYM,Cayman Islands,1963,,
CYM,Cayman Islands,1964,,
CYM,Cayman Islands,1965,,
CYM,Cayman Islands,1966,,
CYM,Cayman Islands,1967,,
CYM,Cayman Islands,1968,,
CYM,Cayman Islands,1969,,
CYM,Cayman Islands,1970,,
CYM,Cayman Islands,1971,,
CYM,Cayman Islands,1972,,
CYM,Cayman Islands,1973,,
CYM,Cayman Islands,1974,,
CYM,Cayman Islands,1975,,
CYM,Cayman Islands,1976,,
CYM,Cayman Islands,1977,,
CYM,Cayman Islands,1978,,
CYM,Cayman Islands,1979,,
CYM,Cayman Islands,1980,,
CYM,Cayman Islands,1981,,
CYM,Cayman Islands,1982,,
CYM,Cayman Islands,1983,,
CYM,Cayman Islands,1984,,
CYM,Cayman Islands,1985,,
CYM,Cayman Islands,1986,,
CYM,Cayman Islands,1987,,
CYM,Cayman Islands,1988,,
CYM,Cayman Islands,1989,,
CYM,Cayman Islands,1990,,
CYM,Cayman Islands,1991,,
CYM,Cayman Islands,1992,,
CYM,Cayman Islands,1993,,
CYM,Cayman Islands,1994,,
CYM,Cayman Islands,1995,,
CYM,Cayman Islands,1996,,
CYM,Cayman Islands,1997,,
CYM,Cayman Islands,1998,,
CYM,Cayman Islands,1999,,
CYM,Cayman Islands,2000,,
CYM,Cayman Islands,2001,,
CYM,Cayman Islands,2002,,
CYM,Cayman Islands,2003,,
CYM,Cayman Islands,2004,,
CYM,Cayman Islands,2005,,
CYM,Cayman Islands,2006,,
CYM,Cayman Islands,2007,,
CYM,Cayman Islands,2008,,
CYM,Cayman Islands,2009,,
CYM,Cayman Islands,2010,,
CYM,Cayman Islands,2011,,
CYM,Cayman Islands,2012,,
CYM,Cayman Islands,2013,,
CYM,Cayman Islands,2014,,
CYM,Cayman Islands,2015,,
CYM,Cayman Islands,2016,,
CYM,Cayman Islands,2017,,
CYM,Cayman Islands,2018,,
CYM,Cayman Islands,2019,,
CYM,Cayman Islands,2020,,
CYM,Cayman Islands,2021,,
CYM,Cayman Islands,2022,,
CYM,Cayman Islands,2023,,
CYM,Cayman Islands,2024,,
CYM,Cayman Islands,2025,,
CYP,Cyprus,1960,,
CYP,Cyprus,1961,,
CYP,Cyprus,1962,,
CYP,Cyprus,1963,,
CYP,Cyprus,1964,,
CYP,Cyprus,1965,,
CYP,Cyprus,1966,,
CYP,Cyprus,1967,,
CYP,Cyprus,1968,,
CYP,Cyprus,1969,,
CYP,Cyprus,1970,,
CYP,Cyprus,1971,,
CYP,Cyprus,1972,,
CYP,Cyprus,1973,,
CYP,Cyprus,1974,,
CYP,Cyprus,1975,,
CYP,Cyprus,1976,,
CYP,Cyprus,1977,,
CYP,Cyprus,1978,,
CYP,Cyprus,1979,,
CYP,Cyprus,1980,,
CYP,Cyprus,1981,,
CYP,Cyprus,1982,,
CYP,Cyprus,1983,,
CYP,Cyprus,1984,,
CYP,Cyprus,1985,30737332.9129284,1.2702916956171
CYP,Cyprus,1986,48729244.323958,1.57715789858516
CYP,Cyprus,1987,199500731.141773,5.39147769754872
CYP,Cyprus,1988,243815864.399297,5.70025602914459
CYP,Cyprus,1989,244995663.322357,5.36935509753425
CYP,Cyprus,1990,411409063.265004,7.3740356129737
CYP,Cyprus,1991,418387368.734114,7.26477612246644
CYP,Cyprus,1992,630127106.011074,9.12928604418491
CYP,Cyprus,1993,268277271.620148,4.07495260499477
CYP,Cyprus,1994,298469126.876729,4.02398919595774
CYP,Cyprus,1995,298833385.510591,3.04103421492608
CYP,Cyprus,1996,448075909.330522,4.52471482889734
CYP,Cyprus,1997,534141188.663451,5.573910769889
CYP,Cyprus,1998,483748645.108205,4.67631794591642
CYP,Cyprus,1999,289970366.968818,2.73385096955161
CYP,Cyprus,2000,281160374.253609,2.82209015133954
CYP,Cyprus,2001,327627160.291588,3.15322215947894
CYP,Cyprus,2002,242483490.995524,2.1301607353618
CYP,Cyprus,2003,288427605.802032,1.98516312435716
CYP,Cyprus,2004,338474566.321656,1.9557691617927
CYP,Cyprus,2005,380875028.849392,2.03746974323698
CYP,Cyprus,2006,387703671.961883,1.8999978625024
CYP,Cyprus,2007,405176368.466016,1.68459965831751
CYP,Cyprus,2008,453803054.161936,1.62970494449745
CYP,Cyprus,2009,471352781.092544,1.81681950779024
CYP,Cyprus,2010,477587428.563861,1.85292455056688
CYP,Cyprus,2011,479735318.444996,1.73783209097559
CYP,Cyprus,2012,414496321.441512,1.65475170209627
CYP,Cyprus,2013,384925361.045941,1.60700908951525
CYP,Cyprus,2014,357806822.598924,1.54260195978916
CYP,Cyprus,2015,327891760.008872,1.64766762744388
CYP,Cyprus,2016,295355009.95355,1.40455761221209
CYP,Cyprus,2017,359061651.016244,1.56810293907547
CYP,Cyprus,2018,450408979.851988,1.74983319036456
CYP,Cyprus,2019,463613972.234662,1.76959353705638
CYP,Cyprus,2020,483415023.367149,1.89553437845021
CYP,Cyprus,2021,541804635.761589,1.78406744246115
CYP,Cyprus,2022,532512389.879425,1.72118847605333
CYP,Cyprus,2023,558878310.811103,1.6506068333336
CYP,Cyprus,2024,598185755.607045,1.64735214954921
CYP,Cyprus,2025,,
CZE,Czechia,1960,,
CZE,Czechia,1961,,
CZE,Czechia,1962,,
CZE,Czechia,1963,,
CZE,Czechia,1964,,
CZE,Czechia,1965,,
CZE,Czechia,1966,,
CZE,Czechia,1967,,
CZE,Czechia,1968,,
CZE,Czechia,1969,,
CZE,Czechia,1970,,
CZE,Czechia,1971,,
CZE,Czechia,1972,,
CZE,Czechia,1973,,
CZE,Czechia,1974,,
CZE,Czechia,1975,,
CZE,Czechia,1976,,
CZE,Czechia,1977,,
CZE,Czechia,1978,,
CZE,Czechia,1979,,
CZE,Czechia,1980,,
CZE,Czechia,1981,,
CZE,Czechia,1982,,
CZE,Czechia,1983,,
CZE,Czechia,1984,,
CZE,Czechia,1985,,
CZE,Czechia,1986,,
CZE,Czechia,1987,,
CZE,Czechia,1988,,
CZE,Czechia,1989,,
CZE,Czechia,1990,,
CZE,Czechia,1991,,
CZE,Czechia,1992,,
CZE,Czechia,1993,815585466.91913,2.3304040663427
CZE,Czechia,1994,938252776.610121,2.28340085763757
CZE,Czechia,1995,1065352458.67667,1.75885533074022
CZE,Czechia,1996,1123923830.99588,1.65758607725057
CZE,Czechia,1997,988324331.827474,1.5803034972859
CZE,Czechia,1998,1166099773.24263,1.73559766220785
CZE,Czechia,1999,1205931869.98831,1.83868741109923
CZE,Czechia,2000,1157294084.7289,1.86147018377297
CZE,Czechia,2001,1182519922.28272,1.73552829284443
CZE,Czechia,2002,1494390396.62782,1.80901146474017
CZE,Czechia,2003,1885706689.35446,1.87752210665196
CZE,Czechia,2004,2042085930.62981,1.69964346518547
CZE,Czechia,2005,2439538514.19603,1.7772578503284
CZE,Czechia,2006,2449963709.7488,1.56811468416419
CZE,Czechia,2007,2707677752.20881,1.4247883319863
CZE,Czechia,2008,2918695853.37137,1.23408817792114
CZE,Czechia,2009,2718559513.1931,1.31349218921279
CZE,Czechia,2010,2497902954.71325,1.18289778802227
CZE,Czechia,2011,2474313259.0035,1.06914296806992
CZE,Czechia,2012,2220610394.58562,1.05560770651415
CZE,Czechia,2013,2148784401.09143,1.00870446252121
CZE,Czechia,2014,2022883295.19451,0.959115722257081
CZE,Czechia,2015,1779887189.3897,0.941202924537164
CZE,Czechia,2016,1954935000.04528,0.986634400365061
CZE,Czechia,2017,2077722060.82334,0.943984411925526
CZE,Czechia,2018,2710017583.30521,1.07552668819544
CZE,Czechia,2019,2910252496.6203,1.13323967641325
CZE,Czechia,2020,3252505061.81881,1.295406324775
CZE,Czechia,2021,3935630965.0053,1.35325325729994
CZE,Czechia,2022,4005428325.66409,1.32690210545667
CZE,Czechia,2023,5056277310.0528,1.47176821017418
CZE,Czechia,2024,6524946704.27873,1.91680849222604
CZE,Czechia,2025,,
DEU,Germany,1960,2702616481.21569,3.75239529712865
DEU,Germany,1961,3060506359.6122,3.72257751371672
DEU,Germany,1962,4036564704.13694,4.47513526890496
DEU,Germany,1963,4666895693.05115,4.87658326540949
DEU,Germany,1964,4579989821.55102,4.36398517673384
DEU,Germany,1965,4664605079.67476,4.07211656897412
DEU,Germany,1966,4744318425.17304,3.89118320865712
DEU,Germany,1967,5014610803.58672,4.05878248265452
DEU,Germany,1968,4523054335.46755,3.3906038798747
DEU,Germany,1969,5126653891.66001,3.38287545977261
DEU,Germany,1970,5778355573.03669,2.99867169564358
DEU,Germany,1971,6798331031.27437,3.04603413911262
DEU,Germany,1972,8438787626.67015,3.15283099924127
DEU,Germany,1973,11185834257.9609,3.14497732538136
DEU,Germany,1974,12905125699.3054,3.24603091379624
DEU,Germany,1975,14314807557.4866,3.26800346106044
DEU,Germany,1976,14482403828.3736,3.12103802490174
DEU,Germany,1977,16213409804.0309,3.0242158535872
DEU,Germany,1978,20066376348.1417,3.03531502721566
DEU,Germany,1979,23215063114.2153,2.95044791851167
DEU,Germany,1980,25009350127.5413,2.94762841980312
DEU,Germany,1981,21638004993.8195,3.02778521542503
DEU,Germany,1982,20940094018.3628,3.02023629678599
DEU,Germany,1983,20731705900.1517,3.01294853266969
DEU,Germany,1984,18855835234.1935,2.91266607299653
DEU,Germany,1985,18665574264.4916,2.85409355351334
DEU,Germany,1986,25944594045.7651,2.77739964953778
DEU,Germany,1987,31982616436.1345,2.75945364827544
DEU,Germany,1988,32883592699.4186,2.62867334017811
DEU,Germany,1989,31485040895.2417,2.52069658026011
DEU,Germany,1990,39650093949.6361,2.50676361181222
DEU,Germany,1991,37024379615.7476,1.97382250348754
DEU,Germany,1992,39319418649.1961,1.8360797299954
DEU,Germany,1993,34868224471.8466,1.6772597330503
DEU,Germany,1994,34039251428.098,1.5366036133542
DEU,Germany,1995,38563185777.7354,1.48727246874621
DEU,Germany,1996,36531135729.4786,1.45737175283167
DEU,Germany,1997,31122832250.9443,1.40270759051929
DEU,Germany,1998,31056200101.4714,1.38165698909139
DEU,Germany,1999,30547956346.0754,1.38034779906259
DEU,Germany,2000,26374817230.8916,1.34421581953972
DEU,Germany,2001,25695786941.5742,1.30789826898647
DEU,Germany,2002,27483419148.2877,1.31344033426945
DEU,Germany,2003,32844470563.0021,1.2986963477858
DEU,Germany,2004,35610804036.071,1.25072808117217
DEU,Germany,2005,35654287674.7157,1.23275583821682
DEU,Germany,2006,35883657972.6799,1.17898651377886
DEU,Germany,2007,40110859276.4132,1.15279236258074
DEU,Germany,2008,45098956311.5685,1.1888700534429
DEU,Germany,2009,44528927835.6531,1.2847898688108
DEU,Germany,2010,43025915011.688,1.24181027958074
DEU,Germany,2011,45163212878.2034,1.18233731589884
DEU,Germany,2012,43798225349.2896,1.21725965761789
DEU,Germany,2013,44242647302.8936,1.16213791467872
DEU,Germany,2014,44662831167.6836,1.12769949450115
DEU,Germany,2015,38170021071.3098,1.11541840455009
DEU,Germany,2016,39909678594.2478,1.12912506140277
DEU,Germany,2017,42281112684.641,1.13126090102098
DEU,Germany,2018,46497675955.7617,1.14814145777047
DEU,Germany,2019,49079444693.2378,1.24014846331417
DEU,Germany,2020,53318705117.9756,1.35598993512329
DEU,Germany,2021,56513126773.8884,1.29982374349238
DEU,Germany,2022,56153121239.9135,1.35030514561756
DEU,Germany,2023,67285198637.8624,1.48796332620564
DEU,Germany,2024,88458476389.5109,1.89190377205494
DEU,Germany,2025,,
DJI,Djibouti,1960,,
DJI,Djibouti,1961,,
DJI,Djibouti,1962,,
DJI,Djibouti,1963,,
DJI,Djibouti,1964,,
DJI,Djibouti,1965,,
DJI,Djibouti,1966,,
DJI,Djibouti,1967,,
DJI,Djibouti,1968,,
DJI,Djibouti,1969,,
DJI,Djibouti,1970,,
DJI,Djibouti,1971,,
DJI,Djibouti,1972,,
DJI,Djibouti,1973,,
DJI,Djibouti,1974,,
DJI,Djibouti,1975,,
DJI,Djibouti,1976,,
DJI,Djibouti,1977,,
DJI,Djibouti,1978,45014.376466484,0.0209424083769634
DJI,Djibouti,1979,45014.376466484,0.0175054704595186
DJI,Djibouti,1980,1817455.44983429,0.535539601744234
DJI,Djibouti,1981,5351084.00245328,1.41532600122037
DJI,Djibouti,1982,29608206.1208298,7.4850640113798
DJI,Djibouti,1983,30902369.4442413,7.65969316596932
DJI,Djibouti,1984,31133068.123632,
DJI,Djibouti,1985,31391900.7883143,
DJI,Djibouti,1986,30604149.2001508,
DJI,Djibouti,1987,30817967.4883666,
DJI,Djibouti,1988,31059919.761874,
DJI,Djibouti,1989,31088053.7471655,
DJI,Djibouti,1990,31116187.7324571,
DJI,Djibouti,1991,31774522.9882794,6.65088450757308
DJI,Djibouti,1992,33625739.2204635,6.76002805366394
DJI,Djibouti,1993,31065546.5589323,6.15873724134084
DJI,Djibouti,1994,30711058.3442587,5.75744469878374
DJI,Djibouti,1995,29608206.1208298,5.79164602938749
DJI,Djibouti,1996,24527208.3771755,5.08047879345913
DJI,Djibouti,1997,26552855.3181672,5.47498607759421
DJI,Djibouti,1998,26704778.8387416,5.6508745401074
DJI,Djibouti,1999,26779052.5599113,5.47808971304258
DJI,Djibouti,2000,26025061.7540977,5.06910119132427
DJI,Djibouti,2001,26048131.6220368,
DJI,Djibouti,2002,33250994.5363801,
DJI,Djibouti,2003,41763775.805898,
DJI,Djibouti,2004,37355742.9904176,5.60717905405405
DJI,Djibouti,2005,44847260.5938522,4.50775678258952
DJI,Djibouti,2006,49515814.1131324,4.58763424043374
DJI,Djibouti,2007,34518711.9136174,2.90107489253439
DJI,Djibouti,2008,36274835.2755161,2.62758252462798
DJI,Djibouti,2009,,
DJI,Djibouti,2010,,
DJI,Djibouti,2011,,
DJI,Djibouti,2012,,
DJI,Djibouti,2013,,
DJI,Djibouti,2014,,
DJI,Djibouti,2015,,
DJI,Djibouti,2016,,
DJI,Djibouti,2017,,
DJI,Djibouti,2018,,
DJI,Djibouti,2019,,
DJI,Djibouti,2020,,
DJI,Djibouti,2021,,
DJI,Djibouti,2022,,
DJI,Djibouti,2023,,
DJI,Djibouti,2024,,
DJI,Djibouti,2025,,
DMA,Dominica,1960,,
DMA,Dominica,1961,,
DMA,Dominica,1962,,
DMA,Dominica,1963,,
DMA,Dominica,1964,,
DMA,Dominica,1965,,
DMA,Dominica,1966,,
DMA,Dominica,1967,,
DMA,Dominica,1968,,
DMA,Dominica,1969,,
DMA,Dominica,1970,,
DMA,Dominica,1971,,
DMA,Dominica,1972,,
DMA,Dominica,1973,,
DMA,Dominica,1974,,
DMA,Dominica,1975,,
DMA,Dominica,1976,,
DMA,Dominica,1977,,
DMA,Dominica,1978,,
DMA,Dominica,1979,,
DMA,Dominica,1980,,
DMA,Dominica,1981,,
DMA,Dominica,1982,,
DMA,Dominica,1983,,
DMA,Dominica,1984,,
DMA,Dominica,1985,,
DMA,Dominica,1986,,
DMA,Dominica,1987,,
DMA,Dominica,1988,,
DMA,Dominica,1989,,
DMA,Dominica,1990,,
DMA,Dominica,1991,,
DMA,Dominica,1992,,
DMA,Dominica,1993,,
DMA,Dominica,1994,,
DMA,Dominica,1995,,
DMA,Dominica,1996,,
DMA,Dominica,1997,,
DMA,Dominica,1998,,
DMA,Dominica,1999,,
DMA,Dominica,2000,,
DMA,Dominica,2001,,
DMA,Dominica,2002,,
DMA,Dominica,2003,,
DMA,Dominica,2004,,
DMA,Dominica,2005,,
DMA,Dominica,2006,,
DMA,Dominica,2007,,
DMA,Dominica,2008,,
DMA,Dominica,2009,,
DMA,Dominica,2010,,
DMA,Dominica,2011,,
DMA,Dominica,2012,,
DMA,Dominica,2013,,
DMA,Dominica,2014,,
DMA,Dominica,2015,,
DMA,Dominica,2016,,
DMA,Dominica,2017,,
DMA,Dominica,2018,,
DMA,Dominica,2019,,
DMA,Dominica,2020,,
DMA,Dominica,2021,,
DMA,Dominica,2022,,
DMA,Dominica,2023,,
DMA,Dominica,2024,,
DMA,Dominica,2025,,
DNK,Denmark,1960,161137605.434377,2.72887755602413
DNK,Denmark,1961,170837712.859447,2.58681164503683
DNK,Denmark,1962,224550248.004239,3.01827310409247
DNK,Denmark,1963,239028020.280463,3.0415238937401
DNK,Denmark,1964,255387902.952597,2.84291447082145
DNK,Denmark,1965,285791224.732668,2.83213773314204
DNK,Denmark,1966,301137663.345466,2.63674969892882
DNK,Denmark,1967,323292901.356134,2.58821092365411
DNK,Denmark,1968,345466666.666667,2.67593414991841
DNK,Denmark,1969,352000000.0,2.39160763140253
DNK,Denmark,1970,395600000.0,2.42911996594156
DNK,Denmark,1971,430225386.933537,2.36222218936224
DNK,Denmark,1972,487244020.612178,2.17997334586636
DNK,Denmark,1973,581866269.939664,1.97580758328422
DNK,Denmark,1974,732087482.977571,2.23484393156229
DNK,Denmark,1975,931928334.624053,2.39724954226188
DNK,Denmark,1976,945240875.960708,2.204203184792
DNK,Denmark,1977,1063101451.06185,2.21630312859212
DNK,Denmark,1978,1322665931.65078,2.27182119452819
DNK,Denmark,1979,1529188589.15483,2.25152737235981
DNK,Denmark,1980,1617653843.01465,2.36309252270559
DNK,Denmark,1981,1446085209.66902,2.43866639204741
DNK,Denmark,1982,1400430126.10952,2.41989502520681
DNK,Denmark,1983,1374960497.49644,2.36474287605693
DNK,Denmark,1984,1259583260.91574,2.23547072552978
DNK,Denmark,1985,1259295609.82975,2.10467210710106
DNK,Denmark,1986,1647882397.58052,1.94481923668799
DNK,Denmark,1987,2141274092.44012,2.0316474834314
DNK,Denmark,1988,2320423440.13917,2.0874706324154
DNK,Denmark,1989,2183667160.04257,2.02422013695156
DNK,Denmark,1990,2649889473.4801,1.95075703504915
DNK,Denmark,1991,2671946670.50212,1.91975873946774
DNK,Denmark,1992,2837745376.59063,1.85515102127163
DNK,Denmark,1993,2682011246.24842,1.87408519061274
DNK,Denmark,1994,2718790041.74167,1.74260026232195
DNK,Denmark,1995,3117966146.47015,1.68675957369556
DNK,Denmark,1996,3086224944.68559,1.6461435449497
DNK,Denmark,1997,2804317082.69866,1.61872430785355
DNK,Denmark,1998,2846065338.17452,1.60907118109632
DNK,Denmark,1999,2784881254.0853,1.56553651572988
DNK,Denmark,2000,2392510831.18689,1.45846561683975
DNK,Denmark,2001,2525225824.9007,1.53154262127753
DNK,Denmark,2002,2694082493.21381,1.50685882049485
DNK,Denmark,2003,3199158427.7901,1.46466732860503
DNK,Denmark,2004,3578832460.36595,1.42024015449579
DNK,Denmark,2005,3468452919.92043,1.30811146758176
DNK,Denmark,2006,3896730667.68907,1.37505574678224
DNK,Denmark,2007,4175652589.23159,1.30402280174653
DNK,Denmark,2008,4788030120.84823,1.34882681237568
DNK,Denmark,2009,4337355690.401,1.34441225473678
DNK,Denmark,2010,4503492126.71228,1.39710181036952
DNK,Denmark,2011,4518590126.86474,1.3123392890178
DNK,Denmark,2012,4422458083.58423,1.35329314051826
DNK,Denmark,2013,4216647585.33628,1.22352490397164
DNK,Denmark,2014,4056861510.68455,1.1497978040996
DNK,Denmark,2015,3364047774.07406,1.11481302624419
DNK,Denmark,2016,3592727943.77381,1.15107146564238
DNK,Denmark,2017,3764033343.56355,1.1399854112558
DNK,Denmark,2018,4558690186.91182,1.28310489294024
DNK,Denmark,2019,4487779277.25296,1.29920660644454
DNK,Denmark,2020,4887155963.30275,1.37376885314973
DNK,Denmark,2021,5273695928.75318,1.29155763565745
DNK,Denmark,2022,5475015487.99119,1.36156457421085
DNK,Denmark,2023,8132606555.21382,1.99961332917573
DNK,Denmark,2024,9958899778.69112,2.41617454160591
DNK,Denmark,2025,,
DOM,Dominican Republic,1960,38300000.0,5.23152574784865
DOM,Dominican Republic,1961,36300000.0,5.229793977813
DOM,Dominican Republic,1962,38000000.0,4.31965442764579
DOM,Dominican Republic,1963,39000000.0,3.86521308225966
DOM,Dominican Republic,1964,42500000.0,3.78349505920057
DOM,Dominican Republic,1965,40200000.0,4.21207041072925
DOM,Dominican Republic,1966,37200000.0,3.46271991063949
DOM,Dominican Republic,1967,35800000.0,3.19186875891583
DOM,Dominican Republic,1968,37300000.0,3.24517139377066
DOM,Dominican Republic,1969,35600000.0,2.64782447006322
DOM,Dominican Republic,1970,35900000.0,2.41669471558398
DOM,Dominican Republic,1971,36600000.0,2.1962196219622
DOM,Dominican Republic,1972,39500000.0,1.98752138472376
DOM,Dominican Republic,1973,42000000.0,1.79127393696422
DOM,Dominican Republic,1974,57600000.0,1.96506550218341
DOM,Dominican Republic,1975,65900000.0,1.83101330888278
DOM,Dominican Republic,1976,76200000.0,1.92838162723017
DOM,Dominican Republic,1977,86500000.0,1.88572300582067
DOM,Dominican Republic,1978,103000000.0,2.17556606961811
DOM,Dominican Republic,1979,120000000.0,2.18229431876046
DOM,Dominican Republic,1980,105000000.0,1.58354321564842
DOM,Dominican Republic,1981,125000000.0,1.72012825276253
DOM,Dominican Republic,1982,126000000.0,1.58204007834865
DOM,Dominican Republic,1983,126000000.0,1.36650543348589
DOM,Dominican Republic,1984,139000000.0,1.19889598067966
DOM,Dominican Republic,1985,61042019.3985112,1.21005235068591
DOM,Dominican Republic,1986,82290924.2407027,1.34415405467726
DOM,Dominican Republic,1987,59327500.2861037,1.01813994179507
DOM,Dominican Republic,1988,47296368.7644376,0.880047487861676
DOM,Dominican Republic,1989,53517350.1577287,0.800367985280589
DOM,Dominican Republic,1990,47798904.4373805,0.67572938756657
DOM,Dominican Republic,1991,33894298.9505531,0.348155032228406
DOM,Dominican Republic,1992,63127240.8448279,0.559086816093422
DOM,Dominican Republic,1993,95993941.2108112,0.755070036358464
DOM,Dominican Republic,1994,100956679.660489,0.733765624039859
DOM,Dominican Republic,1995,84449968.3763072,0.549477867602509
DOM,Dominican Republic,1996,107001292.233531,0.633651609977827
DOM,Dominican Republic,1997,150664189.828608,0.796926406823975
DOM,Dominican Republic,1998,159053096.301731,0.780062374149808
DOM,Dominican Republic,1999,175000467.782275,0.81624388755279
DOM,Dominican Republic,2000,246810843.740481,1.03009647155323
DOM,Dominican Republic,2001,305900327.992638,1.21349605211345
DOM,Dominican Republic,2002,271663317.176971,1.05891921128922
DOM,Dominican Republic,2003,155802495.564486,0.764145027120822
DOM,Dominican Republic,2004,152878466.844661,0.687618052138186
DOM,Dominican Republic,2005,272200481.144258,0.766536371799736
DOM,Dominican Republic,2006,259240325.136752,0.683423360678412
DOM,Dominican Republic,2007,274775680.76273,0.62761905715381
DOM,Dominican Republic,2008,333538881.607062,0.699861657175699
DOM,Dominican Republic,2009,320855289.20837,0.667461170274579
DOM,Dominican Republic,2010,354856781.373805,0.6675317048534
DOM,Dominican Republic,2011,348559830.088199,0.602928060143009
DOM,Dominican Republic,2012,396187178.568069,0.653151461976632
DOM,Dominican Republic,2013,383380254.0656,0.611824773045351
DOM,Dominican Republic,2014,437572465.844162,0.651437855543241
DOM,Dominican Republic,2015,458007157.526361,0.643674978238558
DOM,Dominican Republic,2016,479722172.766986,0.63403055291349
DOM,Dominican Republic,2017,533073157.821471,0.6660634439633
DOM,Dominican Republic,2018,593678722.089905,0.693991110098086
DOM,Dominican Republic,2019,613299023.334698,0.689583054746984
DOM,Dominican Republic,2020,599052525.398084,0.746231922011371
DOM,Dominican Republic,2021,611467713.114467,0.647239948925026
DOM,Dominican Republic,2022,773360376.516256,0.679073001629194
DOM,Dominican Republic,2023,946425773.18119,0.779308679345321
DOM,Dominican Republic,2024,980991970.499619,0.782420068931067
DOM,Dominican Republic,2025,,
DZA,Algeria,1960,43143085.155943,1.61363636363636
DZA,Algeria,1961,45978780.8938923,1.92372881355932
DZA,Algeria,1962,,
DZA,Algeria,1963,66436300.1462409,2.5114854517611
DZA,Algeria,1964,99856999.9149291,3.49645390070922
DZA,Algeria,1965,105528391.390828,3.41863517060367
DZA,Algeria,1966,104515642.912989,3.51259360108918
DZA,Algeria,1967,99249350.8282257,3.01910043130006
DZA,Algeria,1968,99249350.8282257,2.61472785485592
DZA,Algeria,1969,99249350.8282257,2.38686735837108
DZA,Algeria,1970,98844251.4370901,2.13053918358437
DZA,Algeria,1971,99946261.0734758,2.08758503401361
DZA,Algeria,1972,109942841.328331,1.79584396646008
DZA,Algeria,1973,136757097.791798,1.68816199376947
DZA,Algeria,1974,260168630.030497,1.95766814852145
DZA,Algeria,1975,332252159.18327,2.13109429304577
DZA,Algeria,1976,480640373.503177,2.70172122848464
DZA,Algeria,1977,471669447.954548,2.24195045907314
DZA,Algeria,1978,627852442.068635,2.37522893772894
DZA,Algeria,1979,711681247.356142,2.13869586579631
DZA,Algeria,1980,890174464.813874,2.10206329573495
DZA,Algeria,1981,806569334.609262,1.81804887475257
DZA,Algeria,1982,932452707.749462,2.06309744064138
DZA,Algeria,1983,952430671.56699,1.95121325165132
DZA,Algeria,1984,929290821.271549,1.75512400703414
DZA,Algeria,1985,953299653.924182,1.64370689684736
DZA,Algeria,1986,1127103217.13537,1.78721366645198
DZA,Algeria,1987,1196971384.03296,1.85637627675836
DZA,Algeria,1988,1028611425.29633,1.74969874927024
DZA,Algeria,1989,854300945.251138,1.54012377856337
DZA,Algeria,1990,904269155.155841,1.46107058594342
DZA,Algeria,1991,565098062.567328,1.21083405924608
DZA,Algeria,1992,1053301642.69261,2.14013212989672
DZA,Algeria,1993,1276911083.12558,2.50563157717782
DZA,Algeria,1994,1334911647.6746,3.14643001210165
DZA,Algeria,1995,1234655191.58587,2.93502710736712
DZA,Algeria,1996,1452431007.74627,3.0940883958553
DZA,Algeria,1997,1752395277.54721,3.63740346813324
DZA,Algeria,1998,1910962052.4694,3.96567378793071
DZA,Algeria,1999,1826496569.97712,3.75507998270644
DZA,Algeria,2000,1881163649.11945,3.43339396144052
DZA,Algeria,2001,2091627274.4933,3.52046284697011
DZA,Algeria,2002,2100602520.77322,3.41471973103319
DZA,Algeria,2003,2206395762.00013,3.00262450946501
DZA,Algeria,2004,2802224794.13161,3.04875701211848
DZA,Algeria,2005,2924820166.95712,2.73228606749557
DZA,Algeria,2006,3093978245.36867,2.51370691443586
DZA,Algeria,2007,3945815125.46831,2.76932850304128
DZA,Algeria,2008,5172336907.04026,2.86740578765417
DZA,Algeria,2009,5280588155.94226,3.5129603834668
DZA,Algeria,2010,5671309117.30702,3.18998154667367
DZA,Algeria,2011,8652237040.00252,3.9628827473348
DZA,Algeria,2012,9326287144.03632,4.10589825804389
DZA,Algeria,2013,10161588239.1481,4.42382453876042
DZA,Algeria,2014,11863212527.8272,4.96487829782902
DZA,Algeria,2015,10407345244.3615,5.55074215961894
DZA,Algeria,2016,10217081699.5693,5.65271835420787
DZA,Algeria,2017,10073364021.3013,5.30711492252911
DZA,Algeria,2018,9583724288.3703,4.92992700311609
DZA,Algeria,2019,10303600575.2107,5.32695853750995
DZA,Algeria,2020,9708277440.22726,5.88614822110901
DZA,Algeria,2021,9112461105.34894,4.89003270596997
DZA,Algeria,2022,9145810174.20728,4.05748811460294
DZA,Algeria,2023,18263967968.2621,7.39039327356489
DZA,Algeria,2024,21811242555.0313,7.97145723551219
DZA,Algeria,2025,,
EAR,Early-demographic dividend,1960,2759458326.65729,2.1665216473909
EAR,Early-demographic dividend,1961,2603627004.06658,2.24099134676792
EAR,Early-demographic dividend,1962,3651600091.10194,2.79092527783548
EAR,Early-demographic dividend,1963,4584968644.83921,3.11663262102191
EAR,Early-demographic dividend,1964,5256098945.84167,3.05977271070866
EAR,Early-demographic dividend,1965,5933334004.13813,3.14788497637641
EAR,Early-demographic dividend,1966,5954668237.12336,3.11016311238025
EAR,Early-demographic dividend,1967,6367488919.03933,3.32712738293881
EAR,Early-demographic dividend,1968,7090933516.18376,3.37650279520401
EAR,Early-demographic dividend,1969,8089741306.8305,3.51997175286064
EAR,Early-demographic dividend,1970,9272461193.46299,3.88153268645218
EAR,Early-demographic dividend,1971,10148565007.287,3.83940124789104
EAR,Early-demographic dividend,1972,11070577416.326,3.76569692644234
EAR,Early-demographic dividend,1973,14789445134.5497,3.7669382641158
EAR,Early-demographic dividend,1974,21472480481.8092,4.04483778818668
EAR,Early-demographic dividend,1975,25929409558.2517,4.79266652228802
EAR,Early-demographic dividend,1976,30568412741.8817,4.96565939120668
EAR,Early-demographic dividend,1977,44641246460.4827,5.79961860389897
EAR,Early-demographic dividend,1978,48940484608.9258,5.62339356971094
EAR,Early-demographic dividend,1979,53396747308.5693,4.96163850881732
EAR,Early-demographic dividend,1980,62642216951.1528,4.47794883745885
EAR,Early-demographic dividend,1981,72445008088.6492,4.71047558518411
EAR,Early-demographic dividend,1982,74513574468.6989,5.3919147548424
EAR,Early-demographic dividend,1983,70372897676.0834,5.14311995215198
EAR,Early-demographic dividend,1984,70380199740.1248,5.00410091291541
EAR,Early-demographic dividend,1985,65878469676.2002,4.72052028081897
EAR,Early-demographic dividend,1986,53647897688.1822,3.94296469733545
EAR,Early-demographic dividend,1987,76247064639.821,4.60790370020538
EAR,Early-demographic dividend,1988,81023498630.2329,4.26083885916733
EAR,Early-demographic dividend,1989,72292252305.1208,3.82293342771551
EAR,Early-demographic dividend,1990,81017983325.518,3.57141213634861
EAR,Early-demographic dividend,1991,83560604141.4589,3.45806317151336
EAR,Early-demographic dividend,1992,85189121349.7869,3.07752566773176
EAR,Early-demographic dividend,1993,69599469269.508,2.95213154034776
EAR,Early-demographic dividend,1994,70292028291.3617,2.77717674711149
EAR,Early-demographic dividend,1995,71945207402.0449,2.71995888846777
EAR,Early-demographic dividend,1996,74764801175.4249,2.60885174671882
EAR,Early-demographic dividend,1997,85362107186.8571,2.72801465802168
EAR,Early-demographic dividend,1998,88047390854.0818,2.77233862170272
EAR,Early-demographic dividend,1999,90974280555.4984,2.61975663398225
EAR,Early-demographic dividend,2000,97813472488.1069,2.5145221277718
EAR,Early-demographic dividend,2001,98878306651.486,2.49961377109888
EAR,Early-demographic dividend,2002,90494252362.4162,2.46073620982764
EAR,Early-demographic dividend,2003,109731297648.595,2.41529415924132
EAR,Early-demographic dividend,2004,126362110233.022,2.35027914496305
EAR,Early-demographic dividend,2005,143421596982.334,2.3196915214072
EAR,Early-demographic dividend,2006,121707646365.02,2.23900999809364
EAR,Early-demographic dividend,2007,142916621670.479,2.2323878912231
EAR,Early-demographic dividend,2008,162047276742.033,2.21564632014826
EAR,Early-demographic dividend,2009,170670570564.478,2.50929911793193
EAR,Early-demographic dividend,2010,192152234189.083,2.29843682874406
EAR,Early-demographic dividend,2011,208669249055.578,2.17403408319242
EAR,Early-demographic dividend,2012,225521065481.283,2.26416134656599
EAR,Early-demographic dividend,2013,240796719321.048,2.38353324920221
EAR,Early-demographic dividend,2014,254431499226.66,2.55382594531241
EAR,Early-demographic dividend,2015,252110382015.032,2.61118156180197
EAR,Early-demographic dividend,2016,236146192601.092,2.40445869452777
EAR,Early-demographic dividend,2017,259336111486.841,2.43179415217375
EAR,Early-demographic dividend,2018,263833252698.351,2.3773939051556
EAR,Early-demographic dividend,2019,253740612311.054,2.32551880042625
EAR,Early-demographic dividend,2020,253200334882.17,2.48939848447338
EAR,Early-demographic dividend,2021,264377478885.624,2.24523459345173
EAR,Early-demographic dividend,2022,279567180471.086,2.1353866818957
EAR,Early-demographic dividend,2023,307426053789.414,2.2410056697285
EAR,Early-demographic dividend,2024,347317896826.461,2.37700649723052
EAR,Early-demographic dividend,2025,,
ECS,Europe & Central Asia,1960,,4.36317337562638
ECS,Europe & Central Asia,1961,,4.259071068934
ECS,Europe & Central Asia,1962,,4.44139941427671
ECS,Europe & Central Asia,1963,,4.39466349815036
ECS,Europe & Central Asia,1964,,4.1841579566745
ECS,Europe & Central Asia,1965,,4.02942566547739
ECS,Europe & Central Asia,1966,,3.9493222150203
ECS,Europe & Central Asia,1967,,3.9360456162959
ECS,Europe & Central Asia,1968,,3.67169725354102
ECS,Europe & Central Asia,1969,,3.46158823861064
ECS,Europe & Central Asia,1970,,3.20235182325568
ECS,Europe & Central Asia,1971,,3.1848038268659
ECS,Europe & Central Asia,1972,,3.20819705915684
ECS,Europe & Central Asia,1973,,3.05219499951977
ECS,Europe & Central Asia,1974,,3.07790305206036
ECS,Europe & Central Asia,1975,,3.19100668197629
ECS,Europe & Central Asia,1976,,3.0946993584861
ECS,Europe & Central Asia,1977,,3.07109485444415
ECS,Europe & Central Asia,1978,,3.02091540990372
ECS,Europe & Central Asia,1979,,2.99298193660211
ECS,Europe & Central Asia,1980,,3.03270155186439
ECS,Europe & Central Asia,1981,,3.11349751941203
ECS,Europe & Central Asia,1982,,3.20316186395407
ECS,Europe & Central Asia,1983,,3.17130236005847
ECS,Europe & Central Asia,1984,,3.11335732371906
ECS,Europe & Central Asia,1985,,3.07489823646924
ECS,Europe & Central Asia,1986,,2.922760498305
ECS,Europe & Central Asia,1987,157467615286.801,2.87752730086992
ECS,Europe & Central Asia,1988,167801523755.144,2.75907261877213
ECS,Europe & Central Asia,1989,167066157093.588,2.66991360355802
ECS,Europe & Central Asia,1990,199532060598.02,2.60004132108141
ECS,Europe & Central Asia,1991,,2.46189684054447
ECS,Europe & Central Asia,1992,207666484426.971,2.43816696693035
ECS,Europe & Central Asia,1993,192727708765.791,2.32561903768653
ECS,Europe & Central Asia,1994,201619051940.596,2.24712628718441
ECS,Europe & Central Asia,1995,215738493706.628,2.03756507529665
ECS,Europe & Central Asia,1996,220465764183.328,2.01033911164076
ECS,Europe & Central Asia,1997,211209257293.562,2.02219065777857
ECS,Europe & Central Asia,1998,203211807671.403,1.89443880712085
ECS,Europe & Central Asia,1999,200302908685.965,1.87720946602542
ECS,Europe & Central Asia,2000,186419443522.088,1.85722542018748
ECS,Europe & Central Asia,2001,185551553170.124,1.82760043509707
ECS,Europe & Central Asia,2002,205311989447.888,1.84726665555719
ECS,Europe & Central Asia,2003,248058977879.262,1.8319930303397
ECS,Europe & Central Asia,2004,282505929246.145,1.79094743850565
ECS,Europe & Central Asia,2005,296434467379.079,1.76070936819606
ECS,Europe & Central Asia,2006,314792398030.68,1.72505062798273
ECS,Europe & Central Asia,2007,362935977528.742,1.70169525544983
ECS,Europe & Central Asia,2008,405400521569.264,1.72668527984486
ECS,Europe & Central Asia,2009,377259619988.095,1.8252190637214
ECS,Europe & Central Asia,2010,374729450791.492,1.76813816424768
ECS,Europe & Central Asia,2011,399660545514.511,1.71946693772579
ECS,Europe & Central Asia,2012,395001890822.779,1.76531399103805
ECS,Europe & Central Asia,2013,404329763515.782,1.73054348064907
ECS,Europe & Central Asia,2014,401777092932.816,1.69565348693862
ECS,Europe & Central Asia,2015,341553161091.321,1.67456464837656
ECS,Europe & Central Asia,2016,342742363392.219,1.6873625117297
ECS,Europe & Central Asia,2017,352106048463.738,1.63658859455952
ECS,Europe & Central Asia,2018,377751390258.401,1.63078367596392
ECS,Europe & Central Asia,2019,386057287291.232,1.69101267520448
ECS,Europe & Central Asia,2020,401142648078.9,1.81764967354245
ECS,Europe & Central Asia,2021,438569906640.472,1.73122322956238
ECS,Europe & Central Asia,2022,505269067161.036,1.99794983821245
ECS,Europe & Central Asia,2023,601602620396.863,2.2099965441953
ECS,Europe & Central Asia,2024,719051892986.165,2.51341069640046
ECS,Europe & Central Asia,2025,,
ECU,Ecuador,1960,22400000.0,2.37623678350892
ECU,Ecuador,1961,18700000.0,2.04676698378785
ECU,Ecuador,1962,18300000.0,2.04545378336297
ECU,Ecuador,1963,17100000.0,1.76521231065259
ECU,Ecuador,1964,20600000.0,1.90995401275775
ECU,Ecuador,1965,23800000.0,2.0695652173913
ECU,Ecuador,1966,22900000.0,1.8242215194411
ECU,Ecuador,1967,25300000.0,1.80442333340465
ECU,Ecuador,1968,29300000.0,1.92397349775755
ECU,Ecuador,1969,39700000.0,2.37061630052488
ECU,Ecuador,1970,30700000.0,1.83368971819713
ECU,Ecuador,1971,29700000.0,1.85402516979624
ECU,Ecuador,1972,37300000.0,1.99002320804546
ECU,Ecuador,1973,49200000.0,1.9765704092947
ECU,Ecuador,1974,74800000.0,2.01588995612475
ECU,Ecuador,1975,102000000.0,2.36680898459254
ECU,Ecuador,1976,117000000.0,2.20068766787297
ECU,Ecuador,1977,205000000.0,3.08037216906285
ECU,Ecuador,1978,164000000.0,2.14272648880295
ECU,Ecuador,1979,186000000.0,1.9874937490116
ECU,Ecuador,1980,209000000.0,1.78122469851281
ECU,Ecuador,1981,234000000.0,1.67784031835944
ECU,Ecuador,1982,229000000.0,1.65400283130616
ECU,Ecuador,1983,200000000.0,1.57477834994725
ECU,Ecuador,1984,193000000.0,1.48523232727441
ECU,Ecuador,1985,284000000.0,1.77973855389976
ECU,Ecuador,1986,207000000.0,1.83738682762294
ECU,Ecuador,1987,207000000.0,1.96631614944003
ECU,Ecuador,1988,198000000.0,1.61611581675238
ECU,Ecuador,1989,189000000.0,1.42669785233533
ECU,Ecuador,1990,202000000.0,1.35122222907748
ECU,Ecuador,1991,209000000.0,1.27147161976289
ECU,Ecuador,1992,211000000.0,1.21330539339896
ECU,Ecuador,1993,276000000.0,1.5053435537415
ECU,Ecuador,1994,291000000.0,1.31569135777556
ECU,Ecuador,1995,475000000.0,1.98760353101763
ECU,Ecuador,1996,419000000.0,1.6897249235818
ECU,Ecuador,1997,499000000.0,1.8110665611487
ECU,Ecuador,1998,549000000.0,2.01895367462851
ECU,Ecuador,1999,296000000.0,1.55598240646013
ECU,Ecuador,2000,266000000.0,1.51733948117752
ECU,Ecuador,2001,384000000.0,1.66039298461832
ECU,Ecuador,2002,505000000.0,1.86662346180863
ECU,Ecuador,2003,739000000.0,2.38654946619875
ECU,Ecuador,2004,710000000.0,2.01733501271599
ECU,Ecuador,2005,954000000.0,2.36848865849083
ECU,Ecuador,2006,950000000.0,2.07919490158198
ECU,Ecuador,2007,1310000000.0,2.62795079870115
ECU,Ecuador,2008,1646000000.0,2.6922066648737
ECU,Ecuador,2009,1949000000.0,3.24319951406484
ECU,Ecuador,2010,2094000000.0,3.07257396611835
ECU,Ecuador,2011,2453700000.0,3.10647440690889
ECU,Ecuador,2012,2589776000.0,2.95181465866835
ECU,Ecuador,2013,2735825000.0,2.83298697009902
ECU,Ecuador,2014,2786519000.0,2.71279094772759
ECU,Ecuador,2015,2597510000.0,2.6720726618256
ECU,Ecuador,2016,2513200000.0,2.57311675623471
ECU,Ecuador,2017,2462700000.0,2.35738419773924
ECU,Ecuador,2018,2549400000.0,2.37199911152844
ECU,Ecuador,2019,2346000000.0,2.18038189769994
ECU,Ecuador,2020,2356300000.0,2.45792351121034
ECU,Ecuador,2021,2408810000.0,2.24210709535338
ECU,Ecuador,2022,2586480000.0,2.21851529975547
ECU,Ecuador,2023,2692000000.0,2.2651385614971
ECU,Ecuador,2024,2698000000.0,2.22194770434425
ECU,Ecuador,2025,,
EGY,"Egypt, Arab Rep.",1960,,
EGY,"Egypt, Arab Rep.",1961,,
EGY,"Egypt, Arab Rep.",1962,249697766.811953,6.67547918043622
EGY,"Egypt, Arab Rep.",1963,335799697.780272,8.6646884272997
EGY,"Egypt, Arab Rep.",1964,448499596.350363,10.3283898305085
EGY,"Egypt, Arab Rep.",1965,515199536.320417,10.1174345076784
EGY,"Egypt, Arab Rep.",1966,481849566.33539,8.71826883062838
EGY,"Egypt, Arab Rep.",1967,508299542.530412,8.90769850866586
EGY,"Egypt, Arab Rep.",1968,648599416.260525,11.1330438215555
EGY,"Egypt, Arab Rep.",1969,888949199.94572,14.3360534124629
EGY,"Egypt, Arab Rep.",1970,1092499016.75088,15.9878828677213
EGY,"Egypt, Arab Rep.",1971,1266148860.46603,17.1870121760849
EGY,"Egypt, Arab Rep.",1972,1066049040.55586,13.5645302897278
EGY,"Egypt, Arab Rep.",1973,1243856104.69499,13.5135135135135
EGY,"Egypt, Arab Rep.",1974,1852779424.69282,17.2742435072671
EGY,"Egypt, Arab Rep.",1975,1926890601.68053,15.4318460908719
EGY,"Egypt, Arab Rep.",1976,2201613068.1005,13.7268961121734
EGY,"Egypt, Arab Rep.",1977,2751058000.94045,13.1120584652862
EGY,"Egypt, Arab Rep.",1978,2485279986.91554,9.94071348257181
EGY,"Egypt, Arab Rep.",1979,1152855495.92072,6.4689378757515
EGY,"Egypt, Arab Rep.",1980,1361426626.53339,6.16031027795734
EGY,"Egypt, Arab Rep.",1981,1817140261.2282,7.41690962099125
EGY,"Egypt, Arab Rep.",1982,2307139561.2292,7.18896060538616
EGY,"Egypt, Arab Rep.",1983,3004281422.45511,7.95867393278837
EGY,"Egypt, Arab Rep.",1984,3742137511.23213,8.26523207017322
EGY,"Egypt, Arab Rep.",1985,4203565423.47797,7.85693305919735
EGY,"Egypt, Arab Rep.",1986,4727136104.09128,7.49813056581541
EGY,"Egypt, Arab Rep.",1987,4805707420.41797,6.52874277064007
EGY,"Egypt, Arab Rep.",1988,4453565066.33562,5.06087662337662
EGY,"Egypt, Arab Rep.",1989,3516344801.40585,3.96809895833333
EGY,"Egypt, Arab Rep.",1990,2260645161.29032,3.4676995357893
EGY,"Egypt, Arab Rep.",1991,1345757343.0295,3.61174470420041
EGY,"Egypt, Arab Rep.",1992,1415819974.41108,3.21550063172359
EGY,"Egypt, Arab Rep.",1993,1526165392.00363,3.09773699249923
EGY,"Egypt, Arab Rep.",1994,1714409786.33021,3.15393465100637
EGY,"Egypt, Arab Rep.",1995,1948876985.79982,3.08203623414837
EGY,"Egypt, Arab Rep.",1996,2115742979.46619,2.97481186979645
EGY,"Egypt, Arab Rep.",1997,2267650313.53744,2.84148521846447
EGY,"Egypt, Arab Rep.",1998,2372048406.13931,2.65938329094369
EGY,"Egypt, Arab Rep.",1999,2447978793.90325,2.56976747814276
EGY,"Egypt, Arab Rep.",2000,2627698333.83736,2.55126513982739
EGY,"Egypt, Arab Rep.",2001,2834256229.54946,2.98556856033807
EGY,"Egypt, Arab Rep.",2002,2902768425.24007,3.27845479650374
EGY,"Egypt, Arab Rep.",2003,2383914898.27171,3.17728527009726
EGY,"Egypt, Arab Rep.",2004,2369743586.43306,2.87753123653597
EGY,"Egypt, Arab Rep.",2005,2659439713.57524,2.71422040657605
EGY,"Egypt, Arab Rep.",2006,2952520159.00453,2.60621860261331
EGY,"Egypt, Arab Rep.",2007,3306908257.22261,2.37963467509709
EGY,"Egypt, Arab Rep.",2008,3779880349.74689,2.18078548537016
EGY,"Egypt, Arab Rep.",2009,4017404478.27146,2.03264504307225
EGY,"Egypt, Arab Rep.",2010,4407286452.71917,1.95296705174529
EGY,"Egypt, Arab Rep.",2011,4463974191.06902,1.83702551137618
EGY,"Egypt, Arab Rep.",2012,4557748767.35039,1.64817579267929
EGY,"Egypt, Arab Rep.",2013,4359834243.76995,1.61005697699419
EGY,"Egypt, Arab Rep.",2014,5085121576.27973,1.68969483568075
EGY,"Egypt, Arab Rep.",2015,5475490833.44169,1.72314742829085
EGY,"Egypt, Arab Rep.",2016,4513022526.81632,1.66660515243227
EGY,"Egypt, Arab Rep.",2017,2765588434.01207,1.42203170028818
EGY,"Egypt, Arab Rep.",2018,3119587363.84249,1.24996619642133
EGY,"Egypt, Arab Rep.",2019,3743671451.54565,1.18097179684711
EGY,"Egypt, Arab Rep.",2020,4505374644.32501,1.12247550332399
EGY,"Egypt, Arab Rep.",2021,5165445626.55285,1.12200927143154
EGY,"Egypt, Arab Rep.",2022,4645922047.5088,1.01475596559521
EGY,"Egypt, Arab Rep.",2023,3167150125.91356,0.808918707093165
EGY,"Egypt, Arab Rep.",2024,2396211163.82267,0.665263620234986
EGY,"Egypt, Arab Rep.",2025,,
ERI,Eritrea,1960,,
ERI,Eritrea,1961,,
ERI,Eritrea,1962,,
ERI,Eritrea,1963,,
ERI,Eritrea,1964,,
ERI,Eritrea,1965,,
ERI,Eritrea,1966,,
ERI,Eritrea,1967,,
ERI,Eritrea,1968,,
ERI,Eritrea,1969,,
ERI,Eritrea,1970,,
ERI,Eritrea,1971,,
ERI,Eritrea,1972,,
ERI,Eritrea,1973,,
ERI,Eritrea,1974,,
ERI,Eritrea,1975,,
ERI,Eritrea,1976,,
ERI,Eritrea,1977,,
ERI,Eritrea,1978,,
ERI,Eritrea,1979,,
ERI,Eritrea,1980,,
ERI,Eritrea,1981,,
ERI,Eritrea,1982,,
ERI,Eritrea,1983,,
ERI,Eritrea,1984,,
ERI,Eritrea,1985,,
ERI,Eritrea,1986,,
ERI,Eritrea,1987,,
ERI,Eritrea,1988,,
ERI,Eritrea,1989,,
ERI,Eritrea,1990,,
ERI,Eritrea,1991,,
ERI,Eritrea,1992,,
ERI,Eritrea,1993,107737649.233228,21.3291139240506
ERI,Eritrea,1994,80198311.2103967,12.7159420289855
ERI,Eritrea,1995,124996349.879465,19.5391124143288
ERI,Eritrea,1996,152271808.56,20.3448190649491
ERI,Eritrea,1997,92756319.4081848,11.8604149677876
ERI,Eritrea,1998,263001685.699266,32.4970666110039
ERI,Eritrea,1999,272856734.575223,34.3777684538841
ERI,Eritrea,2000,230670129.87013,32.6556711938037
ERI,Eritrea,2001,166550245.368938,22.1367915582472
ERI,Eritrea,2002,150764425.21242,20.6718783563252
ERI,Eritrea,2003,181583668.998912,20.8657453093811
ERI,Eritrea,2004,,
ERI,Eritrea,2005,,
ERI,Eritrea,2006,,
ERI,Eritrea,2007,,
ERI,Eritrea,2008,,
ERI,Eritrea,2009,,
ERI,Eritrea,2010,,
ERI,Eritrea,2011,,
ERI,Eritrea,2012,,
ERI,Eritrea,2013,,
ERI,Eritrea,2014,,
ERI,Eritrea,2015,,
ERI,Eritrea,2016,,
ERI,Eritrea,2017,,
ERI,Eritrea,2018,,
ERI,Eritrea,2019,,
ERI,Eritrea,2020,,
ERI,Eritrea,2021,,
ERI,Eritrea,2022,,
ERI,Eritrea,2023,,
ERI,Eritrea,2024,,
ERI,Eritrea,2025,,
ESP,Spain,1960,232839815.943989,2.25074702204848
ESP,Spain,1961,239348772.068642,2.03124482602107
ESP,Spain,1962,308791693.470944,2.26774589192604
ESP,Spain,1963,316520311.132393,1.96963291958044
ESP,Spain,1964,386820000.721007,1.93055857347098
ESP,Spain,1965,439425746.033771,1.88486682463102
ESP,Spain,1966,560943076.534843,2.07961936015824
ESP,Spain,1967,545917155.931618,1.85195694357998
ESP,Spain,1968,668753624.841933,2.29767251939567
ESP,Spain,1969,805713226.275707,2.43416753437938
ESP,Spain,1970,859146961.788224,2.28661622551749
ESP,Spain,1971,900614349.185059,2.1079717457114
ESP,Spain,1972,1256164585.70101,2.31778209800765
ESP,Spain,1973,1521319434.52806,2.11074172547559
ESP,Spain,1974,1968178717.80746,2.20756393740679
ESP,Spain,1975,2108232940.99234,2.00426223337861
ESP,Spain,1976,2521013874.83057,2.32104693213536
ESP,Spain,1977,2808847049.54659,2.31423266289489
ESP,Spain,1978,3470695273.0461,2.35795730062073
ESP,Spain,1979,4910953932.41438,2.4970649013133
ESP,Spain,1980,5508356432.6108,2.48989578488601
ESP,Spain,1981,4977748533.42705,2.58210874483481
ESP,Spain,1982,4956242441.31541,2.66030674579303
ESP,Spain,1983,4770965313.3124,2.93627289991861
ESP,Spain,1984,4851949869.22903,2.96600550441302
ESP,Spain,1985,5077574144.5611,2.95472170818505
ESP,Spain,1986,6270618789.41391,2.6250366796807
ESP,Spain,1987,7921508650.89204,2.6147006889558
ESP,Spain,1988,8900414226.53907,2.48937521722977
ESP,Spain,1989,9302930295.84069,2.35967514225005
ESP,Spain,1990,11695038644.5437,2.29330520898016
ESP,Spain,1991,11680263754.1412,2.12919223112803
ESP,Spain,1992,12250195429.6283,2.04280367601027
ESP,Spain,1993,10041511353.1917,2.0118717370405
ESP,Spain,1994,10092671257.3779,2.00133740218861
ESP,Spain,1995,11439906271.1837,1.91702239465122
ESP,Spain,1996,11294316854.7562,1.81443901615473
ESP,Spain,1997,9865892241.04623,1.72281567944182
ESP,Spain,1998,10333417234.2975,1.75731994886122
ESP,Spain,1999,11113722490.4035,1.75523458900652
ESP,Spain,2000,10273779251.8887,1.72551798839458
ESP,Spain,2001,10222074075.3998,1.62958403293614
ESP,Spain,2002,10270839019.3403,1.45597370162444
ESP,Spain,2003,12880532801.2243,1.42254439300681
ESP,Spain,2004,15262458636.7672,1.43022117967926
ESP,Spain,2005,15997724220.2656,1.38717775355122
ESP,Spain,2006,17252217612.6934,1.37000746147478
ESP,Spain,2007,20065668634.8096,1.36310631227691
ESP,Spain,2008,22227721829.5675,1.36762048450666
ESP,Spain,2009,20178274984.962,1.35835383696039
ESP,Spain,2010,19710785449.8738,1.3816644927099
ESP,Spain,2011,19695435494.297,1.32573618168037
ESP,Spain,2012,18860623363.4077,1.41695174735802
ESP,Spain,2013,17242959322.0024,1.26618872678062
ESP,Spain,2014,17178549314.7619,1.24625944103127
ESP,Spain,2015,15187168681.3796,1.25969265356283
ESP,Spain,2016,14014439635.1839,1.12848106845526
ESP,Spain,2017,16043533257.4617,1.22211082849583
ESP,Spain,2018,17823271130.6257,1.24562475871831
ESP,Spain,2019,17189319301.3883,1.22464525288942
ESP,Spain,2020,17431779322.9226,1.35429599703865
ESP,Spain,2021,19544465468.3065,1.33768901652321
ESP,Spain,2022,20306570632.8304,1.4055469125943
ESP,Spain,2023,23821202155.5655,1.4715775760116
ESP,Spain,2024,24615397928.7413,1.43210737406914
ESP,Spain,2025,,
EST,Estonia,1960,,
EST,Estonia,1961,,
EST,Estonia,1962,,
EST,Estonia,1963,,
EST,Estonia,1964,,
EST,Estonia,1965,,
EST,Estonia,1966,,
EST,Estonia,1967,,
EST,Estonia,1968,,
EST,Estonia,1969,,
EST,Estonia,1970,,
EST,Estonia,1971,,
EST,Estonia,1972,,
EST,Estonia,1973,,
EST,Estonia,1974,,
EST,Estonia,1975,,
EST,Estonia,1976,,
EST,Estonia,1977,,
EST,Estonia,1978,,
EST,Estonia,1979,,
EST,Estonia,1980,,
EST,Estonia,1981,,
EST,Estonia,1982,,
EST,Estonia,1983,,
EST,Estonia,1984,,
EST,Estonia,1985,,
EST,Estonia,1986,,
EST,Estonia,1987,,
EST,Estonia,1988,,
EST,Estonia,1989,,
EST,Estonia,1990,,
EST,Estonia,1991,,
EST,Estonia,1992,0.0,
EST,Estonia,1993,13146559.8848877,0.761751960945642
EST,Estonia,1994,25135735.3798423,1.04163027365878
EST,Estonia,1995,36343487.5827555,0.930586008373083
EST,Estonia,1996,41436607.7091847,0.866311409441128
EST,Estonia,1997,53031652.1754812,1.02886453383652
EST,Estonia,1998,59919847.4767519,1.05677341127574
EST,Estonia,1999,73800541.3247853,1.28040294601413
EST,Estonia,2000,78313308.5597839,1.37613232122576
EST,Estonia,2001,93818539.904212,1.50097699373087
EST,Estonia,2002,122069530.653957,1.65626054354887
EST,Estonia,2003,171411923.856068,1.73550917444736
EST,Estonia,2004,204968180.242807,1.68718221150394
EST,Estonia,2005,204517021.023267,1.44977185113693
EST,Estonia,2006,236324449.190189,1.38733380120574
EST,Estonia,2007,371974547.445358,1.65723646617002
EST,Estonia,2008,429662698.888808,1.76710636308365
EST,Estonia,2009,353366576.57455,1.79897241682054
EST,Estonia,2010,332180156.987998,1.70034915217706
EST,Estonia,2011,389237580.888435,1.67245488569073
EST,Estonia,2012,436852911.624656,1.87984897526434
EST,Estonia,2013,479314460.824341,1.88381591331462
EST,Estonia,2014,512119045.123526,1.89535477779564
EST,Estonia,2015,463568814.461573,1.98944501754528
EST,Estonia,2016,497653404.256057,2.02803563355143
EST,Estonia,2017,537440226.919815,1.96988670547821
EST,Estonia,2018,614945174.27381,1.97061311743188
EST,Estonia,2019,637035378.414689,1.99845018670744
EST,Estonia,2020,718112390.288385,2.26136428332919
EST,Estonia,2021,748580889.309366,2.01231933389152
EST,Estonia,2022,818278963.709643,2.13485210963824
EST,Estonia,2023,1235949714.99691,2.99572297522503
EST,Estonia,2024,1441919732.77431,3.37400221824601
EST,Estonia,2025,,
ETH,Ethiopia,1960,15335262.6515917,
ETH,Ethiopia,1961,18555265.3080939,1.85587761674718
ETH,Ethiopia,1962,20185391.6529481,1.9321903294163
ETH,Ethiopia,1963,27289522.5138561,2.42836676217765
ETH,Ethiopia,1964,36140000.0,2.9215844785772
ETH,Ethiopia,1965,42900000.0,3.22993525071525
ETH,Ethiopia,1966,43420000.0,3.10719908401317
ETH,Ethiopia,1967,37000000.0,2.48622496976213
ETH,Ethiopia,1968,34660000.0,2.1956163689345
ETH,Ethiopia,1969,34420000.0,2.02066455324645
ETH,Ethiopia,1970,34540000.0,1.88310980263875
ETH,Ethiopia,1971,36134238.0929464,1.90607150412524
ETH,Ethiopia,1972,41043478.2608696,1.93641025641026
ETH,Ethiopia,1973,48433591.4234664,1.92555408221254
ETH,Ethiopia,1974,74758454.1062802,2.79458239277652
ETH,Ethiopia,1975,125072463.768116,4.49206211503427
ETH,Ethiopia,1976,128043478.26087,4.13172252533126
ETH,Ethiopia,1977,135048309.178744,3.96778085302675
ETH,Ethiopia,1978,178212560.386473,4.81090245174752
ETH,Ethiopia,1979,276328502.415459,6.88658800866843
ETH,Ethiopia,1980,359323671.497585,8.70858213323967
ETH,Ethiopia,1981,366980676.328502,7.53695803155075
ETH,Ethiopia,1982,387367149.758454,7.53901842798044
ETH,Ethiopia,1983,408405797.101449,7.1796178343949
ETH,Ethiopia,1984,423019323.671498,7.96914816163087
ETH,Ethiopia,1985,429444444.444444,6.82390419897137
ETH,Ethiopia,1986,439202898.550725,6.69723756906077
ETH,Ethiopia,1987,476618357.487923,6.85567368494198
ETH,Ethiopia,1988,614855072.463768,8.5014361098123
ETH,Ethiopia,1989,781521739.130435,10.2766484563588
ETH,Ethiopia,1990,785048309.178744,9.6579698086295
ETH,Ethiopia,1991,529033816.425121,5.70513154467309
ETH,Ethiopia,1992,255343443.354148,3.44170834936514
ETH,Ethiopia,1993,163850000.0,3.07168835064302
ETH,Ethiopia,1994,148691674.290942,2.86843870238978
ETH,Ethiopia,1995,122460147.475046,2.22561605430131
ETH,Ethiopia,1996,126454733.235931,2.11713848911382
ETH,Ethiopia,1997,225417105.11019,3.3431774775412
ETH,Ethiopia,1998,458549925.448748,7.27693614895529
ETH,Ethiopia,1999,703704869.526897,9.50694268259021
ETH,Ethiopia,2000,617541613.6279,7.69023859338487
ETH,Ethiopia,2001,349808276.450815,4.39265735424712
ETH,Ethiopia,2002,288932333.459776,3.75673419834585
ETH,Ethiopia,2003,278673159.931532,3.29628763599851
ETH,Ethiopia,2004,311038748.989645,3.13053613053613
ETH,Ethiopia,2005,342066638.665934,2.81221837499407
ETH,Ethiopia,2006,345687017.021091,2.30714932404438
ETH,Ethiopia,2007,360140308.612027,1.89627732982541
ETH,Ethiopia,2008,388187596.747412,1.51584796368311
ETH,Ethiopia,2009,339627767.966309,1.20460157802807
ETH,Ethiopia,2010,303617033.089052,1.15394252706819
ETH,Ethiopia,2011,332441772.391593,1.09070647415251
ETH,Ethiopia,2012,366539017.667525,0.868361507077892
ETH,Ethiopia,2013,345064165.844028,0.806417193723534
ETH,Ethiopia,2014,414476025.830071,0.768407756190907
ETH,Ethiopia,2015,442532624.456259,0.70541465068261
ETH,Ethiopia,2016,490177248.532075,0.683567210395797
ETH,Ethiopia,2017,513827452.373392,0.675310715716932
ETH,Ethiopia,2018,516977076.1594,0.645850962685811
ETH,Ethiopia,2019,535978018.203675,0.579949536835092
ETH,Ethiopia,2020,754474128.79764,0.780754838260967
ETH,Ethiopia,2021,1595543729.01487,1.60917093329444
ETH,Ethiopia,2022,1785603828.39192,1.50594072756186
ETH,Ethiopia,2023,1409020101.00844,0.882490047359025
ETH,Ethiopia,2024,921665263.86463,0.650506448320295
ETH,Ethiopia,2025,,
FIN,Finland,1960,89557618.8078432,1.76904104762464
FIN,Finland,1961,105350974.821674,1.8361815196588
FIN,Finland,1962,154403280.55875,2.51317830864007
FIN,Finland,1963,128576498.371426,1.92714178695058
FIN,Finland,1964,139910553.863705,1.85927303165209
FIN,Finland,1965,149572371.660402,1.79734038277768
FIN,Finland,1966,152916847.051566,1.71395131378637
FIN,Finland,1967,146661680.284431,1.61552115269617
FIN,Finland,1968,150060024.009604,1.755074400253
FIN,Finland,1969,140291965.842941,1.43747769806296
FIN,Finland,1970,152891345.217332,1.37585401679306
FIN,Finland,1971,177615098.135894,1.44904687492755
FIN,Finland,1972,220831905.334811,1.53084554364898
FIN,Finland,1973,276967793.935961,1.45370204008298
FIN,Finland,1974,308807797.081766,1.27017866747889
FIN,Finland,1975,433161415.662018,1.50815981992122
FIN,Finland,1976,416956433.437752,1.34012461675403
FIN,Finland,1977,461856960.095854,1.40535201149425
FIN,Finland,1978,506869452.95645,1.42944410507025
FIN,Finland,1979,642602892.781478,1.47900930967855
FIN,Finland,1980,873508619.521642,1.67093547993658
FIN,Finland,1981,790880895.266151,1.54558673057246
FIN,Finland,1982,844911290.481735,1.6437501499772
FIN,Finland,1983,905188931.503457,1.8232638142335
FIN,Finland,1984,826070181.339718,1.60404180113724
FIN,Finland,1985,911349660.881995,1.67657907276353
FIN,Finland,1986,1223271000.85383,1.72390995338997
FIN,Finland,1987,1462231546.5973,1.64553300960529
FIN,Finland,1988,1704330620.23989,1.60769117311844
FIN,Finland,1989,1766586165.75982,1.5343144923525
FIN,Finland,1990,2141300984.18983,1.5633514986376
FIN,Finland,1991,2200991548.89818,1.78123103649322
FIN,Finland,1992,2075955550.12822,1.90713101160862
FIN,Finland,1993,1615424808.84487,1.86801150656572
FIN,Finland,1994,1756338983.66821,1.75560359540335
FIN,Finland,1995,1908986807.29445,1.42254149924916
FIN,Finland,1996,2021797095.44643,1.53047227121301
FIN,Finland,1997,1947002589.51344,1.53515505066012
FIN,Finland,1998,1959708814.0168,1.46317555780765
FIN,Finland,1999,1653905118.85978,1.22310377157804
FIN,Finland,2000,1558135249.67754,1.24000997169797
FIN,Finland,2001,1479270879.00779,1.1431199131475
FIN,Finland,2002,1611406522.04602,1.15346267852331
FIN,Finland,2003,2475059743.10789,1.44547443507181
FIN,Finland,2004,2892938123.9925,1.46771855552706
FIN,Finland,2005,2999391048.80259,1.46470451104851
FIN,Finland,2006,3128517474.44563,1.44270225678265
FIN,Finland,2007,3296557750.13862,1.28760998478864
FIN,Finland,2008,3958118334.10472,1.39102532971688
FIN,Finland,2009,3940584835.35792,1.56084541207723
FIN,Finland,2010,3717180504.76047,1.49172644486325
FIN,Finland,2011,4099505807.28569,1.49199362525613
FIN,Finland,2012,3943239958.16491,1.53160526604717
FIN,Finland,2013,4161139945.21741,1.54007184381097
FIN,Finland,2014,3985508351.98832,1.45927959000267
FIN,Finland,2015,3399134967.28402,1.45819060668341
FIN,Finland,2016,3415008249.65045,1.43150516649128
FIN,Finland,2017,3431090216.95364,1.36088933984851
FIN,Finland,2018,3754588482.46639,1.37168236993597
FIN,Finland,2019,3635244066.27855,1.36132283517387
FIN,Finland,2020,3868688020.06155,1.43578115547809
FIN,Finland,2021,3831598864.71145,1.30243925969996
FIN,Finland,2022,4446368019.38627,1.58854518946055
FIN,Finland,2023,5928021054.36018,2.0075369530221
FIN,Finland,2024,6987848067.30834,2.29979173712597
FIN,Finland,2025,,
FJI,Fiji,1960,,
FJI,Fiji,1961,,
FJI,Fiji,1962,,
FJI,Fiji,1963,,
FJI,Fiji,1964,,
FJI,Fiji,1965,,
FJI,Fiji,1966,,
FJI,Fiji,1967,,
FJI,Fiji,1968,344497.343925478,0.205761316872428
FJI,Fiji,1969,344497.343925478,0.188323917137476
FJI,Fiji,1970,413396.812710574,0.187695516162669
FJI,Fiji,1971,535616.768530885,0.217083529966966
FJI,Fiji,1972,787703.106216311,0.24885145482389
FJI,Fiji,1973,931727.069441367,0.218740762636713
FJI,Fiji,1974,1353022.08032731,0.242222222222222
FJI,Fiji,1975,2056253.74901294,0.30049786628734
FJI,Fiji,1976,2751430.01954963,0.396150761828388
FJI,Fiji,1977,3651464.94593652,0.507575757575758
FJI,Fiji,1978,7239265.39761045,0.873095000712149
FJI,Fiji,1979,9572320.67752886,0.938856941673513
FJI,Fiji,1980,10367191.7502583,0.862051438446681
FJI,Fiji,1981,11361681.7629211,0.919420509421456
FJI,Fiji,1982,14939154.8492196,1.15496779857107
FJI,Fiji,1983,15102947.827968,1.24142084112131
FJI,Fiji,1984,15601330.1311657,1.22260793484156
FJI,Fiji,1985,14008928.9584327,1.13315792450674
FJI,Fiji,1986,14591259.3678004,1.04396175427768
FJI,Fiji,1987,25131445.6610873,1.96952748392996
FJI,Fiji,1988,24673835.5264078,2.05201508941251
FJI,Fiji,1989,29083211.422947,2.27010663248741
FJI,Fiji,1990,30542031.5886853,2.10875525984723
FJI,Fiji,1991,32482582.8837865,2.16678825384228
FJI,Fiji,1992,30539125.343482,1.84041410651212
FJI,Fiji,1993,32041095.6238609,1.80855931911651
FJI,Fiji,1994,33665273.338251,1.70263727299194
FJI,Fiji,1995,34700248.16366,1.6257873899244
FJI,Fiji,1996,32851136.6065702,1.42424634501108
FJI,Fiji,1997,30962540.1751081,1.36495958076192
FJI,Fiji,1998,22598926.9284585,1.25918886595729
FJI,Fiji,1999,23811699.7187275,1.13180634323429
FJI,Fiji,2000,32039537.3528389,1.75624341841376
FJI,Fiji,2001,32811655.824618,1.82458369041641
FJI,Fiji,2002,30914304.2680947,1.5485667306433
FJI,Fiji,2003,37296898.0797637,1.48650087420329
FJI,Fiji,2004,46798811.2755706,1.58387595253995
FJI,Fiji,2005,43111350.2900702,1.32359461422314
FJI,Fiji,2006,54067168.0587807,1.60859901711712
FJI,Fiji,2007,75576918.299923,2.23709999847122
FJI,Fiji,2008,53585658.6204517,1.52095281013957
FJI,Fiji,2009,51285722.320794,1.78657925681224
FJI,Fiji,2010,50408953.7144674,1.60512894075313
FJI,Fiji,2011,60785527.4678088,1.61040391811109
FJI,Fiji,2012,59221516.4060361,1.49096169403815
FJI,Fiji,2013,58108276.8995161,1.38677744785356
FJI,Fiji,2014,74787941.1272158,1.53977309916003
FJI,Fiji,2015,42617557.6035115,0.910147310120732
FJI,Fiji,2016,54411608.0036804,1.10379290217157
FJI,Fiji,2017,75276555.0115658,1.4048380780238
FJI,Fiji,2018,81378313.5709352,1.45588315236828
FJI,Fiji,2019,79022198.9772199,1.44512747814401
FJI,Fiji,2020,71181003.99754,1.60530458182017
FJI,Fiji,2021,68726851.8518519,1.59594278733602
FJI,Fiji,2022,68096765.7079601,1.36090769946015
FJI,Fiji,2023,73348297.4657349,1.33351782363525
FJI,Fiji,2024,77638335.6893706,1.3128793789726
FJI,Fiji,2025,,
FRA,France,1960,3260127992.20532,5.42848588493053
FRA,France,1961,3469940419.47309,5.29560753876716
FRA,France,1962,3774280041.36628,5.15887134953187
FRA,France,1963,3887455989.50045,4.74008571749863
FRA,France,1964,4130961167.72148,4.54025026669875
FRA,France,1965,4304458188.69513,4.39531951376613
FRA,France,1966,4548130770.44856,4.29010327424386
FRA,France,1967,4918985395.87983,4.29524594691896
FRA,France,1968,5148997849.38987,4.13684603777682
FRA,France,1969,4964005293.9822,3.67975172675766
FRA,France,1970,4941059320.49551,3.45855771733226
FRA,France,1971,5291990761.21619,3.31609304824223
FRA,France,1972,6326060061.39262,3.23030459043129
FRA,France,1973,7976535301.9881,3.14371920479698
FRA,France,1974,8361637313.22792,3.08644058078624
FRA,France,1975,10945218801.8177,3.1971454640285
FRA,France,1976,11175248198.0247,3.15613958423347
FRA,France,1977,12634633832.545,3.23156861034418
FRA,France,1978,15852894822.5915,3.15148731411781
FRA,France,1979,19040482589.1051,3.13939544307514
FRA,France,1980,22198183002.4185,3.15520508491915
FRA,France,1981,20047753849.35,3.24613261046416
FRA,France,1982,18918492343.8024,3.2238391338373
FRA,France,1983,18188520274.9614,3.23713177475225
FRA,France,1984,16977866454.841,3.18736925092314
FRA,France,1985,17455151457.8314,3.14393280229726
FRA,France,1986,23901440137.0803,3.08576501575346
FRA,France,1987,29280470206.4717,3.12045160513517
FRA,France,1988,30327270741.0937,3.00034058907042
FRA,France,1989,29665454335.4031,2.91783465873507
FRA,France,1990,35774430324.9841,2.84463959497759
FRA,France,1991,35869120915.2144,2.84921925342208
FRA,France,1992,37902269820.7805,2.72756816588629
FRA,France,1993,35775273292.8873,2.72168441384594
FRA,France,1994,37288606059.734,2.69073238306963
FRA,France,1995,40124024138.3696,2.51542226280158
FRA,France,1996,38977734095.7754,2.43766326434912
FRA,France,1997,34697904099.1796,2.39395696754189
FRA,France,1998,33633561283.2294,2.2468089386267
FRA,France,1999,32672714284.8488,2.19815329922308
FRA,France,2000,28403138948.7059,2.09218901026309
FRA,France,2001,27951566384.416,2.04148415280944
FRA,France,2002,30578398932.8217,2.05857264018165
FRA,France,2003,38569115812.9361,2.1064709567846
FRA,France,2004,44524579612.5999,2.11416633859403
FRA,France,2005,44442050523.1392,2.02813701732744
FRA,France,2006,45792148415.5244,1.97737744775679
FRA,France,2007,50684467384.4229,1.91095777789429
FRA,France,2008,55365965844.831,1.89934504679172
FRA,France,2009,56441455398.191,2.09877791453034
FRA,France,2010,52044060565.0524,1.96864375039496
FRA,France,2011,54120871009.5016,1.88794614981494
FRA,France,2012,50216507403.1664,1.87154409463222
FRA,France,2013,52001462447.6638,1.84711648361859
FRA,France,2014,53134750898.8024,1.85952906556899
FRA,France,2015,45647471640.5013,1.86973268204402
FRA,France,2016,45703382750.4223,1.85171809616119
FRA,France,2017,47628077104.3242,1.8523088187904
FRA,France,2018,51321364918.6171,1.84604257144589
FRA,France,2019,50454545454.5455,1.85288520696513
FRA,France,2020,53423002393.708,2.02167455284232
FRA,France,2021,58734626300.8515,1.98022225807935
FRA,France,2022,54677442425.9763,1.95772067476703
FRA,France,2023,59491964166.1013,1.95099683800051
FRA,France,2024,64675015306.1997,2.05257687860637
FRA,France,2025,,
FRO,Faroe Islands,1960,,
FRO,Faroe Islands,1961,,
FRO,Faroe Islands,1962,,
FRO,Faroe Islands,1963,,
FRO,Faroe Islands,1964,,
FRO,Faroe Islands,1965,,
FRO,Faroe Islands,1966,,
FRO,Faroe Islands,1967,,
FRO,Faroe Islands,1968,,
FRO,Faroe Islands,1969,,
FRO,Faroe Islands,1970,,
FRO,Faroe Islands,1971,,
FRO,Faroe Islands,1972,,
FRO,Faroe Islands,1973,,
FRO,Faroe Islands,1974,,
FRO,Faroe Islands,1975,,
FRO,Faroe Islands,1976,,
FRO,Faroe Islands,1977,,
FRO,Faroe Islands,1978,,
FRO,Faroe Islands,1979,,
FRO,Faroe Islands,1980,,
FRO,Faroe Islands,1981,,
FRO,Faroe Islands,1982,,
FRO,Faroe Islands,1983,,
FRO,Faroe Islands,1984,,
FRO,Faroe Islands,1985,,
FRO,Faroe Islands,1986,,
FRO,Faroe Islands,1987,,
FRO,Faroe Islands,1988,,
FRO,Faroe Islands,1989,,
FRO,Faroe Islands,1990,,
FRO,Faroe Islands,1991,,
FRO,Faroe Islands,1992,,
FRO,Faroe Islands,1993,,
FRO,Faroe Islands,1994,,
FRO,Faroe Islands,1995,,
FRO,Faroe Islands,1996,,
FRO,Faroe Islands,1997,,
FRO,Faroe Islands,1998,,
FRO,Faroe Islands,1999,,
FRO,Faroe Islands,2000,,
FRO,Faroe Islands,2001,,
FRO,Faroe Islands,2002,,
FRO,Faroe Islands,2003,,
FRO,Faroe Islands,2004,,
FRO,Faroe Islands,2005,,
FRO,Faroe Islands,2006,,
FRO,Faroe Islands,2007,,
FRO,Faroe Islands,2008,,
FRO,Faroe Islands,2009,,
FRO,Faroe Islands,2010,,
FRO,Faroe Islands,2011,,
FRO,Faroe Islands,2012,,
FRO,Faroe Islands,2013,,
FRO,Faroe Islands,2014,,
FRO,Faroe Islands,2015,,
FRO,Faroe Islands,2016,,
FRO,Faroe Islands,2017,,
FRO,Faroe Islands,2018,,
FRO,Faroe Islands,2019,,
FRO,Faroe Islands,2020,,
FRO,Faroe Islands,2021,,
FRO,Faroe Islands,2022,,
FRO,Faroe Islands,2023,,
FRO,Faroe Islands,2024,,
FRO,Faroe Islands,2025,,
FSM,"Micronesia, Fed. Sts.",1960,,
FSM,"Micronesia, Fed. Sts.",1961,,
FSM,"Micronesia, Fed. Sts.",1962,,
FSM,"Micronesia, Fed. Sts.",1963,,
FSM,"Micronesia, Fed. Sts.",1964,,
FSM,"Micronesia, Fed. Sts.",1965,,
FSM,"Micronesia, Fed. Sts.",1966,,
FSM,"Micronesia, Fed. Sts.",1967,,
FSM,"Micronesia, Fed. Sts.",1968,,
FSM,"Micronesia, Fed. Sts.",1969,,
FSM,"Micronesia, Fed. Sts.",1970,,
FSM,"Micronesia, Fed. Sts.",1971,,
FSM,"Micronesia, Fed. Sts.",1972,,
FSM,"Micronesia, Fed. Sts.",1973,,
FSM,"Micronesia, Fed. Sts.",1974,,
FSM,"Micronesia, Fed. Sts.",1975,,
FSM,"Micronesia, Fed. Sts.",1976,,
FSM,"Micronesia, Fed. Sts.",1977,,
FSM,"Micronesia, Fed. Sts.",1978,,
FSM,"Micronesia, Fed. Sts.",1979,,
FSM,"Micronesia, Fed. Sts.",1980,,
FSM,"Micronesia, Fed. Sts.",1981,,
FSM,"Micronesia, Fed. Sts.",1982,,
FSM,"Micronesia, Fed. Sts.",1983,,
FSM,"Micronesia, Fed. Sts.",1984,,
FSM,"Micronesia, Fed. Sts.",1985,,
FSM,"Micronesia, Fed. Sts.",1986,,
FSM,"Micronesia, Fed. Sts.",1987,,
FSM,"Micronesia, Fed. Sts.",1988,,
FSM,"Micronesia, Fed. Sts.",1989,,
FSM,"Micronesia, Fed. Sts.",1990,,
FSM,"Micronesia, Fed. Sts.",1991,,
FSM,"Micronesia, Fed. Sts.",1992,,
FSM,"Micronesia, Fed. Sts.",1993,,
FSM,"Micronesia, Fed. Sts.",1994,,
FSM,"Micronesia, Fed. Sts.",1995,,
FSM,"Micronesia, Fed. Sts.",1996,,
FSM,"Micronesia, Fed. Sts.",1997,,
FSM,"Micronesia, Fed. Sts.",1998,,
FSM,"Micronesia, Fed. Sts.",1999,,
FSM,"Micronesia, Fed. Sts.",2000,,
FSM,"Micronesia, Fed. Sts.",2001,,
FSM,"Micronesia, Fed. Sts.",2002,,
FSM,"Micronesia, Fed. Sts.",2003,,
FSM,"Micronesia, Fed. Sts.",2004,,
FSM,"Micronesia, Fed. Sts.",2005,,
FSM,"Micronesia, Fed. Sts.",2006,,
FSM,"Micronesia, Fed. Sts.",2007,,
FSM,"Micronesia, Fed. Sts.",2008,,
FSM,"Micronesia, Fed. Sts.",2009,,
FSM,"Micronesia, Fed. Sts.",2010,,
FSM,"Micronesia, Fed. Sts.",2011,,
FSM,"Micronesia, Fed. Sts.",2012,,
FSM,"Micronesia, Fed. Sts.",2013,,
FSM,"Micronesia, Fed. Sts.",2014,,
FSM,"Micronesia, Fed. Sts.",2015,,
FSM,"Micronesia, Fed. Sts.",2016,,
FSM,"Micronesia, Fed. Sts.",2017,,
FSM,"Micronesia, Fed. Sts.",2018,,
FSM,"Micronesia, Fed. Sts.",2019,,
FSM,"Micronesia, Fed. Sts.",2020,,
FSM,"Micronesia, Fed. Sts.",2021,,
FSM,"Micronesia, Fed. Sts.",2022,,
FSM,"Micronesia, Fed. Sts.",2023,,
FSM,"Micronesia, Fed. Sts.",2024,,
FSM,"Micronesia, Fed. Sts.",2025,,
GAB,Gabon,1960,,
GAB,Gabon,1961,,
GAB,Gabon,1962,,
GAB,Gabon,1963,,
GAB,Gabon,1964,,
GAB,Gabon,1965,,
GAB,Gabon,1966,,
GAB,Gabon,1967,3008117.85317946,1.10778443113772
GAB,Gabon,1968,2989113.97006847,1.01508888474928
GAB,Gabon,1969,4350652.59788968,1.36759569663221
GAB,Gabon,1970,4638155.15750553,1.43240191454706
GAB,Gabon,1971,5498336.69867372,1.44053282588011
GAB,Gabon,1972,6673861.63442157,1.55023041474654
GAB,Gabon,1973,9421730.09883844,1.30353817504655
GAB,Gabon,1974,10494173.3657381,0.679580306698951
GAB,Gabon,1975,16844521.7975578,0.780709342560554
GAB,Gabon,1976,20117179.3262189,0.668474481991378
GAB,Gabon,1977,28927873.6567893,1.02970153578673
GAB,Gabon,1978,,
GAB,Gabon,1979,56881751.7699157,1.87713310580205
GAB,Gabon,1980,68629307.0806513,1.60362751603628
GAB,Gabon,1981,88322642.613467,2.28680323963792
GAB,Gabon,1982,88555899.7705459,2.44764067625536
GAB,Gabon,1983,86599171.7970116,2.55358662849184
GAB,Gabon,1984,80328270.2874654,2.25549415242257
GAB,Gabon,1985,95489724.2817681,2.85904698433855
GAB,Gabon,1986,136006884.085173,3.99592771697633
GAB,Gabon,1987,,
GAB,Gabon,1988,,
GAB,Gabon,1989,,
GAB,Gabon,1990,,
GAB,Gabon,1991,,
GAB,Gabon,1992,,
GAB,Gabon,1993,,
GAB,Gabon,1994,,
GAB,Gabon,1995,,
GAB,Gabon,1996,,
GAB,Gabon,1997,,
GAB,Gabon,1998,,
GAB,Gabon,1999,,
GAB,Gabon,2000,91295212.198164,1.69170490588038
GAB,Gabon,2001,90036137.2314433,1.79395209821725
GAB,Gabon,2002,94693165.4490465,1.78317027682097
GAB,Gabon,2003,108396421.197522,1.66832793289402
GAB,Gabon,2004,125121856.57363,1.6131661692941
GAB,Gabon,2005,118111430.456445,1.24868216929966
GAB,Gabon,2006,130237717.301918,1.28261921013258
GAB,Gabon,2007,,
GAB,Gabon,2008,,
GAB,Gabon,2009,,
GAB,Gabon,2010,268738503.907914,1.87162256589575
GAB,Gabon,2011,265965337.617035,1.46243422997043
GAB,Gabon,2012,278143957.126655,1.61980464787095
GAB,Gabon,2013,282163387.579953,1.60404717948982
GAB,Gabon,2014,208124773.338136,1.14481839629997
GAB,Gabon,2015,170374503.339251,1.18502560854907
GAB,Gabon,2016,202815390.680402,1.44754580418175
GAB,Gabon,2017,267430770.80282,1.81138276957815
GAB,Gabon,2018,261217395.059596,1.55363446931116
GAB,Gabon,2019,266879196.119858,1.58168890147569
GAB,Gabon,2020,263471597.129303,1.71695248466736
GAB,Gabon,2021,311454928.635429,1.60218113320742
GAB,Gabon,2022,277674768.990569,1.3582460776711
GAB,Gabon,2023,265385802.631879,1.32324399735374
GAB,Gabon,2024,319095920.726509,1.538206793748
GAB,Gabon,2025,,
GBR,United Kingdom,1960,5129857089.89177,7.09248637082215
GBR,United Kingdom,1961,5308314126.28105,6.92138752285922
GBR,United Kingdom,1962,5597132750.96369,6.94416604105903
GBR,United Kingdom,1963,5810811570.85085,6.80074341068238
GBR,United Kingdom,1964,6159898580.62988,6.59605601313516
GBR,United Kingdom,1965,6475329219.51092,6.43697857340144
GBR,United Kingdom,1966,6692138864.5979,6.24903679676674
GBR,United Kingdom,1967,6933197077.38222,6.2357037120617
GBR,United Kingdom,1968,6220499923.0844,5.9411052003122
GBR,United Kingdom,1969,6199702306.86184,5.5021956389853
GBR,United Kingdom,1970,6792098923.78198,5.19741323809566
GBR,United Kingdom,1971,7518385128.20382,5.07633062254603
GBR,United Kingdom,1972,8789192636.73613,5.1710477559332
GBR,United Kingdom,1973,9446894124.04146,4.90616105746511
GBR,United Kingdom,1974,10450754431.8186,5.06942711490535
GBR,United Kingdom,1975,12907674883.7019,5.33960343915615
GBR,United Kingdom,1976,12038757739.3177,5.17550333681554
GBR,United Kingdom,1977,12952124605.6775,4.92327762103886
GBR,United Kingdom,1978,15897336095.5357,4.73304308586993
GBR,United Kingdom,1979,20544684886.403,4.67975756747534
GBR,United Kingdom,1980,28360159219.7249,5.01990345888742
GBR,United Kingdom,1981,26948261220.5562,4.98376336921746
GBR,United Kingdom,1982,27714188335.4742,5.38132652115477
GBR,United Kingdom,1983,26423122398.8855,5.39688559001511
GBR,United Kingdom,1984,25418839536.3938,5.50807949805952
GBR,United Kingdom,1985,26031881546.0011,5.32070461905547
GBR,United Kingdom,1986,30432577939.6425,5.05982373679728
GBR,United Kingdom,1987,34921759890.1918,4.68666844260533
GBR,United Kingdom,1988,38357236513.9578,4.21428762838849
GBR,United Kingdom,1989,37456646813.3108,4.04095433156431
GBR,United Kingdom,1990,43545094840.1343,3.983217694585
GBR,United Kingdom,1991,47045457327.3683,4.11680242273171
GBR,United Kingdom,1992,45592591817.9765,3.86471776641263
GBR,United Kingdom,1993,38113206791.4603,3.59064951247979
GBR,United Kingdom,1994,38569013504.8574,3.38193371776532
GBR,United Kingdom,1995,38294283079.8348,2.85419949053587
GBR,United Kingdom,1996,38566134645.3921,2.72459232198324
GBR,United Kingdom,1997,39889947448.983,2.56014877225605
GBR,United Kingdom,1998,41222125832.6215,2.49596227501881
GBR,United Kingdom,1999,40760400666.5656,2.42290959332375
GBR,United Kingdom,2000,39343711272.5782,2.3727966452319
GBR,United Kingdom,2001,39512579943.6497,2.41112210130721
GBR,United Kingdom,2002,44245265998.3094,2.48565967470705
GBR,United Kingdom,2003,52343122277.0674,2.55206201518244
GBR,United Kingdom,2004,60250782544.7032,2.49782136751626
GBR,United Kingdom,2005,61653635038.462,2.42271607573388
GBR,United Kingdom,2006,64217619528.3273,2.36967440284241
GBR,United Kingdom,2007,73448032014.1665,2.37465777127738
GBR,United Kingdom,2008,72915407669.7404,2.4871500848402
GBR,United Kingdom,2009,64010506669.801,2.64772453259797
GBR,United Kingdom,2010,63979111970.2694,2.56799960467203
GBR,United Kingdom,2011,66569552573.1349,2.49903987829525
GBR,United Kingdom,2012,65452487554.2416,2.41781748358099
GBR,United Kingdom,2013,63837724855.4312,2.29232047399432
GBR,United Kingdom,2014,66995468654.2895,2.18448549185402
GBR,United Kingdom,2015,59990205719.3245,2.04890800410498
GBR,United Kingdom,2016,53327366087.7128,1.98449096820719
GBR,United Kingdom,2017,52075008432.0543,1.95002885979327
GBR,United Kingdom,2018,55832916405.2492,1.94455569473457
GBR,United Kingdom,2019,56567602040.8163,1.98525373099586
GBR,United Kingdom,2020,58332371794.8718,2.16304030547387
GBR,United Kingdom,2021,65148595797.7992,2.07241748249759
GBR,United Kingdom,2022,64069879004.1697,2.05691855462534
GBR,United Kingdom,2023,75303387480.0181,2.23063973904322
GBR,United Kingdom,2024,81763173069.6744,2.2786177901127
GBR,United Kingdom,2025,,
GEO,Georgia,1960,,
GEO,Georgia,1961,,
GEO,Georgia,1962,,
GEO,Georgia,1963,,
GEO,Georgia,1964,,
GEO,Georgia,1965,,
GEO,Georgia,1966,,
GEO,Georgia,1967,,
GEO,Georgia,1968,,
GEO,Georgia,1969,,
GEO,Georgia,1970,,
GEO,Georgia,1971,,
GEO,Georgia,1972,,
GEO,Georgia,1973,,
GEO,Georgia,1974,,
GEO,Georgia,1975,,
GEO,Georgia,1976,,
GEO,Georgia,1977,,
GEO,Georgia,1978,,
GEO,Georgia,1979,,
GEO,Georgia,1980,,
GEO,Georgia,1981,,
GEO,Georgia,1982,,
GEO,Georgia,1983,,
GEO,Georgia,1984,,
GEO,Georgia,1985,,
GEO,Georgia,1986,,
GEO,Georgia,1987,,
GEO,Georgia,1988,,
GEO,Georgia,1989,,
GEO,Georgia,1990,,
GEO,Georgia,1991,,
GEO,Georgia,1992,,
GEO,Georgia,1993,,
GEO,Georgia,1994,,
GEO,Georgia,1995,,
GEO,Georgia,1996,67706683.5603421,2.21017302703038
GEO,Georgia,1997,44007707.1290944,1.25358766896378
GEO,Georgia,1998,41084456.9800406,1.13697395615685
GEO,Georgia,1999,25882678.3632664,0.924374855931971
GEO,Georgia,2000,18824291.4324173,0.615582490752135
GEO,Georgia,2001,23829967.8729583,0.740186005258763
GEO,Georgia,2002,33975807.0392771,1.00053299706695
GEO,Georgia,2003,42647402.8849067,1.06848912472203
GEO,Georgia,2004,70419742.780372,1.37383897186186
GEO,Georgia,2005,214071430.147627,3.33916979671741
GEO,Georgia,2006,404172025.858922,5.21830695097827
GEO,Georgia,2007,931750564.205712,9.15911651704757
GEO,Georgia,2008,1090160250.60538,8.52011839531126
GEO,Georgia,2009,603655214.936935,5.60659705141182
GEO,Georgia,2010,454178215.155358,3.65484993224496
GEO,Georgia,2011,468779626.836253,3.0291791684272
GEO,Georgia,2012,491982529.358533,2.91212426772649
GEO,Georgia,2013,441878926.976772,2.52250044602568
GEO,Georgia,2014,415643210.857482,2.31346741070778
GEO,Georgia,2015,299514176.284605,1.96739841458037
GEO,Georgia,2016,315194446.322336,2.04079266789767
GEO,Georgia,2017,321136644.607665,1.942197699613
GEO,Georgia,2018,333912381.840905,1.86470954721815
GEO,Georgia,2019,310614128.505502,1.75963279056275
GEO,Georgia,2020,287864077.669903,1.78655575876457
GEO,Georgia,2021,300489434.431324,1.59240624613036
GEO,Georgia,2022,401381726.184684,1.60787681983081
GEO,Georgia,2023,508401419.398704,1.65864808405362
GEO,Georgia,2024,615864045.59285,1.86402941794564
GEO,Georgia,2025,,
GHA,Ghana,1960,20821777.3519574,1.70665901262916
GHA,Ghana,1961,27454210.2992509,2.10300429184549
GHA,Ghana,1962,27944464.0545947,2.00100300902708
GHA,Ghana,1963,31096095.3389474,2.01634877384196
GHA,Ghana,1964,33302237.2379944,1.92198868229588
GHA,Ghana,1965,35578415.3878047,1.73260572987722
GHA,Ghana,1966,47344505.5160551,2.2266139657444
GHA,Ghana,1967,0.0,
GHA,Ghana,1968,44271216.3553464,2.65588235294118
GHA,Ghana,1969,49026817.6692651,2.50125062531266
GHA,Ghana,1970,46918664.5094867,2.11819389110226
GHA,Ghana,1971,41139332.2955844,1.70131947221112
GHA,Ghana,1972,30202525.7565639,1.42984014209591
GHA,Ghana,1973,41052242.8437696,1.36493432324386
GHA,Ghana,1974,64121526.3881397,1.58154506437768
GHA,Ghana,1975,78825105.7091649,1.71493469619534
GHA,Ghana,1976,88961005.0635995,1.56680968433956
GHA,Ghana,1977,121717795.68115,1.2532473349458
GHA,Ghana,1978,101354226.354936,0.851281806918898
GHA,Ghana,1979,66362988.0808581,0.646304301608674
GHA,Ghana,1980,120610364.850902,0.773574778895293
GHA,Ghana,1981,195559792.179064,0.741113531698977
GHA,Ghana,1982,,
GHA,Ghana,1983,71148287.3534174,0.341179539008248
GHA,Ghana,1984,44624487.0269248,0.593211881978556
GHA,Ghana,1985,63162776.6592191,1.00044308668175
GHA,Ghana,1986,51650922.7625224,0.900516843869348
GHA,Ghana,1987,43338474.855354,0.892627345844504
GHA,Ghana,1988,22760424.6502865,0.437880517503805
GHA,Ghana,1989,22626966.3337718,0.430846522392588
GHA,Ghana,1990,27612553.5020052,0.276510427354999
GHA,Ghana,1991,41427184.1755229,0.368975044988862
GHA,Ghana,1992,41663996.0444269,0.377347219697109
GHA,Ghana,1993,41004328.5772423,0.421951639889914
GHA,Ghana,1994,37823250.8302971,0.426586695929125
GHA,Ghana,1995,49054322.2642894,0.335747716894977
GHA,Ghana,1996,44417812.6165567,0.286903633491311
GHA,Ghana,1997,45483310.2209028,0.287938176197836
GHA,Ghana,1998,57453085.6613862,0.334707661290323
GHA,Ghana,1999,59277760.90128,0.333671099852227
GHA,Ghana,2000,50882608.2408578,0.4436304
GHA,Ghana,2001,32352140.4988099,0.264452812963597
GHA,Ghana,2002,36975481.3437874,0.260305614783227
GHA,Ghana,2003,53244020.2869524,0.30375830974791
GHA,Ghana,2004,56353842.9896775,0.277570912276859
GHA,Ghana,2005,64196566.3995304,0.260967076343411
GHA,Ghana,2006,75732607.9270927,0.262213532811969
GHA,Ghana,2007,126077788.992866,0.370332914572864
GHA,Ghana,2008,113668160.248048,0.294033500427925
GHA,Ghana,2009,118290743.895514,0.336757870912986
GHA,Ghana,2010,122480468.47703,0.282687655236928
GHA,Ghana,2011,234327479.578,0.43515452267479
GHA,Ghana,2012,337260972.703278,0.593208552483374
GHA,Ghana,2013,254997057.393618,0.400294579040699
GHA,Ghana,2014,252653833.716615,0.484989051455069
GHA,Ghana,2015,190540362.002907,0.392915126090548
GHA,Ghana,2016,161751874.263817,0.291412454265461
GHA,Ghana,2017,189129841.490359,0.312701278609545
GHA,Ghana,2018,218444253.592195,0.32587623925291
GHA,Ghana,2019,233320137.038447,0.343818178617089
GHA,Ghana,2020,239887164.283223,0.350949233772808
GHA,Ghana,2021,298345433.057572,0.382741906430833
GHA,Ghana,2022,229278866.209078,0.337946355940024
GHA,Ghana,2023,285375934.691638,0.398080247565807
GHA,Ghana,2024,268736705.433852,0.383994182354107
GHA,Ghana,2025,,
GIB,Gibraltar,1960,,
GIB,Gibraltar,1961,,
GIB,Gibraltar,1962,,
GIB,Gibraltar,1963,,
GIB,Gibraltar,1964,,
GIB,Gibraltar,1965,,
GIB,Gibraltar,1966,,
GIB,Gibraltar,1967,,
GIB,Gibraltar,1968,,
GIB,Gibraltar,1969,,
GIB,Gibraltar,1970,,
GIB,Gibraltar,1971,,
GIB,Gibraltar,1972,,
GIB,Gibraltar,1973,,
GIB,Gibraltar,1974,,
GIB,Gibraltar,1975,,
GIB,Gibraltar,1976,,
GIB,Gibraltar,1977,,
GIB,Gibraltar,1978,,
GIB,Gibraltar,1979,,
GIB,Gibraltar,1980,,
GIB,Gibraltar,1981,,
GIB,Gibraltar,1982,,
GIB,Gibraltar,1983,,
GIB,Gibraltar,1984,,
GIB,Gibraltar,1985,,
GIB,Gibraltar,1986,,
GIB,Gibraltar,1987,,
GIB,Gibraltar,1988,,
GIB,Gibraltar,1989,,
GIB,Gibraltar,1990,,
GIB,Gibraltar,1991,,
GIB,Gibraltar,1992,,
GIB,Gibraltar,1993,,
GIB,Gibraltar,1994,,
GIB,Gibraltar,1995,,
GIB,Gibraltar,1996,,
GIB,Gibraltar,1997,,
GIB,Gibraltar,1998,,
GIB,Gibraltar,1999,,
GIB,Gibraltar,2000,,
GIB,Gibraltar,2001,,
GIB,Gibraltar,2002,,
GIB,Gibraltar,2003,,
GIB,Gibraltar,2004,,
GIB,Gibraltar,2005,,
GIB,Gibraltar,2006,,
GIB,Gibraltar,2007,,
GIB,Gibraltar,2008,,
GIB,Gibraltar,2009,,
GIB,Gibraltar,2010,,
GIB,Gibraltar,2011,,
GIB,Gibraltar,2012,,
GIB,Gibraltar,2013,,
GIB,Gibraltar,2014,,
GIB,Gibraltar,2015,,
GIB,Gibraltar,2016,,
GIB,Gibraltar,2017,,
GIB,Gibraltar,2018,,
GIB,Gibraltar,2019,,
GIB,Gibraltar,2020,,
GIB,Gibraltar,2021,,
GIB,Gibraltar,2022,,
GIB,Gibraltar,2023,,
GIB,Gibraltar,2024,,
GIB,Gibraltar,2025,,
GIN,Guinea,1960,,
GIN,Guinea,1961,,
GIN,Guinea,1962,,
GIN,Guinea,1963,,
GIN,Guinea,1964,,
GIN,Guinea,1965,10492201.7419486,
GIN,Guinea,1966,13895077.9825805,
GIN,Guinea,1967,,
GIN,Guinea,1968,14178651.0026332,
GIN,Guinea,1969,14705286.6113024,
GIN,Guinea,1970,15069880.4942273,
GIN,Guinea,1971,26327764.4152636,
GIN,Guinea,1972,31711404.2302397,
GIN,Guinea,1973,36058910.702304,
GIN,Guinea,1974,,
GIN,Guinea,1975,,
GIN,Guinea,1976,,
GIN,Guinea,1977,,
GIN,Guinea,1978,85228280.9846123,
GIN,Guinea,1979,71021091.7464804,
GIN,Guinea,1980,60309243.0241079,0.902357645982379
GIN,Guinea,1981,52510728.8966541,0.793828345445229
GIN,Guinea,1982,52266833.5866941,0.639108637534101
GIN,Guinea,1983,,
GIN,Guinea,1984,,
GIN,Guinea,1985,,
GIN,Guinea,1986,,
GIN,Guinea,1987,,
GIN,Guinea,1988,,
GIN,Guinea,1989,,
GIN,Guinea,1990,,
GIN,Guinea,1991,71764178.3996456,2.38055425991604
GIN,Guinea,1992,55654040.2948555,1.69464061466168
GIN,Guinea,1993,43956503.9927158,1.3407093629396
GIN,Guinea,1994,45871747.5087955,1.35611690454208
GIN,Guinea,1995,,
GIN,Guinea,1996,,
GIN,Guinea,1997,44370189.8058119,1.17281926203606
GIN,Guinea,1998,45034483.3162197,1.25499180312356
GIN,Guinea,1999,55211186.391812,1.59513114331129
GIN,Guinea,2000,45967931.2141144,1.53463751403247
GIN,Guinea,2001,87718398.8188008,3.10021054615164
GIN,Guinea,2002,98084865.1712689,3.3246802439883
GIN,Guinea,2003,84133949.3080361,2.44118141486197
GIN,Guinea,2004,81018570.0979977,2.22856440980186
GIN,Guinea,2005,,
GIN,Guinea,2006,,
GIN,Guinea,2007,,
GIN,Guinea,2008,,
GIN,Guinea,2009,,
GIN,Guinea,2010,,
GIN,Guinea,2011,,
GIN,Guinea,2012,168913357.467903,2.24508735704069
GIN,Guinea,2013,196818705.594191,2.38618429535759
GIN,Guinea,2014,196945589.753241,2.27643791059905
GIN,Guinea,2015,221414232.310207,2.5177315199509
GIN,Guinea,2016,161856744.453218,1.88200742269539
GIN,Guinea,2017,181637775.870545,1.76492717450729
GIN,Guinea,2018,197079526.352476,1.67017173427376
GIN,Guinea,2019,197754330.707634,1.47320213579399
GIN,Guinea,2020,206992890.786064,1.46963829052972
GIN,Guinea,2021,244558590.415803,1.54641182201592
GIN,Guinea,2022,441260169.726193,2.18865717393084
GIN,Guinea,2023,504667180.286275,2.13309701622161
GIN,Guinea,2024,562455950.499682,2.05370337042453
GIN,Guinea,2025,,
GMB,"Gambia, The",1960,,
GMB,"Gambia, The",1961,,
GMB,"Gambia, The",1962,,
GMB,"Gambia, The",1963,,
GMB,"Gambia, The",1964,,
GMB,"Gambia, The",1965,,
GMB,"Gambia, The",1966,,
GMB,"Gambia, The",1967,,
GMB,"Gambia, The",1968,,
GMB,"Gambia, The",1969,,
GMB,"Gambia, The",1970,,
GMB,"Gambia, The",1971,,
GMB,"Gambia, The",1972,,
GMB,"Gambia, The",1973,,
GMB,"Gambia, The",1974,,
GMB,"Gambia, The",1975,,
GMB,"Gambia, The",1976,,
GMB,"Gambia, The",1977,,
GMB,"Gambia, The",1978,,
GMB,"Gambia, The",1979,,
GMB,"Gambia, The",1980,,
GMB,"Gambia, The",1981,,
GMB,"Gambia, The",1982,,
GMB,"Gambia, The",1983,727666.880166151,0.340909030378368
GMB,"Gambia, The",1984,846805.020005245,0.477501573316551
GMB,"Gambia, The",1985,1244263.4191691,0.55122589453325
GMB,"Gambia, The",1986,1046935.94340481,0.563939016801493
GMB,"Gambia, The",1987,1392344.22707226,0.631086622245003
GMB,"Gambia, The",1988,2161462.758742,0.810531317253137
GMB,"Gambia, The",1989,2722988.35114814,0.958392269816802
GMB,"Gambia, The",1990,3464911.1117034,0.46126597245397
GMB,"Gambia, The",1991,3996271.67318971,0.50424326671404
GMB,"Gambia, The",1992,3501687.89225368,0.409650498904237
GMB,"Gambia, The",1993,2556388.66762778,0.279219753894381
GMB,"Gambia, The",1994,2316899.69598519,0.255557491763486
GMB,"Gambia, The",1995,2886551.70751845,0.304615670171595
GMB,"Gambia, The",1996,3929706.23149338,0.397307469403729
GMB,"Gambia, The",1997,4176388.69826082,0.407575945502193
GMB,"Gambia, The",1998,4049572.02318873,0.384833814905964
GMB,"Gambia, The",1999,3519056.43653851,0.325833061382465
GMB,"Gambia, The",2000,3323532.17179142,0.31579359886356
GMB,"Gambia, The",2001,2454230.20041818,0.234862058929382
GMB,"Gambia, The",2002,2259285.66407937,0.24438080993324
GMB,"Gambia, The",2003,1997861.93722507,0.227388636213975
GMB,"Gambia, The",2004,1931395.49984849,0.192621401787275
GMB,"Gambia, The",2005,2985085.07317483,0.277027428909804
GMB,"Gambia, The",2006,2786319.24377443,0.260242378391835
GMB,"Gambia, The",2007,4547026.14037486,0.355318377435937
GMB,"Gambia, The",2008,17163533.4619059,1.09491765751865
GMB,"Gambia, The",2009,7095299.57514525,0.482205427892009
GMB,"Gambia, The",2010,,
GMB,"Gambia, The",2011,,
GMB,"Gambia, The",2012,11173079.8607106,0.792325301857297
GMB,"Gambia, The",2013,10378890.6934834,0.754494266076443
GMB,"Gambia, The",2014,14599970.2849394,1.18750912674762
GMB,"Gambia, The",2015,14288131.905326,1.00885846696253
GMB,"Gambia, The",2016,,
GMB,"Gambia, The",2017,,
GMB,"Gambia, The",2018,11487224.9434107,0.68699671133711
GMB,"Gambia, The",2019,14456446.2017733,0.797324578818787
GMB,"Gambia, The",2020,14805015.9297537,0.816569761733964
GMB,"Gambia, The",2021,15874259.8668246,0.775165384461361
GMB,"Gambia, The",2022,15446282.2276314,0.705923163360025
GMB,"Gambia, The",2023,13950935.4823512,0.581008845800962
GMB,"Gambia, The",2024,14433677.7042713,0.574440350261863
GMB,"Gambia, The",2025,,
GNB,Guinea-Bissau,1960,,
GNB,Guinea-Bissau,1961,,
GNB,Guinea-Bissau,1962,,
GNB,Guinea-Bissau,1963,,
GNB,Guinea-Bissau,1964,,
GNB,Guinea-Bissau,1965,,
GNB,Guinea-Bissau,1966,,
GNB,Guinea-Bissau,1967,,
GNB,Guinea-Bissau,1968,,
GNB,Guinea-Bissau,1969,,
GNB,Guinea-Bissau,1970,,
GNB,Guinea-Bissau,1971,,
GNB,Guinea-Bissau,1972,,
GNB,Guinea-Bissau,1973,,
GNB,Guinea-Bissau,1974,,
GNB,Guinea-Bissau,1975,,
GNB,Guinea-Bissau,1976,,
GNB,Guinea-Bissau,1977,,
GNB,Guinea-Bissau,1978,,
GNB,Guinea-Bissau,1979,,
GNB,Guinea-Bissau,1980,,
GNB,Guinea-Bissau,1981,,
GNB,Guinea-Bissau,1982,9407751.85709348,0.0086945777177712
GNB,Guinea-Bissau,1983,18064755.1994071,0.0134783154640054
GNB,Guinea-Bissau,1984,6465128.7120096,0.0150240384615385
GNB,Guinea-Bissau,1985,4652567.4826345,0.0109031437397783
GNB,Guinea-Bissau,1986,6128820.1382815,0.0243964421855146
GNB,Guinea-Bissau,1987,3883662.22371057,0.0580869565217391
GNB,Guinea-Bissau,1988,,
GNB,Guinea-Bissau,1989,4434725.15476652,0.18108504398827
GNB,Guinea-Bissau,1990,,
GNB,Guinea-Bissau,1991,,
GNB,Guinea-Bissau,1992,,
GNB,Guinea-Bissau,1993,,
GNB,Guinea-Bissau,1994,2016728.76510656,0.317965023847377
GNB,Guinea-Bissau,1995,2211919.91051615,0.495568090249799
GNB,Guinea-Bissau,1996,1897743.65673021,0.566593083149375
GNB,Guinea-Bissau,1997,1817811.12239985,0.650521152667075
GNB,Guinea-Bissau,1998,2900235.95139944,1.4047619047619
GNB,Guinea-Bissau,1999,,
GNB,Guinea-Bissau,2000,9531360.60766093,2.62803036170707
GNB,Guinea-Bissau,2001,6183163.5151745,1.62672677091596
GNB,Guinea-Bissau,2002,6363093.76918971,1.5586028989376
GNB,Guinea-Bissau,2003,7505161.73434274,1.57542311053966
GNB,Guinea-Bissau,2004,,
GNB,Guinea-Bissau,2005,12116374.8322173,1.89459928348781
GNB,Guinea-Bissau,2006,,
GNB,Guinea-Bissau,2007,,
GNB,Guinea-Bissau,2008,,
GNB,Guinea-Bissau,2009,13744583.7021852,1.55025769160365
GNB,Guinea-Bissau,2010,17129808.1679545,1.82387957578709
GNB,Guinea-Bissau,2011,17519804.3512353,1.51613050510836
GNB,Guinea-Bissau,2012,24491750.6811589,2.33372193259001
GNB,Guinea-Bissau,2013,21710792.6483686,1.9570423918299
GNB,Guinea-Bissau,2014,21470831.2086587,1.89380436110046
GNB,Guinea-Bissau,2015,17036957.2925502,1.47900420224188
GNB,Guinea-Bissau,2016,15730078.4677087,1.26454587592398
GNB,Guinea-Bissau,2017,19021935.3520215,1.30856549036791
GNB,Guinea-Bissau,2018,21198429.4927161,1.37872156165153
GNB,Guinea-Bissau,2019,22571242.3074691,1.49375034588535
GNB,Guinea-Bissau,2020,24165899.1780631,1.51874963824343
GNB,Guinea-Bissau,2021,25673740.3256251,1.46036445301284
GNB,Guinea-Bissau,2022,24538678.1421994,1.39829187831807
GNB,Guinea-Bissau,2023,25292392.1705683,1.2348847572106
GNB,Guinea-Bissau,2024,,
GNB,Guinea-Bissau,2025,,
GNQ,Equatorial Guinea,1960,,
GNQ,Equatorial Guinea,1961,,
GNQ,Equatorial Guinea,1962,,
GNQ,Equatorial Guinea,1963,,
GNQ,Equatorial Guinea,1964,,
GNQ,Equatorial Guinea,1965,,
GNQ,Equatorial Guinea,1966,,
GNQ,Equatorial Guinea,1967,,
GNQ,Equatorial Guinea,1968,,
GNQ,Equatorial Guinea,1969,,
GNQ,Equatorial Guinea,1970,,
GNQ,Equatorial Guinea,1971,,
GNQ,Equatorial Guinea,1972,,
GNQ,Equatorial Guinea,1973,,
GNQ,Equatorial Guinea,1974,,
GNQ,Equatorial Guinea,1975,,
GNQ,Equatorial Guinea,1976,,
GNQ,Equatorial Guinea,1977,,
GNQ,Equatorial Guinea,1978,,
GNQ,Equatorial Guinea,1979,,
GNQ,Equatorial Guinea,1980,,
GNQ,Equatorial Guinea,1981,,
GNQ,Equatorial Guinea,1982,,
GNQ,Equatorial Guinea,1983,,
GNQ,Equatorial Guinea,1984,,
GNQ,Equatorial Guinea,1985,,
GNQ,Equatorial Guinea,1986,,
GNQ,Equatorial Guinea,1987,,
GNQ,Equatorial Guinea,1988,,
GNQ,Equatorial Guinea,1989,,
GNQ,Equatorial Guinea,1990,,
GNQ,Equatorial Guinea,1991,,
GNQ,Equatorial Guinea,1992,,
GNQ,Equatorial Guinea,1993,,
GNQ,Equatorial Guinea,1994,2379301.339145,1.98642304021115
GNQ,Equatorial Guinea,1995,3447875.17930554,2.0456168533629
GNQ,Equatorial Guinea,1996,,
GNQ,Equatorial Guinea,1997,,
GNQ,Equatorial Guinea,1998,,
GNQ,Equatorial Guinea,1999,,
GNQ,Equatorial Guinea,2000,,
GNQ,Equatorial Guinea,2001,,
GNQ,Equatorial Guinea,2002,,
GNQ,Equatorial Guinea,2003,,
GNQ,Equatorial Guinea,2004,,
GNQ,Equatorial Guinea,2005,,
GNQ,Equatorial Guinea,2006,,
GNQ,Equatorial Guinea,2007,196314371.738509,1.50182586762037
GNQ,Equatorial Guinea,2008,292754658.835877,1.48230906749545
GNQ,Equatorial Guinea,2009,371927587.857327,2.47492960390331
GNQ,Equatorial Guinea,2010,,
GNQ,Equatorial Guinea,2011,,
GNQ,Equatorial Guinea,2012,,
GNQ,Equatorial Guinea,2013,,
GNQ,Equatorial Guinea,2014,166540270.521497,0.766177996343115
GNQ,Equatorial Guinea,2015,137262659.565475,1.04143202034015
GNQ,Equatorial Guinea,2016,139200817.641802,1.23948977462594
GNQ,Equatorial Guinea,2017,136210361.388331,1.12893709401034
GNQ,Equatorial Guinea,2018,149498690.044337,1.14208303034219
GNQ,Equatorial Guinea,2019,148636933.022503,1.30805287179895
GNQ,Equatorial Guinea,2020,162373364.380419,1.64082995887433
GNQ,Equatorial Guinea,2021,162807132.671218,1.34533764165546
GNQ,Equatorial Guinea,2022,156791634.919832,1.3031878031878
GNQ,Equatorial Guinea,2023,162192394.152675,1.51867240610434
GNQ,Equatorial Guinea,2024,113135237.554975,0.982185856511218
GNQ,Equatorial Guinea,2025,,
GRC,Greece,1960,170327798.096363,4.85730295953435
GRC,Greece,1961,167762365.801466,4.24357000022985
GRC,Greece,1962,170034222.652829,4.04842971228294
GRC,Greece,1963,179495712.797773,3.82448463962285
GRC,Greece,1964,188207553.063285,3.57356211032106
GRC,Greece,1965,209674799.610636,3.49846492059281
GRC,Greece,1966,238979294.897497,3.58468738765907
GRC,Greece,1967,313035616.320105,4.34570766758805
GRC,Greece,1968,366771882.677522,4.69018026641258
GRC,Greece,1969,425403589.914256,4.78878606005897
GRC,Greece,1970,473596990.496484,4.19730219448359
GRC,Greece,1971,515997642.010379,4.11919917305914
GRC,Greece,1972,573692101.497013,3.95652514491618
GRC,Greece,1973,674802452.237724,3.5177090640908
GRC,Greece,1974,1049955702.95995,4.82446883464592
GRC,Greece,1975,1433217344.89603,5.84732162220776
GRC,Greece,1976,1559887279.78501,5.82922738415295
GRC,Greece,1977,1838775321.43188,5.91853565442111
GRC,Greece,1978,2118929495.4422,5.57544451249418
GRC,Greece,1979,2424261939.15195,5.181248328693
GRC,Greece,1980,2275580288.96511,4.6608059951787
GRC,Greece,1981,2578400683.8574,5.7357013089349
GRC,Greece,1982,2638652976.07206,5.62659345822855
GRC,Greece,1983,2195463585.6401,5.17247666277713
GRC,Greece,1984,1994286405.27223,4.83544433693963
GRC,Greece,1985,1927083076.34616,4.69256693840525
GRC,Greece,1986,1998816951.19072,4.12801512211307
GRC,Greece,1987,2399225050.00692,4.25552044841929
GRC,Greece,1988,2749556829.15464,4.19823223061689
GRC,Greece,1989,2560254613.5061,3.7658694645888
GRC,Greece,1990,3193376484.06783,3.79826032707078
GRC,Greece,1991,3146899034.9562,3.484865109943
GRC,Greece,1992,3623052914.95211,3.62980089042347
GRC,Greece,1993,3364413329.76605,3.60012469561704
GRC,Greece,1994,3587244914.44126,3.58197232877289
GRC,Greece,1995,4179913246.97254,3.09663675025723
GRC,Greece,1996,4613167576.65798,3.23732069026365
GRC,Greece,1997,4573516492.29295,3.29602741401833
GRC,Greece,1998,4824257168.88238,3.45541464568208
GRC,Greece,1999,5012285642.29829,3.49420868804542
GRC,Greece,2000,4564522446.23907,3.59479870587568
GRC,Greece,2001,4428103551.64607,3.35627566229104
GRC,Greece,2002,4734177215.18987,3.16565671755075
GRC,Greece,2003,5035585541.86408,2.56278132746133
GRC,Greece,2004,6267468787.4442,2.67202808458836
GRC,Greece,2005,7028428592.74735,2.90167987543818
GRC,Greece,2006,7607186181.61655,2.82969288184235
GRC,Greece,2007,8533090258.10319,2.71917513817491
GRC,Greece,2008,10574138499.2859,3.02372412926418
GRC,Greece,2009,10641348182.8677,3.26904009456305
GRC,Greece,2010,8163619386.92396,2.75678087939637
GRC,Greece,2011,7128608267.12819,2.52021146748907
GRC,Greece,2012,5914988423.39784,2.47639628901893
GRC,Greece,2013,5655183035.72021,2.39130807647224
GRC,Greece,2014,5531285908.87966,2.36784026258467
GRC,Greece,2015,4818121326.3835,2.47743424261411
GRC,Greece,2016,4963484464.40452,2.57279833754101
GRC,Greece,2017,5088178883.21225,2.556623889921
GRC,Greece,2018,5757114360.91734,2.70054108209766
GRC,Greece,2019,5383116883.11688,2.59648367110305
GRC,Greece,2020,5773281659.63752,3.02310765728834
GRC,Greece,2021,8299905392.62063,3.80247367841764
GRC,Greece,2022,8745382718.95799,4.00035246143373
GRC,Greece,2023,7014878933.10746,2.88325472633445
GRC,Greece,2024,8021963044.4518,3.12797536550149
GRC,Greece,2025,,
GRD,Grenada,1960,,
GRD,Grenada,1961,,
GRD,Grenada,1962,,
GRD,Grenada,1963,,
GRD,Grenada,1964,,
GRD,Grenada,1965,,
GRD,Grenada,1966,,
GRD,Grenada,1967,,
GRD,Grenada,1968,,
GRD,Grenada,1969,,
GRD,Grenada,1970,,
GRD,Grenada,1971,,
GRD,Grenada,1972,,
GRD,Grenada,1973,,
GRD,Grenada,1974,,
GRD,Grenada,1975,,
GRD,Grenada,1976,,
GRD,Grenada,1977,,
GRD,Grenada,1978,,
GRD,Grenada,1979,,
GRD,Grenada,1980,,
GRD,Grenada,1981,,
GRD,Grenada,1982,,
GRD,Grenada,1983,,
GRD,Grenada,1984,,
GRD,Grenada,1985,,
GRD,Grenada,1986,,
GRD,Grenada,1987,,
GRD,Grenada,1988,,
GRD,Grenada,1989,,
GRD,Grenada,1990,,
GRD,Grenada,1991,,
GRD,Grenada,1992,,
GRD,Grenada,1993,,
GRD,Grenada,1994,,
GRD,Grenada,1995,,
GRD,Grenada,1996,,
GRD,Grenada,1997,,
GRD,Grenada,1998,,
GRD,Grenada,1999,,
GRD,Grenada,2000,,
GRD,Grenada,2001,,
GRD,Grenada,2002,,
GRD,Grenada,2003,,
GRD,Grenada,2004,,
GRD,Grenada,2005,,
GRD,Grenada,2006,,
GRD,Grenada,2007,,
GRD,Grenada,2008,,
GRD,Grenada,2009,,
GRD,Grenada,2010,,
GRD,Grenada,2011,,
GRD,Grenada,2012,,
GRD,Grenada,2013,,
GRD,Grenada,2014,,
GRD,Grenada,2015,,
GRD,Grenada,2016,,
GRD,Grenada,2017,,
GRD,Grenada,2018,,
GRD,Grenada,2019,,
GRD,Grenada,2020,,
GRD,Grenada,2021,,
GRD,Grenada,2022,,
GRD,Grenada,2023,,
GRD,Grenada,2024,,
GRD,Grenada,2025,,
GRL,Greenland,1960,,
GRL,Greenland,1961,,
GRL,Greenland,1962,,
GRL,Greenland,1963,,
GRL,Greenland,1964,,
GRL,Greenland,1965,,
GRL,Greenland,1966,,
GRL,Greenland,1967,,
GRL,Greenland,1968,,
GRL,Greenland,1969,,
GRL,Greenland,1970,,
GRL,Greenland,1971,,
GRL,Greenland,1972,,
GRL,Greenland,1973,,
GRL,Greenland,1974,,
GRL,Greenland,1975,,
GRL,Greenland,1976,,
GRL,Greenland,1977,,
GRL,Greenland,1978,,
GRL,Greenland,1979,,
GRL,Greenland,1980,,
GRL,Greenland,1981,,
GRL,Greenland,1982,,
GRL,Greenland,1983,,
GRL,Greenland,1984,,
GRL,Greenland,1985,,
GRL,Greenland,1986,,
GRL,Greenland,1987,,
GRL,Greenland,1988,,
GRL,Greenland,1989,,
GRL,Greenland,1990,,
GRL,Greenland,1991,,
GRL,Greenland,1992,,
GRL,Greenland,1993,,
GRL,Greenland,1994,,
GRL,Greenland,1995,,
GRL,Greenland,1996,,
GRL,Greenland,1997,,
GRL,Greenland,1998,,
GRL,Greenland,1999,,
GRL,Greenland,2000,,
GRL,Greenland,2001,,
GRL,Greenland,2002,,
GRL,Greenland,2003,,
GRL,Greenland,2004,,
GRL,Greenland,2005,,
GRL,Greenland,2006,,
GRL,Greenland,2007,,
GRL,Greenland,2008,,
GRL,Greenland,2009,,
GRL,Greenland,2010,,
GRL,Greenland,2011,,
GRL,Greenland,2012,,
GRL,Greenland,2013,,
GRL,Greenland,2014,,
GRL,Greenland,2015,,
GRL,Greenland,2016,,
GRL,Greenland,2017,,
GRL,Greenland,2018,,
GRL,Greenland,2019,,
GRL,Greenland,2020,,
GRL,Greenland,2021,,
GRL,Greenland,2022,,
GRL,Greenland,2023,,
GRL,Greenland,2024,,
GRL,Greenland,2025,,
GTM,Guatemala,1960,12084076.433121,1.15792223391347
GTM,Guatemala,1961,12084076.433121,1.12222106548301
GTM,Guatemala,1962,11954140.1273885,1.0453078110693
GTM,Guatemala,1963,14812738.8535032,1.17300751136389
GTM,Guatemala,1964,12993630.5732484,1.00383425318668
GTM,Guatemala,1965,18580891.7197452,1.39559048518441
GTM,Guatemala,1966,19100636.9426752,1.37345487471598
GTM,Guatemala,1967,21179617.8343949,1.45714604983797
GTM,Guatemala,1968,20400000.0,1.26668736417262
GTM,Guatemala,1969,17600000.0,1.02599976681823
GTM,Guatemala,1970,32300000.0,1.69642857142857
GTM,Guatemala,1971,22200000.0,1.11850060459492
GTM,Guatemala,1972,24000000.0,1.14198705748002
GTM,Guatemala,1973,23400000.0,0.910753901840968
GTM,Guatemala,1974,28400000.0,0.898307765301281
GTM,Guatemala,1975,44900000.0,1.23148656061437
GTM,Guatemala,1976,55500000.0,1.27139028245481
GTM,Guatemala,1977,75200000.0,1.37213757868808
GTM,Guatemala,1978,71700000.0,1.18112181863108
GTM,Guatemala,1979,90200000.0,1.3066782558308
GTM,Guatemala,1980,103760000.0,1.31685153691905
GTM,Guatemala,1981,162640000.0,1.88944910430075
GTM,Guatemala,1982,176590000.0,2.02571867758735
GTM,Guatemala,1983,184250000.0,2.03593409871932
GTM,Guatemala,1984,207480000.0,2.19084928671742
GTM,Guatemala,1985,224420000.0,2.00737043596487
GTM,Guatemala,1986,140853333.333333,1.66749799534035
GTM,Guatemala,1987,124028000.0,1.75071000671895
GTM,Guatemala,1988,146588384.397499,1.86907699721099
GTM,Guatemala,1989,151627061.346818,1.8028516299552
GTM,Guatemala,1990,132196105.007847,1.72801156281599
GTM,Guatemala,1991,119310860.469926,1.26843726414995
GTM,Guatemala,1992,153753024.292978,1.47262037513846
GTM,Guatemala,1993,144445075.381165,1.26706017134887
GTM,Guatemala,1994,153011545.416609,1.1785345993652
GTM,Guatemala,1995,158348657.492683,1.08042737364637
GTM,Guatemala,1996,141370462.942145,0.895717413539242
GTM,Guatemala,1997,132112832.569696,0.74281794332224
GTM,Guatemala,1998,139804367.713636,0.720839850994178
GTM,Guatemala,1999,123754165.194209,0.675600759866063
GTM,Guatemala,2000,157848092.786958,0.918401634718749
GTM,Guatemala,2001,196765577.539991,1.05206292918867
GTM,Guatemala,2002,158368119.258724,0.762245026054294
GTM,Guatemala,2003,178771793.951529,0.815655342525256
GTM,Guatemala,2004,114893349.273265,0.479416089056921
GTM,Guatemala,2005,104467679.861251,0.383913656735458
GTM,Guatemala,2006,130546929.154779,0.43182946456192
GTM,Guatemala,2007,135925872.831767,0.398456601466993
GTM,Guatemala,2008,166494048.304041,0.468231102914397
GTM,Guatemala,2009,147410544.062655,0.395326073511874
GTM,Guatemala,2010,169798840.125742,0.441382604389834
GTM,Guatemala,2011,197433150.684228,0.459619447723005
GTM,Guatemala,2012,224366543.649735,0.475870730886697
GTM,Guatemala,2013,249757853.378152,0.471272593167646
GTM,Guatemala,2014,245672875.883208,0.424656428368739
GTM,Guatemala,2015,252455480.635391,0.405967931287061
GTM,Guatemala,2016,290912704.00085,0.440496512523365
GTM,Guatemala,2017,275014798.544949,0.383850245049506
GTM,Guatemala,2018,273114976.844026,0.372491637911365
GTM,Guatemala,2019,331882551.643497,0.430070763358893
GTM,Guatemala,2020,342766481.025774,0.440993296513657
GTM,Guatemala,2021,337658309.640734,0.390634304160435
GTM,Guatemala,2022,441379595.096671,0.461665961921935
GTM,Guatemala,2023,437645003.824207,0.41898209578954
GTM,Guatemala,2024,415185334.034068,0.367622067360881
GTM,Guatemala,2025,,
GUM,Guam,1960,,
GUM,Guam,1961,,
GUM,Guam,1962,,
GUM,Guam,1963,,
GUM,Guam,1964,,
GUM,Guam,1965,,
GUM,Guam,1966,,
GUM,Guam,1967,,
GUM,Guam,1968,,
GUM,Guam,1969,,
GUM,Guam,1970,,
GUM,Guam,1971,,
GUM,Guam,1972,,
GUM,Guam,1973,,
GUM,Guam,1974,,
GUM,Guam,1975,,
GUM,Guam,1976,,
GUM,Guam,1977,,
GUM,Guam,1978,,
GUM,Guam,1979,,
GUM,Guam,1980,,
GUM,Guam,1981,,
GUM,Guam,1982,,
GUM,Guam,1983,,
GUM,Guam,1984,,
GUM,Guam,1985,,
GUM,Guam,1986,,
GUM,Guam,1987,,
GUM,Guam,1988,,
GUM,Guam,1989,,
GUM,Guam,1990,,
GUM,Guam,1991,,
GUM,Guam,1992,,
GUM,Guam,1993,,
GUM,Guam,1994,,
GUM,Guam,1995,,
GUM,Guam,1996,,
GUM,Guam,1997,,
GUM,Guam,1998,,
GUM,Guam,1999,,
GUM,Guam,2000,,
GUM,Guam,2001,,
GUM,Guam,2002,,
GUM,Guam,2003,,
GUM,Guam,2004,,
GUM,Guam,2005,,
GUM,Guam,2006,,
GUM,Guam,2007,,
GUM,Guam,2008,,
GUM,Guam,2009,,
GUM,Guam,2010,,
GUM,Guam,2011,,
GUM,Guam,2012,,
GUM,Guam,2013,,
GUM,Guam,2014,,
GUM,Guam,2015,,
GUM,Guam,2016,,
GUM,Guam,2017,,
GUM,Guam,2018,,
GUM,Guam,2019,,
GUM,Guam,2020,,
GUM,Guam,2021,,
GUM,Guam,2022,,
GUM,Guam,2023,,
GUM,Guam,2024,,
GUM,Guam,2025,,
GUY,Guyana,1960,,
GUY,Guyana,1961,,
GUY,Guyana,1962,,
GUY,Guyana,1963,,
GUY,Guyana,1964,,
GUY,Guyana,1965,,
GUY,Guyana,1966,,
GUY,Guyana,1967,,
GUY,Guyana,1968,,
GUY,Guyana,1969,,
GUY,Guyana,1970,,
GUY,Guyana,1971,,
GUY,Guyana,1972,,
GUY,Guyana,1973,5032808.21202366,1.64596273291925
GUY,Guyana,1974,11136757.5869161,2.85057471264368
GUY,Guyana,1975,32436379.6924488,6.95810564663024
GUY,Guyana,1976,34000000.0,8.35260115606936
GUY,Guyana,1977,24274509.8039216,6.07458292443572
GUY,Guyana,1978,17333333.3333333,3.89084507042253
GUY,Guyana,1979,17176470.5882353,3.71501272264631
GUY,Guyana,1980,21882352.9411765,3.70026525198939
GUY,Guyana,1981,22400000.0,3.9448966812774
GUY,Guyana,1982,24710000.0,5.12655601659751
GUY,Guyana,1983,22100000.0,4.51634877384196
GUY,Guyana,1984,20740845.1365889,4.67470588235294
GUY,Guyana,1985,38971271.3289509,8.43686354378819
GUY,Guyana,1986,27829660.9415741,5.35585585585586
GUY,Guyana,1987,10619291.2340621,3.08608876973488
GUY,Guyana,1988,11020000.0,2.66376601401982
GUY,Guyana,1989,6023830.21341149,1.5837366892546
GUY,Guyana,1990,3589328.49015893,0.905828279604213
GUY,Guyana,1991,2031374.37282557,0.582892778319561
GUY,Guyana,1992,3625349.99440009,0.969692301108401
GUY,Guyana,1993,4436526.4736053,0.950952235978621
GUY,Guyana,1994,5485552.10065804,1.00593672094627
GUY,Guyana,1995,5691560.61385037,0.915520386083765
GUY,Guyana,1996,5558340.16028495,0.78783093358105
GUY,Guyana,1997,,
GUY,Guyana,1998,,
GUY,Guyana,1999,,
GUY,Guyana,2000,12585649.2901387,1.765977248429
GUY,Guyana,2001,14371052.8985004,2.01794562341177
GUY,Guyana,2002,16652243.4636666,2.29328668097935
GUY,Guyana,2003,16345330.5687082,2.19971682743689
GUY,Guyana,2004,22132238.7397382,2.80932483375126
GUY,Guyana,2005,18506566.6041276,1.41048583687429
GUY,Guyana,2006,19176973.6447739,0.805815134799291
GUY,Guyana,2007,24971954.1184203,0.914399668478094
GUY,Guyana,2008,30520593.4205163,1.00888107540392
GUY,Guyana,2009,31055650.8948272,0.981015648111865
GUY,Guyana,2010,31075055.4911705,0.905210395614708
GUY,Guyana,2011,32416747.5418836,0.878175345601621
GUY,Guyana,2012,33542606.6021394,0.825543220373685
GUY,Guyana,2013,35163485.7882898,0.843693300095089
GUY,Guyana,2014,39280967.4697968,0.951652170035393
GUY,Guyana,2015,46430508.4745763,1.08486547097887
GUY,Guyana,2016,51562130.8232153,1.15412827584568
GUY,Guyana,2017,59510895.8837772,1.25334268912328
GUY,Guyana,2018,61745465.9624678,1.29081562879598
GUY,Guyana,2019,67206937.7130284,1.29961278504611
GUY,Guyana,2020,76541839.6831168,1.40257741131547
GUY,Guyana,2021,76544945.1631718,0.954930861063661
GUY,Guyana,2022,88198241.2136681,0.601394233025198
GUY,Guyana,2023,109674872.536337,0.640353101540134
GUY,Guyana,2024,201841558.938087,0.868162254451279
GUY,Guyana,2025,,
HKG,"Hong Kong SAR, China",1960,,
HKG,"Hong Kong SAR, China",1961,,
HKG,"Hong Kong SAR, China",1962,,
HKG,"Hong Kong SAR, China",1963,,
HKG,"Hong Kong SAR, China",1964,,
HKG,"Hong Kong SAR, China",1965,,
HKG,"Hong Kong SAR, China",1966,,
HKG,"Hong Kong SAR, China",1967,,
HKG,"Hong Kong SAR, China",1968,,
HKG,"Hong Kong SAR, China",1969,,
HKG,"Hong Kong SAR, China",1970,,
HKG,"Hong Kong SAR, China",1971,,
HKG,"Hong Kong SAR, China",1972,,
HKG,"Hong Kong SAR, China",1973,,
HKG,"Hong Kong SAR, China",1974,,
HKG,"Hong Kong SAR, China",1975,,
HKG,"Hong Kong SAR, China",1976,,
HKG,"Hong Kong SAR, China",1977,,
HKG,"Hong Kong SAR, China",1978,,
HKG,"Hong Kong SAR, China",1979,,
HKG,"Hong Kong SAR, China",1980,,
HKG,"Hong Kong SAR, China",1981,,
HKG,"Hong Kong SAR, China",1982,,
HKG,"Hong Kong SAR, China",1983,,
HKG,"Hong Kong SAR, China",1984,,
HKG,"Hong Kong SAR, China",1985,,
HKG,"Hong Kong SAR, China",1986,,
HKG,"Hong Kong SAR, China",1987,,
HKG,"Hong Kong SAR, China",1988,,
HKG,"Hong Kong SAR, China",1989,,
HKG,"Hong Kong SAR, China",1990,,
HKG,"Hong Kong SAR, China",1991,,
HKG,"Hong Kong SAR, China",1992,,
HKG,"Hong Kong SAR, China",1993,,
HKG,"Hong Kong SAR, China",1994,,
HKG,"Hong Kong SAR, China",1995,,
HKG,"Hong Kong SAR, China",1996,,
HKG,"Hong Kong SAR, China",1997,,
HKG,"Hong Kong SAR, China",1998,,
HKG,"Hong Kong SAR, China",1999,,
HKG,"Hong Kong SAR, China",2000,,
HKG,"Hong Kong SAR, China",2001,,
HKG,"Hong Kong SAR, China",2002,,
HKG,"Hong Kong SAR, China",2003,,
HKG,"Hong Kong SAR, China",2004,,
HKG,"Hong Kong SAR, China",2005,,
HKG,"Hong Kong SAR, China",2006,,
HKG,"Hong Kong SAR, China",2007,,
HKG,"Hong Kong SAR, China",2008,,
HKG,"Hong Kong SAR, China",2009,,
HKG,"Hong Kong SAR, China",2010,,
HKG,"Hong Kong SAR, China",2011,,
HKG,"Hong Kong SAR, China",2012,,
HKG,"Hong Kong SAR, China",2013,,
HKG,"Hong Kong SAR, China",2014,,
HKG,"Hong Kong SAR, China",2015,,
HKG,"Hong Kong SAR, China",2016,,
HKG,"Hong Kong SAR, China",2017,,
HKG,"Hong Kong SAR, China",2018,,
HKG,"Hong Kong SAR, China",2019,,
HKG,"Hong Kong SAR, China",2020,,
HKG,"Hong Kong SAR, China",2021,,
HKG,"Hong Kong SAR, China",2022,,
HKG,"Hong Kong SAR, China",2023,,
HKG,"Hong Kong SAR, China",2024,,
HKG,"Hong Kong SAR, China",2025,,
HND,Honduras,1960,3920000.0,1.16840536512668
HND,Honduras,1961,3830000.0,1.07584269662921
HND,Honduras,1962,3830000.0,0.988387096774193
HND,Honduras,1963,3820000.0,0.931707317073171
HND,Honduras,1964,5850000.0,1.2800875273523
HND,Honduras,1965,6250000.0,1.2291052114061
HND,Honduras,1966,6500000.0,1.18181818181818
HND,Honduras,1967,6800000.0,1.1371237458194
HND,Honduras,1968,7050000.0,1.08545034642032
HND,Honduras,1969,7200000.0,1.06824925816024
HND,Honduras,1970,9900000.0,1.36929460580913
HND,Honduras,1971,11400000.0,1.47001934235977
HND,Honduras,1972,15449922.7503862,1.83600713012478
HND,Honduras,1973,15950000.0,1.68337730870712
HND,Honduras,1974,16900000.0,1.59886471144749
HND,Honduras,1975,21400000.0,1.90391459074733
HND,Honduras,1976,23700000.0,1.75816023738872
HND,Honduras,1977,31800000.0,1.9047619047619
HND,Honduras,1978,43100000.0,2.26961558715113
HND,Honduras,1979,49550000.0,2.23954802259887
HND,Honduras,1980,57000000.0,2.22135619641465
HND,Honduras,1981,60500000.0,2.14577052668913
HND,Honduras,1982,67000000.0,2.30755984157052
HND,Honduras,1983,70000000.0,2.27494312642184
HND,Honduras,1984,81000000.0,2.44049412473637
HND,Honduras,1985,94000000.0,2.5827723588405
HND,Honduras,1986,105500000.0,2.77011946960746
HND,Honduras,1987,122500000.0,2.95003010234798
HND,Honduras,1988,132000000.0,2.85374554102259
HND,Honduras,1989,138000000.0,2.67079543255274
HND,Honduras,1990,67120949.0318533,2.20148360851878
HND,Honduras,1991,47398089.4055866,1.54468554615668
HND,Honduras,1992,,
HND,Honduras,1993,40592869.1293316,1.15782978535854
HND,Honduras,1994,,
HND,Honduras,1995,,
HND,Honduras,1996,,
HND,Honduras,1997,,
HND,Honduras,1998,,
HND,Honduras,1999,,
HND,Honduras,2000,52462396.8947113,0.729929060458941
HND,Honduras,2001,62951976.5796157,0.822610515328626
HND,Honduras,2002,63602176.0560809,0.809187514419362
HND,Honduras,2003,82195176.7914075,0.998264922159563
HND,Honduras,2004,60561786.6441103,0.682692754206461
HND,Honduras,2005,62589274.8097683,0.641478464457184
HND,Honduras,2006,75595918.5401584,0.692430000775615
HND,Honduras,2007,95924340.172849,0.776008264862645
HND,Honduras,2008,132428400.639025,0.953978556250972
HND,Honduras,2009,156802557.276754,1.07491069621038
HND,Honduras,2010,170186979.693148,1.07445720815541
HND,Honduras,2011,200358405.886737,1.13130910330426
HND,Honduras,2012,209705674.231625,1.13179437578958
HND,Honduras,2013,254071606.749817,1.3795353155606
HND,Honduras,2014,241887992.174126,1.19271597688079
HND,Honduras,2015,288148902.676174,1.35173104039659
HND,Honduras,2016,334217134.297924,1.53155567439147
HND,Honduras,2017,367928596.43675,1.58983296006831
HND,Honduras,2018,358497584.489476,1.48969667029328
HND,Honduras,2019,392630140.339426,1.57817708956802
HND,Honduras,2020,341210438.870203,1.4667972724004
HND,Honduras,2021,420766993.518365,1.49821773541885
HND,Honduras,2022,458310727.89078,1.46557698015697
HND,Honduras,2023,522960857.38268,1.52388630538342
HND,Honduras,2024,581271651.183095,1.57536270602411
HND,Honduras,2025,,
HRV,Croatia,1960,,
HRV,Croatia,1961,,
HRV,Croatia,1962,,
HRV,Croatia,1963,,
HRV,Croatia,1964,,
HRV,Croatia,1965,,
HRV,Croatia,1966,,
HRV,Croatia,1967,,
HRV,Croatia,1968,,
HRV,Croatia,1969,,
HRV,Croatia,1970,,
HRV,Croatia,1971,,
HRV,Croatia,1972,,
HRV,Croatia,1973,,
HRV,Croatia,1974,,
HRV,Croatia,1975,,
HRV,Croatia,1976,,
HRV,Croatia,1977,,
HRV,Croatia,1978,,
HRV,Croatia,1979,,
HRV,Croatia,1980,,
HRV,Croatia,1981,,
HRV,Croatia,1982,,
HRV,Croatia,1983,,
HRV,Croatia,1984,,
HRV,Croatia,1985,,
HRV,Croatia,1986,,
HRV,Croatia,1987,,
HRV,Croatia,1988,,
HRV,Croatia,1989,,
HRV,Croatia,1990,,
HRV,Croatia,1991,,
HRV,Croatia,1992,36272977.871391,7.60738644340829
HRV,Croatia,1993,577978268.627984,10.7267571545045
HRV,Croatia,1994,1472678523.61282,11.1481772894242
HRV,Croatia,1995,1947665978.2438,9.10152769738719
HRV,Croatia,1996,1809859601.86617,8.07513154938036
HRV,Croatia,1997,1682974284.59018,7.47805189562736
HRV,Croatia,1998,1341113073.5547,5.54555805177024
HRV,Croatia,1999,1041757821.49237,4.38306728344479
HRV,Croatia,2000,667820477.128836,3.0245823570935
HRV,Croatia,2001,623607529.366786,2.70575135487786
HRV,Croatia,2002,721391026.71591,2.70880829294998
HRV,Croatia,2003,712496403.325571,2.02614735279736
HRV,Croatia,2004,726810082.324195,1.74038789534115
HRV,Croatia,2005,784727318.454891,1.74403729145943
HRV,Croatia,2006,825641092.082906,1.66641016588365
HRV,Croatia,2007,953886579.582177,1.61077866472529
HRV,Croatia,2008,1243402599.96579,1.82315444519083
HRV,Croatia,2009,1100010547.89215,1.77217858246391
HRV,Croatia,2010,981799328.999714,1.66618616230333
HRV,Croatia,2011,1090923901.93254,1.73660237614066
HRV,Croatia,2012,953070002.010722,1.65593775106979
HRV,Croatia,2013,962051495.613846,1.60780875391152
HRV,Croatia,2014,1076424945.72479,1.80811715937665
HRV,Croatia,2015,891540479.724287,1.7487025038306
HRV,Croatia,2016,836045683.380155,1.58922538500355
HRV,Croatia,2017,911363521.468404,1.63316629446653
HRV,Croatia,2018,950582488.179067,1.54234055565076
HRV,Croatia,2019,985762551.525559,1.6036107424916
HRV,Croatia,2020,981389328.833557,1.69659501985338
HRV,Croatia,2021,1360346003.46448,1.97150113166485
HRV,Croatia,2022,1282110612.8047,1.80285265162096
HRV,Croatia,2023,1439060332.4964,1.70663158780592
HRV,Croatia,2024,1629055602.0691,1.79323424509814
HRV,Croatia,2025,,
HTI,Haiti,1960,,
HTI,Haiti,1961,,
HTI,Haiti,1962,,
HTI,Haiti,1963,,
HTI,Haiti,1964,,
HTI,Haiti,1965,,
HTI,Haiti,1966,,
HTI,Haiti,1967,,
HTI,Haiti,1968,,
HTI,Haiti,1969,,
HTI,Haiti,1970,,
HTI,Haiti,1971,,
HTI,Haiti,1972,,
HTI,Haiti,1973,,
HTI,Haiti,1974,,
HTI,Haiti,1975,,
HTI,Haiti,1976,,
HTI,Haiti,1977,,
HTI,Haiti,1978,,
HTI,Haiti,1979,,
HTI,Haiti,1980,,
HTI,Haiti,1981,,
HTI,Haiti,1982,,
HTI,Haiti,1983,,
HTI,Haiti,1984,,
HTI,Haiti,1985,,
HTI,Haiti,1986,,
HTI,Haiti,1987,,
HTI,Haiti,1988,1930800.0,0.0867385444743935
HTI,Haiti,1989,2072650.0,0.0827735623003195
HTI,Haiti,1990,2430800.0,0.0930058157330885
HTI,Haiti,1991,2415742.34733194,0.102727272727273
HTI,Haiti,1992,1700399.01363747,0.110963715046605
HTI,Haiti,1993,1449444.3361279,0.0934226399919574
HTI,Haiti,1994,1527825.79787234,0.0742775407292475
HTI,Haiti,1995,1911950.60126938,0.0819197504607968
HTI,Haiti,1996,0.0,
HTI,Haiti,1997,0.0,
HTI,Haiti,1998,0.0,
HTI,Haiti,1999,0.0,
HTI,Haiti,2000,0.0,
HTI,Haiti,2001,0.0,
HTI,Haiti,2002,0.0,
HTI,Haiti,2003,0.0,
HTI,Haiti,2004,0.0,
HTI,Haiti,2005,0.0,
HTI,Haiti,2006,0.0,
HTI,Haiti,2007,0.0,
HTI,Haiti,2008,0.0,
HTI,Haiti,2009,0.0,
HTI,Haiti,2010,0.0,
HTI,Haiti,2011,0.0,
HTI,Haiti,2012,0.0,
HTI,Haiti,2013,4480843.38790874,0.0303030932089833
HTI,Haiti,2014,5296049.73106428,0.0355624820363801
HTI,Haiti,2015,5634558.9108878,0.0399858125348653
HTI,Haiti,2016,6586084.0095186,0.0492315360368918
HTI,Haiti,2017,6521133.54820062,0.04364592592778
HTI,Haiti,2018,9703849.93652791,0.0611986488105247
HTI,Haiti,2019,11833075.0498118,0.0859315095445588
HTI,Haiti,2020,15834887.0714861,0.103094179098955
HTI,Haiti,2021,29230408.2065952,0.153942307239608
HTI,Haiti,2022,12704528.3042124,0.0687408576027912
HTI,Haiti,2023,11786377.4421066,0.0540804620761845
HTI,Haiti,2024,19751091.2623219,0.068443100204951
HTI,Haiti,2025,,
HUN,Hungary,1960,0.0,
HUN,Hungary,1961,0.0,
HUN,Hungary,1962,0.0,
HUN,Hungary,1963,0.0,
HUN,Hungary,1964,0.0,
HUN,Hungary,1965,0.0,
HUN,Hungary,1966,0.0,
HUN,Hungary,1967,0.0,
HUN,Hungary,1968,150166666.666667,
HUN,Hungary,1969,173333333.333333,
HUN,Hungary,1970,223333333.333333,4.03007518796992
HUN,Hungary,1971,225670995.092074,3.74168514412417
HUN,Hungary,1972,231632283.749548,3.27365728900256
HUN,Hungary,1973,263447030.809007,3.00699300699301
HUN,Hungary,1974,308005578.323252,3.2078413900646
HUN,Hungary,1975,366147086.515326,3.33540501346592
HUN,Hungary,1976,382438611.38705,3.00623936471923
HUN,Hungary,1977,419914698.72341,2.9553264604811
HUN,Hungary,1978,538098139.604814,3.23963792282039
HUN,Hungary,1979,621170386.193715,3.23904440861791
HUN,Hungary,1980,740802218.103239,3.34257975034674
HUN,Hungary,1981,757701599.624646,3.33376073855623
HUN,Hungary,1982,750740503.132635,3.24330699374926
HUN,Hungary,1983,700708442.013447,3.33593662836104
HUN,Hungary,1984,641103030.25257,3.14767501277466
HUN,Hungary,1985,1025550984.24961,4.97242913804779
HUN,Hungary,1986,765838789.843799,3.22373254959589
HUN,Hungary,1987,823921397.472882,3.15557729941292
HUN,Hungary,1988,1027508668.36463,3.59622327131352
HUN,Hungary,1989,812646128.164453,2.78616206175993
HUN,Hungary,1990,847389246.889926,2.56353802709041
HUN,Hungary,1991,722549153.413242,2.16146979946364
HUN,Hungary,1992,812017967.195183,2.1796531721192
HUN,Hungary,1993,735860385.584316,1.90656828980965
HUN,Hungary,1994,757131989.349563,1.82413438385634
HUN,Hungary,1995,612184817.11635,1.3139594616011
HUN,Hungary,1996,585271901.838883,1.24968177456491
HUN,Hungary,1997,695972460.905085,1.46833921798512
HUN,Hungary,1998,618464379.996455,1.26775175126137
HUN,Hungary,1999,702942491.123612,1.42990268770239
HUN,Hungary,2000,715857664.815596,1.51420984744636
HUN,Hungary,2001,845055673.845509,1.57074717283351
HUN,Hungary,2002,1079154823.6243,1.5956687712714
HUN,Hungary,2003,1401561253.104,1.64521118628476
HUN,Hungary,2004,1532612234.02681,1.47344940256568
HUN,Hungary,2005,1596087843.15297,1.4112437788596
HUN,Hungary,2006,1410071771.47203,1.21974188828371
HUN,Hungary,2007,1776464117.28187,1.2677875208247
HUN,Hungary,2008,1867877499.0849,1.18049340457337
HUN,Hungary,2009,1475818169.23822,1.12823884115794
HUN,Hungary,2010,1350820413.18817,1.02413363369774
HUN,Hungary,2011,1472069831.63811,1.03876980779352
HUN,Hungary,2012,1322277702.75073,1.0292472545828
HUN,Hungary,2013,1280050962.2477,0.943669886878651
HUN,Hungary,2014,1209801890.21288,0.857233093600132
HUN,Hungary,2015,1132476291.73782,0.904216708106145
HUN,Hungary,2016,1288676093.1676,0.999116487545317
HUN,Hungary,2017,1702635636.90156,1.19169678184034
HUN,Hungary,2018,1615618734.46908,1.00220452852258
HUN,Hungary,2019,2190628591.87986,1.32782522734016
HUN,Hungary,2020,2768372537.17382,1.74628152413286
HUN,Hungary,2021,2409589009.47425,1.31520993597457
HUN,Hungary,2022,3256817190.99744,1.83314817173654
HUN,Hungary,2023,4355478069.88993,2.04951096796972
HUN,Hungary,2024,4734698455.68824,2.15630980446665
HUN,Hungary,2025,,
IDB,IDA blend,1960,234815198.457213,2.21458186623179
IDB,IDA blend,1961,239281198.434815,2.21370641873462
IDB,IDA blend,1962,248419030.591555,2.05284719708958
IDB,IDA blend,1963,275086980.158403,2.05026993328675
IDB,IDA blend,1964,341920837.284782,2.15040854142567
IDB,IDA blend,1965,543976319.187994,3.12673407925107
IDB,IDA blend,1966,648662923.579965,3.38313992110161
IDB,IDA blend,1967,767934698.208017,4.60871639335763
IDB,IDA blend,1968,924210907.132471,5.41594933581194
IDB,IDA blend,1969,1311781039.57488,6.16487430263356
IDB,IDA blend,1970,1412145801.18572,4.7844345010646
IDB,IDA blend,1971,1510353590.2887,4.6156304073231
IDB,IDA blend,1972,1540657891.21818,4.81846832966466
IDB,IDA blend,1973,1702777248.27751,4.40187945419403
IDB,IDA blend,1974,2226891844.39552,4.02915735235089
IDB,IDA blend,1975,4138576252.42454,5.90134137572836
IDB,IDA blend,1976,3913325485.96794,4.91334348797361
IDB,IDA blend,1977,4659469703.99306,4.97736595761787
IDB,IDA blend,1978,4881514308.53839,4.70019418851149
IDB,IDA blend,1979,5279509149.1202,4.26679856351854
IDB,IDA blend,1980,5513387381.50225,3.6303112955781
IDB,IDA blend,1981,4843575005.63255,3.13389997857867
IDB,IDA blend,1982,4504857663.22819,3.02100258874955
IDB,IDA blend,1983,4489696730.66856,3.20977781403253
IDB,IDA blend,1984,4139500849.39814,3.00395090615266
IDB,IDA blend,1985,3993718001.33811,2.86634082686969
IDB,IDA blend,1986,3628782677.39478,3.00599260758194
IDB,IDA blend,1987,3811527822.58305,2.92939335982069
IDB,IDA blend,1988,4018061938.6785,3.07245834728185
IDB,IDA blend,1989,3759845009.7095,3.04979309456932
IDB,IDA blend,1990,4192932387.21413,2.8754547375597
IDB,IDA blend,1991,4307019563.45067,2.88615443813776
IDB,IDA blend,1992,4599967590.26463,2.98634788119834
IDB,IDA blend,1993,4513012638.74118,2.94471826380753
IDB,IDA blend,1994,4425118685.84389,2.43962621506291
IDB,IDA blend,1995,5077724310.95973,1.96829549860225
IDB,IDA blend,1996,5253785742.13368,1.70277676852482
IDB,IDA blend,1997,5205918195.51517,1.57910158592854
IDB,IDA blend,1998,4780340338.3895,1.58820653438344
IDB,IDA blend,1999,4472877757.46656,2.55396428001601
IDB,IDA blend,2000,4196046072.40674,2.37667531519861
IDB,IDA blend,2001,4223053041.35297,2.2611382772566
IDB,IDA blend,2002,5402079279.18211,2.38466569634779
IDB,IDA blend,2003,5403299714.04577,2.08022687225516
IDB,IDA blend,2004,6010165735.96352,2.02723237028944
IDB,IDA blend,2005,6442469842.03687,1.82796861045647
IDB,IDA blend,2006,7113979507.83495,1.59715662821688
IDB,IDA blend,2007,7819158380.89274,1.56318691147506
IDB,IDA blend,2008,8558147947.34481,1.54022856654246
IDB,IDA blend,2009,8361843990.63535,1.5104066661904
IDB,IDA blend,2010,9893935523.30217,1.36934095177831
IDB,IDA blend,2011,11166959643.4729,1.36317186337142
IDB,IDA blend,2012,12034526683.4237,1.385050209957
IDB,IDA blend,2013,12790128684.3647,1.3284237096508
IDB,IDA blend,2014,14177117031.0897,1.29613950352946
IDB,IDA blend,2015,13997415713.9572,1.40101641076237
IDB,IDA blend,2016,14782962386.0232,1.57683230508252
IDB,IDA blend,2017,15938719743.7347,1.66092681907207
IDB,IDA blend,2018,18196739925.8511,1.76919846287778
IDB,IDA blend,2019,15331230609.6207,1.34825659976457
IDB,IDA blend,2020,15782480016.4033,1.45956251211129
IDB,IDA blend,2021,19491279669.6315,1.67761498291989
IDB,IDA blend,2022,16611607076.213,1.4266739647499
IDB,IDA blend,2023,15416329344.8676,1.44060133766265
IDB,IDA blend,2024,14345870416.2064,1.4504444591672
IDB,IDA blend,2025,,
IDN,Indonesia,1960,,
IDN,Indonesia,1961,,
IDN,Indonesia,1962,,
IDN,Indonesia,1963,,
IDN,Indonesia,1964,,
IDN,Indonesia,1965,,
IDN,Indonesia,1966,,
IDN,Indonesia,1967,,
IDN,Indonesia,1968,,
IDN,Indonesia,1969,,
IDN,Indonesia,1970,,
IDN,Indonesia,1971,,
IDN,Indonesia,1972,,
IDN,Indonesia,1973,,
IDN,Indonesia,1974,698192771.084337,2.70592080687337
IDN,Indonesia,1975,1063855421.68675,3.49218904488827
IDN,Indonesia,1976,1275301204.81928,3.42186762528529
IDN,Indonesia,1977,1468674698.79518,3.20608920239654
IDN,Indonesia,1978,1627662342.06925,3.16319352853249
IDN,Indonesia,1979,1552431165.78793,3.02025891948266
IDN,Indonesia,1980,2114454045.81224,2.91721769056258
IDN,Indonesia,1981,2654105929.96991,2.88462200140382
IDN,Indonesia,1982,2741068094.3,2.90192826971126
IDN,Indonesia,1983,2047257950.10256,2.39812942040375
IDN,Indonesia,1984,2002310076.61267,2.28542025922011
IDN,Indonesia,1985,1923319346.6477,2.17059935369795
IDN,Indonesia,1986,1734616704.09182,2.00976539562951
IDN,Indonesia,1987,1347598625.1787,1.72218767006142
IDN,Indonesia,1988,1356706412.76621,1.53084105893772
IDN,Indonesia,1989,1409556738.18967,1.38913634136564
IDN,Indonesia,1990,1613975396.26983,1.41049291967411
IDN,Indonesia,1991,1697029205.46372,1.32406418395881
IDN,Indonesia,1992,1887635965.9494,1.35687600701146
IDN,Indonesia,1993,1933304585.30976,1.22355780893698
IDN,Indonesia,1994,2239731574.68472,1.26615561718382
IDN,Indonesia,1995,2478753541.07649,1.22630986064236
IDN,Indonesia,1996,2874845237.58699,1.26439252827808
IDN,Indonesia,1997,3231358571.24198,1.49774173762735
IDN,Indonesia,1998,972702125.109851,1.01911684387405
IDN,Indonesia,1999,1135147005.46775,0.810812654015076
IDN,Indonesia,2000,1129542839.56935,0.684483763500435
IDN,Indonesia,2001,919022697.814032,0.572792652704213
IDN,Indonesia,2002,1369857128.89545,0.700120208801041
IDN,Indonesia,2003,2134746704.31718,0.909285036773652
IDN,Indonesia,2004,2428947795.29805,0.945714621727218
IDN,Indonesia,2005,2146270791.38648,0.750789394004931
IDN,Indonesia,2006,2611875117.36679,0.65870277762871
IDN,Indonesia,2007,3348758341.53813,0.71236193115127
IDN,Indonesia,2008,3232202215.49527,0.578945804493387
IDN,Indonesia,2009,3304459138.20152,0.571133891996423
IDN,Indonesia,2010,4663365759.37552,0.617587091951932
IDN,Indonesia,2011,5838026185.71723,0.653776702606807
IDN,Indonesia,2012,6531097955.28321,0.711549473406383
IDN,Indonesia,2013,8384028600.92532,0.918769839183066
IDN,Indonesia,2014,6929248704.20671,0.777855178232831
IDN,Indonesia,2015,7595030527.64333,0.882266734481239
IDN,Indonesia,2016,7396626074.68605,0.792220213496852
IDN,Indonesia,2017,8797528449.54204,0.865191376221992
IDN,Indonesia,2018,7493744633.3578,0.718928190476345
IDN,Indonesia,2019,8154244767.61856,0.728563743551525
IDN,Indonesia,2020,9386956717.64656,0.886277728854897
IDN,Indonesia,2021,8802514800.45036,0.741525844917975
IDN,Indonesia,2022,10133923494.1363,0.76801260357697
IDN,Indonesia,2023,11258797569.51,0.821108120466812
IDN,Indonesia,2024,11042843809.9082,0.779216788275608
IDN,Indonesia,2025,,
IMN,Isle of Man,1960,,
IMN,Isle of Man,1961,,
IMN,Isle of Man,1962,,
IMN,Isle of Man,1963,,
IMN,Isle of Man,1964,,
IMN,Isle of Man,1965,,
IMN,Isle of Man,1966,,
IMN,Isle of Man,1967,,
IMN,Isle of Man,1968,,
IMN,Isle of Man,1969,,
IMN,Isle of Man,1970,,
IMN,Isle of Man,1971,,
IMN,Isle of Man,1972,,
IMN,Isle of Man,1973,,
IMN,Isle of Man,1974,,
IMN,Isle of Man,1975,,
IMN,Isle of Man,1976,,
IMN,Isle of Man,1977,,
IMN,Isle of Man,1978,,
IMN,Isle of Man,1979,,
IMN,Isle of Man,1980,,
IMN,Isle of Man,1981,,
IMN,Isle of Man,1982,,
IMN,Isle of Man,1983,,
IMN,Isle of Man,1984,,
IMN,Isle of Man,1985,,
IMN,Isle of Man,1986,,
IMN,Isle of Man,1987,,
IMN,Isle of Man,1988,,
IMN,Isle of Man,1989,,
IMN,Isle of Man,1990,,
IMN,Isle of Man,1991,,
IMN,Isle of Man,1992,,
IMN,Isle of Man,1993,,
IMN,Isle of Man,1994,,
IMN,Isle of Man,1995,,
IMN,Isle of Man,1996,,
IMN,Isle of Man,1997,,
IMN,Isle of Man,1998,,
IMN,Isle of Man,1999,,
IMN,Isle of Man,2000,,
IMN,Isle of Man,2001,,
IMN,Isle of Man,2002,,
IMN,Isle of Man,2003,,
IMN,Isle of Man,2004,,
IMN,Isle of Man,2005,,
IMN,Isle of Man,2006,,
IMN,Isle of Man,2007,,
IMN,Isle of Man,2008,,
IMN,Isle of Man,2009,,
IMN,Isle of Man,2010,,
IMN,Isle of Man,2011,,
IMN,Isle of Man,2012,,
IMN,Isle of Man,2013,,
IMN,Isle of Man,2014,,
IMN,Isle of Man,2015,,
IMN,Isle of Man,2016,,
IMN,Isle of Man,2017,,
IMN,Isle of Man,2018,,
IMN,Isle of Man,2019,,
IMN,Isle of Man,2020,,
IMN,Isle of Man,2021,,
IMN,Isle of Man,2022,,
IMN,Isle of Man,2023,,
IMN,Isle of Man,2024,,
IMN,Isle of Man,2025,,
IND,India,1960,681765681.765682,2.00401234567901
IND,India,1961,748388248.388248,2.07435972060536
IND,India,1962,1065436065.43607,2.74540043290043
IND,India,1963,1795449295.4493,4.02530602636535
IND,India,1964,1986654486.65449,3.81923698021801
IND,India,1965,2125989625.98963,3.87141491395794
IND,India,1966,1661154906.41015,3.57237064592492
IND,India,1967,1487733333.33333,3.22392372146778
IND,India,1968,1586866666.66667,3.24556858467412
IND,India,1969,1691433333.33333,3.14081455805893
IND,India,1970,1832966666.66667,3.18518303985171
IND,India,1971,2255256982.83756,3.65245352356247
IND,India,1972,2497244705.68716,3.7179474612821
IND,India,1973,2529921054.3991,3.15864376713433
IND,India,1974,2895415720.35154,3.20282632441289
IND,India,1975,3323646800.51911,3.53459878110716
IND,India,1976,3294910612.34921,3.4778831428908
IND,India,1977,3477080944.50128,3.16277193712918
IND,India,1978,3975819129.87438,3.12633170169882
IND,India,1979,4589738351.59412,3.26132865787541
IND,India,1980,5420809519.08574,3.13378132972583
IND,India,1981,5879007035.84446,3.18624812218328
IND,India,1982,6302107956.21001,3.34511766555139
IND,India,1983,6830768697.58092,3.3230686597074
IND,India,1984,6956682449.43939,3.41687559436328
IND,India,1985,7567024020.30933,3.5690302776083
IND,India,1986,9539363085.60916,4.10646868066223
IND,India,1987,10877406164.41,4.2313175270108
IND,India,1988,11346419153.4156,3.72867178276269
IND,India,1989,10589796924.594,3.53417972767288
IND,India,1990,10537035450.0528,3.14621461029962
IND,India,1991,8622473881.38455,2.90997432764267
IND,India,1992,8083231409.70982,2.70483970561409
IND,India,1993,8253542581.48511,2.82354224568723
IND,India,1994,8880551226.0269,2.66467372708604
IND,India,1995,9754464629.8929,2.57848357246069
IND,India,1996,9904672736.30381,2.4727682254674
IND,India,1997,11464883389.8324,2.64773242601716
IND,India,1998,11920610818.3832,2.72731141679376
IND,India,1999,13895562461.387,2.95719564743412
IND,India,2000,14287514240.7035,2.94892990622572
IND,India,2001,14600642346.0997,2.9244355462896
IND,India,2002,14749667251.5907,2.82686683045838
IND,India,2003,16333986643.282,2.67777693222748
IND,India,2004,20238566526.5411,2.82875224798105
IND,India,2005,23072312925.1701,2.91058750164482
IND,India,2006,23951927958.1522,2.68038156022763
IND,India,2007,28254773450.0647,2.47824652803557
IND,India,2008,33002376727.3797,2.63146078124112
IND,India,2009,38722154392.1843,3.12938472737472
IND,India,2010,46090445656.5003,2.88946327164641
IND,India,2011,49633815793.7027,2.70448222276966
IND,India,2012,47216920048.2061,2.61816634758562
IND,India,2013,47403528801.4226,2.5488248901417
IND,India,2014,50914096277.083,2.54398176462257
IND,India,2015,51295483753.9436,2.45745006060163
IND,India,2016,56637622640.8741,2.54315152114541
IND,India,2017,64559435280.6927,2.53151136056791
IND,India,2018,66257801718.275,2.42428452604417
IND,India,2019,71468900524.3041,2.5459982314359
IND,India,2020,72937064047.7993,2.80361581112679
IND,India,2021,76348538793.9209,2.46874153034185
IND,India,2022,79976789327.937,2.38309809835882
IND,India,2023,82293332162.5812,2.35679426678262
IND,India,2024,86125976248.5524,2.2712033218142
IND,India,2025,,
IRL,Ireland,1960,25800590.1058045,1.33038674274387
IRL,Ireland,1961,27564733.0190219,1.32014208497048
IRL,Ireland,1962,29163487.5341251,1.29021997609629
IRL,Ireland,1963,30210947.388848,1.24281713383915
IRL,Ireland,1964,36054670.7888806,1.30320786489055
IRL,Ireland,1965,39086791.420973,1.32690805500519
IRL,Ireland,1966,38314978.8964404,1.23436045763536
IRL,Ireland,1967,39693241.9265033,1.18712684797857
IRL,Ireland,1968,37141485.4325991,1.13285129943636
IRL,Ireland,1969,41630596.267328,1.09928037099096
IRL,Ireland,1970,50986848.3228682,1.15860929602813
IRL,Ireland,1971,63486922.1731789,1.24394513227465
IRL,Ireland,1972,84039646.649921,1.32881101131957
IRL,Ireland,1973,98307831.8251105,1.31269490105501
IRL,Ireland,1974,111205418.870676,1.40693235636944
IRL,Ireland,1975,154362392.721622,1.62595896710865
IRL,Ireland,1976,152839849.31123,1.61516249948012
IRL,Ireland,1977,171725705.964377,1.52517744005848
IRL,Ireland,1978,217465500.004531,1.48308354739001
IRL,Ireland,1979,290141008.530146,1.58220056709233
IRL,Ireland,1980,362511166.638615,1.66526701222097
IRL,Ireland,1981,327043451.145032,1.58060661844101
IRL,Ireland,1982,342048872.747759,1.59123694788544
IRL,Ireland,1983,310258091.668053,1.4926312327501
IRL,Ireland,1984,284275226.22503,1.41243942527662
IRL,Ireland,1985,301495819.03588,1.41604420408081
IRL,Ireland,1986,409081178.238577,1.4232052652489
IRL,Ireland,1987,435378990.388892,1.28230024699033
IRL,Ireland,1988,453486446.993673,1.1994341526595
IRL,Ireland,1989,434222056.024692,1.10547611947077
IRL,Ireland,1990,594006010.402921,1.20350328404375
IRL,Ireland,1991,624932658.118737,1.25393531255992
IRL,Ireland,1992,674035044.462192,1.20411854985202
IRL,Ireland,1993,597723765.566692,1.13922514870102
IRL,Ireland,1994,633699379.139512,1.10873259118524
IRL,Ireland,1995,702039703.123066,1.01536302332693
IRL,Ireland,1996,750987245.817278,0.990896265766987
IRL,Ireland,1997,765305513.303899,0.923621423991217
IRL,Ireland,1998,742402153.190535,0.823067638264075
IRL,Ireland,1999,741508607.785627,0.75007656936
IRL,Ireland,2000,694674774.276764,0.694961052162033
IRL,Ireland,2001,767778364.399424,0.702765014395844
IRL,Ireland,2002,811255940.896899,0.63383334613874
IRL,Ireland,2003,965199981.039102,0.587456023721602
IRL,Ireland,2004,1101860647.03582,0.567899833158286
IRL,Ireland,2005,1144978361.43859,0.540612698817302
IRL,Ireland,2006,1190379117.3707,0.513151243889595
IRL,Ireland,2007,1372225370.15595,0.508754794256741
IRL,Ireland,2008,1582890833.85213,0.57698781953157
IRL,Ireland,2009,1415725373.44949,0.601169019780089
IRL,Ireland,2010,1274228688.35632,0.574574154033988
IRL,Ireland,2011,1300331547.01086,0.539508228229788
IRL,Ireland,2012,1157531729.65486,0.509289132793347
IRL,Ireland,2013,1195763444.3723,0.49161342312128
IRL,Ireland,2014,1192733691.2242,0.447668415911946
IRL,Ireland,2015,997005655.983143,0.329854616599638
IRL,Ireland,2016,1001610418.29936,0.327907586700795
IRL,Ireland,2017,1025063447.41951,0.296120745416758
IRL,Ireland,2018,1107137377.09949,0.280112255033866
IRL,Ireland,2019,1112740707.56829,0.273293508559262
IRL,Ireland,2020,1144420380.71355,0.262684777602834
IRL,Ireland,2021,1267738883.63292,0.238637692712824
IRL,Ireland,2022,1164312098.74881,0.212502380914468
IRL,Ireland,2023,1269225284.24683,0.230374711003044
IRL,Ireland,2024,1330503579.37914,0.239096332495524
IRL,Ireland,2025,,
IRN,"Iran, Islamic Rep.",1960,98679867.9867987,2.29490883301967
IRN,"Iran, Islamic Rep.",1961,105940594.059406,2.34664218166081
IRN,"Iran, Islamic Rep.",1962,109900990.09901,2.30741087712102
IRN,"Iran, Islamic Rep.",1963,128712871.287129,2.59035696447359
IRN,"Iran, Islamic Rep.",1964,155445544.554455,2.88182674775756
IRN,"Iran, Islamic Rep.",1965,200000000.0,3.24952490444466
IRN,"Iran, Islamic Rep.",1966,256105610.561056,3.8189953679917
IRN,"Iran, Islamic Rep.",1967,331023102.310231,4.45799176138232
IRN,"Iran, Islamic Rep.",1968,437293729.372937,5.17636359090398
IRN,"Iran, Islamic Rep.",1969,566006600.660066,5.9690541955316
IRN,"Iran, Islamic Rep.",1970,620132013.20132,5.85690329096248
IRN,"Iran, Islamic Rep.",1971,402310231.023102,3.04701247800352
IRN,"Iran, Islamic Rep.",1972,371947194.719472,2.27537027764767
IRN,"Iran, Islamic Rep.",1973,480857166.912962,1.86470541876358
IRN,"Iran, Islamic Rep.",1974,3877862663.12671,8.75035024750824
IRN,"Iran, Islamic Rep.",1975,5951043741.98202,12.0691929092555
IRN,"Iran, Islamic Rep.",1976,7186307294.35815,11.2479723346227
IRN,"Iran, Islamic Rep.",1977,7617207960.43002,10.1898301489818
IRN,"Iran, Islamic Rep.",1978,8113739880.87555,11.1132050910914
IRN,"Iran, Islamic Rep.",1979,4993779938.91999,5.79724702809783
IRN,"Iran, Islamic Rep.",1980,4874889400.10618,5.34315018542368
IRN,"Iran, Islamic Rep.",1981,8121567621.44701,8.19038082342705
IRN,"Iran, Islamic Rep.",1982,9703525315.25995,7.90689063839738
IRN,"Iran, Islamic Rep.",1983,10550357292.9316,7.09708065005957
IRN,"Iran, Islamic Rep.",1984,9926303621.971,6.354853844404
IRN,"Iran, Islamic Rep.",1985,10706415944.5065,6.51241844033205
IRN,"Iran, Islamic Rep.",1986,11741433342.0913,6.07933597523708
IRN,"Iran, Islamic Rep.",1987,15263376569.5996,5.88910778863281
IRN,"Iran, Islamic Rep.",1988,18889008562.6582,6.269777621033
IRN,"Iran, Islamic Rep.",1989,16301812932.0636,4.55798049268961
IRN,"Iran, Islamic Rep.",1990,16474401698.2345,2.94265012534759
IRN,"Iran, Islamic Rep.",1991,17549594829.9352,2.16970796657052
IRN,"Iran, Islamic Rep.",1992,19732558015.4057,1.78930544437356
IRN,"Iran, Islamic Rep.",1993,1448177703.48058,1.70036120174971
IRN,"Iran, Islamic Rep.",1994,1703171536.2057,2.07301000512615
IRN,"Iran, Islamic Rep.",1995,2501544189.55785,2.15416588498039
IRN,"Iran, Islamic Rep.",1996,3550986964.19293,2.24486451064281
IRN,"Iran, Islamic Rep.",1997,4642384615.8233,2.49887472505777
IRN,"Iran, Islamic Rep.",1998,5479362941.74375,2.62907924769004
IRN,"Iran, Islamic Rep.",1999,6650285143.99772,2.40455173780106
IRN,"Iran, Islamic Rep.",2000,8327053824.36261,2.29504222152572
IRN,"Iran, Islamic Rep.",2001,10378791765.7186,2.41817929679324
IRN,"Iran, Islamic Rep.",2002,3243891033.23266,2.17457636612743
IRN,"Iran, Islamic Rep.",2003,3717068449.78392,2.4050402653569
IRN,"Iran, Islamic Rep.",2004,5243621132.59941,2.83455780463948
IRN,"Iran, Islamic Rep.",2005,6796744965.39476,3.03665449804817
IRN,"Iran, Islamic Rep.",2006,8751474767.03588,3.31519380033441
IRN,"Iran, Islamic Rep.",2007,9330901881.77112,2.65398282115891
IRN,"Iran, Islamic Rep.",2008,11081950208.5691,2.68334192055637
IRN,"Iran, Islamic Rep.",2009,12584623338.7062,3.04770554917662
IRN,"Iran, Islamic Rep.",2010,13561272454.2139,2.7865480606164
IRN,"Iran, Islamic Rep.",2011,14277667360.5682,2.38163454250427
IRN,"Iran, Islamic Rep.",2012,16493963286.9287,2.68660846849974
IRN,"Iran, Islamic Rep.",2013,11997186984.0994,2.18077190909837
IRN,"Iran, Islamic Rep.",2014,9901118855.30265,2.11655706144949
IRN,"Iran, Islamic Rep.",2015,10588769670.8684,2.55709080686915
IRN,"Iran, Islamic Rep.",2016,12263957414.6216,2.79643556281004
IRN,"Iran, Islamic Rep.",2017,13931196489.7975,2.8443384495596
IRN,"Iran, Islamic Rep.",2018,11795842412.2948,2.35629488324383
IRN,"Iran, Islamic Rep.",2019,4921057693.8276,2.14694745014838
IRN,"Iran, Islamic Rep.",2020,3349702008.04581,2.17701027609522
IRN,"Iran, Islamic Rep.",2021,5699580109.49925,2.22394282528392
IRN,"Iran, Islamic Rep.",2022,7459331830.84591,2.11062130699384
IRN,"Iran, Islamic Rep.",2023,7390861136.37782,2.35179187276968
IRN,"Iran, Islamic Rep.",2024,7891903306.81818,2.01043175751636
IRN,"Iran, Islamic Rep.",2025,,
IRQ,Iraq,1960,118726952.509219,7.05063185899568
IRQ,Iraq,1961,125481949.80722,6.85139886867451
IRQ,Iraq,1962,135064945.974022,6.91081661891118
IRQ,Iraq,1963,163218934.712426,8.25088464260439
IRQ,Iraq,1964,185198925.92043,7.95651389390112
IRQ,Iraq,1965,225742909.702836,8.87326656394453
IRQ,Iraq,1966,234996906.001238,8.52055837563452
IRQ,Iraq,1967,234541906.183238,8.42706237424547
IRQ,Iraq,1968,291437883.424847,9.2208540042523
IRQ,Iraq,1969,375997849.60086,11.3800847457627
IRQ,Iraq,1970,401050839.579664,11.1682261208577
IRQ,Iraq,1971,426263340.165383,10.516111033617
IRQ,Iraq,1972,466113288.078091,10.6410923728225
IRQ,Iraq,1973,665185288.985423,12.2583620265617
IRQ,Iraq,1974,1427457784.18103,12.494819419775
IRQ,Iraq,1975,1590171817.1167,11.6746221161496
IRQ,Iraq,1976,1761176239.5281,11.1631001695606
IRQ,Iraq,1977,2007693505.89542,9.81281342579567
IRQ,Iraq,1978,1986021658.30269,8.11775941535523
IRQ,Iraq,1979,2371712820.92959,6.14876787611163
IRQ,Iraq,1980,2976492817.81426,5.51152466705124
IRQ,Iraq,1981,4086497761.70449,10.8295344412937
IRQ,Iraq,1982,,
IRQ,Iraq,1983,,
IRQ,Iraq,1984,,
IRQ,Iraq,1985,,
IRQ,Iraq,1986,,
IRQ,Iraq,1987,,
IRQ,Iraq,1988,,
IRQ,Iraq,1989,,
IRQ,Iraq,1990,,
IRQ,Iraq,1991,,
IRQ,Iraq,1992,,
IRQ,Iraq,1993,,
IRQ,Iraq,1994,,
IRQ,Iraq,1995,,
IRQ,Iraq,1996,,
IRQ,Iraq,1997,,
IRQ,Iraq,1998,,
IRQ,Iraq,1999,,
IRQ,Iraq,2000,,
IRQ,Iraq,2001,,
IRQ,Iraq,2002,,
IRQ,Iraq,2003,,
IRQ,Iraq,2004,613724869.617867,1.67557807777108
IRQ,Iraq,2005,1120278532.6087,2.24258030532454
IRQ,Iraq,2006,1236081012.93427,1.89757172208062
IRQ,Iraq,2007,1989948747.37958,2.23992802514508
IRQ,Iraq,2008,3116304019.84779,2.36775982414374
IRQ,Iraq,2009,3237179487.17949,2.89914007639814
IRQ,Iraq,2010,3752905982.90598,2.70935227972459
IRQ,Iraq,2011,4278632478.63248,2.30344021962536
IRQ,Iraq,2012,4141066053.83435,1.89956836613945
IRQ,Iraq,2013,7780188679.24528,3.31583096149399
IRQ,Iraq,2014,6923644082.33276,2.9506139914123
IRQ,Iraq,2015,9604231010.85097,5.41292532011925
IRQ,Iraq,2016,5970383697.66942,3.55013476903527
IRQ,Iraq,2017,7416385135.13514,3.90898492056515
IRQ,Iraq,2018,6317977150.05254,2.75172485497662
IRQ,Iraq,2019,7598829335.74537,3.23719485045446
IRQ,Iraq,2020,5649373636.97996,3.11217889939661
IRQ,Iraq,2021,4771002728.73904,2.26111174702371
IRQ,Iraq,2022,4691837701.16339,1.64001134527485
IRQ,Iraq,2023,5518874505.2831,2.26269486919183
IRQ,Iraq,2024,6178546529.67549,2.35714058035714
IRQ,Iraq,2025,,
ISL,Iceland,1960,,
ISL,Iceland,1961,,
ISL,Iceland,1962,,
ISL,Iceland,1963,,
ISL,Iceland,1964,,
ISL,Iceland,1965,,
ISL,Iceland,1966,,
ISL,Iceland,1967,,
ISL,Iceland,1968,,
ISL,Iceland,1969,,
ISL,Iceland,1970,,
ISL,Iceland,1971,,
ISL,Iceland,1972,,
ISL,Iceland,1973,,
ISL,Iceland,1974,,
ISL,Iceland,1975,,
ISL,Iceland,1976,,
ISL,Iceland,1977,,
ISL,Iceland,1978,,
ISL,Iceland,1979,,
ISL,Iceland,1980,,
ISL,Iceland,1981,,
ISL,Iceland,1982,,
ISL,Iceland,1983,,
ISL,Iceland,1984,,
ISL,Iceland,1985,,
ISL,Iceland,1986,,
ISL,Iceland,1987,,
ISL,Iceland,1988,0.0,
ISL,Iceland,1989,0.0,
ISL,Iceland,1990,0.0,
ISL,Iceland,1991,0.0,
ISL,Iceland,1992,0.0,
ISL,Iceland,1993,0.0,
ISL,Iceland,1994,0.0,
ISL,Iceland,1995,0.0,
ISL,Iceland,1996,0.0,
ISL,Iceland,1997,0.0,
ISL,Iceland,1998,0.0,
ISL,Iceland,1999,0.0,
ISL,Iceland,2000,0.0,
ISL,Iceland,2001,0.0,
ISL,Iceland,2002,0.0,
ISL,Iceland,2003,0.0,
ISL,Iceland,2004,0.0,
ISL,Iceland,2005,0.0,
ISL,Iceland,2006,0.0,
ISL,Iceland,2007,0.0,
ISL,Iceland,2008,0.0,
ISL,Iceland,2009,0.0,
ISL,Iceland,2010,0.0,
ISL,Iceland,2011,0.0,
ISL,Iceland,2012,0.0,
ISL,Iceland,2013,0.0,
ISL,Iceland,2014,0.0,
ISL,Iceland,2015,0.0,
ISL,Iceland,2016,0.0,
ISL,Iceland,2017,0.0,
ISL,Iceland,2018,0.0,
ISL,Iceland,2019,0.0,
ISL,Iceland,2020,0.0,
ISL,Iceland,2021,0.0,
ISL,Iceland,2022,0.0,
ISL,Iceland,2023,0.0,
ISL,Iceland,2024,0.0,
ISL,Iceland,2025,,
ISR,Israel,1960,190277777.777778,7.46024831191462
ISR,Israel,1961,241805555.555556,7.86501626310083
ISR,Israel,1962,210604174.497153,9.16079196040198
ISR,Israel,1963,259250864.169547,9.7535741158766
ISR,Israel,1964,278584261.94754,8.98462696194367
ISR,Israel,1965,313917713.059044,8.56915377616015
ISR,Israel,1966,375501251.670839,9.43467336683417
ISR,Israel,1967,605514168.123425,15.4425144747725
ISR,Israel,1968,690001971.434204,17.4280147218013
ISR,Israel,1969,872002491.43569,19.0893169877408
ISR,Israel,1970,1259646456.13273,23.4470563207999
ISR,Israel,1971,1270657787.28045,22.7998034775922
ISR,Israel,1972,1461373749.94019,20.3710188427547
ISR,Israel,1973,2574504909.77879,27.856092653735
ISR,Israel,1974,3475602770.28348,27.6552864420413
ISR,Israel,1975,3758315380.79117,30.4638027862708
ISR,Israel,1976,3648665017.15334,29.2455930986357
ISR,Israel,1977,3180556220.38198,23.087213342599
ISR,Israel,1978,3117508058.31813,22.8911349757844
ISR,Israel,1979,3394518703.94861,19.3846931894808
ISR,Israel,1980,4120814786.04841,18.9193366304698
ISR,Israel,1981,4700103231.67638,20.2622686197897
ISR,Israel,1982,4518481888.98504,18.3882100800596
ISR,Israel,1983,4265358581.86055,15.5468886770799
ISR,Israel,1984,4214300330.82091,16.1822289156626
ISR,Israel,1985,4004517114.13666,16.6006435277983
ISR,Israel,1986,4386224325.19626,14.7677128827137
ISR,Israel,1987,5995553855.41564,16.9001449480308
ISR,Israel,1988,6999574985.30434,15.9470945572914
ISR,Israel,1989,5550710260.44257,12.4457326547219
ISR,Israel,1990,6528767331.23656,12.362686187267
ISR,Israel,1991,9337649894.62416,15.5869829136602
ISR,Israel,1992,7313388389.7285,10.925077527679
ISR,Israel,1993,7752806699.97369,11.5232439907469
ISR,Israel,1994,7772187267.59513,10.1199658353758
ISR,Israel,1995,7945971519.50955,7.52795654363498
ISR,Israel,1996,8499441747.40851,7.37917726384435
ISR,Israel,1997,8580697530.05845,7.17952158691366
ISR,Israel,1998,8095647853.16336,6.71359953153999
ISR,Israel,1999,7652604037.03023,6.30231351836919
ISR,Israel,2000,8327543752.99401,6.10001984652015
ISR,Israel,2001,8504274012.34054,6.29993225373241
ISR,Israel,2002,7981518926.42608,6.36795930501003
ISR,Israel,2003,8225281206.28968,6.25286591975287
ISR,Israel,2004,8605125435.63336,6.13940696015944
ISR,Israel,2005,8921942197.56222,6.05115990349017
ISR,Israel,2006,9315253567.81371,5.85587278604162
ISR,Israel,2007,11382202878.2302,6.16232982826306
ISR,Israel,2008,13803713496.5803,6.23951148308826
ISR,Israel,2009,12754237934.6649,5.97664891131294
ISR,Israel,2010,13875211595.7068,5.78907528727422
ISR,Israel,2011,15100066207.7677,5.63236402188698
ISR,Israel,2012,14524419593.7675,5.51022054656508
ISR,Israel,2013,16247825942.4609,5.44373442389891
ISR,Israel,2014,17737375713.577,5.63057461102748
ISR,Israel,2015,16457098752.1976,5.42297442402595
ISR,Israel,2016,17434558598.5485,5.41748768749926
ISR,Israel,2017,19357002461.0705,5.42682730712043
ISR,Israel,2018,19899819039.513,5.28819717558874
ISR,Israel,2019,20339225589.2256,5.07212719116893
ISR,Israel,2020,21816569767.4419,5.27626408809404
ISR,Israel,2021,24340979541.2275,4.9349458892043
ISR,Israel,2022,23406074573.0486,4.43301220057923
ISR,Israel,2023,27498527856.8524,5.38479973351622
ISR,Israel,2024,46505298369.3376,8.77671668977531
ISR,Israel,2025,,
ITA,Italy,1960,1009308856.43093,2.71382598828575
ITA,Italy,1961,1062907313.20441,2.57386907530496
ITA,Italy,1962,1222013656.10652,2.63383835685955
ITA,Italy,1963,1463283723.58157,2.75343795360876
ITA,Italy,1964,1586666707.9737,2.72735589826609
ITA,Italy,1965,1719942314.72245,2.74758016222984
ITA,Italy,1966,1904604598.71246,2.98871998055421
ITA,Italy,1967,1928786564.47306,2.767746940336
ITA,Italy,1968,1991165044.33278,2.64896159188232
ITA,Italy,1969,2003805617.344,2.42240082694152
ITA,Italy,1970,2216771793.07653,2.05821005427826
ITA,Italy,1971,2648079366.02068,2.2389709472173
ITA,Italy,1972,3289362465.01575,2.39117601629548
ITA,Italy,1973,3638240139.22655,2.19581741427764
ITA,Italy,1974,3890003394.12994,2.07062677398957
ITA,Italy,1975,4217069828.69074,1.97523216803617
ITA,Italy,1976,3844185965.36122,1.82814366885272
ITA,Italy,1977,4556493517.89272,1.89080851218824
ITA,Italy,1978,5540992657.9633,1.87975510456818
ITA,Italy,1979,6904107162.83232,1.87395946663968
ITA,Italy,1980,7915696625.50473,1.76364323708972
ITA,Italy,1981,7387713297.7908,1.82111250603573
ITA,Italy,1982,8062597403.3411,2.0053729031431
ITA,Italy,1983,8409527115.57584,2.01650141992046
ITA,Italy,1984,8296144788.10221,2.00860777360645
ITA,Italy,1985,8253390532.61038,1.93636892016635
ITA,Italy,1986,11941809156.3098,1.97714264210667
ITA,Italy,1987,15653065895.3873,2.06035364400414
ITA,Italy,1988,17403664789.8428,2.07285745924484
ITA,Italy,1989,17675486539.4629,2.02642731989536
ITA,Italy,1990,20734625578.569,1.8807984132592
ITA,Italy,1991,21585706771.8811,1.85885268375554
ITA,Italy,1992,22177090390.3319,1.75197698347487
ITA,Italy,1993,18242013901.2785,1.7867679733127
ITA,Italy,1994,18062459081.75,1.71374275955101
ITA,Italy,1995,17185853003.8965,1.45963717676225
ITA,Italy,1996,20793128832.2001,1.58142783542643
ITA,Italy,1997,20156102258.3609,1.61893523792895
ITA,Italy,1998,20825125351.8551,1.63621282256544
ITA,Italy,1999,21016456909.9333,1.67522558920443
ITA,Italy,2000,19878720932.3752,1.7333974080779
ITA,Italy,2001,19519381482.0449,1.66687444230505
ITA,Italy,2002,21610059761.8936,1.69394254893483
ITA,Italy,2003,26824213292.0407,1.69839951235756
ITA,Italy,2004,30261076654.6845,1.67228931403318
ITA,Italy,2005,29737642391.6828,1.59516123663349
ITA,Italy,2006,29633022263.3135,1.51434317166841
ITA,Italy,2007,31982431792.4882,1.44091823807458
ITA,Italy,2008,36839989746.2189,1.53005124720846
ITA,Italy,2009,34054481324.3999,1.54748909606347
ITA,Italy,2010,32020819951.1287,1.49431312454622
ITA,Italy,2011,33828804971.12,1.46829220552997
ITA,Italy,2012,29781008205.1256,1.41946238544527
ITA,Italy,2013,29957445904.5168,1.39167747666985
ITA,Italy,2014,27701034334.9422,1.27633070266495
ITA,Italy,2015,22180845070.4225,1.20247316488401
ITA,Italy,2016,25033027894.6754,1.32773387933426
ITA,Italy,2017,26447892915.4274,1.35122350161336
ITA,Italy,2018,28420098438.4406,1.35443317948295
ITA,Italy,2019,26380673981.1912,1.30611671363832
ITA,Italy,2020,32929093810.5551,1.72984958969454
ITA,Italy,2021,36232722327.3415,1.66286387777873
ITA,Italy,2022,34691881158.1277,1.65164252620196
ITA,Italy,2023,36933180928.3452,1.60646040928357
ITA,Italy,2024,37964578316.9022,1.60924561245844
ITA,Italy,2025,,
JAM,Jamaica,1960,,
JAM,Jamaica,1961,,
JAM,Jamaica,1962,,
JAM,Jamaica,1963,,
JAM,Jamaica,1964,,
JAM,Jamaica,1965,,
JAM,Jamaica,1966,,
JAM,Jamaica,1967,,
JAM,Jamaica,1968,,
JAM,Jamaica,1969,,
JAM,Jamaica,1970,,
JAM,Jamaica,1971,,
JAM,Jamaica,1972,,
JAM,Jamaica,1973,,
JAM,Jamaica,1974,,
JAM,Jamaica,1975,,
JAM,Jamaica,1976,27445027.4450274,0.925307817831182
JAM,Jamaica,1977,30580030.5800306,0.941001252411739
JAM,Jamaica,1978,,
JAM,Jamaica,1979,,
JAM,Jamaica,1980,,
JAM,Jamaica,1981,44922028.4941227,1.50794248996589
JAM,Jamaica,1982,53608918.7277565,1.62772067972252
JAM,Jamaica,1983,50162507.3749366,1.38598924669679
JAM,Jamaica,1984,25153444.2528153,1.05973179462521
JAM,Jamaica,1985,18714379.2636942,0.891059849412813
JAM,Jamaica,1986,23522088.1261375,0.853933328915104
JAM,Jamaica,1987,25325014.9908779,0.770446354311062
JAM,Jamaica,1988,30932577.8211003,0.807990671996954
JAM,Jamaica,1989,40933809.6033868,0.929262991503655
JAM,Jamaica,1990,38609944.5575812,0.840785086389815
JAM,Jamaica,1991,31891976.6587707,0.75852456763707
JAM,Jamaica,1992,47192327.6263812,1.1078382456987
JAM,Jamaica,1993,44542579.5435415,0.821906410171071
JAM,Jamaica,1994,34218503.9548569,0.629920602685154
JAM,Jamaica,1995,35298829.6089306,0.538709243142773
JAM,Jamaica,1996,41791263.9144818,0.567656626792595
JAM,Jamaica,1997,54854608.8774026,0.655054826817414
JAM,Jamaica,1998,47640218.878249,0.544947828971664
JAM,Jamaica,1999,45131071.7533008,0.511051526418673
JAM,Jamaica,2000,43566232.4912703,0.486319761296974
JAM,Jamaica,2001,46374382.2872709,0.504358949501446
JAM,Jamaica,2002,56898147.0963051,0.585431033566746
JAM,Jamaica,2003,54845871.8170309,0.581596297588658
JAM,Jamaica,2004,54533132.2348081,0.53596996755953
JAM,Jamaica,2005,59329776.3191486,0.527663694618897
JAM,Jamaica,2006,72645523.0066972,0.608922318763779
JAM,Jamaica,2007,83511942.0975197,0.65245791026588
JAM,Jamaica,2008,130699170.654872,0.953354273523125
JAM,Jamaica,2009,114808331.8448,0.947227444976472
JAM,Jamaica,2010,115571395.968398,0.874179484221201
JAM,Jamaica,2011,133638559.827692,0.925165752936644
JAM,Jamaica,2012,137635505.668112,0.929536056664277
JAM,Jamaica,2013,128431323.011542,0.898967963739861
JAM,Jamaica,2014,121310243.549976,0.872784216786518
JAM,Jamaica,2015,123854135.722601,0.872353476007681
JAM,Jamaica,2016,137649061.819234,0.954831298098327
JAM,Jamaica,2017,143545555.4269,0.973433068165328
JAM,Jamaica,2018,209675820.865544,1.33284679598136
JAM,Jamaica,2019,266015074.510509,1.68152578167608
JAM,Jamaica,2020,236865671.641791,1.70647069948671
JAM,Jamaica,2021,217577299.176505,1.46676867767402
JAM,Jamaica,2022,220530651.098199,1.2899994472516
JAM,Jamaica,2023,230360218.360918,1.18599590352408
JAM,Jamaica,2024,262511269.974231,1.27385736005958
JAM,Jamaica,2025,,
JOR,Jordan,1960,56139977.544009,20.3967446592065
JOR,Jordan,1961,55509977.7960089,16.5070774354704
JOR,Jordan,1962,60409975.8360097,18.1455004205214
JOR,Jordan,1963,61879975.2480099,17.1185127807901
JOR,Jordan,1964,61879975.2480099,14.8421759570181
JOR,Jordan,1965,62929974.8280101,13.4099045346062
JOR,Jordan,1966,76089969.5640122,19.4942611190818
JOR,Jordan,1967,104719958.112017,23.4924623115578
JOR,Jordan,1968,127749948.90002,24.0638185654008
JOR,Jordan,1969,,
JOR,Jordan,1970,109759956.096018,18.5080264400378
JOR,Jordan,1971,108639956.544017,17.1529619805482
JOR,Jordan,1972,129359948.256021,18.3551847437426
JOR,Jordan,1973,150652370.416135,18.6651583710407
JOR,Jordan,1974,163307378.016219,17.5099866844208
JOR,Jordan,1975,180742482.613699,15.2466367713004
JOR,Jordan,1976,294593397.854709,17.2410145755326
JOR,Jordan,1977,262704735.063034,12.5292953756037
JOR,Jordan,1978,304948875.255624,11.7174927582877
JOR,Jordan,1979,399556492.293554,12.2138026147716
JOR,Jordan,1980,416212133.926324,10.6458785854718
JOR,Jordan,1981,438818156.782162,10.0089735625043
JOR,Jordan,1982,465258786.015002,9.93969514227704
JOR,Jordan,1983,484742989.817643,9.85083816080374
JOR,Jordan,1984,457778991.58571,9.21630028382016
JOR,Jordan,1985,501742160.278746,10.0481091285549
JOR,Jordan,1986,625775075.293029,9.7745602563702
JOR,Jordan,1987,647050307.42276,9.57758058943667
JOR,Jordan,1988,587776388.488132,9.36361469576765
JOR,Jordan,1989,382891036.17276,9.07078095300923
JOR,Jordan,1990,322429005.351719,7.75106758278973
JOR,Jordan,1991,433271745.101092,9.97308956172497
JOR,Jordan,1992,367745484.820937,6.92424871901399
JOR,Jordan,1993,391137488.435464,6.97710941703805
JOR,Jordan,1994,407863026.715744,6.53945701855829
JOR,Jordan,1995,299838515.542344,4.45424850464514
JOR,Jordan,1996,417489421.720733,6.02691751674709
JOR,Jordan,1997,444287729.196051,6.13150620936661
JOR,Jordan,1998,496473906.911142,6.27462165100982
JOR,Jordan,1999,511988716.502116,6.28223322141843
JOR,Jordan,2000,529337094.499295,6.25655642564826
JOR,Jordan,2001,528926645.631842,5.89307853514787
JOR,Jordan,2002,521861777.150917,5.44601446661176
JOR,Jordan,2003,611847672.778561,6.00105948173936
JOR,Jordan,2004,586741889.985896,5.14172128874042
JOR,Jordan,2005,603667136.812412,4.79532278988433
JOR,Jordan,2006,701551480.959097,4.65932400854871
JOR,Jordan,2007,1032440056.41749,5.85128256624216
JOR,Jordan,2008,1358383579.90438,5.99497156149729
JOR,Jordan,2009,1568309859.15493,6.39138388037152
JOR,Jordan,2010,1557887323.94366,5.74149982771799
JOR,Jordan,2011,1594788732.39437,5.40164163067694
JOR,Jordan,2012,1472816901.40845,4.65572090662121
JOR,Jordan,2013,1444929577.46479,4.19373981956594
JOR,Jordan,2014,1548873239.43662,4.20345261907888
JOR,Jordan,2015,1614929577.46479,4.1851629472753
JOR,Jordan,2016,1769436619.71831,4.43550630070496
JOR,Jordan,2017,1939718309.85915,4.6843537414966
JOR,Jordan,2018,1957746478.87324,4.56009087117148
JOR,Jordan,2019,2032112676.05634,4.56623750321627
JOR,Jordan,2020,2055915492.95775,4.70457117239125
JOR,Jordan,2021,2176760563.38028,4.70182146525246
JOR,Jordan,2022,2334573239.43662,4.798376906378
JOR,Jordan,2023,2450239103.04525,4.81224565580192
JOR,Jordan,2024,2560281690.14085,4.80018703722722
JOR,Jordan,2025,,
JPN,Japan,1960,480555555.555556,1.08059488934833
JPN,Japan,1961,492361111.111111,0.916660202208259
JPN,Japan,1962,538194444.444444,0.882981583852488
JPN,Japan,1963,629861111.111111,0.902911616201838
JPN,Japan,1964,718055555.555556,0.87504612187006
JPN,Japan,1965,821388888.888889,0.899713990141788
JPN,Japan,1966,932430555.555556,0.879421011265392
JPN,Japan,1967,1039027777.77778,0.836230312650205
JPN,Japan,1968,1168194444.44444,0.793866529243094
JPN,Japan,1969,1335416666.66667,0.772551017292608
JPN,Japan,1970,1575347222.22222,0.773230313218779
JPN,Japan,1971,1896540415.99416,0.824119314063094
JPN,Japan,1972,2567519427.91551,0.842475301533426
JPN,Japan,1973,3374561100.02871,0.815014489146474
JPN,Japan,1974,3962157887.16867,0.862068323351509
JPN,Japan,1975,4534902135.20134,0.907387056975466
JPN,Japan,1976,5008396503.81721,0.891651107922652
JPN,Japan,1977,6157312576.81278,0.890681061512105
JPN,Japan,1978,8657135932.94114,0.891286374043561
JPN,Japan,1979,9173587660.85607,0.907392110929058
JPN,Japan,1980,9711741590.62543,0.906794213450064
JPN,Japan,1981,10851176225.1968,0.91664815297164
JPN,Japan,1982,10193936011.7554,0.926375566882048
JPN,Japan,1983,11429317255.5492,0.952297427190256
JPN,Japan,1984,12225078098.0288,0.958404158758974
JPN,Japan,1985,13087751953.5835,0.95939791396488
JPN,Japan,1986,19457334441.0159,0.962811252055438
JPN,Japan,1987,23642290700.1666,0.965510912838467
JPN,Japan,1988,28216102752.9808,0.94970885873148
JPN,Japan,1989,27966353541.5036,0.940781035886882
JPN,Japan,1990,28800451682.4134,0.941791766132693
JPN,Japan,1991,32785415754.1924,0.940821904384541
JPN,Japan,1992,35999123575.8107,0.948312440331709
JPN,Japan,1993,41353936221.8745,0.950663824755226
JPN,Japan,1994,45285594082.655,0.905931358699237
JPN,Japan,1995,49961673236.9689,0.90093030549817
JPN,Japan,1996,44047104680.1313,0.894648972187736
JPN,Japan,1997,40634840607.9791,0.904515219581402
JPN,Japan,1998,37849012642.7562,0.923513329235146
JPN,Japan,1999,43122898504.9207,0.930179880124356
JPN,Japan,2000,45509673827.3094,0.91598559605623
JPN,Japan,2001,40757967234.1581,0.931672835040444
JPN,Japan,2002,39333708169.8408,0.940357532610132
JPN,Japan,2003,42486177361.062,0.940046602477998
JPN,Japan,2004,45339809414.6571,0.92660402297468
JPN,Japan,2005,44300613329.9461,0.916916827733627
JPN,Japan,2006,41552592885.5794,0.9029884189667
JPN,Japan,2007,40530045688.4692,0.88498737572599
JPN,Japan,2008,46361468280.4594,0.907855045566342
JPN,Japan,2009,51465158207.5898,0.972969565505525
JPN,Japan,2010,54655450735.305,0.94903257605427
JPN,Japan,2011,60762213840.8911,0.974823565427991
JPN,Japan,2012,60011530194.6974,0.956761841659896
JPN,Japan,2013,49023932406.8581,0.940538501428935
JPN,Japan,2014,46903466612.5187,0.957800914762225
JPN,Japan,2015,42106103305.7928,0.947283532698529
JPN,Japan,2016,46471287714.246,0.929516775505971
JPN,Japan,2017,45058468760.6493,0.913229479099801
JPN,Japan,2018,48535909410.587,0.962497363778907
JPN,Japan,2019,50778006586.0079,0.992231472747577
JPN,Japan,2020,51396536058.5254,1.01676127140466
JPN,Japan,2021,53602002568.6803,1.06384050244526
JPN,Japan,2022,43198166358.8616,1.00994395391657
JPN,Japan,2023,48189108621.3905,1.13954641785041
JPN,Japan,2024,55273904316.7083,1.37139689580634
JPN,Japan,2025,,
KAZ,Kazakhstan,1960,,
KAZ,Kazakhstan,1961,,
KAZ,Kazakhstan,1962,,
KAZ,Kazakhstan,1963,,
KAZ,Kazakhstan,1964,,
KAZ,Kazakhstan,1965,,
KAZ,Kazakhstan,1966,,
KAZ,Kazakhstan,1967,,
KAZ,Kazakhstan,1968,,
KAZ,Kazakhstan,1969,,
KAZ,Kazakhstan,1970,,
KAZ,Kazakhstan,1971,,
KAZ,Kazakhstan,1972,,
KAZ,Kazakhstan,1973,,
KAZ,Kazakhstan,1974,,
KAZ,Kazakhstan,1975,,
KAZ,Kazakhstan,1976,,
KAZ,Kazakhstan,1977,,
KAZ,Kazakhstan,1978,,
KAZ,Kazakhstan,1979,,
KAZ,Kazakhstan,1980,,
KAZ,Kazakhstan,1981,,
KAZ,Kazakhstan,1982,,
KAZ,Kazakhstan,1983,,
KAZ,Kazakhstan,1984,,
KAZ,Kazakhstan,1985,,
KAZ,Kazakhstan,1986,,
KAZ,Kazakhstan,1987,,
KAZ,Kazakhstan,1988,,
KAZ,Kazakhstan,1989,,
KAZ,Kazakhstan,1990,,
KAZ,Kazakhstan,1991,,
KAZ,Kazakhstan,1992,,
KAZ,Kazakhstan,1993,0.0,1.06262020891113
KAZ,Kazakhstan,1994,106926892.957739,0.838731749307495
KAZ,Kazakhstan,1995,177686628.383921,1.03242166274226
KAZ,Kazakhstan,1996,241771205.869549,1.20199445983379
KAZ,Kazakhstan,1997,236752278.376139,1.11293900645579
KAZ,Kazakhstan,1998,242646223.083829,1.14973828325921
KAZ,Kazakhstan,1999,143905357.127917,0.819607059409027
KAZ,Kazakhstan,2000,143527541.105866,0.784645080413813
KAZ,Kazakhstan,2001,221486206.520554,0.99981747947367
KAZ,Kazakhstan,2002,245956719.446239,0.998337701524197
KAZ,Kazakhstan,2003,317564315.13077,1.02992745863145
KAZ,Kazakhstan,2004,426441724.55618,0.988239740954479
KAZ,Kazakhstan,2005,591985249.849488,1.03632123942771
KAZ,Kazakhstan,2006,793027147.491058,0.97899879573514
KAZ,Kazakhstan,2007,1359776098.69935,1.29687682152726
KAZ,Kazakhstan,2008,1540810813.05747,1.15466850608291
KAZ,Kazakhstan,2009,1271890275.73442,1.10303324145897
KAZ,Kazakhstan,2010,1501815343.89739,1.01441556484772
KAZ,Kazakhstan,2011,1803970781.81161,0.93651358475802
KAZ,Kazakhstan,2012,2177543205.48846,1.04690637071706
KAZ,Kazakhstan,2013,2551124374.70831,1.07808460394627
KAZ,Kazakhstan,2014,2306468864.80956,1.0416921334727
KAZ,Kazakhstan,2015,2046197674.3312,1.1097215472116
KAZ,Kazakhstan,2016,1281103431.97917,0.933551765285713
KAZ,Kazakhstan,2017,1390619095.25397,0.831894968007788
KAZ,Kazakhstan,2018,1498378532.70773,0.835625758457601
KAZ,Kazakhstan,2019,1853499708.86892,1.02091636689134
KAZ,Kazakhstan,2020,1548175774.90918,0.907188676192723
KAZ,Kazakhstan,2021,1617793374.99735,0.819281683646492
KAZ,Kazakhstan,2022,1163053994.27914,0.517435849596282
KAZ,Kazakhstan,2023,1164302584.93385,0.440775673081948
KAZ,Kazakhstan,2024,1208967905.89819,0.42842846956594
KAZ,Kazakhstan,2025,,
KEN,Kenya,1960,2589998.96400041,0.327317763623496
KEN,Kenya,1961,895999.641600143,0.112994350282486
KEN,Kenya,1962,671999.731200107,0.077319587628866
KEN,Kenya,1963,1861999.2552003,0.206489675516224
KEN,Kenya,1964,5879997.64800094,0.589887640449438
KEN,Kenya,1965,9897996.04080159,0.990334780781622
KEN,Kenya,1966,13047994.7808021,1.13326848249027
KEN,Kenya,1967,15987993.6048026,1.304993715004
KEN,Kenya,1968,16365993.4536026,1.21834288692027
KEN,Kenya,1969,15749993.7000025,1.08006912442396
KEN,Kenya,1970,17023993.1904027,1.05748325941386
KEN,Kenya,1971,22077991.1688035,1.22771506422733
KEN,Kenya,1972,29735988.1056048,1.5418118466899
KEN,Kenya,1973,37319917.1554816,1.65927802406586
KEN,Kenya,1974,46763683.9663565,1.77700255645505
KEN,Kenya,1975,54090933.232015,1.87890255439924
KEN,Kenya,1976,75910048.1167998,2.48474297785776
KEN,Kenya,1977,147766705.007878,3.74017554053641
KEN,Kenya,1978,239475869.99216,5.19929215471476
KEN,Kenya,1979,291024720.045055,5.50160584679969
KEN,Kenya,1980,271691156.156379,4.51531983515499
KEN,Kenya,1981,241171594.363084,4.22532483879088
KEN,Kenya,1982,243721560.477189,4.57278317930395
KEN,Kenya,1983,208691732.712316,4.19523392431061
KEN,Kenya,1984,175004682.979624,3.47691247415576
KEN,Kenya,1985,145781732.097541,2.37575745554443
KEN,Kenya,1986,181255662.31349,2.50357532007627
KEN,Kenya,1987,249810082.348294,3.13374349122125
KEN,Kenya,1988,250942407.491928,2.94555339497599
KEN,Kenya,1989,228606148.985296,2.74085168629691
KEN,Kenya,1990,246456438.633547,2.88821495785942
KEN,Kenya,1991,191908506.283649,2.35425808983553
KEN,Kenya,1992,156036602.021306,1.90074676245392
KEN,Kenya,1993,105704527.312319,1.83774159512733
KEN,Kenya,1994,117331482.624628,1.64125280758672
KEN,Kenya,1995,149096438.251753,1.64671623136492
KEN,Kenya,1996,170804816.256353,1.4179547033567
KEN,Kenya,1997,175834896.938286,1.34063859838611
KEN,Kenya,1998,171964013.272218,1.22012251882916
KEN,Kenya,1999,151917777.442831,1.18697414805458
KEN,Kenya,2000,165584735.249522,1.31374203224597
KEN,Kenya,2001,195365005.498758,1.50475490196078
KEN,Kenya,2002,213894508.000726,1.63240781121287
KEN,Kenya,2003,245938663.815128,1.65009984272562
KEN,Kenya,2004,259807840.715185,1.61419423692636
KEN,Kenya,2005,316799485.401851,1.69058701379422
KEN,Kenya,2006,375807203.248785,1.45517741016444
KEN,Kenya,2007,494684896.668925,1.54791227998168
KEN,Kenya,2008,580011940.678248,1.61585029427424
KEN,Kenya,2009,578071672.354949,1.36507571681354
KEN,Kenya,2010,622049847.791077,1.3699852575929
KEN,Kenya,2011,646678106.716751,1.37974304585955
KEN,Kenya,2012,840072589.956654,1.48957729008126
KEN,Kenya,2013,860560896.114738,1.39539650803677
KEN,Kenya,2014,819042626.799535,1.19943336712808
KEN,Kenya,2015,843667802.797011,1.20316940776845
KEN,Kenya,2016,933103002.549572,1.24730980077159
KEN,Kenya,2017,1015384781.9759,1.23759400127025
KEN,Kenya,2018,1113648361.6452,1.20738536752593
KEN,Kenya,2019,1116872419.91312,1.1125711791299
KEN,Kenya,2020,1115321770.3237,1.10843419595019
KEN,Kenya,2021,1191035199.16162,1.07720025210221
KEN,Kenya,2022,1155179523.0194,1.01020520038813
KEN,Kenya,2023,1053795572.24243,0.975388127956637
KEN,Kenya,2024,1231306436.54642,0.999546585264659
KEN,Kenya,2025,,
KGZ,Kyrgyz Republic,1960,,
KGZ,Kyrgyz Republic,1961,,
KGZ,Kyrgyz Republic,1962,,
KGZ,Kyrgyz Republic,1963,,
KGZ,Kyrgyz Republic,1964,,
KGZ,Kyrgyz Republic,1965,,
KGZ,Kyrgyz Republic,1966,,
KGZ,Kyrgyz Republic,1967,,
KGZ,Kyrgyz Republic,1968,,
KGZ,Kyrgyz Republic,1969,,
KGZ,Kyrgyz Republic,1970,,
KGZ,Kyrgyz Republic,1971,,
KGZ,Kyrgyz Republic,1972,,
KGZ,Kyrgyz Republic,1973,,
KGZ,Kyrgyz Republic,1974,,
KGZ,Kyrgyz Republic,1975,,
KGZ,Kyrgyz Republic,1976,,
KGZ,Kyrgyz Republic,1977,,
KGZ,Kyrgyz Republic,1978,,
KGZ,Kyrgyz Republic,1979,,
KGZ,Kyrgyz Republic,1980,,
KGZ,Kyrgyz Republic,1981,,
KGZ,Kyrgyz Republic,1982,,
KGZ,Kyrgyz Republic,1983,,
KGZ,Kyrgyz Republic,1984,,
KGZ,Kyrgyz Republic,1985,,
KGZ,Kyrgyz Republic,1986,,
KGZ,Kyrgyz Republic,1987,,
KGZ,Kyrgyz Republic,1988,,
KGZ,Kyrgyz Republic,1989,,
KGZ,Kyrgyz Republic,1990,,
KGZ,Kyrgyz Republic,1991,,
KGZ,Kyrgyz Republic,1992,0.0,1.64230750551757
KGZ,Kyrgyz Republic,1993,0.0,1.53179449829122
KGZ,Kyrgyz Republic,1994,28672625.1418136,2.58636182108626
KGZ,Kyrgyz Republic,1995,51598795.0359918,3.45861592681371
KGZ,Kyrgyz Republic,1996,54586794.2792905,2.9882731534704
KGZ,Kyrgyz Republic,1997,55004809.2152628,3.11226727759184
KGZ,Kyrgyz Republic,1998,43757918.3783161,2.66756189038483
KGZ,Kyrgyz Republic,1999,33554323.8898987,2.68520638437551
KGZ,Kyrgyz Republic,2000,39443105.1614337,2.87889604776163
KGZ,Kyrgyz Republic,2001,35813607.4248625,2.34503697046559
KGZ,Kyrgyz Republic,2002,43782464.1914392,2.7266980460491
KGZ,Kyrgyz Republic,2003,55068479.0278681,2.86586980182387
KGZ,Kyrgyz Republic,2004,63015184.0918736,2.84851136977412
KGZ,Kyrgyz Republic,2005,75718866.2775104,3.07769239002886
KGZ,Kyrgyz Republic,2006,89811926.4112928,3.16889818198754
KGZ,Kyrgyz Republic,2007,116263490.753371,3.05750079106286
KGZ,Kyrgyz Republic,2008,149309214.591547,2.90487239077854
KGZ,Kyrgyz Republic,2009,148961094.62732,3.17610058298534
KGZ,Kyrgyz Republic,2010,184399359.938039,3.8461743536872
KGZ,Kyrgyz Republic,2011,210651901.984878,3.39883593465625
KGZ,Kyrgyz Republic,2012,211843946.856152,3.20725902845126
KGZ,Kyrgyz Republic,2013,234442449.229016,3.19620405364784
KGZ,Kyrgyz Republic,2014,252115132.114057,3.37589282594698
KGZ,Kyrgyz Republic,2015,230507508.956734,3.45165293268545
KGZ,Kyrgyz Republic,2016,227832187.17759,3.34401777586688
KGZ,Kyrgyz Republic,2017,239397613.944919,3.10489070193562
KGZ,Kyrgyz Republic,2018,250494252.349231,3.02854515463686
KGZ,Kyrgyz Republic,2019,254030778.930475,2.71068623481534
KGZ,Kyrgyz Republic,2020,258288068.196585,3.10718371407588
KGZ,Kyrgyz Republic,2021,262700109.875829,2.840273087853
KGZ,Kyrgyz Republic,2022,352132809.831012,2.90437000597407
KGZ,Kyrgyz Republic,2023,483868688.422768,3.45490593195541
KGZ,Kyrgyz Republic,2024,473046660.875227,2.96620373701758
KGZ,Kyrgyz Republic,2025,,
KHM,Cambodia,1960,,
KHM,Cambodia,1961,,
KHM,Cambodia,1962,,
KHM,Cambodia,1963,,
KHM,Cambodia,1964,,
KHM,Cambodia,1965,,
KHM,Cambodia,1966,,
KHM,Cambodia,1967,,
KHM,Cambodia,1968,,
KHM,Cambodia,1969,,
KHM,Cambodia,1970,,
KHM,Cambodia,1971,,
KHM,Cambodia,1972,,
KHM,Cambodia,1973,,
KHM,Cambodia,1974,,
KHM,Cambodia,1975,,
KHM,Cambodia,1976,,
KHM,Cambodia,1977,,
KHM,Cambodia,1978,,
KHM,Cambodia,1979,,
KHM,Cambodia,1980,,
KHM,Cambodia,1981,,
KHM,Cambodia,1982,,
KHM,Cambodia,1983,,
KHM,Cambodia,1984,,
KHM,Cambodia,1985,,
KHM,Cambodia,1986,0.0,1.14685088240056
KHM,Cambodia,1987,0.0,1.5742453461372
KHM,Cambodia,1988,0.0,1.2782035615864
KHM,Cambodia,1989,0.0,1.99245358205796
KHM,Cambodia,1990,29090909.0909091,2.07137559385002
KHM,Cambodia,1991,43294683.6634263,2.32789658450414
KHM,Cambodia,1992,62293735.8871923,3.14593301435407
KHM,Cambodia,1993,44626255.1134251,1.76128949875169
KHM,Cambodia,1994,107258618.996169,3.84234290025109
KHM,Cambodia,1995,123101153.486778,3.57731057861843
KHM,Cambodia,1996,113563610.865522,3.23845458339129
KHM,Cambodia,1997,103419601.187951,3.00336116231161
KHM,Cambodia,1998,83323986.0913039,2.66204789979779
KHM,Cambodia,1999,88172003.477046,2.51002908172038
KHM,Cambodia,2000,81025841.3070364,2.18580351927626
KHM,Cambodia,2001,70846940.8859825,1.70559956511647
KHM,Cambodia,2002,65182716.0998753,1.44629083177813
KHM,Cambodia,2003,67525224.4339131,1.33610258818851
KHM,Cambodia,2004,69218798.6305633,1.17651607638203
KHM,Cambodia,2005,70959071.4722053,1.00419041063819
KHM,Cambodia,2006,75881313.5928837,0.908700457988102
KHM,Cambodia,2007,79015425.8820513,0.780175183344973
KHM,Cambodia,2008,82630723.4279766,0.678731132114834
KHM,Cambodia,2009,136589737.95276,1.09246347000704
KHM,Cambodia,2010,167857927.989066,1.21559876300051
KHM,Cambodia,2011,192159418.504374,1.1985526648033
KHM,Cambodia,2012,217305727.746095,1.21900137646164
KHM,Cambodia,2013,243470109.876467,1.22920405585317
KHM,Cambodia,2014,277974068.111455,1.26114158531483
KHM,Cambodia,2015,325188062.343281,1.34520463175237
KHM,Cambodia,2016,382205260.411544,1.43955694700576
KHM,Cambodia,2017,458262797.923612,1.56181647470424
KHM,Cambodia,2018,543204689.086157,1.63716525982655
KHM,Cambodia,2019,595407617.667785,1.62193704891153
KHM,Cambodia,2020,621329326.832404,1.78010501633067
KHM,Cambodia,2021,630407255.027116,1.70160776824328
KHM,Cambodia,2022,618689402.034712,1.54188348947322
KHM,Cambodia,2023,667985733.158485,1.5448976529505
KHM,Cambodia,2024,720543532.173392,1.52066451977199
KHM,Cambodia,2025,,
KIR,Kiribati,1960,,
KIR,Kiribati,1961,,
KIR,Kiribati,1962,,
KIR,Kiribati,1963,,
KIR,Kiribati,1964,,
KIR,Kiribati,1965,,
KIR,Kiribati,1966,,
KIR,Kiribati,1967,,
KIR,Kiribati,1968,,
KIR,Kiribati,1969,,
KIR,Kiribati,1970,,
KIR,Kiribati,1971,,
KIR,Kiribati,1972,,
KIR,Kiribati,1973,,
KIR,Kiribati,1974,,
KIR,Kiribati,1975,,
KIR,Kiribati,1976,,
KIR,Kiribati,1977,,
KIR,Kiribati,1978,,
KIR,Kiribati,1979,,
KIR,Kiribati,1980,,
KIR,Kiribati,1981,,
KIR,Kiribati,1982,,
KIR,Kiribati,1983,,
KIR,Kiribati,1984,,
KIR,Kiribati,1985,,
KIR,Kiribati,1986,,
KIR,Kiribati,1987,,
KIR,Kiribati,1988,,
KIR,Kiribati,1989,,
KIR,Kiribati,1990,,
KIR,Kiribati,1991,,
KIR,Kiribati,1992,,
KIR,Kiribati,1993,,
KIR,Kiribati,1994,,
KIR,Kiribati,1995,,
KIR,Kiribati,1996,,
KIR,Kiribati,1997,,
KIR,Kiribati,1998,,
KIR,Kiribati,1999,,
KIR,Kiribati,2000,,
KIR,Kiribati,2001,,
KIR,Kiribati,2002,,
KIR,Kiribati,2003,,
KIR,Kiribati,2004,,
KIR,Kiribati,2005,,
KIR,Kiribati,2006,,
KIR,Kiribati,2007,,
KIR,Kiribati,2008,,
KIR,Kiribati,2009,,
KIR,Kiribati,2010,,
KIR,Kiribati,2011,,
KIR,Kiribati,2012,,
KIR,Kiribati,2013,,
KIR,Kiribati,2014,,
KIR,Kiribati,2015,,
KIR,Kiribati,2016,,
KIR,Kiribati,2017,,
KIR,Kiribati,2018,,
KIR,Kiribati,2019,,
KIR,Kiribati,2020,,
KIR,Kiribati,2021,,
KIR,Kiribati,2022,,
KIR,Kiribati,2023,,
KIR,Kiribati,2024,,
KIR,Kiribati,2025,,
KNA,St. Kitts and Nevis,1960,,
KNA,St. Kitts and Nevis,1961,,
KNA,St. Kitts and Nevis,1962,,
KNA,St. Kitts and Nevis,1963,,
KNA,St. Kitts and Nevis,1964,,
KNA,St. Kitts and Nevis,1965,,
KNA,St. Kitts and Nevis,1966,,
KNA,St. Kitts and Nevis,1967,,
KNA,St. Kitts and Nevis,1968,,
KNA,St. Kitts and Nevis,1969,,
KNA,St. Kitts and Nevis,1970,,
KNA,St. Kitts and Nevis,1971,,
KNA,St. Kitts and Nevis,1972,,
KNA,St. Kitts and Nevis,1973,,
KNA,St. Kitts and Nevis,1974,,
KNA,St. Kitts and Nevis,1975,,
KNA,St. Kitts and Nevis,1976,,
KNA,St. Kitts and Nevis,1977,,
KNA,St. Kitts and Nevis,1978,,
KNA,St. Kitts and Nevis,1979,,
KNA,St. Kitts and Nevis,1980,,
KNA,St. Kitts and Nevis,1981,,
KNA,St. Kitts and Nevis,1982,,
KNA,St. Kitts and Nevis,1983,,
KNA,St. Kitts and Nevis,1984,,
KNA,St. Kitts and Nevis,1985,,
KNA,St. Kitts and Nevis,1986,,
KNA,St. Kitts and Nevis,1987,,
KNA,St. Kitts and Nevis,1988,,
KNA,St. Kitts and Nevis,1989,,
KNA,St. Kitts and Nevis,1990,,
KNA,St. Kitts and Nevis,1991,,
KNA,St. Kitts and Nevis,1992,,
KNA,St. Kitts and Nevis,1993,,
KNA,St. Kitts and Nevis,1994,,
KNA,St. Kitts and Nevis,1995,,
KNA,St. Kitts and Nevis,1996,,
KNA,St. Kitts and Nevis,1997,,
KNA,St. Kitts and Nevis,1998,,
KNA,St. Kitts and Nevis,1999,,
KNA,St. Kitts and Nevis,2000,,
KNA,St. Kitts and Nevis,2001,,
KNA,St. Kitts and Nevis,2002,,
KNA,St. Kitts and Nevis,2003,,
KNA,St. Kitts and Nevis,2004,,
KNA,St. Kitts and Nevis,2005,,
KNA,St. Kitts and Nevis,2006,,
KNA,St. Kitts and Nevis,2007,,
KNA,St. Kitts and Nevis,2008,,
KNA,St. Kitts and Nevis,2009,,
KNA,St. Kitts and Nevis,2010,,
KNA,St. Kitts and Nevis,2011,,
KNA,St. Kitts and Nevis,2012,,
KNA,St. Kitts and Nevis,2013,,
KNA,St. Kitts and Nevis,2014,,
KNA,St. Kitts and Nevis,2015,,
KNA,St. Kitts and Nevis,2016,,
KNA,St. Kitts and Nevis,2017,,
KNA,St. Kitts and Nevis,2018,,
KNA,St. Kitts and Nevis,2019,,
KNA,St. Kitts and Nevis,2020,,
KNA,St. Kitts and Nevis,2021,,
KNA,St. Kitts and Nevis,2022,,
KNA,St. Kitts and Nevis,2023,,
KNA,St. Kitts and Nevis,2024,,
KNA,St. Kitts and Nevis,2025,,
KOR,"Korea, Rep.",1960,275643564.356436,7.15754833401892
KOR,"Korea, Rep.",1961,157061350.086544,6.72614962251201
KOR,"Korea, Rep.",1962,186153846.153846,6.8671963677639
KOR,"Korea, Rep.",1963,185384615.384615,4.82385908726982
KOR,"Korea, Rep.",1964,137481470.39706,4.13443960061876
KOR,"Korea, Rep.",1965,132131636.142507,4.41047487783486
KOR,"Korea, Rep.",1966,176901786.339497,4.68887369346488
KOR,"Korea, Rep.",1967,218100895.692322,4.68514253950608
KOR,"Korea, Rep.",1968,278696524.426612,4.73064179653945
KOR,"Korea, Rep.",1969,347028223.805442,4.69439489249836
KOR,"Korea, Rep.",1970,386403740.388207,4.40334654337296
KOR,"Korea, Rep.",1971,460899849.343362,4.73498860643367
KOR,"Korea, Rep.",1972,531950093.409418,5.010068079394
KOR,"Korea, Rep.",1973,544785374.646643,4.03473216443858
KOR,"Korea, Rep.",1974,852963864.000475,4.54144562770677
KOR,"Korea, Rep.",1975,1030991735.53719,4.87871647715607
KOR,"Korea, Rep.",1976,1708677685.95041,5.90815568383151
KOR,"Korea, Rep.",1977,2237603305.78512,6.03493912122816
KOR,"Korea, Rep.",1978,3190082644.6281,6.37145061919441
KOR,"Korea, Rep.",1979,3543388429.75207,5.5258765683501
KOR,"Korea, Rep.",1980,3980692489.03581,6.39877211320904
KOR,"Korea, Rep.",1981,4463839959.5905,6.41585729782663
KOR,"Korea, Rep.",1982,4646524886.33317,6.24089448534207
KOR,"Korea, Rep.",1983,4714159752.90945,5.72681360842501
KOR,"Korea, Rep.",1984,4759446931.42228,5.25453539277515
KOR,"Korea, Rep.",1985,4883795774.80977,5.22553168462828
KOR,"Korea, Rep.",1986,5325292074.23189,4.94825625094216
KOR,"Korea, Rep.",1987,6040845305.00251,4.46860555045954
KOR,"Korea, Rep.",1988,7732395675.54562,4.28121593799201
KOR,"Korea, Rep.",1989,9468974884.43025,4.2902352949115
KOR,"Korea, Rep.",1990,10110714871.0587,4.00230428922186
KOR,"Korea, Rep.",1991,10956524347.7561,3.71112784107967
KOR,"Korea, Rep.",1992,11614665196.0992,3.69027269027269
KOR,"Korea, Rep.",1993,12377424872.7063,3.41789483823914
KOR,"Korea, Rep.",1994,13519265762.7271,3.19275266895546
KOR,"Korea, Rep.",1995,16085095679.4805,2.8923329861881
KOR,"Korea, Rep.",1996,16408665266.9578,2.74347966333348
KOR,"Korea, Rep.",1997,14848484529.9378,2.66338780772064
KOR,"Korea, Rep.",1998,10457957529.3983,2.79444200391705
KOR,"Korea, Rep.",1999,12095186823.9094,2.49257721979611
KOR,"Korea, Rep.",2000,13801107024.1211,2.30986337128191
KOR,"Korea, Rep.",2001,12941850827.6594,2.28023381667517
KOR,"Korea, Rep.",2002,14101703314.7096,2.16944775379075
KOR,"Korea, Rep.",2003,15847047272.178,2.17524124529532
KOR,"Korea, Rep.",2004,17829864142.7723,2.16578832442349
KOR,"Korea, Rep.",2005,22159512557.1222,2.28040178931092
KOR,"Korea, Rep.",2006,25177237741.0344,2.29892381866626
KOR,"Korea, Rep.",2007,27726129585.2493,2.27093537515891
KOR,"Korea, Rep.",2008,26072410507.6902,2.38850767922871
KOR,"Korea, Rep.",2009,24575661939.1823,2.49990153790778
KOR,"Korea, Rep.",2010,28175181218.9679,2.36122792330691
KOR,"Korea, Rep.",2011,30991707946.4761,2.37114288990647
KOR,"Korea, Rep.",2012,31951760810.319,2.39205949733254
KOR,"Korea, Rep.",2013,34311220715.1665,2.39128707318548
KOR,"Korea, Rep.",2014,37552298953.8232,2.41327231110109
KOR,"Korea, Rep.",2015,36570769322.5744,2.3763712275445
KOR,"Korea, Rep.",2016,36885283430.0234,2.3357998421426
KOR,"Korea, Rep.",2017,39170682135.6216,2.29813107276094
KOR,"Korea, Rep.",2018,43069973342.8752,2.36150967895845
KOR,"Korea, Rep.",2019,44102240752.179,2.51931997944066
KOR,"Korea, Rep.",2020,46117096574.5819,2.64297706902012
KOR,"Korea, Rep.",2021,50873788105.2917,2.61904941244001
KOR,"Korea, Rep.",2022,46365420707.4157,2.57642560395009
KOR,"Korea, Rep.",2023,47801863038.8787,2.59925771052554
KOR,"Korea, Rep.",2024,47571318596.7228,2.56205259386748
KOR,"Korea, Rep.",2025,,
KWT,Kuwait,1960,,
KWT,Kuwait,1961,,
KWT,Kuwait,1962,,
KWT,Kuwait,1963,,
KWT,Kuwait,1964,,
KWT,Kuwait,1965,,
KWT,Kuwait,1966,,
KWT,Kuwait,1967,,
KWT,Kuwait,1968,,
KWT,Kuwait,1969,,
KWT,Kuwait,1970,68739972.504011,2.39278752436647
KWT,Kuwait,1971,73434840.970744,1.89218523878437
KWT,Kuwait,1972,90743549.9119924,2.03893442622951
KWT,Kuwait,1973,136560430.519402,2.52493765586035
KWT,Kuwait,1974,426401410.876988,3.2791185729276
KWT,Kuwait,1975,,
KWT,Kuwait,1976,,
KWT,Kuwait,1977,748518665.85708,5.29368213228036
KWT,Kuwait,1978,738039577.826819,4.76078799249531
KWT,Kuwait,1979,881077990.780342,3.54852812591081
KWT,Kuwait,1980,950805965.290033,3.31399097356544
KWT,Kuwait,1981,1042021629.57117,4.12700667708481
KWT,Kuwait,1982,1285119359.80216,5.95429674927583
KWT,Kuwait,1983,1425498409.82307,6.83051126089101
KWT,Kuwait,1984,1465909167.67434,6.75486381322957
KWT,Kuwait,1985,1379869859.98477,6.43410852713178
KWT,Kuwait,1986,1295617612.14061,7.23620987891601
KWT,Kuwait,1987,1336740076.7235,5.97625541472806
KWT,Kuwait,1988,1704123944.10617,8.23661874242162
KWT,Kuwait,1989,2076390756.31682,8.53982920341593
KWT,Kuwait,1990,8961536461.49313,48.5172672672673
KWT,Kuwait,1991,12924377965.9407,117.34982320869
KWT,Kuwait,1992,6316012045.43982,31.7860244470914
KWT,Kuwait,1993,2980065531.62448,12.4402191802041
KWT,Kuwait,1994,3296055512.51389,13.259238782833
KWT,Kuwait,1995,3692435533.15821,13.5815813052368
KWT,Kuwait,1996,3241385529.4931,10.2926484718519
KWT,Kuwait,1997,2454268845.45523,8.0864758714549
KWT,Kuwait,1998,2282153591.72584,8.79655979257573
KWT,Kuwait,1999,2286352512.19552,7.59022387888794
KWT,Kuwait,2000,2697075596.3558,7.15014865654555
KWT,Kuwait,2001,2685735278.45347,7.70062608489699
KWT,Kuwait,2002,2821521877.89967,7.39919407029019
KWT,Kuwait,2003,3130746412.89612,6.54392425039453
KWT,Kuwait,2004,3450118764.84561,5.80446088589746
KWT,Kuwait,2005,3509417808.21918,4.34302594160701
KWT,Kuwait,2006,3597816497.57389,3.54264578632145
KWT,Kuwait,2007,4115736733.58807,3.59032675886877
KWT,Kuwait,2008,4430342077.46217,3.00607272121515
KWT,Kuwait,2009,4208871205.93499,3.97180632341079
KWT,Kuwait,2010,4335204653.06151,3.7561481418781
KWT,Kuwait,2011,5393526319.03152,3.50139726568748
KWT,Kuwait,2012,5941536636.94559,3.41374157981372
KWT,Kuwait,2013,5697937802.28007,3.27153182701652
KWT,Kuwait,2014,5832103419.52984,3.58561842128005
KWT,Kuwait,2015,5735132890.36545,5.0074693972269
KWT,Kuwait,2016,6446742131.36237,5.89351944288143
KWT,Kuwait,2017,6764636913.87805,5.60744536433338
KWT,Kuwait,2018,7165279059.53645,5.19085473728776
KWT,Kuwait,2019,7373519736.84211,5.32311669292361
KWT,Kuwait,2020,6941042345.27687,6.47217283542021
KWT,Kuwait,2021,9024335548.17276,6.35158136559629
KWT,Kuwait,2022,8244121401.26598,4.51075426849442
KWT,Kuwait,2023,7755031935.62767,4.76885841726812
KWT,Kuwait,2024,7792925565.71038,4.84093247384389
KWT,Kuwait,2025,,
LAO,Lao PDR,1960,,
LAO,Lao PDR,1961,,
LAO,Lao PDR,1962,,
LAO,Lao PDR,1963,,
LAO,Lao PDR,1964,,
LAO,Lao PDR,1965,,
LAO,Lao PDR,1966,,
LAO,Lao PDR,1967,35544791.6666667,
LAO,Lao PDR,1968,35461875.0,
LAO,Lao PDR,1969,36133958.3333333,
LAO,Lao PDR,1970,38045833.3333333,
LAO,Lao PDR,1971,39061458.3333333,
LAO,Lao PDR,1972,20254568.1282978,
LAO,Lao PDR,1973,21220297.9661701,
LAO,Lao PDR,1974,,
LAO,Lao PDR,1975,,
LAO,Lao PDR,1976,,
LAO,Lao PDR,1977,,
LAO,Lao PDR,1978,,
LAO,Lao PDR,1979,,
LAO,Lao PDR,1980,,
LAO,Lao PDR,1981,,
LAO,Lao PDR,1982,,
LAO,Lao PDR,1983,,
LAO,Lao PDR,1984,,
LAO,Lao PDR,1985,,
LAO,Lao PDR,1986,,
LAO,Lao PDR,1987,,
LAO,Lao PDR,1988,,
LAO,Lao PDR,1989,,
LAO,Lao PDR,1990,,
LAO,Lao PDR,1991,,
LAO,Lao PDR,1992,102292611.331368,8.67531237046249
LAO,Lao PDR,1993,107643979.057592,8.1075112779583
LAO,Lao PDR,1994,116105380.350497,7.52200406228842
LAO,Lao PDR,1995,103704532.180094,5.83419558712492
LAO,Lao PDR,1996,78445466.0149269,4.1867068435997
LAO,Lao PDR,1997,67064556.5802632,3.83900703742237
LAO,Lao PDR,1998,33350210.5611021,2.59421725390312
LAO,Lao PDR,1999,15382947.3867998,1.0577425788587
LAO,Lao PDR,2000,13717664.5992971,0.791543216650207
LAO,Lao PDR,2001,12574570.7783056,0.717115235195965
LAO,Lao PDR,2002,11435617.4736235,0.583934898389787
LAO,Lao PDR,2003,11013340.9026398,0.492156926196989
LAO,Lao PDR,2004,11496967.5213029,0.433725286362231
LAO,Lao PDR,2005,11965988.4375704,0.392508608502655
LAO,Lao PDR,2006,13410565.0646168,0.343162744772127
LAO,Lao PDR,2007,14838865.5400931,0.312173796332908
LAO,Lao PDR,2008,16267888.9597929,0.273820907156906
LAO,Lao PDR,2009,13973614.5278621,0.217194753335539
LAO,Lao PDR,2010,15356402.9510448,0.204567128983702
LAO,Lao PDR,2011,19009820.5990989,0.212126552452257
LAO,Lao PDR,2012,20327157.6570726,0.199455064976167
LAO,Lao PDR,2013,22677713.1196136,0.189895181780941
LAO,Lao PDR,2014,,
LAO,Lao PDR,2015,,
LAO,Lao PDR,2016,,
LAO,Lao PDR,2017,,
LAO,Lao PDR,2018,,
LAO,Lao PDR,2019,,
LAO,Lao PDR,2020,,
LAO,Lao PDR,2021,,
LAO,Lao PDR,2022,,
LAO,Lao PDR,2023,,
LAO,Lao PDR,2024,,
LAO,Lao PDR,2025,,
LBN,Lebanon,1960,22906905.201382,
LBN,Lebanon,1961,27837147.8129811,
LBN,Lebanon,1962,40876824.5021668,
LBN,Lebanon,1963,33900603.4307411,
LBN,Lebanon,1964,38065368.3231067,3.65625
LBN,Lebanon,1965,44598531.8293536,3.88873119500426
LBN,Lebanon,1966,51425377.3057574,4.16343418670804
LBN,Lebanon,1967,57730955.0260257,4.84293193717278
LBN,Lebanon,1968,65572316.4450301,4.84437163585303
LBN,Lebanon,1969,65138973.3851987,4.64403066812705
LBN,Lebanon,1970,64546127.5382535,4.33621043978627
LBN,Lebanon,1971,66920095.5470253,4.00074087794036
LBN,Lebanon,1972,106204436.985367,5.09033778476041
LBN,Lebanon,1973,103815507.201961,3.81528931437421
LBN,Lebanon,1974,179142179.606145,
LBN,Lebanon,1975,165944100.296267,
LBN,Lebanon,1976,173074847.035963,12.1249085142718
LBN,Lebanon,1977,126427193.576977,4.73228442492987
LBN,Lebanon,1978,252760229.683593,8.48960109103307
LBN,Lebanon,1979,346311001.464806,10.0717488789238
LBN,Lebanon,1980,503476314.786197,12.3571428571429
LBN,Lebanon,1981,373214770.032477,9.58333333333333
LBN,Lebanon,1982,246651755.127511,9.28645130565918
LBN,Lebanon,1983,492472676.600039,13.4556205877029
LBN,Lebanon,1984,474574917.563726,10.9687267047673
LBN,Lebanon,1985,227203508.558202,6.28697601510223
LBN,Lebanon,1986,148293323.672983,5.2638395500296
LBN,Lebanon,1987,36999768.4731696,1.12184657836794
LBN,Lebanon,1988,39317743.0784644,1.18657817109145
LBN,Lebanon,1989,,
LBN,Lebanon,1990,214361038.658359,7.55195134313229
LBN,Lebanon,1991,229469731.0033,5.15488867376573
LBN,Lebanon,1992,442786331.073862,7.98399831561217
LBN,Lebanon,1993,452979280.562319,6.01127876848041
LBN,Lebanon,1994,637473438.606725,6.99771316563215
LBN,Lebanon,1995,746264054.12573,6.71192798911137
LBN,Lebanon,1996,735631013.592628,5.66185242685313
LBN,Lebanon,1997,678164279.450453,4.30515463917526
LBN,Lebanon,1998,693871897.528576,4.02325225638672
LBN,Lebanon,1999,829663624.787776,4.77043929225137
LBN,Lebanon,2000,930016583.747927,5.39210030383447
LBN,Lebanon,2001,958540630.182421,5.44789624491027
LBN,Lebanon,2002,907462686.567164,4.75330090340514
LBN,Lebanon,2003,923383084.577114,4.67569110879715
LBN,Lebanon,2004,954560530.679934,4.51119229815156
LBN,Lebanon,2005,962520729.684909,4.47739527979241
LBN,Lebanon,2006,1008955223.8806,4.58143085334009
LBN,Lebanon,2007,1152238805.97015,4.64100507400197
LBN,Lebanon,2008,1169485903.81426,4.01624119377376
LBN,Lebanon,2009,1426202321.72471,4.02886758468434
LBN,Lebanon,2010,1585406301.82421,4.12394687168443
LBN,Lebanon,2011,1626533996.68325,4.07375676942933
LBN,Lebanon,2012,1757213930.34826,3.99214379436289
LBN,Lebanon,2013,1935718241.37232,4.12908273269169
LBN,Lebanon,2014,2270065959.79379,4.71994151384666
LBN,Lebanon,2015,2239416093.73945,4.48517082491055
LBN,Lebanon,2016,2606456908.32225,5.09598055264963
LBN,Lebanon,2017,2441074857.01822,4.60339736802672
LBN,Lebanon,2018,2775557816.20658,5.05552097445632
LBN,Lebanon,2019,2326058336.52486,4.73938277788589
LBN,Lebanon,2020,431991051.454139,3.02665836499332
LBN,Lebanon,2021,171587395.957194,1.60905429967969
LBN,Lebanon,2022,218747731.996173,1.39503764342103
LBN,Lebanon,2023,286217317.801811,1.62409234575544
LBN,Lebanon,2024,635471571.906355,2.58828538225203
LBN,Lebanon,2025,,
LBR,Liberia,1960,,
LBR,Liberia,1961,,
LBR,Liberia,1962,,
LBR,Liberia,1963,,
LBR,Liberia,1964,,
LBR,Liberia,1965,2700000.0,1.17749672917575
LBR,Liberia,1966,2800000.0,1.14519427402863
LBR,Liberia,1967,3050000.0,1.16858237547893
LBR,Liberia,1968,3050000.0,1.10187861271676
LBR,Liberia,1969,3050000.0,0.993485342019544
LBR,Liberia,1970,3550000.0,1.09873104302074
LBR,Liberia,1971,4050000.0,1.18594436310395
LBR,Liberia,1972,4050000.0,1.10024449877751
LBR,Liberia,1973,3750000.0,0.968992248062015
LBR,Liberia,1974,4550000.0,0.93429158110883
LBR,Liberia,1975,5500000.0,0.952380952380952
LBR,Liberia,1976,6400000.0,1.07256577844813
LBR,Liberia,1977,7750000.0,1.15156017830609
LBR,Liberia,1978,8900000.0,1.2409369771333
LBR,Liberia,1979,9400000.0,1.15464930598207
LBR,Liberia,1980,12750000.0,1.49175149175149
LBR,Liberia,1981,26350000.0,3.11281748375665
LBR,Liberia,1982,43350000.0,5.01794189142262
LBR,Liberia,1983,38750000.0,4.70609667233422
LBR,Liberia,1984,24950000.0,2.94048320565704
LBR,Liberia,1985,25150000.0,2.95430518031246
LBR,Liberia,1986,24350000.0,2.89536266349584
LBR,Liberia,1987,22250000.0,2.28721217105263
LBR,Liberia,1988,25000000.0,2.40778195126649
LBR,Liberia,1989,,
LBR,Liberia,1990,,
LBR,Liberia,1991,25000000.0,7.18390804597701
LBR,Liberia,1992,22650000.0,10.1342281879195
LBR,Liberia,1993,30450000.0,18.9837905236908
LBR,Liberia,1994,39300000.0,29.7276853252648
LBR,Liberia,1995,,
LBR,Liberia,1996,,
LBR,Liberia,1997,,
LBR,Liberia,1998,,
LBR,Liberia,1999,,
LBR,Liberia,2000,,
LBR,Liberia,2001,,
LBR,Liberia,2002,,
LBR,Liberia,2003,,
LBR,Liberia,2004,4525000.0,0.504459308807135
LBR,Liberia,2005,6467000.0,0.685063559322034
LBR,Liberia,2006,3900500.0,0.351713255184851
LBR,Liberia,2007,2882000.0,0.214434523809524
LBR,Liberia,2008,4895000.0,0.292064439140811
LBR,Liberia,2009,6739500.0,0.381841359773371
LBR,Liberia,2010,8982000.0,0.456866734486267
LBR,Liberia,2011,12540500.0,0.535918803418803
LBR,Liberia,2012,15179000.0,0.567439252336449
LBR,Liberia,2013,15111500.0,0.496435611038108
LBR,Liberia,2014,14531000.0,0.470258899676375
LBR,Liberia,2015,14799000.0,0.478622250970246
LBR,Liberia,2016,14712000.0,0.451842751842752
LBR,Liberia,2017,13335500.0,0.4015507377296
LBR,Liberia,2018,13229000.0,0.405300245098039
LBR,Liberia,2019,12901000.0,0.418863636363636
LBR,Liberia,2020,12901000.0,0.424794204807376
LBR,Liberia,2021,29723000.0,0.847050441721288
LBR,Liberia,2022,52198000.0,1.31348766985405
LBR,Liberia,2023,62518000.0,1.42410022779043
LBR,Liberia,2024,33825000.0,0.711206896551724
LBR,Liberia,2025,,
LBY,Libya,1960,5571997.77120089,1.592
LBY,Libya,1961,7167997.13280115,1.85507246376812
LBY,Libya,1962,16687993.3248027,3.10416666666667
LBY,Libya,1963,18675992.529603,2.40794223826715
LBY,Libya,1964,21475991.4096034,1.84375
LBY,Libya,1965,29119988.3520047,1.85714285714286
LBY,Libya,1966,58519976.5920094,2.91492329149233
LBY,Libya,1967,79519968.1920127,3.36094674556213
LBY,Libya,1968,95479961.8080153,2.85594639865997
LBY,Libya,1969,143079942.768023,3.76288659793814
LBY,Libya,1970,242479903.008039,6.07293127629734
LBY,Libya,1971,243035871.645628,5.32267977873387
LBY,Libya,1972,202768227.100414,3.70967741935484
LBY,Libya,1973,298307480.018398,3.98486197684773
LBY,Libya,1974,431682379.049556,3.2912696368787
LBY,Libya,1975,287788252.699704,2.25396825396825
LBY,Libya,1976,326295131.582059,1.96861626248217
LBY,Libya,1977,479647087.83284,2.46399444733646
LBY,Libya,1978,729941800.568145,3.79922644163151
LBY,Libya,1979,853569148.558863,3.22074942645934
LBY,Libya,1980,1074139253.03411,2.92236435818262
LBY,Libya,1981,557334522.313648,1.75511376328302
LBY,Libya,1982,709332450.608506,2.2405257767156
LBY,Libya,1983,,
LBY,Libya,1984,,
LBY,Libya,1985,,
LBY,Libya,1986,,
LBY,Libya,1987,,
LBY,Libya,1988,,
LBY,Libya,1989,,
LBY,Libya,1990,,
LBY,Libya,1991,,
LBY,Libya,1992,,
LBY,Libya,1993,,
LBY,Libya,1994,,
LBY,Libya,1995,,
LBY,Libya,1996,,
LBY,Libya,1997,1251990817.28745,4.07802671566895
LBY,Libya,1998,1443621758.26714,5.29744153194161
LBY,Libya,1999,1153487088.49079,3.7838602447132
LBY,Libya,2000,1085534664.87046,3.14686367358096
LBY,Libya,2001,819747993.600677,2.41350785849837
LBY,Libya,2002,452513614.757453,2.06923852022456
LBY,Libya,2003,541401766.516621,2.07204807151526
LBY,Libya,2004,685073220.074025,2.07107445674837
LBY,Libya,2005,690930769.348354,1.52811115994456
LBY,Libya,2006,614356296.200431,1.12033540648601
LBY,Libya,2007,639137046.188937,0.946677517254647
LBY,Libya,2008,1100068652.12985,1.48985108130425
LBY,Libya,2009,,
LBY,Libya,2010,,
LBY,Libya,2011,,
LBY,Libya,2012,2987413407.73267,3.74560382719202
LBY,Libya,2013,3964690154.13652,7.63933084825893
LBY,Libya,2014,3755652496.35093,15.4795763013832
LBY,Libya,2015,,
LBY,Libya,2016,,
LBY,Libya,2017,,
LBY,Libya,2018,,
LBY,Libya,2019,,
LBY,Libya,2020,,
LBY,Libya,2021,,
LBY,Libya,2022,1214864558.24526,4.34666046441666
LBY,Libya,2023,1573682777.31469,5.28705130951195
LBY,Libya,2024,,
LBY,Libya,2025,,
LCA,St. Lucia,1960,,
LCA,St. Lucia,1961,,
LCA,St. Lucia,1962,,
LCA,St. Lucia,1963,,
LCA,St. Lucia,1964,,
LCA,St. Lucia,1965,,
LCA,St. Lucia,1966,,
LCA,St. Lucia,1967,,
LCA,St. Lucia,1968,,
LCA,St. Lucia,1969,,
LCA,St. Lucia,1970,,
LCA,St. Lucia,1971,,
LCA,St. Lucia,1972,,
LCA,St. Lucia,1973,,
LCA,St. Lucia,1974,,
LCA,St. Lucia,1975,,
LCA,St. Lucia,1976,,
LCA,St. Lucia,1977,,
LCA,St. Lucia,1978,,
LCA,St. Lucia,1979,,
LCA,St. Lucia,1980,,
LCA,St. Lucia,1981,,
LCA,St. Lucia,1982,,
LCA,St. Lucia,1983,,
LCA,St. Lucia,1984,,
LCA,St. Lucia,1985,,
LCA,St. Lucia,1986,,
LCA,St. Lucia,1987,,
LCA,St. Lucia,1988,,
LCA,St. Lucia,1989,,
LCA,St. Lucia,1990,,
LCA,St. Lucia,1991,,
LCA,St. Lucia,1992,,
LCA,St. Lucia,1993,,
LCA,St. Lucia,1994,,
LCA,St. Lucia,1995,,
LCA,St. Lucia,1996,,
LCA,St. Lucia,1997,,
LCA,St. Lucia,1998,,
LCA,St. Lucia,1999,,
LCA,St. Lucia,2000,,
LCA,St. Lucia,2001,,
LCA,St. Lucia,2002,,
LCA,St. Lucia,2003,,
LCA,St. Lucia,2004,,
LCA,St. Lucia,2005,,
LCA,St. Lucia,2006,,
LCA,St. Lucia,2007,,
LCA,St. Lucia,2008,,
LCA,St. Lucia,2009,,
LCA,St. Lucia,2010,,
LCA,St. Lucia,2011,,
LCA,St. Lucia,2012,,
LCA,St. Lucia,2013,,
LCA,St. Lucia,2014,,
LCA,St. Lucia,2015,,
LCA,St. Lucia,2016,,
LCA,St. Lucia,2017,,
LCA,St. Lucia,2018,,
LCA,St. Lucia,2019,,
LCA,St. Lucia,2020,,
LCA,St. Lucia,2021,,
LCA,St. Lucia,2022,,
LCA,St. Lucia,2023,,
LCA,St. Lucia,2024,,
LCA,St. Lucia,2025,,
LCN,Latin America & Caribbean,1960,1041102128.14931,2.03795882417178
LCN,Latin America & Caribbean,1961,952115934.094736,1.94763506416593
LCN,Latin America & Caribbean,1962,1470078056.67469,2.19341087999503
LCN,Latin America & Caribbean,1963,1558299418.01483,2.00380010841743
LCN,Latin America & Caribbean,1964,1478294197.3849,1.71546887979316
LCN,Latin America & Caribbean,1965,1824898849.29905,1.96772254158198
LCN,Latin America & Caribbean,1966,1976690415.89209,1.92957267304462
LCN,Latin America & Caribbean,1967,2118145676.08668,2.07036842928039
LCN,Latin America & Caribbean,1968,2082974249.8368,1.86519756556045
LCN,Latin America & Caribbean,1969,2293646403.13552,1.87664897512281
LCN,Latin America & Caribbean,1970,2857196045.15583,2.1020863960515
LCN,Latin America & Caribbean,1971,3463134106.21513,2.22874727986975
LCN,Latin America & Caribbean,1972,4049748251.43731,2.16057537328716
LCN,Latin America & Caribbean,1973,5404489651.82689,2.09136817617199
LCN,Latin America & Caribbean,1974,6663039430.8653,1.94580819483063
LCN,Latin America & Caribbean,1975,6151351163.82316,1.95460349282781
LCN,Latin America & Caribbean,1976,7997666536.32806,2.14251791264433
LCN,Latin America & Caribbean,1977,8801988932.41533,2.22582616034247
LCN,Latin America & Caribbean,1978,10053610004.9512,2.26121481595329
LCN,Latin America & Caribbean,1979,12833565616.4295,1.98385442160946
LCN,Latin America & Caribbean,1980,15266512901.4694,1.62327841836447
LCN,Latin America & Caribbean,1981,16537685105.3236,1.67698416398307
LCN,Latin America & Caribbean,1982,13494643916.0338,1.79652932721108
LCN,Latin America & Caribbean,1983,12366658646.4374,1.93868662756359
LCN,Latin America & Caribbean,1984,11485659135.2246,1.72166566249491
LCN,Latin America & Caribbean,1985,10765543058.2929,1.64150750041888
LCN,Latin America & Caribbean,1986,10967958016.6869,1.65206382381215
LCN,Latin America & Caribbean,1987,13005289827.4721,1.83810587020454
LCN,Latin America & Caribbean,1988,14628870715.4906,1.81723068831195
LCN,Latin America & Caribbean,1989,16666945044.2258,2.0475936073851
LCN,Latin America & Caribbean,1990,18390097041.763,1.68535486772356
LCN,Latin America & Caribbean,1991,15995500065.6037,1.4456153542865
LCN,Latin America & Caribbean,1992,15665423229.6088,1.30027328409813
LCN,Latin America & Caribbean,1993,19231321309.3581,1.3400790302398
LCN,Latin America & Caribbean,1994,24113701698.57,1.42743290315932
LCN,Latin America & Caribbean,1995,28626754180.4636,1.57042118091122
LCN,Latin America & Caribbean,1996,29578441979.8626,1.49003810824932
LCN,Latin America & Caribbean,1997,29318097188.2959,1.34632277798651
LCN,Latin America & Caribbean,1998,30192020605.4271,1.37559734274603
LCN,Latin America & Caribbean,1999,25433071539.0997,1.29567579507294
LCN,Latin America & Caribbean,2000,27240878883.0351,1.25993131502731
LCN,Latin America & Caribbean,2001,27330299656.2257,1.28959163984496
LCN,Latin America & Caribbean,2002,22856595391.2309,1.21124188294347
LCN,Latin America & Caribbean,2003,22188309682.0146,1.14112039682016
LCN,Latin America & Caribbean,2004,25168488710.6536,1.132085804471
LCN,Latin America & Caribbean,2005,32708555562.8787,1.20878482646055
LCN,Latin America & Caribbean,2006,37949010240.4296,1.19287280227799
LCN,Latin America & Caribbean,2007,46583560656.9122,1.23762183345104
LCN,Latin America & Caribbean,2008,56437565177.4021,1.28560077702548
LCN,Latin America & Caribbean,2009,56235033581.803,1.39963653954814
LCN,Latin America & Caribbean,2010,68694550461.3669,1.36361251372845
LCN,Latin America & Caribbean,2011,73819638767.9944,1.28584934657878
LCN,Latin America & Caribbean,2012,75354386298.7924,1.3045875396482
LCN,Latin America & Caribbean,2013,78457040978.9097,1.30940871294164
LCN,Latin America & Caribbean,2014,72705458926.1897,1.27513469861409
LCN,Latin America & Caribbean,2015,59355779388.2505,1.24149552100816
LCN,Latin America & Caribbean,2016,56656426600.2124,1.22326100352807
LCN,Latin America & Caribbean,2017,66596682451.2873,1.28378832183684
LCN,Latin America & Caribbean,2018,63963147863.6335,1.25146999023352
LCN,Latin America & Caribbean,2019,60554802135.9911,1.22208445792104
LCN,Latin America & Caribbean,2020,54477929268.8032,1.29857083148349
LCN,Latin America & Caribbean,2021,55911119771.4603,1.13262729986955
LCN,Latin America & Caribbean,2022,59521312633.1673,1.06041328487598
LCN,Latin America & Caribbean,2023,66334319477.7009,1.05376638887139
LCN,Latin America & Caribbean,2024,73379302038.4736,1.12773146722279
LCN,Latin America & Caribbean,2025,,
LIE,Liechtenstein,1960,,
LIE,Liechtenstein,1961,,
LIE,Liechtenstein,1962,,
LIE,Liechtenstein,1963,,
LIE,Liechtenstein,1964,,
LIE,Liechtenstein,1965,,
LIE,Liechtenstein,1966,,
LIE,Liechtenstein,1967,,
LIE,Liechtenstein,1968,,
LIE,Liechtenstein,1969,,
LIE,Liechtenstein,1970,,
LIE,Liechtenstein,1971,,
LIE,Liechtenstein,1972,,
LIE,Liechtenstein,1973,,
LIE,Liechtenstein,1974,,
LIE,Liechtenstein,1975,,
LIE,Liechtenstein,1976,,
LIE,Liechtenstein,1977,,
LIE,Liechtenstein,1978,,
LIE,Liechtenstein,1979,,
LIE,Liechtenstein,1980,,
LIE,Liechtenstein,1981,,
LIE,Liechtenstein,1982,,
LIE,Liechtenstein,1983,,
LIE,Liechtenstein,1984,,
LIE,Liechtenstein,1985,,
LIE,Liechtenstein,1986,,
LIE,Liechtenstein,1987,,
LIE,Liechtenstein,1988,,
LIE,Liechtenstein,1989,,
LIE,Liechtenstein,1990,,
LIE,Liechtenstein,1991,,
LIE,Liechtenstein,1992,,
LIE,Liechtenstein,1993,,
LIE,Liechtenstein,1994,,
LIE,Liechtenstein,1995,,
LIE,Liechtenstein,1996,,
LIE,Liechtenstein,1997,,
LIE,Liechtenstein,1998,,
LIE,Liechtenstein,1999,,
LIE,Liechtenstein,2000,,
LIE,Liechtenstein,2001,,
LIE,Liechtenstein,2002,,
LIE,Liechtenstein,2003,,
LIE,Liechtenstein,2004,,
LIE,Liechtenstein,2005,,
LIE,Liechtenstein,2006,,
LIE,Liechtenstein,2007,,
LIE,Liechtenstein,2008,,
LIE,Liechtenstein,2009,,
LIE,Liechtenstein,2010,,
LIE,Liechtenstein,2011,,
LIE,Liechtenstein,2012,,
LIE,Liechtenstein,2013,,
LIE,Liechtenstein,2014,,
LIE,Liechtenstein,2015,,
LIE,Liechtenstein,2016,,
LIE,Liechtenstein,2017,,
LIE,Liechtenstein,2018,,
LIE,Liechtenstein,2019,,
LIE,Liechtenstein,2020,,
LIE,Liechtenstein,2021,,
LIE,Liechtenstein,2022,,
LIE,Liechtenstein,2023,,
LIE,Liechtenstein,2024,,
LIE,Liechtenstein,2025,,
LKA,Sri Lanka,1960,16653016.6530167,1.18305236461286
LKA,Sri Lanka,1961,17083517.0835171,1.18327272727273
LKA,Sri Lanka,1962,15849765.8497659,1.08285509325681
LKA,Sri Lanka,1963,13917763.9177639,0.897791926307234
LKA,Sri Lanka,1964,13938763.9387639,0.851725907866034
LKA,Sri Lanka,1965,14474264.4742645,0.852610094012865
LKA,Sri Lanka,1966,15282765.2827653,0.872915916996522
LKA,Sri Lanka,1967,15711432.1626131,0.845136660396149
LKA,Sri Lanka,1968,14305226.3216164,0.79453205188019
LKA,Sri Lanka,1969,15863429.1887097,0.807396323215049
LKA,Sri Lanka,1970,21042038.7173512,0.916642271662763
LKA,Sri Lanka,1971,32258064.516129,1.3626334519573
LKA,Sri Lanka,1972,,
LKA,Sri Lanka,1973,25146427.176884,0.874809823951315
LKA,Sri Lanka,1974,28417847.6111717,0.795086449875899
LKA,Sri Lanka,1975,30478781.0200124,0.803589569928886
LKA,Sri Lanka,1976,23669757.489301,0.659239148428964
LKA,Sri Lanka,1977,28081232.2562249,0.684373884143159
LKA,Sri Lanka,1978,21946485.4234596,0.803000117192078
LKA,Sri Lanka,1979,28073183.5754377,0.834462748391777
LKA,Sri Lanka,1980,30811520.2245016,0.765779307649526
LKA,Sri Lanka,1981,27684625.6566402,0.62679842362214
LKA,Sri Lanka,1982,25974668.7039333,0.544740925855015
LKA,Sri Lanka,1983,45952585.3641951,0.889137424856704
LKA,Sri Lanka,1984,55750799.9779859,0.922430502256969
LKA,Sri Lanka,1985,188947302.540994,3.16076982294072
LKA,Sri Lanka,1986,172743269.33716,2.69665801174543
LKA,Sri Lanka,1987,226699541.853033,3.39314670882408
LKA,Sri Lanka,1988,165486625.501465,2.37118324909227
LKA,Sri Lanka,1989,125682787.242247,1.79859542421127
LKA,Sri Lanka,1990,187023405.694545,2.32848743256346
LKA,Sri Lanka,1991,277389023.844917,3.082087848635
LKA,Sri Lanka,1992,326765473.561246,3.36763990096007
LKA,Sri Lanka,1993,354785171.204953,3.43178565351856
LKA,Sri Lanka,1994,437032405.074562,3.72933805803649
LKA,Sri Lanka,1995,763663963.661622,5.86113224274153
LKA,Sri Lanka,1996,767105591.680327,5.51978316113981
LKA,Sri Lanka,1997,698792770.863774,4.63060207374592
LKA,Sri Lanka,1998,733435634.700334,4.64346408117958
LKA,Sri Lanka,1999,631014150.108657,4.0301638395602
LKA,Sri Lanka,2000,822127365.590071,5.03387296841704
LKA,Sri Lanka,2001,675016502.0194,4.28699058949232
LKA,Sri Lanka,2002,571657950.222711,3.34258944021437
LKA,Sri Lanka,2003,541695589.560821,2.86891182725842
LKA,Sri Lanka,2004,619305492.420499,2.99735847919569
LKA,Sri Lanka,2005,644211825.110948,2.6395333951407
LKA,Sri Lanka,2006,791491040.668245,2.79877359903086
LKA,Sri Lanka,2007,1054816810.24742,3.26060835702917
LKA,Sri Lanka,2008,1511363006.99688,3.24360178402603
LKA,Sri Lanka,2009,1522232372.004,3.16189871004304
LKA,Sri Lanka,2010,1532026109.10635,2.70074784039336
LKA,Sri Lanka,2011,1753321575.5438,2.68531865302989
LKA,Sri Lanka,2012,1474902627.68117,2.15519951243996
LKA,Sri Lanka,2013,1600841410.40839,2.15404824269909
LKA,Sri Lanka,2014,1914591220.29078,2.41264701190051
LKA,Sri Lanka,2015,2057866406.9716,2.41701116575955
LKA,Sri Lanka,2016,1741456649.97426,1.97935533284589
LKA,Sri Lanka,2017,1866534438.99382,1.97692843257215
LKA,Sri Lanka,2018,1638914326.87567,1.73469354853576
LKA,Sri Lanka,2019,1560094458.93163,1.75219928060225
LKA,Sri Lanka,2020,1486440860.79499,1.73988733298184
LKA,Sri Lanka,2021,1539694803.94051,1.71265688710699
LKA,Sri Lanka,2022,1001955818.94468,1.3433273089473
LKA,Sri Lanka,2023,1165824640.21347,1.64003079587098
LKA,Sri Lanka,2024,1333312353.41663,1.42539087177796
LKA,Sri Lanka,2025,,
LSO,Lesotho,1960,,
LSO,Lesotho,1961,,
LSO,Lesotho,1962,,
LSO,Lesotho,1963,,
LSO,Lesotho,1964,,
LSO,Lesotho,1965,,
LSO,Lesotho,1966,,
LSO,Lesotho,1967,,
LSO,Lesotho,1968,,
LSO,Lesotho,1969,,
LSO,Lesotho,1970,,
LSO,Lesotho,1971,,
LSO,Lesotho,1972,,
LSO,Lesotho,1973,,
LSO,Lesotho,1974,,
LSO,Lesotho,1975,,
LSO,Lesotho,1976,2291375.57284389,1.55179127725857
LSO,Lesotho,1977,2780125.69503142,1.43813206424747
LSO,Lesotho,1978,4013501.00337525,1.50560828300259
LSO,Lesotho,1979,5370993.42892059,1.85120753172329
LSO,Lesotho,1980,11639193.9745825,3.15853658536585
LSO,Lesotho,1981,12392766.9544448,3.31151035322777
LSO,Lesotho,1982,14965648.0816342,4.35773665862161
LSO,Lesotho,1983,14069652.6344134,4.01305683563748
LSO,Lesotho,1984,12285803.372919,3.97914379802415
LSO,Lesotho,1985,10667797.3858849,4.31409907457812
LSO,Lesotho,1986,13369627.5322425,4.83998732572877
LSO,Lesotho,1987,18111226.2589451,4.18131307404468
LSO,Lesotho,1988,16956458.6293199,3.36975524475524
LSO,Lesotho,1989,22610459.5299465,4.30771465930554
LSO,Lesotho,1990,24165932.3160645,3.55047598830801
LSO,Lesotho,1991,22308171.454232,2.88884695541125
LSO,Lesotho,1992,24237292.2956091,2.70645352476235
LSO,Lesotho,1993,22140684.3873748,2.47547266258969
LSO,Lesotho,1994,25853328.8273065,2.74112240996011
LSO,Lesotho,1995,34373285.4712731,3.24188937641956
LSO,Lesotho,1996,28347308.3140475,2.82467366309587
LSO,Lesotho,1997,28700335.9404161,2.71217734729986
LSO,Lesotho,1998,27807021.3520299,2.85192846653195
LSO,Lesotho,1999,34078186.6869193,3.56245119166974
LSO,Lesotho,2000,30555503.5209796,3.28492612837033
LSO,Lesotho,2001,23390729.4306775,2.74417802299373
LSO,Lesotho,2002,19559896.4015673,2.5163929527429
LSO,Lesotho,2003,27363759.5426154,2.36900091916458
LSO,Lesotho,2004,31386955.1015606,2.13166293812828
LSO,Lesotho,2005,33619893.9196425,2.0492596155836
LSO,Lesotho,2006,35224579.3060673,2.07422499066906
LSO,Lesotho,2007,39834671.5644459,2.36815458611088
LSO,Lesotho,2008,27350681.8605484,1.547920805645
LSO,Lesotho,2009,47399768.9312895,2.722681670282
LSO,Lesotho,2010,70661037.3680889,3.16252874160214
LSO,Lesotho,2011,58169320.7531059,2.25552295756199
LSO,Lesotho,2012,53240145.8227009,2.14823978786685
LSO,Lesotho,2013,47941183.1723469,2.02653187465999
LSO,Lesotho,2014,47693396.0282348,1.95379607639772
LSO,Lesotho,2015,44025926.2497655,1.86575300076387
LSO,Lesotho,2016,41489543.3648543,1.96388842698486
LSO,Lesotho,2017,52594810.3725972,2.27081453102287
LSO,Lesotho,2018,51064347.7548233,1.99938292931215
LSO,Lesotho,2019,44845967.4627899,1.87540421655185
LSO,Lesotho,2020,38618836.5314549,1.88146803172144
LSO,Lesotho,2021,37044054.9502605,1.53556597959744
LSO,Lesotho,2022,34668499.8975518,1.47290152655986
LSO,Lesotho,2023,34446236.5154005,1.6252797841757
LSO,Lesotho,2024,36295976.9958149,1.56745014441231
LSO,Lesotho,2025,,
LTE,Late-demographic dividend,1960,,
LTE,Late-demographic dividend,1961,,
LTE,Late-demographic dividend,1962,,
LTE,Late-demographic dividend,1963,,
LTE,Late-demographic dividend,1964,,
LTE,Late-demographic dividend,1965,,
LTE,Late-demographic dividend,1966,,
LTE,Late-demographic dividend,1967,,
LTE,Late-demographic dividend,1968,,
LTE,Late-demographic dividend,1969,,
LTE,Late-demographic dividend,1970,,
LTE,Late-demographic dividend,1971,,
LTE,Late-demographic dividend,1972,,
LTE,Late-demographic dividend,1973,,
LTE,Late-demographic dividend,1974,,
LTE,Late-demographic dividend,1975,,
LTE,Late-demographic dividend,1976,,
LTE,Late-demographic dividend,1977,,
LTE,Late-demographic dividend,1978,,
LTE,Late-demographic dividend,1979,,
LTE,Late-demographic dividend,1980,,
LTE,Late-demographic dividend,1981,,
LTE,Late-demographic dividend,1982,,
LTE,Late-demographic dividend,1983,,
LTE,Late-demographic dividend,1984,,
LTE,Late-demographic dividend,1985,,
LTE,Late-demographic dividend,1986,,
LTE,Late-demographic dividend,1987,,
LTE,Late-demographic dividend,1988,,
LTE,Late-demographic dividend,1989,36055734401.5324,
LTE,Late-demographic dividend,1990,42795772208.4645,
LTE,Late-demographic dividend,1991,44895894540.1434,
LTE,Late-demographic dividend,1992,39516813193.9505,3.2677845678644
LTE,Late-demographic dividend,1993,47110969155.3199,2.83400619797323
LTE,Late-demographic dividend,1994,56752735320.796,2.72206603834273
LTE,Late-demographic dividend,1995,65439593807.9889,2.43430534124232
LTE,Late-demographic dividend,1996,72369755171.7549,2.3212569828692
LTE,Late-demographic dividend,1997,76846488163.937,2.33588691655993
LTE,Late-demographic dividend,1998,67679119302.0198,2.1749399255328
LTE,Late-demographic dividend,1999,64360897849.327,2.24997934325608
LTE,Late-demographic dividend,2000,71960127343.4175,2.2923515163099
LTE,Late-demographic dividend,2001,80166817053.38,2.37237421488889
LTE,Late-demographic dividend,2002,85860342943.7069,2.3810757772406
LTE,Late-demographic dividend,2003,94810135040.5575,2.27923789571478
LTE,Late-demographic dividend,2004,109797866134.24,2.18676268978121
LTE,Late-demographic dividend,2005,129425511264.632,2.12483464034469
LTE,Late-demographic dividend,2006,153721336147.463,2.08184615836383
LTE,Late-demographic dividend,2007,189028477053.838,2.02149327576461
LTE,Late-demographic dividend,2008,235989381031.708,2.01925684199094
LTE,Late-demographic dividend,2009,248034791954.321,2.20124407870914
LTE,Late-demographic dividend,2010,280734338038.047,2.07606219481788
LTE,Late-demographic dividend,2011,322468888342.283,2.0006089074155
LTE,Late-demographic dividend,2012,356582053532.262,2.06677706366236
LTE,Late-demographic dividend,2013,389357403530.656,2.09437350609127
LTE,Late-demographic dividend,2014,403824833488.883,2.08944184657119
LTE,Late-demographic dividend,2015,363281187892.703,2.03281630717931
LTE,Late-demographic dividend,2016,365950246727.12,2.04318493088606
LTE,Late-demographic dividend,2017,383979153943.819,1.92917272584528
LTE,Late-demographic dividend,2018,407494550345.243,1.86323948810657
LTE,Late-demographic dividend,2019,409644179531.55,1.87217597704329
LTE,Late-demographic dividend,2020,418539580993.794,1.95157916399525
LTE,Late-demographic dividend,2021,468311742644.56,1.80979578735661
LTE,Late-demographic dividend,2022,511893318234.984,1.90959585880298
LTE,Late-demographic dividend,2023,526411888894.315,1.95908125708194
LTE,Late-demographic dividend,2024,604822247047.929,2.17016288811109
LTE,Late-demographic dividend,2025,,
LTU,Lithuania,1960,,
LTU,Lithuania,1961,,
LTU,Lithuania,1962,,
LTU,Lithuania,1963,,
LTU,Lithuania,1964,,
LTU,Lithuania,1965,,
LTU,Lithuania,1966,,
LTU,Lithuania,1967,,
LTU,Lithuania,1968,,
LTU,Lithuania,1969,,
LTU,Lithuania,1970,,
LTU,Lithuania,1971,,
LTU,Lithuania,1972,,
LTU,Lithuania,1973,,
LTU,Lithuania,1974,,
LTU,Lithuania,1975,,
LTU,Lithuania,1976,,
LTU,Lithuania,1977,,
LTU,Lithuania,1978,,
LTU,Lithuania,1979,,
LTU,Lithuania,1980,,
LTU,Lithuania,1981,,
LTU,Lithuania,1982,,
LTU,Lithuania,1983,,
LTU,Lithuania,1984,,
LTU,Lithuania,1985,,
LTU,Lithuania,1986,,
LTU,Lithuania,1987,,
LTU,Lithuania,1988,,
LTU,Lithuania,1989,,
LTU,Lithuania,1990,,
LTU,Lithuania,1991,,
LTU,Lithuania,1992,,
LTU,Lithuania,1993,20769763.769377,0.812260643325921
LTU,Lithuania,1994,21062271.3845767,0.493377598492433
LTU,Lithuania,1995,30453612.5,0.451480223246298
LTU,Lithuania,1996,42260000.0,0.501283930563048
LTU,Lithuania,1997,75611000.0,0.743584548384698
LTU,Lithuania,1998,138175000.0,1.22394047483022
LTU,Lithuania,1999,106450000.0,0.965770667320066
LTU,Lithuania,2000,140400000.0,1.21549030890811
LTU,Lithuania,2001,166875000.0,1.36102583365379
LTU,Lithuania,2002,181481441.190549,1.27093846223477
LTU,Lithuania,2003,210822413.235453,1.12083381901602
LTU,Lithuania,2004,270841799.761921,1.19104062508646
LTU,Lithuania,2005,303819006.351793,1.16311841256451
LTU,Lithuania,2006,351605788.760387,1.16779179996757
LTU,Lithuania,2007,442004493.34913,1.112731351206
LTU,Lithuania,2008,541390194.647615,1.13081118398085
LTU,Lithuania,2009,404826028.671151,1.07973512828669
LTU,Lithuania,2010,326320918.686429,0.890423906680536
LTU,Lithuania,2011,344605215.42864,0.797082443059276
LTU,Lithuania,2012,328631681.612931,0.769173393857888
LTU,Lithuania,2013,354862149.703384,0.766528272772994
LTU,Lithuania,2014,426913695.365894,0.883731669079507
LTU,Lithuania,2015,471221026.949096,1.13486085095513
LTU,Lithuania,2016,635448102.412289,1.48013833220254
LTU,Lithuania,2017,812106965.019963,1.71214117320754
LTU,Lithuania,2018,1056383744.67382,1.94787932963701
LTU,Lithuania,2019,1093819973.13032,1.98419011931355
LTU,Lithuania,2020,1174056765.07466,2.04915558023028
LTU,Lithuania,2021,1306764427.62535,1.94955292042791
LTU,Lithuania,2022,1734372764.98355,2.44457587877222
LTU,Lithuania,2023,2162912001.24459,2.71300052887971
LTU,Lithuania,2024,2627474141.71702,3.11817486440289
LTU,Lithuania,2025,,
LUX,Luxembourg,1960,4752423.9309612,0.906952919286089
LUX,Luxembourg,1961,5240786.51282378,1.00015206896733
LUX,Luxembourg,1962,6414460.28792098,1.16246371645813
LUX,Luxembourg,1963,6290401.61414037,1.0672209514909
LUX,Luxembourg,1964,8382342.82301439,1.24585400836772
LUX,Luxembourg,1965,8601012.63578868,1.22031510134833
LUX,Luxembourg,1966,8965462.32374583,1.21187901587785
LUX,Luxembourg,1967,7434773.63432581,0.996085872127087
LUX,Luxembourg,1968,6756897.21472551,0.825022794421924
LUX,Luxembourg,1969,7063034.95260952,0.737580771306242
LUX,Luxembourg,1970,7507663.57191724,0.681993152418119
LUX,Luxembourg,1971,8173511.12116127,0.712646825176389
LUX,Luxembourg,1972,10598709.5850438,0.738045903344618
LUX,Luxembourg,1973,13932271.6688859,0.706935166712404
LUX,Luxembourg,1974,16467478.4809318,0.685000056287078
LUX,Luxembourg,1975,20512075.3668481,0.869718940134074
LUX,Luxembourg,1976,23034715.2508666,0.890996863139468
LUX,Luxembourg,1977,25938648.110439,0.906504943377878
LUX,Luxembourg,1978,33109687.2163059,0.929190840976478
LUX,Luxembourg,1979,38273990.6278582,0.918695859255976
LUX,Luxembourg,1980,47360892.6137643,1.04184420341133
LUX,Luxembourg,1981,41726636.1092725,1.09342002947633
LUX,Luxembourg,1982,37433657.0500499,1.07715200754963
LUX,Luxembourg,1983,37178028.8418864,1.08824129427353
LUX,Luxembourg,1984,34928757.8493494,1.04216962842296
LUX,Luxembourg,1985,34433118.0761158,0.867554425044341
LUX,Luxembourg,1986,48297506.2446815,0.833086844864453
LUX,Luxembourg,1987,66087827.3632354,0.915915918607726
LUX,Luxembourg,1988,77710663.5179005,0.951494528594597
LUX,Luxembourg,1989,68628080.5510496,0.78845832033386
LUX,Luxembourg,1990,87355711.5484087,0.788344680855924
LUX,Luxembourg,1991,97334052.2155733,0.811385163106724
LUX,Luxembourg,1992,111320676.45306,0.827198401049985
LUX,Luxembourg,1993,97653069.7068746,0.707154433830032
LUX,Luxembourg,1994,113834573.485786,0.741561435509644
LUX,Luxembourg,1995,128521764.263556,0.61631229536522
LUX,Luxembourg,1996,127833884.333152,0.611795282179392
LUX,Luxembourg,1997,121130606.414131,0.619164073380448
LUX,Luxembourg,1998,129319441.153816,0.641796393004664
LUX,Luxembourg,1999,127052871.960121,0.58038083885115
LUX,Luxembourg,2000,115698727.119554,0.546329291336707
LUX,Luxembourg,2001,144712221.63036,0.677211501251718
LUX,Luxembourg,2002,138593169.491047,0.588787408670377
LUX,Luxembourg,2003,179459262.359853,0.606265558712765
LUX,Luxembourg,2004,212017959.420621,0.605730957855837
LUX,Luxembourg,2005,220210896.700791,0.58477615707441
LUX,Luxembourg,2006,223272213.026936,0.52078771268481
LUX,Luxembourg,2007,258432797.19653,0.50162400683642
LUX,Luxembourg,2008,213864576.848427,0.364912794964823
LUX,Luxembourg,2009,201432812.432711,0.371311757115607
LUX,Luxembourg,2010,247667357.574714,0.441009496679635
LUX,Luxembourg,2011,232152414.315602,0.376775588804359
LUX,Luxembourg,2012,214571871.297993,0.358937251707305
LUX,Luxembourg,2013,233682396.412975,0.358492375793951
LUX,Luxembourg,2014,252079423.061844,0.366856825936978
LUX,Luxembourg,2015,249528668.071421,0.415571527949753
LUX,Luxembourg,2016,235555944.6812,0.378949157263331
LUX,Luxembourg,2017,323138029.306824,0.495110917223231
LUX,Luxembourg,2018,355275426.979687,0.500655642661875
LUX,Luxembourg,2019,381773399.014778,0.546198379988419
LUX,Luxembourg,2020,425168129.488202,0.578077082223964
LUX,Luxembourg,2021,403263954.588458,0.47124923612019
LUX,Luxembourg,2022,509908559.220392,0.625325775260002
LUX,Luxembourg,2023,662492466.345745,0.77317942181024
LUX,Luxembourg,2024,871643141.196422,0.962679157025622
LUX,Luxembourg,2025,,
LVA,Latvia,1960,,
LVA,Latvia,1961,,
LVA,Latvia,1962,,
LVA,Latvia,1963,,
LVA,Latvia,1964,,
LVA,Latvia,1965,,
LVA,Latvia,1966,,
LVA,Latvia,1967,,
LVA,Latvia,1968,,
LVA,Latvia,1969,,
LVA,Latvia,1970,,
LVA,Latvia,1971,,
LVA,Latvia,1972,,
LVA,Latvia,1973,,
LVA,Latvia,1974,,
LVA,Latvia,1975,,
LVA,Latvia,1976,,
LVA,Latvia,1977,,
LVA,Latvia,1978,,
LVA,Latvia,1979,,
LVA,Latvia,1980,,
LVA,Latvia,1981,,
LVA,Latvia,1982,,
LVA,Latvia,1983,,
LVA,Latvia,1984,,
LVA,Latvia,1985,,
LVA,Latvia,1986,,
LVA,Latvia,1987,,
LVA,Latvia,1988,,
LVA,Latvia,1989,,
LVA,Latvia,1990,,
LVA,Latvia,1991,,
LVA,Latvia,1992,,
LVA,Latvia,1993,17691507.9721057,0.735295406430013
LVA,Latvia,1994,33900348.0435732,0.838757226966531
LVA,Latvia,1995,43560331.058516,0.831537179120737
LVA,Latvia,1996,38154934.5559927,0.657943813358724
LVA,Latvia,1997,37988313.1495215,0.59826833706743
LVA,Latvia,1998,42180166.50442,0.604779500640058
LVA,Latvia,1999,56568626.3912459,0.772368809222116
LVA,Latvia,2000,69990683.3593674,0.901766970575075
LVA,Latvia,2001,86966741.0976613,1.06180323433191
LVA,Latvia,2002,147224840.18431,1.59179944261207
LVA,Latvia,2003,189144251.392141,1.68220334950968
LVA,Latvia,2004,229353322.500953,1.65869012027526
LVA,Latvia,2005,272551115.779465,1.67142105821102
LVA,Latvia,2006,367825490.444438,1.79995995043083
LVA,Latvia,2007,481492627.144147,1.63649936606571
LVA,Latvia,2008,581752272.926594,1.7043587604961
LVA,Latvia,2009,363809251.070089,1.41593498753712
LVA,Latvia,2010,259672124.197467,1.10611728003503
LVA,Latvia,2011,296834929.212511,1.1073762662641
LVA,Latvia,2012,255740342.589249,0.942934638140067
LVA,Latvia,2013,283568932.739998,0.972846248892055
LVA,Latvia,2014,295728965.265711,0.978038880665435
LVA,Latvia,2015,282688255.517356,1.07352247572393
LVA,Latvia,2016,404552452.166263,1.50174457900413
LVA,Latvia,2017,482461999.113821,1.65275736814609
LVA,Latvia,2018,709370536.926218,2.13473002218592
LVA,Latvia,2019,691894312.583968,2.09016802211357
LVA,Latvia,2020,742049469.964664,2.22759521686375
LVA,Latvia,2021,823084200.567644,2.15577987505149
LVA,Latvia,2022,856142771.799036,2.25461931057619
LVA,Latvia,2023,1253796439.94624,2.97016956920808
LVA,Latvia,2024,1425694079.36724,3.25799154535171
LVA,Latvia,2025,,
MAC,"Macao SAR, China",1960,,
MAC,"Macao SAR, China",1961,,
MAC,"Macao SAR, China",1962,,
MAC,"Macao SAR, China",1963,,
MAC,"Macao SAR, China",1964,,
MAC,"Macao SAR, China",1965,,
MAC,"Macao SAR, China",1966,,
MAC,"Macao SAR, China",1967,,
MAC,"Macao SAR, China",1968,,
MAC,"Macao SAR, China",1969,,
MAC,"Macao SAR, China",1970,,
MAC,"Macao SAR, China",1971,,
MAC,"Macao SAR, China",1972,,
MAC,"Macao SAR, China",1973,,
MAC,"Macao SAR, China",1974,,
MAC,"Macao SAR, China",1975,,
MAC,"Macao SAR, China",1976,,
MAC,"Macao SAR, China",1977,,
MAC,"Macao SAR, China",1978,,
MAC,"Macao SAR, China",1979,,
MAC,"Macao SAR, China",1980,,
MAC,"Macao SAR, China",1981,,
MAC,"Macao SAR, China",1982,,
MAC,"Macao SAR, China",1983,,
MAC,"Macao SAR, China",1984,,
MAC,"Macao SAR, China",1985,,
MAC,"Macao SAR, China",1986,,
MAC,"Macao SAR, China",1987,,
MAC,"Macao SAR, China",1988,,
MAC,"Macao SAR, China",1989,,
MAC,"Macao SAR, China",1990,,
MAC,"Macao SAR, China",1991,,
MAC,"Macao SAR, China",1992,,
MAC,"Macao SAR, China",1993,,
MAC,"Macao SAR, China",1994,,
MAC,"Macao SAR, China",1995,,
MAC,"Macao SAR, China",1996,,
MAC,"Macao SAR, China",1997,,
MAC,"Macao SAR, China",1998,,
MAC,"Macao SAR, China",1999,,
MAC,"Macao SAR, China",2000,,
MAC,"Macao SAR, China",2001,,
MAC,"Macao SAR, China",2002,,
MAC,"Macao SAR, China",2003,,
MAC,"Macao SAR, China",2004,,
MAC,"Macao SAR, China",2005,,
MAC,"Macao SAR, China",2006,,
MAC,"Macao SAR, China",2007,,
MAC,"Macao SAR, China",2008,,
MAC,"Macao SAR, China",2009,,
MAC,"Macao SAR, China",2010,,
MAC,"Macao SAR, China",2011,,
MAC,"Macao SAR, China",2012,,
MAC,"Macao SAR, China",2013,,
MAC,"Macao SAR, China",2014,,
MAC,"Macao SAR, China",2015,,
MAC,"Macao SAR, China",2016,,
MAC,"Macao SAR, China",2017,,
MAC,"Macao SAR, China",2018,,
MAC,"Macao SAR, China",2019,,
MAC,"Macao SAR, China",2020,,
MAC,"Macao SAR, China",2021,,
MAC,"Macao SAR, China",2022,,
MAC,"Macao SAR, China",2023,,
MAC,"Macao SAR, China",2024,,
MAC,"Macao SAR, China",2025,,
MAF,St. Martin (French part),1960,,
MAF,St. Martin (French part),1961,,
MAF,St. Martin (French part),1962,,
MAF,St. Martin (French part),1963,,
MAF,St. Martin (French part),1964,,
MAF,St. Martin (French part),1965,,
MAF,St. Martin (French part),1966,,
MAF,St. Martin (French part),1967,,
MAF,St. Martin (French part),1968,,
MAF,St. Martin (French part),1969,,
MAF,St. Martin (French part),1970,,
MAF,St. Martin (French part),1971,,
MAF,St. Martin (French part),1972,,
MAF,St. Martin (French part),1973,,
MAF,St. Martin (French part),1974,,
MAF,St. Martin (French part),1975,,
MAF,St. Martin (French part),1976,,
MAF,St. Martin (French part),1977,,
MAF,St. Martin (French part),1978,,
MAF,St. Martin (French part),1979,,
MAF,St. Martin (French part),1980,,
MAF,St. Martin (French part),1981,,
MAF,St. Martin (French part),1982,,
MAF,St. Martin (French part),1983,,
MAF,St. Martin (French part),1984,,
MAF,St. Martin (French part),1985,,
MAF,St. Martin (French part),1986,,
MAF,St. Martin (French part),1987,,
MAF,St. Martin (French part),1988,,
MAF,St. Martin (French part),1989,,
MAF,St. Martin (French part),1990,,
MAF,St. Martin (French part),1991,,
MAF,St. Martin (French part),1992,,
MAF,St. Martin (French part),1993,,
MAF,St. Martin (French part),1994,,
MAF,St. Martin (French part),1995,,
MAF,St. Martin (French part),1996,,
MAF,St. Martin (French part),1997,,
MAF,St. Martin (French part),1998,,
MAF,St. Martin (French part),1999,,
MAF,St. Martin (French part),2000,,
MAF,St. Martin (French part),2001,,
MAF,St. Martin (French part),2002,,
MAF,St. Martin (French part),2003,,
MAF,St. Martin (French part),2004,,
MAF,St. Martin (French part),2005,,
MAF,St. Martin (French part),2006,,
MAF,St. Martin (French part),2007,,
MAF,St. Martin (French part),2008,,
MAF,St. Martin (French part),2009,,
MAF,St. Martin (French part),2010,,
MAF,St. Martin (French part),2011,,
MAF,St. Martin (French part),2012,,
MAF,St. Martin (French part),2013,,
MAF,St. Martin (French part),2014,,
MAF,St. Martin (French part),2015,,
MAF,St. Martin (French part),2016,,
MAF,St. Martin (French part),2017,,
MAF,St. Martin (French part),2018,,
MAF,St. Martin (French part),2019,,
MAF,St. Martin (French part),2020,,
MAF,St. Martin (French part),2021,,
MAF,St. Martin (French part),2022,,
MAF,St. Martin (French part),2023,,
MAF,St. Martin (French part),2024,,
MAF,St. Martin (French part),2025,,
MAR,Morocco,1960,41596762.3688615,2.31573157315732
MAR,Morocco,1961,48275957.4665694,2.70243362831858
MAR,Morocco,1962,53848540.35874,2.56591337099812
MAR,Morocco,1963,74893933.1961925,3.1956155143339
MAR,Morocco,1964,69993222.0002411,2.83586869495596
MAR,Morocco,1965,63175700.376841,2.42933130699088
MAR,Morocco,1966,67938085.0471002,2.67757009345794
MAR,Morocco,1967,70348918.7805924,2.61764705882353
MAR,Morocco,1968,90900288.3120014,3.00457217504899
MAR,Morocco,1969,84972008.6394796,2.39021678710395
MAR,Morocco,1970,88924195.0878275,2.31600617601647
MAR,Morocco,1971,111288010.202061,2.62862488306829
MAR,Morocco,1972,140446991.603665,2.84391534391534
MAR,Morocco,1973,185783993.844536,3.06179775280899
MAR,Morocco,1974,241889161.214435,3.14583333333333
MAR,Morocco,1975,413326127.886805,4.60291288815609
MAR,Morocco,1976,577239433.305199,6.22043404047793
MAR,Morocco,1977,731455472.037483,6.61977491961415
MAR,Morocco,1978,772559381.952495,5.83680870353581
MAR,Morocco,1979,896353802.001985,5.63346228239845
MAR,Morocco,1980,1117955622.16605,5.94007288432987
MAR,Morocco,1981,975581462.792181,6.38459397221449
MAR,Morocco,1982,959485440.858573,6.22086827346416
MAR,Morocco,1983,628153422.9932,4.50565855036211
MAR,Morocco,1984,512454401.205829,4.01819087964117
MAR,Morocco,1985,692472049.689441,5.39043522658704
MAR,Morocco,1986,728545632.680319,4.30445955767833
MAR,Morocco,1987,815386106.13657,4.36931479451528
MAR,Morocco,1988,917269144.795746,4.12851581775317
MAR,Morocco,1989,990555090.202011,4.39291741336162
MAR,Morocco,1990,1069720491.9962,4.14882504070243
MAR,Morocco,1991,1148445710.41342,4.14284293740367
MAR,Morocco,1992,1228526552.8756,4.29804827877283
MAR,Morocco,1993,1251786538.13271,4.65557168740476
MAR,Morocco,1994,1365250018.74448,4.49381938880623
MAR,Morocco,1995,1437898700.73909,4.34741049396921
MAR,Morocco,1996,1447128689.24308,3.94909292657436
MAR,Morocco,1997,1400949500.95045,4.19265940634305
MAR,Morocco,1998,1444959716.46388,3.4563343607373
MAR,Morocco,1999,1007810762.90081,2.42076323622306
MAR,Morocco,2000,1043423430.20629,2.68517230679106
MAR,Morocco,2001,1470317614.79253,3.72613588276971
MAR,Morocco,2002,1474874326.26173,3.49178799247956
MAR,Morocco,2003,1819230070.24998,3.49420754151271
MAR,Morocco,2004,1937523821.55205,3.24946757487646
MAR,Morocco,2005,2031131380.56246,3.25799678207968
MAR,Morocco,2006,2134594876.06275,3.10979654916899
MAR,Morocco,2007,2408350249.5627,3.04695366406602
MAR,Morocco,2008,2944958472.736,3.18350142755722
MAR,Morocco,2009,3055069441.85873,3.28865184646812
MAR,Morocco,2010,3160804832.03361,3.39079610106242
MAR,Morocco,2011,3342698955.60745,3.29749523520352
MAR,Morocco,2012,3402700835.84055,3.46275007931538
MAR,Morocco,2013,4065552316.93534,3.80578290120645
MAR,Morocco,2014,4048612524.35018,3.39845864113579
MAR,Morocco,2015,3268363375.66571,2.95999792230728
MAR,Morocco,2016,3327031889.64856,2.98211832955753
MAR,Morocco,2017,3461461531.38359,2.94588992031474
MAR,Morocco,2018,3696856944.7441,2.90288871579444
MAR,Morocco,2019,3721323837.45287,2.86579837978571
MAR,Morocco,2020,4830956393.51169,3.97969764255599
MAR,Morocco,2021,5378366535.20747,3.74975618124605
MAR,Morocco,2022,4995028073.83515,3.81341286888659
MAR,Morocco,2023,5184928399.54239,3.59263420161027
MAR,Morocco,2024,5517924399.23385,3.51575374206256
MAR,Morocco,2025,,
MCO,Monaco,1960,,
MCO,Monaco,1961,,
MCO,Monaco,1962,,
MCO,Monaco,1963,,
MCO,Monaco,1964,,
MCO,Monaco,1965,,
MCO,Monaco,1966,,
MCO,Monaco,1967,,
MCO,Monaco,1968,,
MCO,Monaco,1969,,
MCO,Monaco,1970,,
MCO,Monaco,1971,,
MCO,Monaco,1972,,
MCO,Monaco,1973,,
MCO,Monaco,1974,,
MCO,Monaco,1975,,
MCO,Monaco,1976,,
MCO,Monaco,1977,,
MCO,Monaco,1978,,
MCO,Monaco,1979,,
MCO,Monaco,1980,,
MCO,Monaco,1981,,
MCO,Monaco,1982,,
MCO,Monaco,1983,,
MCO,Monaco,1984,,
MCO,Monaco,1985,,
MCO,Monaco,1986,,
MCO,Monaco,1987,,
MCO,Monaco,1988,,
MCO,Monaco,1989,,
MCO,Monaco,1990,,
MCO,Monaco,1991,,
MCO,Monaco,1992,,
MCO,Monaco,1993,,
MCO,Monaco,1994,,
MCO,Monaco,1995,,
MCO,Monaco,1996,,
MCO,Monaco,1997,,
MCO,Monaco,1998,,
MCO,Monaco,1999,,
MCO,Monaco,2000,,
MCO,Monaco,2001,,
MCO,Monaco,2002,,
MCO,Monaco,2003,,
MCO,Monaco,2004,,
MCO,Monaco,2005,,
MCO,Monaco,2006,,
MCO,Monaco,2007,,
MCO,Monaco,2008,,
MCO,Monaco,2009,,
MCO,Monaco,2010,,
MCO,Monaco,2011,,
MCO,Monaco,2012,,
MCO,Monaco,2013,,
MCO,Monaco,2014,,
MCO,Monaco,2015,,
MCO,Monaco,2016,,
MCO,Monaco,2017,,
MCO,Monaco,2018,,
MCO,Monaco,2019,,
MCO,Monaco,2020,,
MCO,Monaco,2021,,
MCO,Monaco,2022,,
MCO,Monaco,2023,,
MCO,Monaco,2024,,
MCO,Monaco,2025,,
MDA,Moldova,1960,,
MDA,Moldova,1961,,
MDA,Moldova,1962,,
MDA,Moldova,1963,,
MDA,Moldova,1964,,
MDA,Moldova,1965,,
MDA,Moldova,1966,,
MDA,Moldova,1967,,
MDA,Moldova,1968,,
MDA,Moldova,1969,,
MDA,Moldova,1970,,
MDA,Moldova,1971,,
MDA,Moldova,1972,,
MDA,Moldova,1973,,
MDA,Moldova,1974,,
MDA,Moldova,1975,,
MDA,Moldova,1976,,
MDA,Moldova,1977,,
MDA,Moldova,1978,,
MDA,Moldova,1979,,
MDA,Moldova,1980,,
MDA,Moldova,1981,,
MDA,Moldova,1982,,
MDA,Moldova,1983,,
MDA,Moldova,1984,,
MDA,Moldova,1985,,
MDA,Moldova,1986,,
MDA,Moldova,1987,,
MDA,Moldova,1988,,
MDA,Moldova,1989,,
MDA,Moldova,1990,,
MDA,Moldova,1991,,
MDA,Moldova,1992,,
MDA,Moldova,1993,0.0,0.530067157581448
MDA,Moldova,1994,0.0,0.773794067290296
MDA,Moldova,1995,13345789.4034432,0.925966651311053
MDA,Moldova,1996,15354611.1613038,0.906693656299238
MDA,Moldova,1997,17410750.976516,0.90277252095021
MDA,Moldova,1998,10613141.6761316,0.624855228169175
MDA,Moldova,1999,5990984.99400901,0.511299142949014
MDA,Moldova,2000,5090797.96046388,0.395141963645816
MDA,Moldova,2001,5961865.82304063,0.402592295464743
MDA,Moldova,2002,6978372.20441399,0.419846605695363
MDA,Moldova,2003,8246742.536698,0.416381264465176
MDA,Moldova,2004,9378005.9531051,0.360979036536125
MDA,Moldova,2005,11960379.6945935,0.400235101204801
MDA,Moldova,2006,16449497.7572328,0.48263447637712
MDA,Moldova,2007,22718473.7930296,0.516193541658915
MDA,Moldova,2008,36845650.5003849,0.6085356171256
MDA,Moldova,2009,24906387.2686685,0.457886649076119
MDA,Moldova,2010,18335718.2702336,0.262879174562087
MDA,Moldova,2011,22966963.6924335,0.272949600366091
MDA,Moldova,2012,23870072.823951,0.27407991661782
MDA,Moldova,2013,26710522.1342994,0.281261545863777
MDA,Moldova,2014,27565559.8376303,0.293185445408591
MDA,Moldova,2015,23051814.5944779,0.295624500989931
MDA,Moldova,2016,27431006.0797226,0.344191282076352
MDA,Moldova,2017,30926160.5431569,0.324532007174344
MDA,Moldova,2018,37404689.5300252,0.332323743240549
MDA,Moldova,2019,43009328.5730738,0.362122379105516
MDA,Moldova,2020,44533780.6571032,0.385463275729941
MDA,Moldova,2021,51303602.8823058,0.370579924924369
MDA,Moldova,2022,52330948.6841982,0.360059008856848
MDA,Moldova,2023,94362905.3563173,0.570612660188445
MDA,Moldova,2024,110725502.000124,0.597780838491135
MDA,Moldova,2025,,
MDG,Madagascar,1960,1604193.58889704,
MDG,Madagascar,1961,8482781.25037978,1.50215208034433
MDG,Madagascar,1962,9179552.20313304,1.53731343283582
MDG,Madagascar,1963,8956747.53800845,1.46036988110964
MDG,Madagascar,1964,9455019.78910526,1.45875
MDG,Madagascar,1965,10710827.9016257,1.59085439229844
MDG,Madagascar,1966,11342782.9517972,1.54227485541173
MDG,Madagascar,1967,12112471.7949549,1.55002592016589
MDG,Madagascar,1968,13044200.3945668,1.54621848739496
MDG,Madagascar,1969,13014516.1911363,1.50724637681159
MDG,Madagascar,1970,12134982.778767,1.35124298315958
MDG,Madagascar,1971,12755677.3589433,1.31657355679702
MDG,Madagascar,1972,16129256.2488468,1.4881933003844
MDG,Madagascar,1973,20346496.1180142,1.52385752688172
MDG,Madagascar,1974,25882465.3567563,1.67068919281309
MDG,Madagascar,1975,30189630.0720445,1.63714574898785
MDG,Madagascar,1976,33040454.1545389,1.88020957370803
MDG,Madagascar,1977,43959890.6701238,2.30719931638539
MDG,Madagascar,1978,52181427.4002349,2.41985203452528
MDG,Madagascar,1979,81891303.6324575,2.92723911947572
MDG,Madagascar,1980,90402004.9366121,2.76891852710931
MDG,Madagascar,1981,86482746.692035,2.97845373891001
MDG,Madagascar,1982,,
MDG,Madagascar,1983,,
MDG,Madagascar,1984,55059872.1917297,1.87315634218289
MDG,Madagascar,1985,50869844.1450621,1.78005493344602
MDG,Madagascar,1986,50566283.2303279,1.551935381404
MDG,Madagascar,1987,36662411.2082229,1.4290401370712
MDG,Madagascar,1988,32904438.5458086,1.3471834264432
MDG,Madagascar,1989,30247467.9439206,1.21086533180207
MDG,Madagascar,1990,37948124.1780416,1.23151104450381
MDG,Madagascar,1991,34707087.4378868,1.29634905775571
MDG,Madagascar,1992,23102633.3648969,0.769921868015948
MDG,Madagascar,1993,37830790.8150602,1.12232401680386
MDG,Madagascar,1994,27580945.6743395,0.926473487088508
MDG,Madagascar,1995,27170664.1222985,0.859887969729569
MDG,Madagascar,1996,49442905.5093875,1.23763444173934
MDG,Madagascar,1997,52544736.6870298,1.48191235942607
MDG,Madagascar,1998,50446576.2487595,1.34892749207597
MDG,Madagascar,1999,45036442.9167064,1.21022921655833
MDG,Madagascar,2000,47210934.6139638,1.21751390900084
MDG,Madagascar,2001,65037565.4549594,1.43584760245284
MDG,Madagascar,2002,57743396.8339932,1.31316157379668
MDG,Madagascar,2003,72517018.8883416,1.32475732452129
MDG,Madagascar,2004,54471710.0264332,1.2482266720781
MDG,Madagascar,2005,54018162.483837,1.07194154854732
MDG,Madagascar,2006,53914017.6445876,0.977431205130634
MDG,Madagascar,2007,81936943.6676841,0.961181513313121
MDG,Madagascar,2008,103271539.537688,0.962892092840992
MDG,Madagascar,2009,70985221.4230579,0.738132953446095
MDG,Madagascar,2010,56922892.8921745,0.570214687272478
MDG,Madagascar,2011,71989808.0113771,0.623191026336477
MDG,Madagascar,2012,68636017.8043436,0.592764957720632
MDG,Madagascar,2013,71877874.4942023,0.578559931839726
MDG,Madagascar,2014,69676655.2533081,0.556391260884791
MDG,Madagascar,2015,58932847.7562419,0.520469241195104
MDG,Madagascar,2016,59394995.9205237,0.501387044175783
MDG,Madagascar,2017,66906090.1851672,0.506222289767563
MDG,Madagascar,2018,73258425.2386784,0.532102174287315
MDG,Madagascar,2019,76576631.109179,0.545343037675691
MDG,Madagascar,2020,87357752.0692398,0.673153896375499
MDG,Madagascar,2021,99185920.0335487,0.67886477563931
MDG,Madagascar,2022,98149169.2229319,0.653151211221591
MDG,Madagascar,2023,101866161.117001,0.647758015406905
MDG,Madagascar,2024,121634246.7323,0.708648145396825
MDG,Madagascar,2025,,
MDV,Maldives,1960,,
MDV,Maldives,1961,,
MDV,Maldives,1962,,
MDV,Maldives,1963,,
MDV,Maldives,1964,,
MDV,Maldives,1965,,
MDV,Maldives,1966,,
MDV,Maldives,1967,,
MDV,Maldives,1968,,
MDV,Maldives,1969,,
MDV,Maldives,1970,,
MDV,Maldives,1971,,
MDV,Maldives,1972,,
MDV,Maldives,1973,,
MDV,Maldives,1974,,
MDV,Maldives,1975,,
MDV,Maldives,1976,,
MDV,Maldives,1977,,
MDV,Maldives,1978,,
MDV,Maldives,1979,,
MDV,Maldives,1980,,
MDV,Maldives,1981,,
MDV,Maldives,1982,,
MDV,Maldives,1983,,
MDV,Maldives,1984,,
MDV,Maldives,1985,,
MDV,Maldives,1986,,
MDV,Maldives,1987,,
MDV,Maldives,1988,,
MDV,Maldives,1989,,
MDV,Maldives,1990,,
MDV,Maldives,1991,,
MDV,Maldives,1992,,
MDV,Maldives,1993,,
MDV,Maldives,1994,,
MDV,Maldives,1995,,
MDV,Maldives,1996,,
MDV,Maldives,1997,,
MDV,Maldives,1998,,
MDV,Maldives,1999,,
MDV,Maldives,2000,,
MDV,Maldives,2001,,
MDV,Maldives,2002,,
MDV,Maldives,2003,,
MDV,Maldives,2004,,
MDV,Maldives,2005,,
MDV,Maldives,2006,,
MDV,Maldives,2007,,
MDV,Maldives,2008,,
MDV,Maldives,2009,,
MDV,Maldives,2010,,
MDV,Maldives,2011,,
MDV,Maldives,2012,,
MDV,Maldives,2013,,
MDV,Maldives,2014,,
MDV,Maldives,2015,,
MDV,Maldives,2016,,
MDV,Maldives,2017,,
MDV,Maldives,2018,,
MDV,Maldives,2019,,
MDV,Maldives,2020,,
MDV,Maldives,2021,,
MDV,Maldives,2022,,
MDV,Maldives,2023,,
MDV,Maldives,2024,,
MDV,Maldives,2025,,
MEX,Mexico,1960,84000000.0,0.673508659397049
MEX,Mexico,1961,86400000.0,0.651780325890163
MEX,Mexico,1962,99200000.0,0.689655172413793
MEX,Mexico,1963,112000000.0,0.718685831622177
MEX,Mexico,1964,120000000.0,0.677506775067751
MEX,Mexico,1965,119200000.0,0.591269841269841
MEX,Mexico,1966,130400000.0,0.576379066478076
MEX,Mexico,1967,133600000.0,0.545217107411035
MEX,Mexico,1968,148800000.0,0.548510763786494
MEX,Mexico,1969,180000000.0,0.600160042678047
MEX,Mexico,1970,176800000.0,0.497411658789106
MEX,Mexico,1971,191200000.0,0.487655580493777
MEX,Mexico,1972,242400000.0,0.53656808925093
MEX,Mexico,1973,300800000.0,0.54421768707483
MEX,Mexico,1974,407200000.0,0.565744136934534
MEX,Mexico,1975,504800000.0,0.573584219616398
MEX,Mexico,1976,531576968.455445,0.598103574033552
MEX,Mexico,1977,437692985.836999,0.53425620505056
MEX,Mexico,1978,518287192.596399,0.504834431419526
MEX,Mexico,1979,679663588.44835,0.505297473512632
MEX,Mexico,1980,810422203.825541,0.416107382550336
MEX,Mexico,1981,1284948561.26553,0.513301014380576
MEX,Mexico,1982,858130162.743322,0.495419417575106
MEX,Mexico,1983,778556797.175546,0.522866313988212
MEX,Mexico,1984,1155945372.64342,0.659819059927896
MEX,Mexico,1985,1241863651.93559,0.676313139343828
MEX,Mexico,1986,817296611.651707,0.634622463096704
MEX,Mexico,1987,813391574.395217,0.580341889191456
MEX,Mexico,1988,981914645.573685,0.536145374184792
MEX,Mexico,1989,1153375828.26522,0.517255829376633
MEX,Mexico,1990,1210872502.31103,0.433081035474032
MEX,Mexico,1991,1459136040.92194,0.435402300782292
MEX,Mexico,1992,1824550066.238,0.469454655731209
MEX,Mexico,1993,2122980337.78189,0.400441266975791
MEX,Mexico,1994,2635284078.78831,0.476011477226271
MEX,Mexico,1995,1562615372.39288,0.411044545371404
MEX,Mexico,1996,1882873102.65874,0.43569107787377
MEX,Mexico,1997,2184061042.17234,0.417243861215643
MEX,Mexico,1998,2263223453.48751,0.405987604918763
MEX,Mexico,1999,2652912012.04971,0.420263793911023
MEX,Mexico,2000,3031454509.30458,0.4085181378342
MEX,Mexico,2001,3229469276.43396,0.405679210443065
MEX,Mexico,2002,3172268733.5076,0.391316389699324
MEX,Mexico,2003,2960496802.29864,0.386714351968895
MEX,Mexico,2004,2854385964.91228,0.348326583014086
MEX,Mexico,2005,3123454977.56449,0.340404650226474
MEX,Mexico,2006,3035131018.79037,0.297483414235144
MEX,Mexico,2007,4223037645.72391,0.383092431979546
MEX,Mexico,2008,4334654123.65113,0.37317675556547
MEX,Mexico,2009,4514233914.23391,0.478488795822754
MEX,Mexico,2010,4789031339.03134,0.433229899207479
MEX,Mexico,2011,5498458541.61133,0.447386999972132
MEX,Mexico,2012,5717035574.62318,0.455502051174913
MEX,Mexico,2013,6473144378.32759,0.48764287589738
MEX,Mexico,2014,6758693845.00224,0.495321031372806
MEX,Mexico,2015,5468837811.91633,0.45074282393045
MEX,Mexico,2016,5336875740.46474,0.480046272445401
MEX,Mexico,2017,5062076645.82129,0.424849155540147
MEX,Mexico,2018,5839521271.01987,0.464611544931539
MEX,Mexico,2019,6650808254.06726,0.509337628297564
MEX,Mexico,2020,8044880863.7379,0.717690608258695
MEX,Mexico,2021,8680832593.46947,0.659404192954647
MEX,Mexico,2022,10065268402.7818,0.685819352028866
MEX,Mexico,2023,11825909998.0324,0.660371879752505
MEX,Mexico,2024,16726425452.0934,0.893257529320534
MEX,Mexico,2025,,
MHL,Marshall Islands,1960,,
MHL,Marshall Islands,1961,,
MHL,Marshall Islands,1962,,
MHL,Marshall Islands,1963,,
MHL,Marshall Islands,1964,,
MHL,Marshall Islands,1965,,
MHL,Marshall Islands,1966,,
MHL,Marshall Islands,1967,,
MHL,Marshall Islands,1968,,
MHL,Marshall Islands,1969,,
MHL,Marshall Islands,1970,,
MHL,Marshall Islands,1971,,
MHL,Marshall Islands,1972,,
MHL,Marshall Islands,1973,,
MHL,Marshall Islands,1974,,
MHL,Marshall Islands,1975,,
MHL,Marshall Islands,1976,,
MHL,Marshall Islands,1977,,
MHL,Marshall Islands,1978,,
MHL,Marshall Islands,1979,,
MHL,Marshall Islands,1980,,
MHL,Marshall Islands,1981,,
MHL,Marshall Islands,1982,,
MHL,Marshall Islands,1983,,
MHL,Marshall Islands,1984,,
MHL,Marshall Islands,1985,,
MHL,Marshall Islands,1986,,
MHL,Marshall Islands,1987,,
MHL,Marshall Islands,1988,,
MHL,Marshall Islands,1989,,
MHL,Marshall Islands,1990,,
MHL,Marshall Islands,1991,,
MHL,Marshall Islands,1992,,
MHL,Marshall Islands,1993,,
MHL,Marshall Islands,1994,,
MHL,Marshall Islands,1995,,
MHL,Marshall Islands,1996,,
MHL,Marshall Islands,1997,,
MHL,Marshall Islands,1998,,
MHL,Marshall Islands,1999,,
MHL,Marshall Islands,2000,,
MHL,Marshall Islands,2001,,
MHL,Marshall Islands,2002,,
MHL,Marshall Islands,2003,,
MHL,Marshall Islands,2004,,
MHL,Marshall Islands,2005,,
MHL,Marshall Islands,2006,,
MHL,Marshall Islands,2007,,
MHL,Marshall Islands,2008,,
MHL,Marshall Islands,2009,,
MHL,Marshall Islands,2010,,
MHL,Marshall Islands,2011,,
MHL,Marshall Islands,2012,,
MHL,Marshall Islands,2013,,
MHL,Marshall Islands,2014,,
MHL,Marshall Islands,2015,,
MHL,Marshall Islands,2016,,
MHL,Marshall Islands,2017,,
MHL,Marshall Islands,2018,,
MHL,Marshall Islands,2019,,
MHL,Marshall Islands,2020,,
MHL,Marshall Islands,2021,,
MHL,Marshall Islands,2022,,
MHL,Marshall Islands,2023,,
MHL,Marshall Islands,2024,,
MHL,Marshall Islands,2025,,
MKD,North Macedonia,1960,,
MKD,North Macedonia,1961,,
MKD,North Macedonia,1962,,
MKD,North Macedonia,1963,,
MKD,North Macedonia,1964,,
MKD,North Macedonia,1965,,
MKD,North Macedonia,1966,,
MKD,North Macedonia,1967,,
MKD,North Macedonia,1968,,
MKD,North Macedonia,1969,,
MKD,North Macedonia,1970,,
MKD,North Macedonia,1971,,
MKD,North Macedonia,1972,,
MKD,North Macedonia,1973,,
MKD,North Macedonia,1974,,
MKD,North Macedonia,1975,,
MKD,North Macedonia,1976,,
MKD,North Macedonia,1977,,
MKD,North Macedonia,1978,,
MKD,North Macedonia,1979,,
MKD,North Macedonia,1980,,
MKD,North Macedonia,1981,,
MKD,North Macedonia,1982,,
MKD,North Macedonia,1983,,
MKD,North Macedonia,1984,,
MKD,North Macedonia,1985,,
MKD,North Macedonia,1986,,
MKD,North Macedonia,1987,,
MKD,North Macedonia,1988,,
MKD,North Macedonia,1989,,
MKD,North Macedonia,1990,,
MKD,North Macedonia,1991,,
MKD,North Macedonia,1992,,
MKD,North Macedonia,1993,,
MKD,North Macedonia,1994,,
MKD,North Macedonia,1995,,
MKD,North Macedonia,1996,130636725.852966,2.81367674231936
MKD,North Macedonia,1997,83254172.2079454,2.12824694412777
MKD,North Macedonia,1998,78991291.1275263,2.09823976120451
MKD,North Macedonia,1999,66236920.4489137,1.71382060586219
MKD,North Macedonia,2000,69828947.9074835,1.850821459557
MKD,North Macedonia,2001,226303002.332551,6.10039562766158
MKD,North Macedonia,2002,106309576.719741,2.64559751876128
MKD,North Macedonia,2003,115827201.720104,2.34170115867248
MKD,North Macedonia,2004,135256294.791125,2.38010407130392
MKD,North Macedonia,2005,127003654.35225,2.02926330577443
MKD,North Macedonia,2006,126008876.72176,1.83653768735825
MKD,North Macedonia,2007,162567237.054492,1.95006969471653
MKD,North Macedonia,2008,172658158.914868,1.74234086894233
MKD,North Macedonia,2009,158716661.451318,1.68816456224776
MKD,North Macedonia,2010,130021469.106429,1.38215461102863
MKD,North Macedonia,2011,132461994.809047,1.26218709982742
MKD,North Macedonia,2012,119410402.524102,1.22531966171625
MKD,North Macedonia,2013,126506348.703425,1.16943718855289
MKD,North Macedonia,2014,124185105.67971,1.09296080025624
MKD,North Macedonia,2015,99983659.5643541,0.99342769175221
MKD,North Macedonia,2016,103520137.268395,0.970115977909212
MKD,North Macedonia,2017,100754692.052761,0.895041406541028
MKD,North Macedonia,2018,119606163.967345,0.943108732670231
MKD,North Macedonia,2019,146093380.399578,1.15911628553257
MKD,North Macedonia,2020,153537482.895077,1.24058656980426
MKD,North Macedonia,2021,205555663.248493,1.45370889108625
MKD,North Macedonia,2022,220214187.362615,1.58059754666542
MKD,North Macedonia,2023,266629712.724026,1.69322815512816
MKD,North Macedonia,2024,353684979.985732,2.10352863426818
MKD,North Macedonia,2025,,
MLI,Mali,1960,,
MLI,Mali,1961,3922368.09916008,2.70224719101124
MLI,Mali,1962,4342608.99377178,2.89130434782609
MLI,Mali,1963,4375224.47513632,2.64691358024691
MLI,Mali,1964,5174939.90458194,2.86877828054299
MLI,Mali,1965,4647822.3789179,2.51991150442478
MLI,Mali,1966,4636149.756999,2.40803382663848
MLI,Mali,1967,5081280.15739773,2.40384615384615
MLI,Mali,1968,5251146.16363379,1.99081163859112
MLI,Mali,1969,5673928.01227876,2.17551622418879
MLI,Mali,1970,6150439.75644259,2.22804718217562
MLI,Mali,1971,6323435.83886305,1.91616766467066
MLI,Mali,1972,8332407.51027664,2.37556561085973
MLI,Mali,1973,10974072.2960756,2.65580890336591
MLI,Mali,1974,11632496.2090526,2.86591606960082
MLI,Mali,1975,19130897.3324063,3.16602316602317
MLI,Mali,1976,21761874.8692195,2.91153415453527
MLI,Mali,1977,26050146.5320742,3.12958435207824
MLI,Mali,1978,31020668.6283547,3.21395775941231
MLI,Mali,1979,36197478.3990372,2.96610169491525
MLI,Mali,1980,38337750.85195,2.07929560652539
MLI,Mali,1981,31648946.9364923,1.96076196121795
MLI,Mali,1982,29518633.2568486,2.10679495672383
MLI,Mali,1983,26767016.7372581,1.98366008623087
MLI,Mali,1984,25402957.270395,1.97260741380505
MLI,Mali,1985,29826627.1649346,2.14241632585193
MLI,Mali,1986,37539055.0553557,2.02676894054551
MLI,Mali,1987,44254118.4612876,2.11678611388309
MLI,Mali,1988,48011066.0471113,2.21346810206719
MLI,Mali,1989,46080349.0821547,2.11201131003608
MLI,Mali,1990,52155069.5094852,1.95649418287434
MLI,Mali,1991,,
MLI,Mali,1992,,
MLI,Mali,1993,44497338.9884978,1.56379346508086
MLI,Mali,1994,29898866.1845625,1.43802626563637
MLI,Mali,1995,40468959.1063172,1.49701708229888
MLI,Mali,1996,39683160.2652321,1.42841059416252
MLI,Mali,1997,40262546.0663493,1.49685223773671
MLI,Mali,1998,41020286.3961814,1.40463231082634
MLI,Mali,1999,43852596.8046075,1.49228992788343
MLI,Mali,2000,43681247.6825062,1.47864974445751
MLI,Mali,2001,44881650.2259771,1.29517222790027
MLI,Mali,2002,49355225.6279879,1.26885043144455
MLI,Mali,2003,66758430.8327598,1.4193331132051
MLI,Mali,2004,77420331.8284638,1.42199884362637
MLI,Mali,2005,86450742.0355358,1.38431204093435
MLI,Mali,2006,96004895.8671996,1.39141541039687
MLI,Mali,2007,110376888.039444,1.35503402826002
MLI,Mali,2008,142919351.056822,1.46571486807421
MLI,Mali,2009,144434608.395844,1.41866425479876
MLI,Mali,2010,146786545.710784,1.37456680820104
MLI,Mali,2011,161062674.572866,1.2410333300729
MLI,Mali,2012,148865779.870604,1.19640574526633
MLI,Mali,2013,153833697.676302,1.16137913160626
MLI,Mali,2014,218118403.124955,1.51593383195421
MLI,Mali,2015,309170682.221659,2.36017445199795
MLI,Mali,2016,362398902.198564,2.58613087357125
MLI,Mali,2017,460196191.968391,3.02860111373814
MLI,Mali,2018,481728184.477863,2.82359553728652
MLI,Mali,2019,475638185.672011,2.75271658139503
MLI,Mali,2020,593865883.538673,3.39955821425498
MLI,Mali,2021,652883353.286504,3.38177520702573
MLI,Mali,2022,582017552.543412,3.09091717190995
MLI,Mali,2023,785265008.467223,3.77364142226059
MLI,Mali,2024,929278520.861402,4.1981465701254
MLI,Mali,2025,,
MLT,Malta,1960,,
MLT,Malta,1961,,
MLT,Malta,1962,,
MLT,Malta,1963,,
MLT,Malta,1964,,
MLT,Malta,1965,,
MLT,Malta,1966,,
MLT,Malta,1967,,
MLT,Malta,1968,,
MLT,Malta,1969,,
MLT,Malta,1970,,
MLT,Malta,1971,,
MLT,Malta,1972,,
MLT,Malta,1973,,
MLT,Malta,1974,,
MLT,Malta,1975,,
MLT,Malta,1976,,
MLT,Malta,1977,,
MLT,Malta,1978,,
MLT,Malta,1979,,
MLT,Malta,1980,,
MLT,Malta,1981,,
MLT,Malta,1982,,
MLT,Malta,1983,,
MLT,Malta,1984,,
MLT,Malta,1985,12948712.0830855,1.27625103445688
MLT,Malta,1986,16531995.1017929,1.26918382590508
MLT,Malta,1987,23148953.5132234,1.45625776866228
MLT,Malta,1988,22383605.5108486,1.22106673142782
MLT,Malta,1989,21308781.4648833,1.10818483744066
MLT,Malta,1990,21152027.6659552,0.914918012232462
MLT,Malta,1991,21744818.1247103,0.871119892244603
MLT,Malta,1992,26692690.8062996,0.973183398963503
MLT,Malta,1993,24637705.5715577,1.00196104784451
MLT,Malta,1994,27870262.1406315,1.02405911504141
MLT,Malta,1995,31144859.9551321,0.839629966950651
MLT,Malta,1996,33296174.8165298,0.871057168117547
MLT,Malta,1997,31142214.8911819,0.822349255968959
MLT,Malta,1998,29081268.4140846,0.725207281017275
MLT,Malta,1999,27986620.6626388,0.68064007256322
MLT,Malta,2000,25353948.0516936,0.628078156689517
MLT,Malta,2001,27119323.113905,0.666190034371232
MLT,Malta,2002,28403690.7967686,0.637560681968479
MLT,Malta,2003,34125502.0046044,0.629824750823065
MLT,Malta,2004,40526469.1888229,0.663925031267677
MLT,Malta,2005,52498963.3175824,0.822526574900827
MLT,Malta,2006,44434425.8372603,0.655773991501952
MLT,Malta,2007,49263377.1156559,0.618983130615608
MLT,Malta,2008,56032519.1342879,0.613354639613187
MLT,Malta,2009,59110111.5104266,0.676723897394339
MLT,Malta,2010,58728949.9301366,0.646212685652893
MLT,Malta,2011,55893126.4813618,0.571705680644883
MLT,Malta,2012,49922008.9066599,0.519475728040563
MLT,Malta,2013,53789438.883423,0.498340372182382
MLT,Malta,2014,56514879.9166599,0.476026297334065
MLT,Malta,2015,51796606.4101142,0.456932902032034
MLT,Malta,2016,59672922.9895778,0.496660141239844
MLT,Malta,2017,64235888.1657335,0.456702678272601
MLT,Malta,2018,66869091.0378528,0.414176632611117
MLT,Malta,2019,80267577.2503359,0.491258185670287
MLT,Malta,2020,86287472.9283027,0.527674290511624
MLT,Malta,2021,87950567.6442762,0.446085155562138
MLT,Malta,2022,79017560.3927739,0.411834981751042
MLT,Malta,2023,112636721.535343,0.504866253628109
MLT,Malta,2024,109254896.361343,0.451123319487248
MLT,Malta,2025,,
MMR,Myanmar,1960,89512589.5125895,
MMR,Myanmar,1961,85617085.6170856,6.12346049864824
MMR,Myanmar,1962,90704340.7043407,5.69071146245059
MMR,Myanmar,1963,100322350.32235,6.84714060484449
MMR,Myanmar,1964,97912597.9125979,6.02234564711961
MMR,Myanmar,1965,107241857.241857,6.69562082076832
MMR,Myanmar,1966,105456855.456855,6.1255794096121
MMR,Myanmar,1967,102039102.039102,5.20179852264212
MMR,Myanmar,1968,104590604.590605,5.02319717599597
MMR,Myanmar,1969,114418614.418614,5.31042884990253
MMR,Myanmar,1970,122781872.781873,5.60194500335345
MMR,Myanmar,1971,127758749.506804,5.65122539918307
MMR,Myanmar,1972,117181275.174055,5.45164039198977
MMR,Myanmar,1973,152452317.457742,5.11394557823129
MMR,Myanmar,1974,159999341.90502,4.02108745089932
MMR,Myanmar,1975,138923723.23416,3.77497124845594
MMR,Myanmar,1976,155142207.477541,3.79370693112626
MMR,Myanmar,1977,169293678.193446,4.03977311094605
MMR,Myanmar,1978,183429289.25931,3.92138364779874
MMR,Myanmar,1979,190866354.07303,3.5575807318937
MMR,Myanmar,1980,202083467.163444,3.42212955528504
MMR,Myanmar,1981,205288116.626087,3.45682035495231
MMR,Myanmar,1982,195419415.596713,3.21826066522826
MMR,Myanmar,1983,192169991.457716,3.0703691066375
MMR,Myanmar,1984,188720829.263652,2.92367110099446
MMR,Myanmar,1985,196758644.695776,2.9782635874904
MMR,Myanmar,1986,231843369.647958,2.87914210205326
MMR,Myanmar,1987,203653743.546581,1.9724009432589
MMR,Myanmar,1988,255256828.481799,2.14085227496295
MMR,Myanmar,1989,550194633.775299,2.95910673319109
MMR,Myanmar,1990,814025583.097738,3.39589051013222
MMR,Myanmar,1991,942677085.156834,3.17100459309858
MMR,Myanmar,1992,1370457676.51236,3.35451793339882
MMR,Myanmar,1993,2061809623.88967,3.52310856153263
MMR,Myanmar,1994,2801966891.5515,3.54112112764238
MMR,Myanmar,1995,3932079180.66574,3.68483237946254
MMR,Myanmar,1996,4675441101.66842,3.49342786434001
MMR,Myanmar,1997,4780529107.64952,2.31372237705347
MMR,Myanmar,1998,5873097951.17891,2.53962410781848
MMR,Myanmar,1999,6950081055.84183,2.1389500494262
MMR,Myanmar,2000,9030564408.83695,2.30851230754143
MMR,Myanmar,2001,9464417217.00245,1.94785828446242
MMR,Myanmar,2002,11000356815.9372,1.48187129901045
MMR,Myanmar,2003,24189109502.7961,2.07081478779187
MMR,Myanmar,2004,29853914082.9132,1.92006952835836
MMR,Myanmar,2005,32954262250.8452,1.66965386990714
MMR,Myanmar,2006,,
MMR,Myanmar,2007,,
MMR,Myanmar,2008,,
MMR,Myanmar,2009,,
MMR,Myanmar,2010,,
MMR,Myanmar,2011,,
MMR,Myanmar,2012,2969236076.31588,4.12480380212694
MMR,Myanmar,2013,2366989084.91061,4.11633459177026
MMR,Myanmar,2014,2372895911.61414,3.78953444074754
MMR,Myanmar,2015,2552370441.82802,4.30136045141842
MMR,Myanmar,2016,2455784120.1322,4.08929730356682
MMR,Myanmar,2017,2221961060.22858,3.64194876170774
MMR,Myanmar,2018,1529364477.94262,2.3597905591242
MMR,Myanmar,2019,1532077146.00976,2.18974000019248
MMR,Myanmar,2020,2498229137.93854,3.12332883859715
MMR,Myanmar,2021,2642725508.60325,4.07092298980473
MMR,Myanmar,2022,2489905986.68778,4.17058942838215
MMR,Myanmar,2023,2493486451.34248,3.75371612518577
MMR,Myanmar,2024,5011272415.12673,6.79452485229039
MMR,Myanmar,2025,,
MNE,Montenegro,1960,,
MNE,Montenegro,1961,,
MNE,Montenegro,1962,,
MNE,Montenegro,1963,,
MNE,Montenegro,1964,,
MNE,Montenegro,1965,,
MNE,Montenegro,1966,,
MNE,Montenegro,1967,,
MNE,Montenegro,1968,,
MNE,Montenegro,1969,,
MNE,Montenegro,1970,,
MNE,Montenegro,1971,,
MNE,Montenegro,1972,,
MNE,Montenegro,1973,,
MNE,Montenegro,1974,,
MNE,Montenegro,1975,,
MNE,Montenegro,1976,,
MNE,Montenegro,1977,,
MNE,Montenegro,1978,,
MNE,Montenegro,1979,,
MNE,Montenegro,1980,,
MNE,Montenegro,1981,,
MNE,Montenegro,1982,,
MNE,Montenegro,1983,,
MNE,Montenegro,1984,,
MNE,Montenegro,1985,,
MNE,Montenegro,1986,,
MNE,Montenegro,1987,,
MNE,Montenegro,1988,,
MNE,Montenegro,1989,,
MNE,Montenegro,1990,,
MNE,Montenegro,1991,,
MNE,Montenegro,1992,,
MNE,Montenegro,1993,,
MNE,Montenegro,1994,,
MNE,Montenegro,1995,,
MNE,Montenegro,1996,,
MNE,Montenegro,1997,,
MNE,Montenegro,1998,,
MNE,Montenegro,1999,,
MNE,Montenegro,2000,,
MNE,Montenegro,2001,,
MNE,Montenegro,2002,,
MNE,Montenegro,2003,,
MNE,Montenegro,2004,,
MNE,Montenegro,2005,60811819.1314729,2.69436332580307
MNE,Montenegro,2006,62347815.5056634,2.29071316307389
MNE,Montenegro,2007,64190474.6262855,1.74405848731746
MNE,Montenegro,2008,85106382.9787234,1.87218246206494
MNE,Montenegro,2009,76683387.9054183,1.84376127299691
MNE,Montenegro,2010,75094861.8956486,1.81434774678489
MNE,Montenegro,2011,79376663.8168915,1.74896930267889
MNE,Montenegro,2012,67712201.3018217,1.65646177250839
MNE,Montenegro,2013,64836243.0774909,1.45226142609027
MNE,Montenegro,2014,67544018.0425184,1.47227234869517
MNE,Montenegro,2015,56891427.3039814,1.40371759825531
MNE,Montenegro,2016,61714551.6100205,1.41128063506996
MNE,Montenegro,2017,65734886.3769336,1.36277677368932
MNE,Montenegro,2018,75365603.2010198,1.36929487275714
MNE,Montenegro,2019,73962158.5311241,1.33441196432034
MNE,Montenegro,2020,82920323.7205061,1.73802726045562
MNE,Montenegro,2021,91137653.7369915,1.55528019503059
MNE,Montenegro,2022,98011519.0118387,1.57303708395214
MNE,Montenegro,2023,114260526.099714,1.51875139564723
MNE,Montenegro,2024,150033208.503973,1.83253539270475
MNE,Montenegro,2025,,
MNG,Mongolia,1960,,
MNG,Mongolia,1961,,
MNG,Mongolia,1962,,
MNG,Mongolia,1963,,
MNG,Mongolia,1964,,
MNG,Mongolia,1965,,
MNG,Mongolia,1966,,
MNG,Mongolia,1967,,
MNG,Mongolia,1968,,
MNG,Mongolia,1969,,
MNG,Mongolia,1970,,
MNG,Mongolia,1971,,
MNG,Mongolia,1972,,
MNG,Mongolia,1973,,
MNG,Mongolia,1974,,
MNG,Mongolia,1975,,
MNG,Mongolia,1976,,
MNG,Mongolia,1977,,
MNG,Mongolia,1978,,
MNG,Mongolia,1979,,
MNG,Mongolia,1980,,
MNG,Mongolia,1981,,
MNG,Mongolia,1982,,
MNG,Mongolia,1983,,
MNG,Mongolia,1984,,
MNG,Mongolia,1985,,
MNG,Mongolia,1986,,
MNG,Mongolia,1987,0.0,5.8338850879129
MNG,Mongolia,1988,0.0,6.34124344738177
MNG,Mongolia,1989,0.0,6.25119508141262
MNG,Mongolia,1990,0.0,4.28138537530827
MNG,Mongolia,1991,110838314.608565,3.2315351247489
MNG,Mongolia,1992,33041891.2017593,1.90943719983615
MNG,Mongolia,1993,14057102.955483,1.71236270542572
MNG,Mongolia,1994,16393641.2249437,1.65435558131062
MNG,Mongolia,1995,21281148.7852559,1.62050592646532
MNG,Mongolia,1996,21608196.8917019,1.77694736936813
MNG,Mongolia,1997,18692594.3553859,1.63873482170006
MNG,Mongolia,1998,19920839.9339698,1.90653754569999
MNG,Mongolia,1999,18021861.8806698,1.8350123058221
MNG,Mongolia,2000,24265559.5493512,2.02248060815309
MNG,Mongolia,2001,23124715.313838,1.78165840784985
MNG,Mongolia,2002,25282128.4145869,1.79556721143698
MNG,Mongolia,2003,24333211.2268216,1.50969431652769
MNG,Mongolia,2004,27749093.0566101,1.38273006263926
MNG,Mongolia,2005,29797967.2267164,1.01728588491723
MNG,Mongolia,2006,39189624.4808002,0.961656696108958
MNG,Mongolia,2007,56561859.1934381,1.05327216611992
MNG,Mongolia,2008,66749871.3329902,0.823306745414827
MNG,Mongolia,2009,37633746.0008346,0.629698225139809
MNG,Mongolia,2010,54855717.5069636,0.762997245666295
MNG,Mongolia,2011,87157848.1572792,0.837270236688781
MNG,Mongolia,2012,113622769.928844,0.924305618490081
MNG,Mongolia,2013,103464069.871976,0.822311489894261
MNG,Mongolia,2014,105114434.894888,0.85972525833079
MNG,Mongolia,2015,101733069.81011,0.875507832442284
MNG,Mongolia,2016,96366789.8371294,0.863910995114833
MNG,Mongolia,2017,87511743.4962015,0.762153816975996
MNG,Mongolia,2018,88155189.4740417,0.668952463384853
MNG,Mongolia,2019,93980480.3368221,0.661538119118052
MNG,Mongolia,2020,95594594.1377913,0.709909468541962
MNG,Mongolia,2021,97194681.713412,0.619505072530135
MNG,Mongolia,2022,89801313.7445336,0.513936273012978
MNG,Mongolia,2023,111467041.986021,0.542565742478439
MNG,Mongolia,2024,180843441.375323,0.742307300960191
MNG,Mongolia,2025,,
MNP,Northern Mariana Islands,1960,,
MNP,Northern Mariana Islands,1961,,
MNP,Northern Mariana Islands,1962,,
MNP,Northern Mariana Islands,1963,,
MNP,Northern Mariana Islands,1964,,
MNP,Northern Mariana Islands,1965,,
MNP,Northern Mariana Islands,1966,,
MNP,Northern Mariana Islands,1967,,
MNP,Northern Mariana Islands,1968,,
MNP,Northern Mariana Islands,1969,,
MNP,Northern Mariana Islands,1970,,
MNP,Northern Mariana Islands,1971,,
MNP,Northern Mariana Islands,1972,,
MNP,Northern Mariana Islands,1973,,
MNP,Northern Mariana Islands,1974,,
MNP,Northern Mariana Islands,1975,,
MNP,Northern Mariana Islands,1976,,
MNP,Northern Mariana Islands,1977,,
MNP,Northern Mariana Islands,1978,,
MNP,Northern Mariana Islands,1979,,
MNP,Northern Mariana Islands,1980,,
MNP,Northern Mariana Islands,1981,,
MNP,Northern Mariana Islands,1982,,
MNP,Northern Mariana Islands,1983,,
MNP,Northern Mariana Islands,1984,,
MNP,Northern Mariana Islands,1985,,
MNP,Northern Mariana Islands,1986,,
MNP,Northern Mariana Islands,1987,,
MNP,Northern Mariana Islands,1988,,
MNP,Northern Mariana Islands,1989,,
MNP,Northern Mariana Islands,1990,,
MNP,Northern Mariana Islands,1991,,
MNP,Northern Mariana Islands,1992,,
MNP,Northern Mariana Islands,1993,,
MNP,Northern Mariana Islands,1994,,
MNP,Northern Mariana Islands,1995,,
MNP,Northern Mariana Islands,1996,,
MNP,Northern Mariana Islands,1997,,
MNP,Northern Mariana Islands,1998,,
MNP,Northern Mariana Islands,1999,,
MNP,Northern Mariana Islands,2000,,
MNP,Northern Mariana Islands,2001,,
MNP,Northern Mariana Islands,2002,,
MNP,Northern Mariana Islands,2003,,
MNP,Northern Mariana Islands,2004,,
MNP,Northern Mariana Islands,2005,,
MNP,Northern Mariana Islands,2006,,
MNP,Northern Mariana Islands,2007,,
MNP,Northern Mariana Islands,2008,,
MNP,Northern Mariana Islands,2009,,
MNP,Northern Mariana Islands,2010,,
MNP,Northern Mariana Islands,2011,,
MNP,Northern Mariana Islands,2012,,
MNP,Northern Mariana Islands,2013,,
MNP,Northern Mariana Islands,2014,,
MNP,Northern Mariana Islands,2015,,
MNP,Northern Mariana Islands,2016,,
MNP,Northern Mariana Islands,2017,,
MNP,Northern Mariana Islands,2018,,
MNP,Northern Mariana Islands,2019,,
MNP,Northern Mariana Islands,2020,,
MNP,Northern Mariana Islands,2021,,
MNP,Northern Mariana Islands,2022,,
MNP,Northern Mariana Islands,2023,,
MNP,Northern Mariana Islands,2024,,
MNP,Northern Mariana Islands,2025,,
MOZ,Mozambique,1960,,
MOZ,Mozambique,1961,,
MOZ,Mozambique,1962,,
MOZ,Mozambique,1963,,
MOZ,Mozambique,1964,,
MOZ,Mozambique,1965,,
MOZ,Mozambique,1966,,
MOZ,Mozambique,1967,,
MOZ,Mozambique,1968,,
MOZ,Mozambique,1969,,
MOZ,Mozambique,1970,,
MOZ,Mozambique,1971,,
MOZ,Mozambique,1972,,
MOZ,Mozambique,1973,,
MOZ,Mozambique,1974,,
MOZ,Mozambique,1975,,
MOZ,Mozambique,1976,,
MOZ,Mozambique,1977,39135467.9154937,
MOZ,Mozambique,1978,76333333.3333333,
MOZ,Mozambique,1979,78000000.0,
MOZ,Mozambique,1980,92283380.9667842,1.85714285714286
MOZ,Mozambique,1981,99294190.8655002,2.78571428571429
MOZ,Mozambique,1982,102992610.47877,2.81884057971015
MOZ,Mozambique,1983,116316977.450832,3.54090909090909
MOZ,Mozambique,1984,136654509.127579,4.0
MOZ,Mozambique,1985,148214364.287749,3.28205128205128
MOZ,Mozambique,1986,170669991.021274,3.2093023255814
MOZ,Mozambique,1987,83582418.1115877,3.50649350649351
MOZ,Mozambique,1988,63852700.3974116,3.01258992805755
MOZ,Mozambique,1989,79069105.5928304,3.37342497136312
MOZ,Mozambique,1990,84598999.6652635,2.38905775075988
MOZ,Mozambique,1991,71803523.2524905,1.86267955697504
MOZ,Mozambique,1992,59605412.1714252,2.12975279140707
MOZ,Mozambique,1993,59366482.2003799,2.05907716535961
MOZ,Mozambique,1994,72864691.9231145,2.46322012864367
MOZ,Mozambique,1995,33465088.2669406,1.09304195371498
MOZ,Mozambique,1996,36037790.9808123,0.894205564420208
MOZ,Mozambique,1997,42014622.8213036,0.862075979464516
MOZ,Mozambique,1998,49264817.3412157,0.887476838774871
MOZ,Mozambique,1999,56516191.6540771,0.899191140105439
MOZ,Mozambique,2000,55361458.4427866,0.933474909084702
MOZ,Mozambique,2001,50619215.9817616,0.895889123487939
MOZ,Mozambique,2002,53509586.958358,0.89920614095398
MOZ,Mozambique,2003,59771342.5530752,0.90789369830672
MOZ,Mozambique,2004,77630605.8552873,0.978051637223721
MOZ,Mozambique,2005,62247951.0862495,0.701900109021606
MOZ,Mozambique,2006,57439135.7752512,0.603997650979439
MOZ,Mozambique,2007,68625364.2566069,0.634745730219107
MOZ,Mozambique,2008,83709455.7336033,0.647887786238704
MOZ,Mozambique,2009,84302809.4031971,0.687406495551449
MOZ,Mozambique,2010,99189931.713982,0.869180245993684
MOZ,Mozambique,2011,118871183.035407,0.813112431836901
MOZ,Mozambique,2012,139100553.342967,0.833531162295525
MOZ,Mozambique,2013,157892114.36316,0.918079927497185
MOZ,Mozambique,2014,173752248.992546,0.96645825007793
MOZ,Mozambique,2015,134033726.386182,0.826910016335521
MOZ,Mozambique,2016,110463709.309065,0.919413170302599
MOZ,Mozambique,2017,129258386.223763,0.984570977671917
MOZ,Mozambique,2018,196535452.84959,1.30860718971448
MOZ,Mozambique,2019,217451322.290032,1.38807982041907
MOZ,Mozambique,2020,288258945.94244,2.02272611905463
MOZ,Mozambique,2021,309999693.54295,1.91141353069573
MOZ,Mozambique,2022,417175309.415635,2.20848120068367
MOZ,Mozambique,2023,404399185.336049,1.92823085749343
MOZ,Mozambique,2024,450448587.393598,1.99330115632931
MOZ,Mozambique,2025,,
MRT,Mauritania,1960,,
MRT,Mauritania,1961,,
MRT,Mauritania,1962,,
MRT,Mauritania,1963,,
MRT,Mauritania,1964,,
MRT,Mauritania,1965,,
MRT,Mauritania,1966,,
MRT,Mauritania,1967,,
MRT,Mauritania,1968,,
MRT,Mauritania,1969,,
MRT,Mauritania,1970,,
MRT,Mauritania,1971,,
MRT,Mauritania,1972,,
MRT,Mauritania,1973,,
MRT,Mauritania,1974,,
MRT,Mauritania,1975,,
MRT,Mauritania,1976,,
MRT,Mauritania,1977,,
MRT,Mauritania,1978,,
MRT,Mauritania,1979,,
MRT,Mauritania,1980,,
MRT,Mauritania,1981,,
MRT,Mauritania,1982,,
MRT,Mauritania,1983,,
MRT,Mauritania,1984,,
MRT,Mauritania,1985,41058571.7065577,5.94589517189555
MRT,Mauritania,1986,42460504.2016807,5.03676294677746
MRT,Mauritania,1987,43720551.2308757,4.66958696563589
MRT,Mauritania,1988,42983864.1098686,4.48975060025259
MRT,Mauritania,1989,38879724.5066285,3.96113694076082
MRT,Mauritania,1990,40181617.4372589,3.82792649057496
MRT,Mauritania,1991,39440703.4893796,3.60051244917284
MRT,Mauritania,1992,39378674.1555475,2.68906639883241
MRT,Mauritania,1993,30155786.9642236,2.41242301834316
MRT,Mauritania,1994,29488165.081934,2.24086190780735
MRT,Mauritania,1995,31987855.2493681,2.26015463356202
MRT,Mauritania,1996,37887510.7490053,2.62634120713694
MRT,Mauritania,1997,41599441.5651979,2.96726008736906
MRT,Mauritania,1998,25610687.8329336,1.86244096675618
MRT,Mauritania,1999,31959678.1122025,2.27363788853198
MRT,Mauritania,2000,37878312.2595983,2.92800544546355
MRT,Mauritania,2001,51852489.3497999,4.00238442248896
MRT,Mauritania,2002,36281137.414946,2.73938350984677
MRT,Mauritania,2003,62449150.2870395,3.99527571653134
MRT,Mauritania,2004,0.0,3.83812011166649
MRT,Mauritania,2005,66659636.648489,3.05155577623304
MRT,Mauritania,2006,81906180.1935964,2.69364721669718
MRT,Mauritania,2007,0.0,
MRT,Mauritania,2008,123323383.836476,3.059333957503
MRT,Mauritania,2009,114824329.371946,3.13532417025639
MRT,Mauritania,2010,0.0,
MRT,Mauritania,2011,0.0,
MRT,Mauritania,2012,142299912.345762,2.11497466612287
MRT,Mauritania,2013,144215483.467584,1.99659728958967
MRT,Mauritania,2014,144844330.663143,2.19709519242621
MRT,Mauritania,2015,132931217.691719,2.15557240363879
MRT,Mauritania,2016,136064875.96938,2.14548780076745
MRT,Mauritania,2017,143769318.593189,2.12109845694596
MRT,Mauritania,2018,159013352.980386,2.13128230977177
MRT,Mauritania,2019,162397954.976499,1.99633301217738
MRT,Mauritania,2020,198530037.214248,2.38926918122421
MRT,Mauritania,2021,230935492.879084,2.29399489807024
MRT,Mauritania,2022,225352135.53644,2.05903871155909
MRT,Mauritania,2023,277161496.32525,2.26048047574852
MRT,Mauritania,2024,260059017.269229,2.15504682070845
MRT,Mauritania,2025,,
MUS,Mauritius,1960,,
MUS,Mauritius,1961,,
MUS,Mauritius,1962,,
MUS,Mauritius,1963,302400.302400302,0.141453831041257
MUS,Mauritius,1964,315000.315000315,0.170842824601367
MUS,Mauritius,1965,316050.316050316,0.163232104121475
MUS,Mauritius,1966,317100.317100317,0.165570175438596
MUS,Mauritius,1967,312756.315192086,0.155830753353973
MUS,Mauritius,1968,270900.270900271,0.155797101449275
MUS,Mauritius,1969,336600.336600337,0.180501930501931
MUS,Mauritius,1970,414000.414000414,0.219465648854962
MUS,Mauritius,1971,473954.383713469,0.223944875107666
MUS,Mauritius,1972,543220.699331089,0.202513966480447
MUS,Mauritius,1973,643113.994711766,0.188984881209503
MUS,Mauritius,1974,789047.321798046,0.139925373134328
MUS,Mauritius,1975,1086812.23866729,0.191744730679157
MUS,Mauritius,1976,1317065.57789246,0.187074829931973
MUS,Mauritius,1977,1422666.71307991,0.172730613744947
MUS,Mauritius,1978,1752316.54624899,0.172579098753595
MUS,Mauritius,1979,2480933.27478436,0.204842931937173
MUS,Mauritius,1980,5537271.49808245,0.489249166379211
MUS,Mauritius,1981,5332041.25981644,0.466745028896072
MUS,Mauritius,1982,2828236.37617843,0.26226012793177
MUS,Mauritius,1983,2934342.48517879,0.269137350152785
MUS,Mauritius,1984,2623131.38120186,0.252089136490251
MUS,Mauritius,1985,2363606.9289299,0.21964135275003
MUS,Mauritius,1986,2896096.9524149,0.197969543147208
MUS,Mauritius,1987,3649578.35722384,0.194038477417224
MUS,Mauritius,1988,4688302.31363998,0.219642296830875
MUS,Mauritius,1989,6327951.84199137,0.29001622888742
MUS,Mauritius,1990,9183570.4914724,0.346095334685598
MUS,Mauritius,1991,10496859.8864065,0.367421785897981
MUS,Mauritius,1992,11427598.4373394,0.35442407333599
MUS,Mauritius,1993,10777425.2039891,0.330254201972496
MUS,Mauritius,1994,11853856.2615532,0.333145557537633
MUS,Mauritius,1995,13447369.480568,0.332825601093285
MUS,Mauritius,1996,12973518.0882656,0.293390184375287
MUS,Mauritius,1997,9801826.44498582,0.2340788927524
MUS,Mauritius,1998,8456738.92475628,0.202814817776534
MUS,Mauritius,1999,9040808.70966973,0.208135283363803
MUS,Mauritius,2000,9360142.63074485,0.200718816089576
MUS,Mauritius,2001,8977215.38107679,0.194580389102996
MUS,Mauritius,2002,9502035.9121554,0.196270033883066
MUS,Mauritius,2003,10882927.441177,0.187102773867202
MUS,Mauritius,2004,10935141.9168318,0.166216849736244
MUS,Mauritius,2005,10886148.046189,0.160674051849869
MUS,Mauritius,2006,10814271.4322208,0.153856508278369
MUS,Mauritius,2007,11632288.742627,0.142725039281222
MUS,Mauritius,2008,15580188.9444976,0.15595207103506
MUS,Mauritius,2009,15316115.8705624,0.167777183674029
MUS,Mauritius,2010,14874416.9124622,0.148689589780391
MUS,Mauritius,2011,17512018.3933672,0.152035252096647
MUS,Mauritius,2012,16662229.6173045,0.14279440115901
MUS,Mauritius,2013,23200896.376061,0.188733237769964
MUS,Mauritius,2014,19744222.0827661,0.151017482159405
MUS,Mauritius,2015,17086605.4135158,0.142301917631184
MUS,Mauritius,2016,21999438.0281682,0.174701755953711
MUS,Mauritius,2017,22633506.6411266,0.16537629451361
MUS,Mauritius,2018,23017460.7749502,0.156385299781821
MUS,Mauritius,2019,22131218.9596584,0.148796738188038
MUS,Mauritius,2020,18478399.3883013,0.161615351006251
MUS,Mauritius,2021,20231427.796008,0.171377098585721
MUS,Mauritius,2022,17884595.9703586,0.138698687184487
MUS,Mauritius,2023,19936715.8630761,0.14048907662346
MUS,Mauritius,2024,23009853.3257139,0.149590857574221
MUS,Mauritius,2025,,
MWI,Malawi,1960,,
MWI,Malawi,1961,,
MWI,Malawi,1962,,
MWI,Malawi,1963,,
MWI,Malawi,1964,,
MWI,Malawi,1965,1771001.77100177,0.701997780244173
MWI,Malawi,1966,1848001.84800185,0.645792563600783
MWI,Malawi,1967,2133370.89170761,0.716937354988399
MWI,Malawi,1968,1881000.7524003,0.695430346051464
MWI,Malawi,1969,1959000.78360031,0.667962356792144
MWI,Malawi,1970,2055000.82200033,0.641145638337701
MWI,Malawi,1971,2343860.94977217,0.581516870707674
MWI,Malawi,1972,2697870.8964292,0.602199944305207
MWI,Malawi,1973,4711557.47489814,1.06043956043956
MWI,Malawi,1974,5304902.62160263,0.966955579631636
MWI,Malawi,1975,9362342.02675749,1.52680762695866
MWI,Malawi,1976,9205803.65406332,1.3733660130719
MWI,Malawi,1977,13625117.3958499,1.68990384615385
MWI,Malawi,1978,25570521.899389,2.69451729736481
MWI,Malawi,1979,43029681.2987986,4.06593406593407
MWI,Malawi,1980,53134112.2231854,1.75835370823146
MWI,Malawi,1981,38506688.8268612,1.27449168207024
MWI,Malawi,1982,26977480.0807193,0.936369615258139
MWI,Malawi,1983,22217303.9599578,0.743801652892562
MWI,Malawi,1984,18839590.2022103,0.63870232669705
MWI,Malawi,1985,19811238.4387179,0.717150979153506
MWI,Malawi,1986,24743830.1622185,0.85818114051435
MWI,Malawi,1987,21643561.4875449,0.763658146964856
MWI,Malawi,1988,20167493.0699254,0.618993409227082
MWI,Malawi,1989,22781135.849713,0.613137618258071
MWI,Malawi,1990,24312172.026619,0.57581149106058
MWI,Malawi,1991,23704121.1995819,0.440591433496884
MWI,Malawi,1992,25238116.3828512,0.574406265790803
MWI,Malawi,1993,25728062.7240062,0.50889527831439
MWI,Malawi,1994,17060803.0767822,0.582363053840744
MWI,Malawi,1995,11047717.5029607,0.323789982357904
MWI,Malawi,1996,20152203.0244635,0.361847121057508
MWI,Malawi,1997,26407487.1383223,0.406114394732904
MWI,Malawi,1998,14474120.3693274,0.338641668549055
MWI,Malawi,1999,14402979.4887963,0.332170301359544
MWI,Malawi,2000,11727501.4359178,0.275495027044514
MWI,Malawi,2001,12681914.697641,0.30354064447686
MWI,Malawi,2002,14815169.7949837,0.301011297279539
MWI,Malawi,2003,13118825.8537962,0.290335696389997
MWI,Malawi,2004,21965738.5810575,0.448770022775966
MWI,Malawi,2005,38213561.898328,0.742373659905014
MWI,Malawi,2006,31090549.5022571,0.552309217409022
MWI,Malawi,2007,33599605.5931465,0.538318180673433
MWI,Malawi,2008,44464251.4036848,0.593494429088422
MWI,Malawi,2009,58797381.8243641,0.6745044979156
MWI,Malawi,2010,49984217.9058656,0.510085444003662
MWI,Malawi,2011,52804842.9862952,0.468557773532063
MWI,Malawi,2012,46155953.6903969,0.543771636934602
MWI,Malawi,2013,62925520.091546,0.809790589117754
MWI,Malawi,2014,49454535.9108862,0.580771278154093
MWI,Malawi,2015,40793415.429498,0.450825277879302
MWI,Malawi,2016,35748121.98667,0.452047625154312
MWI,Malawi,2017,47416537.0668233,0.530100138963233
MWI,Malawi,2018,58369173.4379987,0.589501502223623
MWI,Malawi,2019,85181934.9548313,0.760781549256416
MWI,Malawi,2020,98863990.7621744,0.834281207531417
MWI,Malawi,2021,92570438.5525757,0.730315165462018
MWI,Malawi,2022,117546956.731674,0.933234952541455
MWI,Malawi,2023,149582336.54066,1.16535783959732
MWI,Malawi,2024,117589994.544906,1.02496048269861
MWI,Malawi,2025,,
MYS,Malaysia,1960,51286741.8872214,2.6764405046028
MYS,Malaysia,1961,42466728.9512025,2.23290965304019
MYS,Malaysia,1962,43773397.5343164,2.18704096621511
MYS,Malaysia,1963,60760089.1147974,2.42061426340448
MYS,Malaysia,1964,84606790.7566264,3.16355197263955
MYS,Malaysia,1965,118580173.917588,4.01104972375691
MYS,Malaysia,1966,148633551.329209,4.72825522186428
MYS,Malaysia,1967,143406876.996753,4.49702929727515
MYS,Malaysia,1968,148306884.18343,4.45316331535066
MYS,Malaysia,1969,143733544.142531,3.9222677839187
MYS,Malaysia,1970,199593626.070652,5.16527178966946
MYS,Malaysia,1971,228027756.482082,5.37244307217291
MYS,Malaysia,1972,251103008.980125,4.9789029535865
MYS,Malaysia,1973,296726189.258103,3.87224269614912
MYS,Malaysia,1974,397163356.279626,4.18234316213142
MYS,Malaysia,1975,440725547.042752,4.72416263657532
MYS,Malaysia,1976,439885582.533631,3.98077265444187
MYS,Malaysia,1977,637879477.345121,4.85466914038343
MYS,Malaysia,1978,607070689.625395,3.7111334002006
MYS,Malaysia,1979,778636837.199101,3.67051525073238
MYS,Malaysia,1980,1035886222.48355,4.23013431379905
MYS,Malaysia,1981,1446539242.74777,5.78515265651849
MYS,Malaysia,1982,1438303666.62527,5.36761533421755
MYS,Malaysia,1983,1342380183.09101,4.42337175628868
MYS,Malaysia,1984,1273659777.09887,3.75235700817096
MYS,Malaysia,1985,1076905728.46189,3.4516587065961
MYS,Malaysia,1986,894074625.015495,3.22373383244406
MYS,Malaysia,1987,1334714483.02138,4.14749953752235
MYS,Malaysia,1988,855741986.726644,2.42611237414745
MYS,Malaysia,1989,1019255474.66812,2.62370169053434
MYS,Malaysia,1990,1125007856.20011,2.55540346486845
MYS,Malaysia,1991,1571959986.47307,3.19928362097037
MYS,Malaysia,1992,1766520895.9794,2.98642173584104
MYS,Malaysia,1993,1923398171.7811,2.87524536278848
MYS,Malaysia,1994,2120597806.61977,2.84711528130931
MYS,Malaysia,1995,2444098386.83916,2.7513451070467
MYS,Malaysia,1996,2420963933.95709,2.40056437500985
MYS,Malaysia,1997,2089087477.20559,2.08555865079224
MYS,Malaysia,1998,1158657313.14835,1.60533534809333
MYS,Malaysia,1999,1663289473.68421,2.10148156029312
MYS,Malaysia,2000,1533157894.73684,1.63467554804841
MYS,Malaysia,2001,1934473684.21053,2.0849228116252
MYS,Malaysia,2002,2237894736.84211,2.21913139689937
MYS,Malaysia,2003,2881578947.36842,2.61480673115727
MYS,Malaysia,2004,2823157894.73684,2.26306196840826
MYS,Malaysia,2005,3120337779.13913,2.17392904054248
MYS,Malaysia,2006,3266197405.79797,2.00759740140051
MYS,Malaysia,2007,3970537327.23988,1.95850253260823
MYS,Malaysia,2008,4411795565.12172,1.82484376549945
MYS,Malaysia,2009,3964817704.63896,1.87148694418887
MYS,Malaysia,2010,3854285350.61113,1.49021010582112
MYS,Malaysia,2011,4692483660.13072,1.55285313376988
MYS,Malaysia,2012,4507252007.25201,1.41333070740643
MYS,Malaysia,2013,4915722759.45679,1.49929579850642
MYS,Malaysia,2014,4919245322.85852,1.45511301633341
MYS,Malaysia,2015,4532069852.24432,1.50389842704146
MYS,Malaysia,2016,4169374000.50693,1.3843347942822
MYS,Malaysia,2017,3494832256.87397,1.10033460723613
MYS,Malaysia,2018,3445043719.60008,0.960104126677078
MYS,Malaysia,2019,3265281468.95385,0.893413280938052
MYS,Malaysia,2020,3374583531.65159,0.999653920235799
MYS,Malaysia,2021,3675489012.31587,0.982646998395369
MYS,Malaysia,2022,3673788247.83366,0.902025405170821
MYS,Malaysia,2023,3925419274.89009,0.981466758859051
MYS,Malaysia,2024,4312858466.81122,0.987556748730683
MYS,Malaysia,2025,,
NAM,Namibia,1960,,
NAM,Namibia,1961,,
NAM,Namibia,1962,,
NAM,Namibia,1963,,
NAM,Namibia,1964,,
NAM,Namibia,1965,,
NAM,Namibia,1966,,
NAM,Namibia,1967,,
NAM,Namibia,1968,,
NAM,Namibia,1969,,
NAM,Namibia,1970,,
NAM,Namibia,1971,,
NAM,Namibia,1972,,
NAM,Namibia,1973,,
NAM,Namibia,1974,,
NAM,Namibia,1975,,
NAM,Namibia,1976,,
NAM,Namibia,1977,,
NAM,Namibia,1978,,
NAM,Namibia,1979,,
NAM,Namibia,1980,,
NAM,Namibia,1981,,
NAM,Namibia,1982,,
NAM,Namibia,1983,,
NAM,Namibia,1984,,
NAM,Namibia,1985,,
NAM,Namibia,1986,,
NAM,Namibia,1987,,
NAM,Namibia,1988,,
NAM,Namibia,1989,,
NAM,Namibia,1990,156919128.673686,6.42100268859719
NAM,Namibia,1991,144767719.786189,5.61525495153814
NAM,Namibia,1992,124561274.329333,4.25041876046901
NAM,Namibia,1993,70155520.3290347,2.46452375833154
NAM,Namibia,1994,56958995.1560212,1.7512338730626
NAM,Namibia,1995,68236520.1856033,1.94789863056824
NAM,Namibia,1996,66463535.1855513,1.90360402371594
NAM,Namibia,1997,83659580.3783019,2.30135514297654
NAM,Namibia,1998,78912428.4587611,2.32183724519666
NAM,Namibia,1999,105765957.168204,3.12403306903887
NAM,Namibia,2000,92397796.4878102,2.70673279864922
NAM,Namibia,2001,96757182.4494319,3.00874087986708
NAM,Namibia,2002,87992258.5786523,2.61784537918538
NAM,Namibia,2003,129449089.527083,2.62491288264622
NAM,Namibia,2004,166997177.883149,2.5275896811078
NAM,Namibia,2005,192072120.805179,2.6452053014553
NAM,Namibia,2006,199559185.120098,2.50124939843779
NAM,Namibia,2007,228174673.579954,2.61042455712992
NAM,Namibia,2008,266250021.183312,3.1372615742466
NAM,Namibia,2009,299516030.244274,3.37436368373618
NAM,Namibia,2010,396539101.406596,3.51474397546307
NAM,Namibia,2011,443591424.475254,3.5745889549471
NAM,Namibia,2012,412163503.642522,3.16654259121144
NAM,Namibia,2013,389958736.662434,3.20641632429402
NAM,Namibia,2014,537456013.694723,4.32586724007944
NAM,Namibia,2015,518203685.056455,4.52800016778678
NAM,Namibia,2016,425388449.607111,3.97104492479212
NAM,Namibia,2017,456081144.821039,3.52238850010305
NAM,Namibia,2018,455569084.303806,3.33269228396146
NAM,Namibia,2019,414059489.986834,3.29742631401913
NAM,Namibia,2020,368224738.887539,3.48015259214476
NAM,Namibia,2021,400199634.567233,3.2264092268075
NAM,Namibia,2022,365631268.764472,2.91089959085182
NAM,Namibia,2023,339405131.876536,2.74670698895234
NAM,Namibia,2024,362392304.29255,2.73490195432496
NAM,Namibia,2025,,
NCL,New Caledonia,1960,,
NCL,New Caledonia,1961,,
NCL,New Caledonia,1962,,
NCL,New Caledonia,1963,,
NCL,New Caledonia,1964,,
NCL,New Caledonia,1965,,
NCL,New Caledonia,1966,,
NCL,New Caledonia,1967,,
NCL,New Caledonia,1968,,
NCL,New Caledonia,1969,,
NCL,New Caledonia,1970,,
NCL,New Caledonia,1971,,
NCL,New Caledonia,1972,,
NCL,New Caledonia,1973,,
NCL,New Caledonia,1974,,
NCL,New Caledonia,1975,,
NCL,New Caledonia,1976,,
NCL,New Caledonia,1977,,
NCL,New Caledonia,1978,,
NCL,New Caledonia,1979,,
NCL,New Caledonia,1980,,
NCL,New Caledonia,1981,,
NCL,New Caledonia,1982,,
NCL,New Caledonia,1983,,
NCL,New Caledonia,1984,,
NCL,New Caledonia,1985,,
NCL,New Caledonia,1986,,
NCL,New Caledonia,1987,,
NCL,New Caledonia,1988,,
NCL,New Caledonia,1989,,
NCL,New Caledonia,1990,,
NCL,New Caledonia,1991,,
NCL,New Caledonia,1992,,
NCL,New Caledonia,1993,,
NCL,New Caledonia,1994,,
NCL,New Caledonia,1995,,
NCL,New Caledonia,1996,,
NCL,New Caledonia,1997,,
NCL,New Caledonia,1998,,
NCL,New Caledonia,1999,,
NCL,New Caledonia,2000,,
NCL,New Caledonia,2001,,
NCL,New Caledonia,2002,,
NCL,New Caledonia,2003,,
NCL,New Caledonia,2004,,
NCL,New Caledonia,2005,,
NCL,New Caledonia,2006,,
NCL,New Caledonia,2007,,
NCL,New Caledonia,2008,,
NCL,New Caledonia,2009,,
NCL,New Caledonia,2010,,
NCL,New Caledonia,2011,,
NCL,New Caledonia,2012,,
NCL,New Caledonia,2013,,
NCL,New Caledonia,2014,,
NCL,New Caledonia,2015,,
NCL,New Caledonia,2016,,
NCL,New Caledonia,2017,,
NCL,New Caledonia,2018,,
NCL,New Caledonia,2019,,
NCL,New Caledonia,2020,,
NCL,New Caledonia,2021,,
NCL,New Caledonia,2022,,
NCL,New Caledonia,2023,,
NCL,New Caledonia,2024,,
NCL,New Caledonia,2025,,
NER,Niger,1960,,
NER,Niger,1961,,
NER,Niger,1962,,
NER,Niger,1963,,
NER,Niger,1964,,
NER,Niger,1965,,
NER,Niger,1966,,
NER,Niger,1967,,
NER,Niger,1968,,
NER,Niger,1969,,
NER,Niger,1970,,
NER,Niger,1971,,
NER,Niger,1972,,
NER,Niger,1973,,
NER,Niger,1974,,
NER,Niger,1975,7330399.9290757,0.870842572062084
NER,Niger,1976,8181627.95563926,0.82177385456074
NER,Niger,1977,11010257.245197,0.936634349030471
NER,Niger,1978,14774701.3152763,0.928173719376392
NER,Niger,1979,17482911.9696129,0.839124548736462
NER,Niger,1980,17039000.3786445,0.671391271913465
NER,Niger,1981,13984418.4137989,0.631753948462178
NER,Niger,1982,12781263.8844087,0.633484162895928
NER,Niger,1983,12354815.1763736,0.68519866103915
NER,Niger,1984,10632625.1782212,0.727756892230576
NER,Niger,1985,10877815.4444056,0.743835616438356
NER,Niger,1986,14412109.5216369,0.769503546099291
NER,Niger,1987,13662211.3084246,0.635210396039604
NER,Niger,1988,,
NER,Niger,1989,,
NER,Niger,1990,,
NER,Niger,1991,,
NER,Niger,1992,,
NER,Niger,1993,,
NER,Niger,1994,17471024.2162805,1.23237199847542
NER,Niger,1995,18431407.1177286,0.970976253298153
NER,Niger,1996,17398035.7813086,0.861401471157569
NER,Niger,1997,17304328.3093671,0.932594644506002
NER,Niger,1998,22035691.039271,1.06122448979592
NER,Niger,1999,23550468.6543262,1.16690809592789
NER,Niger,2000,20084946.6835961,1.16461081638404
NER,Niger,2001,24828146.9335192,1.32015978285548
NER,Niger,2002,20660327.0070647,0.963347955260515
NER,Niger,2003,24604267.0337233,0.931763626554351
NER,Niger,2004,31611724.7319155,1.09118729739427
NER,Niger,2005,32798198.1845344,0.715211768830327
NER,Niger,2006,,
NER,Niger,2007,,
NER,Niger,2008,53630486.4840723,0.73944643123804
NER,Niger,2009,53000300.72895,0.735262361389119
NER,Niger,2010,66889841.4422636,0.87650323651909
NER,Niger,2011,83947561.3839522,0.976041978774068
NER,Niger,2012,148865779.870604,1.62398436872309
NER,Niger,2013,106064286.292608,1.0452311825973
NER,Niger,2014,145600369.857069,1.33859819740079
NER,Niger,2015,,
NER,Niger,2016,166192292.328363,1.59964624315915
NER,Niger,2017,200183929.970367,1.80984292435405
NER,Niger,2018,229639906.143836,1.79380881698289
NER,Niger,2019,247632082.845528,1.91733600650351
NER,Niger,2020,238269588.33649,1.73360752172491
NER,Niger,2021,202404477.202902,1.35730093120168
NER,Niger,2022,242507046.323759,1.5729764923811
NER,Niger,2023,331917310.325695,1.97616000981122
NER,Niger,2024,435880522.487372,2.24177586841643
NER,Niger,2025,,
NGA,Nigeria,1960,23379990.6480037,0.695833333333333
NGA,Nigeria,1961,28279988.6880045,0.849453322119428
NGA,Nigeria,1962,38639984.5440062,1.09697933227345
NGA,Nigeria,1963,45499981.8000073,1.10319076714189
NGA,Nigeria,1964,54319978.2720087,1.23370429252782
NGA,Nigeria,1965,65939973.6240106,1.40145203522971
NGA,Nigeria,1966,55719977.7120089,1.10115095174856
NGA,Nigeria,1967,239959904.016038,5.80820060996272
NGA,Nigeria,1968,369039852.384059,9.1591382904795
NGA,Nigeria,1969,684459726.21611,10.316957879632
NGA,Nigeria,1970,662339735.064106,5.27925012553702
NGA,Nigeria,1971,639259541.899065,4.39211982188639
NGA,Nigeria,1972,904095638.361745,5.39026887908144
NGA,Nigeria,1973,1020223591.91056,5.47846811844983
NGA,Nigeria,1974,1351141235.19314,4.34401142623954
NGA,Nigeria,1975,3028584797.44989,8.12406844073322
NGA,Nigeria,1976,2644426038.26039,5.79139783442963
NGA,Nigeria,1977,3138198948.03948,6.02411790978115
NGA,Nigeria,1978,3022642269.76791,5.32604776301556
NGA,Nigeria,1979,3070825338.11694,4.32233407904549
NGA,Nigeria,1980,3029915084.83287,3.29560373980505
NGA,Nigeria,1981,2135475014.08432,2.77007205001291
NGA,Nigeria,1982,1651914513.23833,2.26720169230048
NGA,Nigeria,1983,1627393326.98334,2.21984130271864
NGA,Nigeria,1984,1210916249.52546,1.55679483416495
NGA,Nigeria,1985,1091662993.10564,1.43678626386977
NGA,Nigeria,1986,516893509.335887,1.31155364657903
NGA,Nigeria,1987,201691218.214958,0.769793676287504
NGA,Nigeria,1988,271106046.546484,0.88435129597009
NGA,Nigeria,1989,170705511.267894,0.579894648474617
NGA,Nigeria,1990,277297783.483801,0.833115305550364
NGA,Nigeria,1991,243705781.024049,0.773691292368809
NGA,Nigeria,1992,173657679.322943,0.564010709444363
NGA,Nigeria,1993,289231103.900224,0.933218301724012
NGA,Nigeria,1994,319694489.907256,0.781452287737133
NGA,Nigeria,1995,639406630.64676,0.483558767048935
NGA,Nigeria,1996,701412878.580176,0.406177811568832
NGA,Nigeria,1997,818784525.338,0.435835755422039
NGA,Nigeria,1998,1149684729.96436,0.548312392864221
NGA,Nigeria,1999,491671368.589997,0.855415630326234
NGA,Nigeria,2000,368644109.462423,0.543531645186578
NGA,Nigeria,2001,570632287.761505,0.780315876986167
NGA,Nigeria,2002,896913201.413193,0.95433804485135
NGA,Nigeria,2003,587461887.294733,0.570707544874932
NGA,Nigeria,2004,639990066.823189,0.490996769130759
NGA,Nigeria,2005,674208144.79638,0.397422937174069
NGA,Nigeria,2006,776148058.327892,0.348375434095589
NGA,Nigeria,2007,971321378.608673,0.370354831159892
NGA,Nigeria,2008,1615533210.73676,0.489084134608938
NGA,Nigeria,2009,1504486172.1132,0.505855627592204
NGA,Nigeria,2010,1990099668.65827,0.539231118131693
NGA,Nigeria,2011,2384936021.71384,0.579227031040921
NGA,Nigeria,2012,2316478199.86159,0.504264930204985
NGA,Nigeria,2013,2418760170.87063,0.469695304520636
NGA,Nigeria,2014,2357671219.29062,0.414718776586509
NGA,Nigeria,2015,2065557663.35091,0.417636537730714
NGA,Nigeria,2016,1723204266.39515,0.432947784673169
NGA,Nigeria,2017,1621218176.40317,0.430671218863917
NGA,Nigeria,2018,2043051719.21673,0.506944517393582
NGA,Nigeria,2019,1860260429.56134,0.459170524387093
NGA,Nigeria,2020,2567917819.04386,0.632022913474166
NGA,Nigeria,2021,4466397815.79541,1.01270192678284
NGA,Nigeria,2022,3109384939.12352,0.650166691789414
NGA,Nigeria,2023,3101259562.89729,0.842654277365197
NGA,Nigeria,2024,1133303623.27648,0.555429367236392
NGA,Nigeria,2025,,
NIC,Nicaragua,1960,,
NIC,Nicaragua,1961,,
NIC,Nicaragua,1962,,
NIC,Nicaragua,1963,,
NIC,Nicaragua,1964,,
NIC,Nicaragua,1965,,
NIC,Nicaragua,1966,,
NIC,Nicaragua,1967,,
NIC,Nicaragua,1968,6891062.97072754,1.45964542951095
NIC,Nicaragua,1969,6988120.19566737,1.37701531929543
NIC,Nicaragua,1970,8346921.34482491,1.58426055559649
NIC,Nicaragua,1971,8443978.56976473,1.50573737863237
NIC,Nicaragua,1972,10967466.4182002,1.86729019837893
NIC,Nicaragua,1973,10433752.9481418,1.42056716970161
NIC,Nicaragua,1974,14995341.2532029,1.45341316914625
NIC,Nicaragua,1975,18537929.9635065,1.74609414281405
NIC,Nicaragua,1976,25234878.4843544,2.0673642695843
NIC,Nicaragua,1977,35231772.6531563,2.46546314030727
NIC,Nicaragua,1978,44549266.2473795,3.2219457323258
NIC,Nicaragua,1979,32278195.0033354,3.10478654592497
NIC,Nicaragua,1980,47159888.987657,3.3461804193077
NIC,Nicaragua,1981,71927312.7005992,4.33559111285625
NIC,Nicaragua,1982,,
NIC,Nicaragua,1983,,
NIC,Nicaragua,1984,,
NIC,Nicaragua,1985,,
NIC,Nicaragua,1986,,
NIC,Nicaragua,1987,,
NIC,Nicaragua,1988,,
NIC,Nicaragua,1989,,
NIC,Nicaragua,1990,1142475979.61993,
NIC,Nicaragua,1991,67668345.4972453,4.00221575959008
NIC,Nicaragua,1992,47200000.0,2.63275323516287
NIC,Nicaragua,1993,40210589.6189068,2.10232558139535
NIC,Nicaragua,1994,35401494.5975534,1.18950040982787
NIC,Nicaragua,1995,35119851.4629075,1.10282030687536
NIC,Nicaragua,1996,31533400.5097505,0.949704913116282
NIC,Nicaragua,1997,30270700.5021126,0.894669832421458
NIC,Nicaragua,1998,26271274.5348189,0.735362192331601
NIC,Nicaragua,1999,26927929.6825383,0.71949282543475
NIC,Nicaragua,2000,30825265.6806786,0.782751441383728
NIC,Nicaragua,2001,28193450.444589,0.683524520762284
NIC,Nicaragua,2002,34831910.0713619,0.865165582304889
NIC,Nicaragua,2003,35307124.9817936,0.860737429085598
NIC,Nicaragua,2004,32628065.1557363,0.730793275300281
NIC,Nicaragua,2005,34123573.9513425,0.700404064217207
NIC,Nicaragua,2006,37285145.1337507,0.551255993486822
NIC,Nicaragua,2007,39472043.7975987,0.53172621458102
NIC,Nicaragua,2008,42659728.7824116,0.502058376769716
NIC,Nicaragua,2009,41721772.9049387,0.502751000926974
NIC,Nicaragua,2010,44272442.9210916,0.505472679188859
NIC,Nicaragua,2011,51453111.1339038,0.526411336509848
NIC,Nicaragua,2012,70132969.8004391,0.665903553721293
NIC,Nicaragua,2013,74532010.9372725,0.678614215031222
NIC,Nicaragua,2014,81391929.9411777,0.685091959091359
NIC,Nicaragua,2015,98932947.1510318,0.775537371941149
NIC,Nicaragua,2016,85073598.4439089,0.639876675817232
NIC,Nicaragua,2017,86725444.8392143,0.626510067010078
NIC,Nicaragua,2018,81593932.6938754,0.62717222145559
NIC,Nicaragua,2019,76931506.8493151,0.605020089397565
NIC,Nicaragua,2020,79343309.6033706,0.629971870953776
NIC,Nicaragua,2021,77919650.3033963,0.549759399022683
NIC,Nicaragua,2022,84214047.8636538,0.537113968209365
NIC,Nicaragua,2023,98592936.5029424,0.554656019996368
NIC,Nicaragua,2024,105264016.309888,0.545131278321867
NIC,Nicaragua,2025,,
NLD,Netherlands,1960,454719432.137141,3.70390179658833
NLD,Netherlands,1961,551530519.833364,4.08728387914001
NLD,Netherlands,1962,603866851.7301,4.12277525012795
NLD,Netherlands,1963,637373073.270509,4.01083448197299
NLD,Netherlands,1964,735383641.366547,3.93265268418307
NLD,Netherlands,1965,749993912.387075,3.57129033135163
NLD,Netherlands,1966,770691796.332822,3.37028428544947
NLD,Netherlands,1967,883921396.74191,3.52333580585187
NLD,Netherlands,1968,905836803.272701,3.25633492017265
NLD,Netherlands,1969,1017240119.80422,3.22892860322925
NLD,Netherlands,1970,1079942532.93399,2.86623555435659
NLD,Netherlands,1971,1249389090.08885,2.83882953486528
NLD,Netherlands,1972,1522236183.49229,2.8185399996365
NLD,Netherlands,1973,1917119276.03522,2.70299724962028
NLD,Netherlands,1974,2285358296.30965,2.65347166146325
NLD,Netherlands,1975,2814545010.93577,2.84386012856602
NLD,Netherlands,1976,2898055460.62995,2.68890944936651
NLD,Netherlands,1977,3704801156.51573,2.95445752206894
NLD,Netherlands,1978,4226968876.26796,2.74707053060561
NLD,Netherlands,1979,5038015817.1286,2.84023282824093
NLD,Netherlands,1980,5269306825.3363,2.78429856620748
NLD,Netherlands,1981,4527100426.5767,2.86311944233433
NLD,Netherlands,1982,4829535607.29229,3.1414705898142
NLD,Netherlands,1983,4256634366.67567,2.84858474479936
NLD,Netherlands,1984,3977294579.81924,2.86172441738649
NLD,Netherlands,1985,3884181821.80083,2.76821812094818
NLD,Netherlands,1986,5351016847.00972,2.72511978598847
NLD,Netherlands,1987,6542917224.65604,2.71346717798331
NLD,Netherlands,1988,6728811707.4389,2.6109094684565
NLD,Netherlands,1989,6399237698.5896,2.51740390550589
NLD,Netherlands,1990,7420849635.78912,2.36901988510143
NLD,Netherlands,1991,7246192325.00961,2.24853153093843
NLD,Netherlands,1992,7904561273.35182,2.21300259630903
NLD,Netherlands,1993,7054868961.85133,2.02782940845455
NLD,Netherlands,1994,7137373800.97303,1.91306097545144
NLD,Netherlands,1995,8011539559.49845,1.76873757696223
NLD,Netherlands,1996,7829004727.93771,1.73454966695627
NLD,Netherlands,1997,6839136798.54718,1.63818103121788
NLD,Netherlands,1998,6836084823.12962,1.55853398473808
NLD,Netherlands,1999,7026433290.32725,1.56975125135966
NLD,Netherlands,2000,5971807628.52405,1.43342083323197
NLD,Netherlands,2001,6200391942.80141,1.43475082877619
NLD,Netherlands,2002,6728153969.22498,1.42155215440017
NLD,Netherlands,2003,8356338470.08128,1.43794632366222
NLD,Netherlands,2004,9377114724.37963,1.42068916216587
NLD,Netherlands,2005,9566980052.72845,1.39083240225484
NLD,Netherlands,2006,10217765740.3144,1.38651514016655
NLD,Netherlands,2007,11480377423.5668,1.34687487455341
NLD,Netherlands,2008,12374848939.8323,1.29710010302488
NLD,Netherlands,2009,12131812075.6887,1.38580992838475
NLD,Netherlands,2010,11220523280.0694,1.31752879372712
NLD,Netherlands,2011,11647934608.0864,1.27726127378573
NLD,Netherlands,2012,10364720786.7464,1.22552534668627
NLD,Netherlands,2013,10226260324.8451,1.1572088159419
NLD,Netherlands,2014,10332602877.9244,1.14761127983414
NLD,Netherlands,2015,8667849617.38938,1.11786033539529
NLD,Netherlands,2016,9115240931.64471,1.14449960079147
NLD,Netherlands,2017,9580685498.2163,1.13721447777951
NLD,Netherlands,2018,11114927469.5183,1.1961416179648
NLD,Netherlands,2019,12000671742.0511,1.29180842332848
NLD,Netherlands,2020,13085717542.4598,1.40607718904592
NLD,Netherlands,2021,14395695364.2384,1.36537490886658
NLD,Netherlands,2022,13632443393.6069,1.30419995572639
NLD,Netherlands,2023,16624820117.4584,1.44136515676766
NLD,Netherlands,2024,23179211260.1708,1.91642541759119
NLD,Netherlands,2025,,
NOR,Norway,1960,148119940.752024,3.20043559803981
NOR,Norway,1961,165059933.976026,3.00420435724296
NOR,Norway,1962,191939923.224031,3.24151790991843
NOR,Norway,1963,205099917.960033,3.20842732309849
NOR,Norway,1964,219799912.080035,3.11916398458299
NOR,Norway,1965,265579893.768043,3.39793651930931
NOR,Norway,1966,272579890.968044,3.56795983067309
NOR,Norway,1967,293579882.568047,3.51256281407035
NOR,Norway,1968,321999871.200052,3.6078431372549
NOR,Norway,1969,350279859.888056,3.60425249935175
NOR,Norway,1970,388359844.656062,3.47283949071698
NOR,Norway,1971,428293444.786002,3.39150440491555
NOR,Norway,1972,491632831.176716,3.29146596752231
NOR,Norway,1973,607891665.206917,3.13360512105282
NOR,Norway,1974,710867536.387284,3.0355353426347
NOR,Norway,1975,912771143.34582,3.20843028338556
NOR,Norway,1976,977362861.310872,3.12402978167525
NOR,Norway,1977,1114680191.60327,3.09817680596454
NOR,Norway,1978,1307453860.46068,2.84131892913699
NOR,Norway,1979,1453771373.61845,2.76654591368918
NOR,Norway,1980,1668684529.13618,2.61901886888382
NOR,Norway,1981,1649618172.97992,2.62397215285996
NOR,Norway,1982,1697544015.13473,2.74459210641682
NOR,Norway,1983,1698789946.23354,2.79497153165342
NOR,Norway,1984,1554623805.05449,2.54443435066589
NOR,Norway,1985,1796625192.06768,2.79600023170273
NOR,Norway,1986,2168162775.1618,2.80841701830998
NOR,Norway,1987,2753415609.76334,2.97832442559969
NOR,Norway,1988,2894745725.78096,2.84075508520007
NOR,Norway,1989,2932580201.31798,2.85732026033112
NOR,Norway,1990,3394869435.47176,2.8339918998321
NOR,Norway,1991,3287551635.52339,2.69755102919046
NOR,Norway,1992,3803684930.4047,2.90717052046937
NOR,Norway,1993,3175583193.42893,2.63361861863617
NOR,Norway,1994,3403291213.13538,2.67698123806063
NOR,Norway,1995,3508040838.74756,2.30745749830242
NOR,Norway,1996,3537003415.60449,2.16304215907884
NOR,Norway,1997,3253032487.91246,2.01605130811152
NOR,Norway,1998,3324939364.62075,2.15582766096953
NOR,Norway,1999,3309198286.48433,2.03788030128002
NOR,Norway,2000,2922343509.99336,1.70442346991516
NOR,Norway,2001,2965973986.97681,1.70223168580233
NOR,Norway,2002,4065868548.48205,2.07531910404726
NOR,Norway,2003,4517514992.47199,1.96940449912105
NOR,Norway,2004,4887380337.43619,1.84243477657857
NOR,Norway,2005,4884904928.2111,1.57588467314326
NOR,Norway,2006,5011748966.60549,1.44466802794409
NOR,Norway,2007,5875288100.49013,1.45917207799086
NOR,Norway,2008,6370921985.8156,1.37033371660879
NOR,Norway,2009,6195603602.22825,1.59690979918941
NOR,Norway,2010,6498659038.37913,1.50762795492815
NOR,Norway,2011,7232260585.48231,1.44252755140788
NOR,Norway,2012,7143962183.06833,1.39318999611811
NOR,Norway,2013,7391829787.23404,1.40525218139781
NOR,Norway,2014,7336785328.3336,1.46227942776465
NOR,Norway,2015,5815228174.60317,1.49812327266489
NOR,Norway,2016,5997385047.52171,1.61734383599671
NOR,Norway,2017,6853260032.98516,1.70515328594991
NOR,Norway,2018,7541055169.17745,1.71529737478335
NOR,Norway,2019,7542135789.83282,1.84373537818427
NOR,Norway,2020,7225183140.46077,1.96598369239436
NOR,Norway,2021,8435121610.61329,1.67632184694899
NOR,Norway,2022,8697821939.02253,1.46436961628818
NOR,Norway,2023,8797762486.63076,1.81314737150102
NOR,Norway,2024,10435320375.7091,2.09124111193175
NOR,Norway,2025,,
NPL,Nepal,1960,,
NPL,Nepal,1961,,
NPL,Nepal,1962,,
NPL,Nepal,1963,,
NPL,Nepal,1964,,
NPL,Nepal,1965,,
NPL,Nepal,1966,,
NPL,Nepal,1967,,
NPL,Nepal,1968,,
NPL,Nepal,1969,,
NPL,Nepal,1970,5185185.18518519,0.593019315486276
NPL,Nepal,1971,5891358.02469136,0.617910602372197
NPL,Nepal,1972,6503703.7037037,0.64755629855443
NPL,Nepal,1973,7152747.93487084,0.65768099398516
NPL,Nepal,1974,8446969.6969697,0.60723646141802
NPL,Nepal,1975,10529138.0375904,0.682172824966878
NPL,Nepal,1976,11876000.0,0.856261175520563
NPL,Nepal,1977,13208000.0,0.89214308872798
NPL,Nepal,1978,14867263.944511,0.858464252509119
NPL,Nepal,1979,17300000.0,0.911205723565817
NPL,Nepal,1980,20083333.3333333,1.03207571410218
NPL,Nepal,1981,21959582.6949734,0.992053319661625
NPL,Nepal,1982,25491173.2282275,1.08945398218665
NPL,Nepal,1983,29081758.9307813,1.25292497260152
NPL,Nepal,1984,29211271.3707669,1.22061436912922
NPL,Nepal,1985,30532050.1578394,1.19582716208384
NPL,Nepal,1986,31053048.0739338,1.18285068360426
NPL,Nepal,1987,33928833.3211117,1.15918201177502
NPL,Nepal,1988,35789121.1376947,0.883106075309511
NPL,Nepal,1989,36331136.3502619,0.9016455507808
NPL,Nepal,1990,37929191.1253967,0.877698697720722
NPL,Nepal,1991,35431485.7066166,0.868794915188911
NPL,Nepal,1992,37607537.8943056,0.857172504281226
NPL,Nepal,1993,37041837.4232624,0.835090130011041
NPL,Nepal,1994,39252998.6335341,0.792864588289217
NPL,Nepal,1995,39766584.5061601,0.767151166826895
NPL,Nepal,1996,39547026.0354195,0.733931488597476
NPL,Nepal,1997,42587851.9897603,0.717627970083392
NPL,Nepal,1998,42273075.8854004,0.755393438669459
NPL,Nepal,1999,47484957.3706686,0.77194600709259
NPL,Nepal,2000,51358135.3085642,0.783989813425201
NPL,Nepal,2001,64701738.3751416,0.960767214148209
NPL,Nepal,2002,85405885.7217701,1.26633078093219
NPL,Nepal,2003,102934146.206926,1.39282050756047
NPL,Nepal,2004,130650327.932937,1.56868123796311
NPL,Nepal,2005,159326023.750306,1.68753218051244
NPL,Nepal,2006,157247689.52493,1.53003259651123
NPL,Nepal,2007,169575397.124144,1.35358169302232
NPL,Nepal,2008,187069695.835967,1.3995740545118
NPL,Nepal,2009,209703501.957568,1.43935498107438
NPL,Nepal,2010,254950072.106677,1.36781608986268
NPL,Nepal,2011,284518851.062623,1.35067285523943
NPL,Nepal,2012,256686839.473598,1.24370217046399
NPL,Nepal,2013,281038425.693598,1.3407258743985
NPL,Nepal,2014,328115662.238927,1.43375979820575
NPL,Nepal,2015,323797729.640271,1.36813102427041
NPL,Nepal,2016,356495278.640587,1.46937461345505
NPL,Nepal,2017,436745563.546622,1.48497718496345
NPL,Nepal,2018,429373005.932663,1.34998219265679
NPL,Nepal,2019,428696895.057622,1.23581135255825
NPL,Nepal,2020,434381673.461464,1.32338446484361
NPL,Nepal,2021,453263783.607849,1.21581594858048
NPL,Nepal,2022,454509775.336887,1.15743842490309
NPL,Nepal,2023,436462923.87932,1.07154635588773
NPL,Nepal,2024,426517834.461529,0.979452474186084
NPL,Nepal,2025,,
NRU,Nauru,1960,,
NRU,Nauru,1961,,
NRU,Nauru,1962,,
NRU,Nauru,1963,,
NRU,Nauru,1964,,
NRU,Nauru,1965,,
NRU,Nauru,1966,,
NRU,Nauru,1967,,
NRU,Nauru,1968,,
NRU,Nauru,1969,,
NRU,Nauru,1970,,
NRU,Nauru,1971,,
NRU,Nauru,1972,,
NRU,Nauru,1973,,
NRU,Nauru,1974,,
NRU,Nauru,1975,,
NRU,Nauru,1976,,
NRU,Nauru,1977,,
NRU,Nauru,1978,,
NRU,Nauru,1979,,
NRU,Nauru,1980,,
NRU,Nauru,1981,,
NRU,Nauru,1982,,
NRU,Nauru,1983,,
NRU,Nauru,1984,,
NRU,Nauru,1985,,
NRU,Nauru,1986,,
NRU,Nauru,1987,,
NRU,Nauru,1988,,
NRU,Nauru,1989,,
NRU,Nauru,1990,,
NRU,Nauru,1991,,
NRU,Nauru,1992,,
NRU,Nauru,1993,,
NRU,Nauru,1994,,
NRU,Nauru,1995,,
NRU,Nauru,1996,,
NRU,Nauru,1997,,
NRU,Nauru,1998,,
NRU,Nauru,1999,,
NRU,Nauru,2000,,
NRU,Nauru,2001,,
NRU,Nauru,2002,,
NRU,Nauru,2003,,
NRU,Nauru,2004,,
NRU,Nauru,2005,,
NRU,Nauru,2006,,
NRU,Nauru,2007,,
NRU,Nauru,2008,,
NRU,Nauru,2009,,
NRU,Nauru,2010,,
NRU,Nauru,2011,,
NRU,Nauru,2012,,
NRU,Nauru,2013,,
NRU,Nauru,2014,,
NRU,Nauru,2015,,
NRU,Nauru,2016,,
NRU,Nauru,2017,,
NRU,Nauru,2018,,
NRU,Nauru,2019,,
NRU,Nauru,2020,,
NRU,Nauru,2021,,
NRU,Nauru,2022,,
NRU,Nauru,2023,,
NRU,Nauru,2024,,
NRU,Nauru,2025,,
NZL,New Zealand,1960,101219676.097036,2.69073315965761
NZL,New Zealand,1961,96678751.2194031,2.48562702120014
NZL,New Zealand,1962,96323106.1438221,2.30993664554852
NZL,New Zealand,1963,100042547.629708,2.1982890314696
NZL,New Zealand,1964,123402030.606484,2.47283365840067
NZL,New Zealand,1965,126982427.550842,2.35555842145989
NZL,New Zealand,1966,148221481.26931,2.639267145333
NZL,New Zealand,1967,149591230.887079,2.62371503705475
NZL,New Zealand,1968,135520021.683203,2.72768259693418
NZL,New Zealand,1969,147560023.609604,2.56622516556291
NZL,New Zealand,1970,171920027.507204,2.63203017832647
NZL,New Zealand,1971,180841169.784024,2.31670061099796
NZL,New Zealand,1972,206172013.195009,2.18326794076699
NZL,New Zealand,1973,246331492.972427,1.97304054788564
NZL,New Zealand,1974,291444123.102643,2.06537890044577
NZL,New Zealand,1975,292259947.351158,2.08476174151526
NZL,New Zealand,1976,271671526.236703,1.9360329054677
NZL,New Zealand,1977,307431743.844086,2.11589846359385
NZL,New Zealand,1978,388573502.345957,2.20987144710461
NZL,New Zealand,1979,436892310.899722,2.1596362717858
NZL,New Zealand,1980,676939260.529084,3.02279053583855
NZL,New Zealand,1981,660354444.434806,2.72937506722599
NZL,New Zealand,1982,608767756.507905,2.58285841637747
NZL,New Zealand,1983,567555469.444203,2.43835930996871
NZL,New Zealand,1984,530331804.602067,2.37762415493316
NZL,New Zealand,1985,529191398.508429,2.36462612075438
NZL,New Zealand,1986,691134040.017563,2.36758702191663
NZL,New Zealand,1987,925756538.570484,2.40727668912179
NZL,New Zealand,1988,961838312.368973,2.11567282473989
NZL,New Zealand,1989,959602906.43782,2.18128925260325
NZL,New Zealand,1990,1057749671.87686,2.31118179211096
NZL,New Zealand,1991,989033810.015518,2.27879899517525
NZL,New Zealand,1992,870398917.171109,2.09692028985507
NZL,New Zealand,1993,866788074.638883,1.93570187294845
NZL,New Zealand,1994,979531816.995944,1.85336848600438
NZL,New Zealand,1995,1146415728.27257,1.8424965987112
NZL,New Zealand,1996,1238271986.80276,1.79266217547491
NZL,New Zealand,1997,1180888906.52068,1.71947356766697
NZL,New Zealand,1998,969356349.524957,1.71057230025219
NZL,New Zealand,1999,970306041.9875,1.64847514924836
NZL,New Zealand,2000,858414919.473911,1.59661664300683
NZL,New Zealand,2001,796636889.122438,1.50037212395687
NZL,New Zealand,2002,865788852.968518,1.40027526778768
NZL,New Zealand,2003,1091067206.43873,1.32758202233317
NZL,New Zealand,2004,1193495610.74877,1.17679545518528
NZL,New Zealand,2005,1290641961.84914,1.13990601161353
NZL,New Zealand,2006,1359530752.05294,1.24082789303303
NZL,New Zealand,2007,1591740762.99788,1.18207112642705
NZL,New Zealand,2008,1534982791.09377,1.15276441116352
NZL,New Zealand,2009,1462024510.98675,1.21981164874631
NZL,New Zealand,2010,1756916553.18014,1.20991906751486
NZL,New Zealand,2011,1937686540.63406,1.16234930052697
NZL,New Zealand,2012,1953081553.6183,1.11637221213693
NZL,New Zealand,2013,1952413462.24814,1.04392336294516
NZL,New Zealand,2014,1994775497.22439,0.998146779850979
NZL,New Zealand,2015,1734778849.00364,0.987950412435414
NZL,New Zealand,2016,1921815616.69147,1.03552843699621
NZL,New Zealand,2017,2145345647.77,1.05195301181686
NZL,New Zealand,2018,2302338733.47458,1.10543396326223
NZL,New Zealand,2019,2726151285.43177,1.29326329516102
NZL,New Zealand,2020,2810182349.12395,1.3399501211388
NZL,New Zealand,2021,2905571074.96464,1.16477544956865
NZL,New Zealand,2022,2829085839.02203,1.17089864666233
NZL,New Zealand,2023,3029024714.66575,1.22064828880902
NZL,New Zealand,2024,2998527517.58211,1.19404695449297
NZL,New Zealand,2025,,
OMN,Oman,1960,,
OMN,Oman,1961,,
OMN,Oman,1962,,
OMN,Oman,1963,,
OMN,Oman,1964,,
OMN,Oman,1965,,
OMN,Oman,1966,,
OMN,Oman,1967,,
OMN,Oman,1968,,
OMN,Oman,1969,,
OMN,Oman,1970,,
OMN,Oman,1971,29065079.3001273,9.65227817745803
OMN,Oman,1972,54524419.3833334,14.8615056818182
OMN,Oman,1973,89826506.5188379,18.595041322314
OMN,Oman,1974,255573248.407643,15.5277044854881
OMN,Oman,1975,523306311.522872,24.9585749792875
OMN,Oman,1976,589099594.672843,23.0097252063779
OMN,Oman,1977,514837869.137232,18.7816856780735
OMN,Oman,1978,574334105.385061,20.949941915725
OMN,Oman,1979,584105385.060799,15.6407473447554
OMN,Oman,1980,883757961.78344,14.9098813070874
OMN,Oman,1981,1133468442.38564,15.7134256472005
OMN,Oman,1982,1261580775.91199,16.6660292205309
OMN,Oman,1983,1457006369.42675,17.1593698854337
OMN,Oman,1984,1580789642.06406,16.8930416756907
OMN,Oman,1985,1617713053.17101,15.5614660502423
OMN,Oman,1986,1305689796.90142,15.8665775911433
OMN,Oman,1987,1139141742.52276,13.2023149264529
OMN,Oman,1988,1148894668.40052,13.6997984183594
OMN,Oman,1989,1171521456.43693,12.5
OMN,Oman,1990,1447919375.81274,12.3909414645003
OMN,Oman,1991,1254811443.43303,11.0639102916896
OMN,Oman,1992,1517165149.54486,12.1840929027946
OMN,Oman,1993,1439921976.59298,11.5257307019735
OMN,Oman,1994,1520091027.30819,11.766452600004
OMN,Oman,1995,1513849154.74642,10.9676477238468
OMN,Oman,1996,1437191157.3472,9.40707829017925
OMN,Oman,1997,1482054616.38492,9.3579111585516
OMN,Oman,1998,1318205461.63849,8.21609216715177
OMN,Oman,1999,1340442132.63979,7.51678821932738
OMN,Oman,2000,1577243172.95189,7.08570878292736
OMN,Oman,2001,1819895968.79064,8.19564037118769
OMN,Oman,2002,1868465539.6619,8.10066565457833
OMN,Oman,2003,1969310793.23797,7.96203498651595
OMN,Oman,2004,2230689206.76203,7.86037959717824
OMN,Oman,2005,2739011703.51105,7.71403410853305
OMN,Oman,2006,3022626788.03641,7.09909361868035
OMN,Oman,2007,3244603381.0143,6.71756431693885
OMN,Oman,2008,3462483745.12354,4.96024822382651
OMN,Oman,2009,3367490247.07412,6.07257047519031
OMN,Oman,2010,3671391417.42523,5.64885516492993
OMN,Oman,2011,5000715214.56437,6.45275108066004
OMN,Oman,2012,9250650195.05852,10.5832031528957
OMN,Oman,2013,8766319895.96879,9.74727260107489
OMN,Oman,2014,8213524057.21717,8.86041181394662
OMN,Oman,2015,7533550065.0195,9.57116730321235
OMN,Oman,2016,7935955786.73602,10.5631262289399
OMN,Oman,2017,6802665799.73992,8.41324995212154
OMN,Oman,2018,7565344603.38101,8.26760144238502
OMN,Oman,2019,6551040312.09363,7.43921190765759
OMN,Oman,2020,6095708712.61378,8.03024250539625
OMN,Oman,2021,5783615084.52536,6.62317519939364
OMN,Oman,2022,5783485045.51365,5.2647590817834
OMN,Oman,2023,5851755526.658,5.52596096461175
OMN,Oman,2024,5988296488.94668,5.59419531945284
OMN,Oman,2025,,
PAK,Pakistan,1960,208845208.845209,4.31266261925412
PAK,Pakistan,1961,210105210.10521,4.09789064099939
PAK,Pakistan,1962,200340200.3402,3.65587277256179
PAK,Pakistan,1963,219660219.66022,3.64841297523544
PAK,Pakistan,1964,257880257.880258,3.86589013064694
PAK,Pakistan,1965,439635439.63544,5.90466788887322
PAK,Pakistan,1966,549675549.67555,6.73052198508614
PAK,Pakistan,1967,478275478.275478,5.40460370194589
PAK,Pakistan,1968,492555492.555493,5.1039059949951
PAK,Pakistan,1969,552720552.720553,5.51204188481675
PAK,Pakistan,1970,635250635.250635,6.15838762214984
PAK,Pakistan,1971,739410739.410739,6.73553323768532
PAK,Pakistan,1972,478207381.775708,6.86595551145291
PAK,Pakistan,1973,477624634.164645,6.21064272703617
PAK,Pakistan,1974,609191919.191919,6.09099631368984
PAK,Pakistan,1975,771161616.161616,6.32152024509398
PAK,Pakistan,1976,833181818.181818,5.88947199314555
PAK,Pakistan,1977,913585858.585859,5.5474116781158
PAK,Pakistan,1978,1031868686.86869,5.50329966329966
PAK,Pakistan,1979,1181818181.81818,5.45327429503612
PAK,Pakistan,1980,1429292929.29293,5.52324446699715
PAK,Pakistan,1981,1737373737.37374,5.71087057573544
PAK,Pakistan,1982,1852711542.51952,6.37571708663133
PAK,Pakistan,1983,1985972402.22612,6.64379805914383
PAK,Pakistan,1984,2114435830.07625,6.65949145701601
PAK,Pakistan,1985,2143969262.44946,6.92213359819193
PAK,Pakistan,1986,2282625018.77159,6.99165601052428
PAK,Pakistan,1987,2500172425.68453,6.97188008366256
PAK,Pakistan,1988,2721723239.62829,6.78581073127497
PAK,Pakistan,1989,2580142638.07414,6.53272525576236
PAK,Pakistan,1990,2810101624.33087,6.52232023523122
PAK,Pakistan,1991,3067123794.15818,6.57095278815428
PAK,Pakistan,1992,3388776372.65377,6.69818754925138
PAK,Pakistan,1993,3308760744.5779,6.42731262310377
PAK,Pakistan,1994,3320617929.37389,5.92354829296761
PAK,Pakistan,1995,3665932426.75246,5.82022528285793
PAK,Pakistan,1996,3547799671.27419,6.03716630506556
PAK,Pakistan,1997,3320238862.60535,5.6212164889017
PAK,Pakistan,1998,3218881738.28494,5.4150950442544
PAK,Pakistan,1999,3080764514.44121,5.18989926490607
PAK,Pakistan,2000,2973072721.91798,4.16872271381496
PAK,Pakistan,2001,2842046790.42489,3.87893394479455
PAK,Pakistan,2002,3273401893.38254,4.07377016787657
PAK,Pakistan,2003,3722814794.29284,4.09142718735613
PAK,Pakistan,2004,4128195489.36711,3.95603411669147
PAK,Pakistan,2005,4587117425.1653,3.89701939256291
PAK,Pakistan,2006,4969197611.46682,3.64525520437771
PAK,Pakistan,2007,5342575137.68038,3.51198610011098
PAK,Pakistan,2008,5226678786.50153,3.45937100362745
PAK,Pakistan,2009,5274564970.76961,3.26522399322955
PAK,Pakistan,2010,5974613176.07619,3.04189326480607
PAK,Pakistan,2011,6954787511.26317,2.91924318438144
PAK,Pakistan,2012,7478831888.57671,3.09577353673779
PAK,Pakistan,2013,7655678989.26487,3.08802003540329
PAK,Pakistan,2014,8676510710.11249,3.09657969704779
PAK,Pakistan,2015,9506441631.23121,3.16298664508296
PAK,Pakistan,2016,10004709598.8137,3.20377671550622
PAK,Pakistan,2017,11378168955.0744,3.36444910317801
PAK,Pakistan,2018,11537426075.7681,3.58696176378502
PAK,Pakistan,2019,10223117331.0075,3.50584031595126
PAK,Pakistan,2020,10241024484.5759,3.48667909020303
PAK,Pakistan,2021,11649407810.4994,3.38923879613996
PAK,Pakistan,2022,10358138590.2913,3.17683202352522
PAK,Pakistan,2023,8626157588.37011,2.88079974069692
PAK,Pakistan,2024,10165952756.2448,2.66760037007452
PAK,Pakistan,2025,,
PAN,Panama,1960,,
PAN,Panama,1961,,
PAN,Panama,1962,,
PAN,Panama,1963,,
PAN,Panama,1964,,
PAN,Panama,1965,,
PAN,Panama,1966,,
PAN,Panama,1967,,
PAN,Panama,1968,,
PAN,Panama,1969,,
PAN,Panama,1970,,
PAN,Panama,1971,,
PAN,Panama,1972,,
PAN,Panama,1973,,
PAN,Panama,1974,,
PAN,Panama,1975,,
PAN,Panama,1976,,
PAN,Panama,1977,,
PAN,Panama,1978,,
PAN,Panama,1979,,
PAN,Panama,1980,,
PAN,Panama,1981,,
PAN,Panama,1982,,
PAN,Panama,1983,,
PAN,Panama,1984,,
PAN,Panama,1985,,
PAN,Panama,1986,,
PAN,Panama,1987,103800000.0,1.84098043736587
PAN,Panama,1988,102900000.0,2.1109857421274
PAN,Panama,1989,101900000.0,2.0849104859335
PAN,Panama,1990,73100000.0,1.25635913653238
PAN,Panama,1991,78600000.0,1.22854731313889
PAN,Panama,1992,78800000.0,1.08347426748615
PAN,Panama,1993,95200000.0,1.19864522871209
PAN,Panama,1994,101000000.0,1.19255655788032
PAN,Panama,1995,96600000.0,1.11575688974104
PAN,Panama,1996,101200000.0,1.08559230216368
PAN,Panama,1997,118000000.0,1.17017056723522
PAN,Panama,1998,104000000.0,0.951292019208781
PAN,Panama,1999,111600000.0,0.974136501313688
PAN,Panama,2000,0.0,
PAN,Panama,2001,0.0,
PAN,Panama,2002,0.0,
PAN,Panama,2003,0.0,
PAN,Panama,2004,0.0,
PAN,Panama,2005,0.0,
PAN,Panama,2006,0.0,
PAN,Panama,2007,0.0,
PAN,Panama,2008,0.0,
PAN,Panama,2009,0.0,
PAN,Panama,2010,0.0,
PAN,Panama,2011,0.0,
PAN,Panama,2012,0.0,
PAN,Panama,2013,0.0,
PAN,Panama,2014,0.0,
PAN,Panama,2015,0.0,
PAN,Panama,2016,0.0,
PAN,Panama,2017,0.0,
PAN,Panama,2018,0.0,
PAN,Panama,2019,0.0,
PAN,Panama,2020,0.0,
PAN,Panama,2021,0.0,
PAN,Panama,2022,0.0,
PAN,Panama,2023,0.0,
PAN,Panama,2024,0.0,
PAN,Panama,2025,,
PER,Peru,1960,49085687.4926738,2.50800127271706
PER,Peru,1961,63020431.2984073,2.64475743348983
PER,Peru,1962,66368381.8046234,2.42506811989101
PER,Peru,1963,97315436.2416107,3.31639135959339
PER,Peru,1964,120432513.049963,3.34022750775595
PER,Peru,1965,132736763.609247,3.09834638816362
PER,Peru,1966,145041014.168531,2.84356725146199
PER,Peru,1967,243980653.458211,4.70363288718929
PER,Peru,1968,113178294.573643,2.35737351991389
PER,Peru,1969,128940568.475452,2.38755980861244
PER,Peru,1970,218087855.297158,3.50643955130868
PER,Peru,1971,247286821.705426,3.61951588502269
PER,Peru,1972,276485788.113695,3.63081099423142
PER,Peru,1973,364341085.271318,3.92538975501114
PER,Peru,1974,454780361.757106,3.93296089385475
PER,Peru,1975,710909865.546385,5.21628498727735
PER,Peru,1976,778394355.385449,5.67691301504251
PER,Peru,1977,1031640129.7326,8.21438699309954
PER,Peru,1978,665178542.875234,6.19970193740686
PER,Peru,1979,520650234.292605,3.35243553008596
PER,Peru,1980,948572813.349258,4.55906821963394
PER,Peru,1981,994511245.080721,3.98481973434535
PER,Peru,1982,1268695336.79202,5.11265164644714
PER,Peru,1983,927159637.241117,4.84595635430039
PER,Peru,1984,666310916.249621,3.35755813953488
PER,Peru,1985,666976464.478036,3.87014909590779
PER,Peru,1986,867538985.481269,3.34929554073131
PER,Peru,1987,1455232302.59328,3.41149604544948
PER,Peru,1988,736618231.495281,2.18520096250158
PER,Peru,1989,862654199.43815,2.19047619047619
PER,Peru,1990,777066944.849536,2.68237879230488
PER,Peru,1991,697734627.831715,2.01981593068921
PER,Peru,1992,904617804.997472,2.50703504732668
PER,Peru,1993,956586464.955339,2.74610246918215
PER,Peru,1994,1111161731.20729,2.47419793989292
PER,Peru,1995,1413463629.38407,2.63532409935627
PER,Peru,1996,1396469288.6811,2.50202659772583
PER,Peru,1997,1178753608.06555,1.99676996833552
PER,Peru,1998,1141808873.72014,2.01666134194933
PER,Peru,1999,992217726.322883,1.93063071870992
PER,Peru,2000,912005730.659026,1.78896684869544
PER,Peru,2001,904235449.10931,1.75202012964839
PER,Peru,2002,839613251.812882,1.54184022087652
PER,Peru,2003,891253913.358459,1.5094994978724
PER,Peru,2004,922046074.47036,1.38222353551043
PER,Peru,2005,1203039421.37744,1.58127268565483
PER,Peru,2006,1291060139.52319,1.45621492625964
PER,Peru,2007,1332655375.70731,1.30393825370825
PER,Peru,2008,1503663891.38051,1.24669488192926
PER,Peru,2009,1848562930.06419,1.52962572422539
PER,Peru,2010,2178945723.33363,1.47697203873093
PER,Peru,2011,2355167833.84937,1.37118305528699
PER,Peru,2012,2857983382.19855,1.48351279277452
PER,Peru,2013,3305451871.31792,1.64306905104789
PER,Peru,2014,3217574656.89716,1.60248762240244
PER,Peru,2015,3312214570.18629,1.74508054943009
PER,Peru,2016,2536072334.8143,1.32190839942957
PER,Peru,2017,2665785313.29571,1.2652396703256
PER,Peru,2018,2648683287.36167,1.18979117011669
PER,Peru,2019,2766847335.14002,1.20589146228792
PER,Peru,2020,2653592900.08589,1.31677830419866
PER,Peru,2021,2657501774.59326,1.1644987739258
PER,Peru,2022,2799190985.0433,1.135133506685
PER,Peru,2023,3308611848.31344,1.23585995220031
PER,Peru,2024,2565268613.71996,0.909288680359786
PER,Peru,2025,,
PHL,Philippines,1960,123821339.950372,1.77845890655072
PHL,Philippines,1961,128712871.287129,1.70290804296568
PHL,Philippines,1962,82889601.2446853,1.80881578177135
PHL,Philippines,1963,94235401.823845,1.85586220789686
PHL,Philippines,1964,93605898.7061414,1.70494246983742
PHL,Philippines,1965,93114395.1273544,1.54919986380661
PHL,Philippines,1966,109615384.615385,1.65172706900549
PHL,Philippines,1967,129487179.487179,1.73993936052922
PHL,Philippines,1968,153846153.846154,1.86747175448971
PHL,Philippines,1969,189230769.230769,2.09088848594742
PHL,Philippines,1970,155055171.187345,2.15675650207312
PHL,Philippines,1971,161310133.696948,2.06999062269308
PHL,Philippines,1972,196259385.992773,2.33615693267945
PHL,Philippines,1973,301201252.760395,2.81380492796106
PHL,Philippines,1974,521518532.3231,3.55803925904335
PHL,Philippines,1975,,
PHL,Philippines,1976,714759968.065632,3.93133834052871
PHL,Philippines,1977,754442226.070606,3.62130898810836
PHL,Philippines,1978,622746328.959944,2.58176721881701
PHL,Philippines,1979,874273979.844257,2.96493107109859
PHL,Philippines,1980,879326572.969461,2.70975470668598
PHL,Philippines,1981,982322001.607666,2.75572096194548
PHL,Philippines,1982,964637002.34192,2.59728794963065
PHL,Philippines,1983,800165576.322586,2.40925335363623
PHL,Philippines,1984,513453143.059041,1.63475893311674
PHL,Philippines,1985,609330746.534962,1.98257335853662
PHL,Philippines,1986,593798594.11254,1.98805361257508
PHL,Philippines,1987,652382133.150522,1.96524714249726
PHL,Philippines,1988,931561008.215334,2.45888921422154
PHL,Philippines,1989,954928761.035484,2.24292339676955
PHL,Philippines,1990,951481869.97388,2.14724666740931
PHL,Philippines,1991,913219741.908249,2.01072106794016
PHL,Philippines,1992,1078843704.06663,2.03646157033354
PHL,Philippines,1993,1173017500.12906,2.15753564016657
PHL,Philippines,1994,1392199021.8494,2.17244658668699
PHL,Philippines,1995,1700402496.64586,2.29413153545476
PHL,Philippines,1996,1879303176.29243,2.2684076761575
PHL,Philippines,1997,1576447115.27042,1.9144613761672
PHL,Philippines,1998,1225561280.50943,1.69729337975318
PHL,Philippines,1999,1341016654.30172,1.61577584612539
PHL,Philippines,2000,1303077685.47914,1.60822662086796
PHL,Philippines,2001,1122103991.55956,1.4713788325538
PHL,Philippines,2002,1199121766.69845,1.47389018793368
PHL,Philippines,2003,1301286084.05761,1.55084482917909
PHL,Philippines,2004,1243221347.64694,1.36062650970663
PHL,Philippines,2005,1372702435.30512,1.27788393643261
PHL,Philippines,2006,1607271267.46346,1.2590953916093
PHL,Philippines,2007,2014371029.11477,1.29142591630931
PHL,Philippines,2008,2270904919.08319,1.25032908798354
PHL,Philippines,2009,2115785124.48694,1.2023233937147
PHL,Philippines,2010,2438189568.98405,1.17013220060251
PHL,Philippines,2011,2701492158.26159,1.15341455205701
PHL,Philippines,2012,2898685257.45463,1.10670418975985
PHL,Philippines,2013,3377027861.15129,1.18950172893764
PHL,Philippines,2014,3103131460.15886,1.04312706559466
PHL,Philippines,2015,3335550049.02957,1.08846303958172
PHL,Philippines,2016,3331502847.06337,1.04558514673889
PHL,Philippines,2017,3836464209.62757,1.16796083355235
PHL,Philippines,2018,4107401278.80522,1.18424717696738
PHL,Philippines,2019,4268129892.72253,1.13133132483668
PHL,Philippines,2020,4693073497.10808,1.29724003910725
PHL,Philippines,2021,5546091354.063,1.40682254131819
PHL,Philippines,2022,5321933197.64622,1.31630135538263
PHL,Philippines,2023,5142604807.85825,1.17630268153778
PHL,Philippines,2024,6117535232.86185,1.32426895346612
PHL,Philippines,2025,,
PLW,Palau,1960,,
PLW,Palau,1961,,
PLW,Palau,1962,,
PLW,Palau,1963,,
PLW,Palau,1964,,
PLW,Palau,1965,,
PLW,Palau,1966,,
PLW,Palau,1967,,
PLW,Palau,1968,,
PLW,Palau,1969,,
PLW,Palau,1970,,
PLW,Palau,1971,,
PLW,Palau,1972,,
PLW,Palau,1973,,
PLW,Palau,1974,,
PLW,Palau,1975,,
PLW,Palau,1976,,
PLW,Palau,1977,,
PLW,Palau,1978,,
PLW,Palau,1979,,
PLW,Palau,1980,,
PLW,Palau,1981,,
PLW,Palau,1982,,
PLW,Palau,1983,,
PLW,Palau,1984,,
PLW,Palau,1985,,
PLW,Palau,1986,,
PLW,Palau,1987,,
PLW,Palau,1988,,
PLW,Palau,1989,,
PLW,Palau,1990,,
PLW,Palau,1991,,
PLW,Palau,1992,,
PLW,Palau,1993,,
PLW,Palau,1994,,
PLW,Palau,1995,,
PLW,Palau,1996,,
PLW,Palau,1997,,
PLW,Palau,1998,,
PLW,Palau,1999,,
PLW,Palau,2000,,
PLW,Palau,2001,,
PLW,Palau,2002,,
PLW,Palau,2003,,
PLW,Palau,2004,,
PLW,Palau,2005,,
PLW,Palau,2006,,
PLW,Palau,2007,,
PLW,Palau,2008,,
PLW,Palau,2009,,
PLW,Palau,2010,,
PLW,Palau,2011,,
PLW,Palau,2012,,
PLW,Palau,2013,,
PLW,Palau,2014,,
PLW,Palau,2015,,
PLW,Palau,2016,,
PLW,Palau,2017,,
PLW,Palau,2018,,
PLW,Palau,2019,,
PLW,Palau,2020,,
PLW,Palau,2021,,
PLW,Palau,2022,,
PLW,Palau,2023,,
PLW,Palau,2024,,
PLW,Palau,2025,,
PNG,Papua New Guinea,1960,,
PNG,Papua New Guinea,1961,,
PNG,Papua New Guinea,1962,,
PNG,Papua New Guinea,1963,,
PNG,Papua New Guinea,1964,,
PNG,Papua New Guinea,1965,,
PNG,Papua New Guinea,1966,,
PNG,Papua New Guinea,1967,,
PNG,Papua New Guinea,1968,,
PNG,Papua New Guinea,1969,,
PNG,Papua New Guinea,1970,,
PNG,Papua New Guinea,1971,,
PNG,Papua New Guinea,1972,,
PNG,Papua New Guinea,1973,,
PNG,Papua New Guinea,1974,,
PNG,Papua New Guinea,1975,7933048.21486779,0.603585657370518
PNG,Papua New Guinea,1976,21985174.1975033,1.63125877398222
PNG,Papua New Guinea,1977,22276752.3199159,1.25008863362405
PNG,Papua New Guinea,1978,27421800.6136051,1.26644951140065
PNG,Papua New Guinea,1979,30150739.6485036,1.21030962720659
PNG,Papua New Guinea,1980,38795968.6770619,1.40308322552824
PNG,Papua New Guinea,1981,38248532.2460091,1.40963855421687
PNG,Papua New Guinea,1982,,
PNG,Papua New Guinea,1983,,
PNG,Papua New Guinea,1984,,
PNG,Papua New Guinea,1985,34289370.2952085,1.55887833477253
PNG,Papua New Guinea,1986,37450561.7584264,1.56493310964856
PNG,Papua New Guinea,1987,42383569.0974437,1.61078320565951
PNG,Papua New Guinea,1988,46294747.8412508,1.26628600271302
PNG,Papua New Guinea,1989,53074242.2248797,1.49653610007552
PNG,Papua New Guinea,1990,68691099.4764398,1.4191337327407
PNG,Papua New Guinea,1991,52642141.6630504,0.924685894061952
PNG,Papua New Guinea,1992,58569676.6642859,0.890351343106268
PNG,Papua New Guinea,1993,68596992.1599056,0.917458233626881
PNG,Papua New Guinea,1994,83255878.3396286,1.01320529871609
PNG,Papua New Guinea,1995,56405488.1860232,0.775516093293818
PNG,Papua New Guinea,1996,78744873.2819335,1.01731136644028
PNG,Papua New Guinea,1997,79556597.1473675,1.0753537542736
PNG,Papua New Guinea,1998,49720532.9886815,0.87922032066839
PNG,Papua New Guinea,1999,35678026.4278796,0.691394522292367
PNG,Papua New Guinea,2000,33606981.6257872,0.639107654317662
PNG,Papua New Guinea,2001,25230765.5988102,0.547294852305232
PNG,Papua New Guinea,2002,17020861.4661046,0.371637931460894
PNG,Papua New Guinea,2003,19307132.1331855,0.345763181450338
PNG,Papua New Guinea,2004,24421729.4432342,0.389122470657362
PNG,Papua New Guinea,2005,30464707.6838763,0.416637769353025
PNG,Papua New Guinea,2006,31307966.3562042,0.376920047262702
PNG,Papua New Guinea,2007,39287099.3306018,0.411602600339175
PNG,Papua New Guinea,2008,39332022.2659245,0.337014470677837
PNG,Papua New Guinea,2009,52048171.7807444,0.447943023146847
PNG,Papua New Guinea,2010,46335624.3725384,0.32514450867052
PNG,Papua New Guinea,2011,64193136.1425914,0.356925097321889
PNG,Papua New Guinea,2012,110623185.275838,0.519471738934463
PNG,Papua New Guinea,2013,105100890.617551,0.494549266247379
PNG,Papua New Guinea,2014,112375755.926034,0.484413309982487
PNG,Papua New Guinea,2015,99840642.6789849,0.459900166389351
PNG,Papua New Guinea,2016,79051319.3098808,0.381076923076923
PNG,Papua New Guinea,2017,80860755.5171601,0.355034482758621
PNG,Papua New Guinea,2018,79956905.785118,0.330226700251889
PNG,Papua New Guinea,2019,91734539.9698341,0.362698688154268
PNG,Papua New Guinea,2020,93461981.5668203,0.393261831182209
PNG,Papua New Guinea,2021,87785527.4629468,0.329678128303653
PNG,Papua New Guinea,2022,132790940.612421,0.420977241775767
PNG,Papua New Guinea,2023,97049257.0231916,0.336863761991679
PNG,Papua New Guinea,2024,91005056.1232259,0.307995782327758
PNG,Papua New Guinea,2025,,
POL,Poland,1960,3550000000.0,
POL,Poland,1961,4025000000.0,
POL,Poland,1962,4375000000.0,
POL,Poland,1963,4950000000.0,
POL,Poland,1964,5200000000.0,
POL,Poland,1965,5525000000.0,
POL,Poland,1966,5975000000.0,
POL,Poland,1967,6275000000.0,
POL,Poland,1968,7225000000.0,
POL,Poland,1969,7975000000.0,
POL,Poland,1970,8525000000.0,
POL,Poland,1971,9452062887.04014,
POL,Poland,1972,10054347826.087,
POL,Poland,1973,12059701492.5373,
POL,Poland,1974,13162650602.4096,
POL,Poland,1975,14337349397.5904,
POL,Poland,1976,15572289156.6265,
POL,Poland,1977,17379518072.2892,
POL,Poland,1978,10292598967.2978,
POL,Poland,1979,1936746987.95181,
POL,Poland,1980,1506218238.81022,2.65232974910394
POL,Poland,1981,1567860808.36714,2.91318561569197
POL,Poland,1982,2122035928.42609,3.24558240173098
POL,Poland,1983,2195521572.91098,2.90294627383016
POL,Poland,1984,2313670081.24338,3.05503731343284
POL,Poland,1985,2140789169.64565,3.01579703207276
POL,Poland,1986,2173578188.91304,2.94140353586042
POL,Poland,1987,1765484772.69384,2.76269185360094
POL,Poland,1988,1783781523.92543,2.59205508117047
POL,Poland,1989,1493906252.17138,1.81712151049282
POL,Poland,1990,1540736842.10526,2.61248574350627
POL,Poland,1991,1721995820.76569,2.25165022520211
POL,Poland,1992,1881935067.22245,2.23099944320713
POL,Poland,1993,2123378415.67762,2.46918731544486
POL,Poland,1994,2251923178.48153,2.27323210335054
POL,Poland,1995,2719362633.91863,1.90379957330223
POL,Poland,1996,3083416787.21116,1.91739242748542
POL,Poland,1997,3192276376.89866,1.99649463419658
POL,Poland,1998,3491022616.10174,1.9916575833585
POL,Poland,1999,3226555351.37669,1.89014224685951
POL,Poland,2000,3146106712.50118,1.81904535107873
POL,Poland,2001,3630645594.66523,1.89270410859475
POL,Poland,2002,3776173214.41264,1.89097402916196
POL,Poland,2003,4150261758.56501,1.89890364834865
POL,Poland,2004,4778627749.04037,1.86469356337462
POL,Poland,2005,5896404861.10253,1.92065181170108
POL,Poland,2006,6619413758.87805,1.9136927914289
POL,Poland,2007,8589136364.45745,1.99879774345695
POL,Poland,2008,9349421394.29862,1.74555706324845
POL,Poland,2009,7903812008.43552,1.79268764302392
POL,Poland,2010,8790170132.32514,1.83851836437415
POL,Poland,2011,9455422988.00142,1.79131485643585
POL,Poland,2012,8986838792.09222,1.80404649861118
POL,Poland,2013,9275711727.44588,1.7900581767381
POL,Poland,2014,10345153574.8722,1.90822735552002
POL,Poland,2015,10212785780.6075,2.12742384353358
POL,Poland,2016,9164190586.63773,1.93589358828699
POL,Poland,2017,9870680628.27225,1.88828727046187
POL,Poland,2018,12040673422.9565,2.02472821822818
POL,Poland,2019,11786153846.1538,1.95338318505019
POL,Poland,2020,13718291431.5033,2.26305371895405
POL,Poland,2021,15295541731.4671,2.21716328801834
POL,Poland,2022,15341313422.5328,2.20458906428882
POL,Poland,2023,26342764301.5826,3.26980459253118
POL,Poland,2024,38000728652.37,4.15439387975356
POL,Poland,2025,,
PRI,Puerto Rico (US),1960,,
PRI,Puerto Rico (US),1961,,
PRI,Puerto Rico (US),1962,,
PRI,Puerto Rico (US),1963,,
PRI,Puerto Rico (US),1964,,
PRI,Puerto Rico (US),1965,,
PRI,Puerto Rico (US),1966,,
PRI,Puerto Rico (US),1967,,
PRI,Puerto Rico (US),1968,,
PRI,Puerto Rico (US),1969,,
PRI,Puerto Rico (US),1970,,
PRI,Puerto Rico (US),1971,,
PRI,Puerto Rico (US),1972,,
PRI,Puerto Rico (US),1973,,
PRI,Puerto Rico (US),1974,,
PRI,Puerto Rico (US),1975,,
PRI,Puerto Rico (US),1976,,
PRI,Puerto Rico (US),1977,,
PRI,Puerto Rico (US),1978,,
PRI,Puerto Rico (US),1979,,
PRI,Puerto Rico (US),1980,,
PRI,Puerto Rico (US),1981,,
PRI,Puerto Rico (US),1982,,
PRI,Puerto Rico (US),1983,,
PRI,Puerto Rico (US),1984,,
PRI,Puerto Rico (US),1985,,
PRI,Puerto Rico (US),1986,,
PRI,Puerto Rico (US),1987,,
PRI,Puerto Rico (US),1988,,
PRI,Puerto Rico (US),1989,,
PRI,Puerto Rico (US),1990,,
PRI,Puerto Rico (US),1991,,
PRI,Puerto Rico (US),1992,,
PRI,Puerto Rico (US),1993,,
PRI,Puerto Rico (US),1994,,
PRI,Puerto Rico (US),1995,,
PRI,Puerto Rico (US),1996,,
PRI,Puerto Rico (US),1997,,
PRI,Puerto Rico (US),1998,,
PRI,Puerto Rico (US),1999,,
PRI,Puerto Rico (US),2000,,
PRI,Puerto Rico (US),2001,,
PRI,Puerto Rico (US),2002,,
PRI,Puerto Rico (US),2003,,
PRI,Puerto Rico (US),2004,,
PRI,Puerto Rico (US),2005,,
PRI,Puerto Rico (US),2006,,
PRI,Puerto Rico (US),2007,,
PRI,Puerto Rico (US),2008,,
PRI,Puerto Rico (US),2009,,
PRI,Puerto Rico (US),2010,,
PRI,Puerto Rico (US),2011,,
PRI,Puerto Rico (US),2012,,
PRI,Puerto Rico (US),2013,,
PRI,Puerto Rico (US),2014,,
PRI,Puerto Rico (US),2015,,
PRI,Puerto Rico (US),2016,,
PRI,Puerto Rico (US),2017,,
PRI,Puerto Rico (US),2018,,
PRI,Puerto Rico (US),2019,,
PRI,Puerto Rico (US),2020,,
PRI,Puerto Rico (US),2021,,
PRI,Puerto Rico (US),2022,,
PRI,Puerto Rico (US),2023,,
PRI,Puerto Rico (US),2024,,
PRI,Puerto Rico (US),2025,,
PRK,"Korea, Dem. People's Rep.",1960,,
PRK,"Korea, Dem. People's Rep.",1961,,
PRK,"Korea, Dem. People's Rep.",1962,,
PRK,"Korea, Dem. People's Rep.",1963,,
PRK,"Korea, Dem. People's Rep.",1964,,
PRK,"Korea, Dem. People's Rep.",1965,,
PRK,"Korea, Dem. People's Rep.",1966,,
PRK,"Korea, Dem. People's Rep.",1967,,
PRK,"Korea, Dem. People's Rep.",1968,,
PRK,"Korea, Dem. People's Rep.",1969,,
PRK,"Korea, Dem. People's Rep.",1970,,
PRK,"Korea, Dem. People's Rep.",1971,,
PRK,"Korea, Dem. People's Rep.",1972,,
PRK,"Korea, Dem. People's Rep.",1973,,
PRK,"Korea, Dem. People's Rep.",1974,,
PRK,"Korea, Dem. People's Rep.",1975,,
PRK,"Korea, Dem. People's Rep.",1976,,
PRK,"Korea, Dem. People's Rep.",1977,,
PRK,"Korea, Dem. People's Rep.",1978,,
PRK,"Korea, Dem. People's Rep.",1979,,
PRK,"Korea, Dem. People's Rep.",1980,,
PRK,"Korea, Dem. People's Rep.",1981,,
PRK,"Korea, Dem. People's Rep.",1982,,
PRK,"Korea, Dem. People's Rep.",1983,,
PRK,"Korea, Dem. People's Rep.",1984,,
PRK,"Korea, Dem. People's Rep.",1985,,
PRK,"Korea, Dem. People's Rep.",1986,0.0,
PRK,"Korea, Dem. People's Rep.",1987,0.0,
PRK,"Korea, Dem. People's Rep.",1988,0.0,
PRK,"Korea, Dem. People's Rep.",1989,0.0,
PRK,"Korea, Dem. People's Rep.",1990,0.0,
PRK,"Korea, Dem. People's Rep.",1991,0.0,
PRK,"Korea, Dem. People's Rep.",1992,0.0,
PRK,"Korea, Dem. People's Rep.",1993,0.0,
PRK,"Korea, Dem. People's Rep.",1994,0.0,
PRK,"Korea, Dem. People's Rep.",1995,,
PRK,"Korea, Dem. People's Rep.",1996,0.0,
PRK,"Korea, Dem. People's Rep.",1997,,
PRK,"Korea, Dem. People's Rep.",1998,0.0,
PRK,"Korea, Dem. People's Rep.",1999,0.0,
PRK,"Korea, Dem. People's Rep.",2000,0.0,
PRK,"Korea, Dem. People's Rep.",2001,0.0,
PRK,"Korea, Dem. People's Rep.",2002,0.0,
PRK,"Korea, Dem. People's Rep.",2003,0.0,
PRK,"Korea, Dem. People's Rep.",2004,0.0,
PRK,"Korea, Dem. People's Rep.",2005,0.0,
PRK,"Korea, Dem. People's Rep.",2006,0.0,
PRK,"Korea, Dem. People's Rep.",2007,0.0,
PRK,"Korea, Dem. People's Rep.",2008,0.0,
PRK,"Korea, Dem. People's Rep.",2009,0.0,
PRK,"Korea, Dem. People's Rep.",2010,0.0,
PRK,"Korea, Dem. People's Rep.",2011,0.0,
PRK,"Korea, Dem. People's Rep.",2012,0.0,
PRK,"Korea, Dem. People's Rep.",2013,0.0,
PRK,"Korea, Dem. People's Rep.",2014,0.0,
PRK,"Korea, Dem. People's Rep.",2015,869629629.62963,
PRK,"Korea, Dem. People's Rep.",2016,912592592.592593,
PRK,"Korea, Dem. People's Rep.",2017,961481481.481482,
PRK,"Korea, Dem. People's Rep.",2018,1604444444.44444,
PRK,"Korea, Dem. People's Rep.",2019,,
PRK,"Korea, Dem. People's Rep.",2020,,
PRK,"Korea, Dem. People's Rep.",2021,,
PRK,"Korea, Dem. People's Rep.",2022,,
PRK,"Korea, Dem. People's Rep.",2023,,
PRK,"Korea, Dem. People's Rep.",2024,,
PRK,"Korea, Dem. People's Rep.",2025,,
PRT,Portugal,1960,79415853.3328803,2.55567079028491
PRT,Portugal,1961,129287745.313144,3.88750179030931
PRT,Portugal,1962,150879588.72593,4.22667364735832
PRT,Portugal,1963,150352958.398789,3.95578921858609
PRT,Portugal,1964,169469639.274011,4.11149725818899
PRT,Portugal,1965,175473225.00342,3.8136131460626
PRT,Portugal,1966,194221264.649644,3.85289574058252
PRT,Portugal,1967,251518644.242597,4.46379018514436
PRT,Portugal,1968,280857219.767629,4.50281558008619
PRT,Portugal,1969,283142795.387421,4.13901661630361
PRT,Portugal,1970,329349340.290783,4.13788067758456
PRT,Portugal,1971,391420967.862432,4.33176583858868
PRT,Portugal,1972,447930659.675905,4.06104423642914
PRT,Portugal,1973,515567326.884812,3.4795625646625
PRT,Portugal,1974,746300307.260984,4.34227985854624
PRT,Portugal,1975,588076674.62434,3.09510805560106
PRT,Portugal,1976,470799772.4492,2.35834695323792
PRT,Portugal,1977,435661721.777063,2.07020884669032
PRT,Portugal,1978,470166317.128535,2.09388501450419
PRT,Portugal,1979,530137009.516197,2.02862086839682
PRT,Portugal,1980,655377981.586798,2.02672491054328
PRT,Portugal,1981,637048883.404744,2.00267383908056
PRT,Portugal,1982,606436537.693007,2.03513354054572
PRT,Portugal,1983,523320264.536747,1.90927673971989
PRT,Portugal,1984,474622276.255586,1.86132340712926
PRT,Portugal,1985,493594816.168755,1.84354337576399
PRT,Portugal,1986,706690056.391344,1.91582545286477
PRT,Portugal,1987,853845582.968332,1.85930207777881
PRT,Portugal,1988,1017899063.98386,1.88542646646333
PRT,Portugal,1989,1099988585.9135,1.88750264446765
PRT,Portugal,1990,1416083169.93332,1.840828125429
PRT,Portugal,1991,1597556798.8274,1.82995478165992
PRT,Portugal,1992,1912679509.68754,1.80524410002279
PRT,Portugal,1993,1655575218.56563,1.78650706580181
PRT,Portugal,1994,1641548411.42883,1.68121275838708
PRT,Portugal,1995,2016499720.1793,1.70715787362033
PRT,Portugal,1996,1964184856.09052,1.60164031322082
PRT,Portugal,1997,1803958424.17472,1.54154760574092
PRT,Portugal,1998,1763863840.30228,1.42301869395635
PRT,Portugal,1999,1817405621.2408,1.42626993965458
PRT,Portugal,2000,1664674242.89918,1.4070359633161
PRT,Portugal,2001,1755718394.78689,1.44506185476172
PRT,Portugal,2002,1965227762.20599,1.4648125666589
PRT,Portugal,2003,2363340458.71829,1.43358027472409
PRT,Portugal,2004,2847156258.34249,1.50609147993081
PRT,Portugal,2005,3142565786.20106,1.59379180313443
PRT,Portugal,2006,3153770788.35488,1.51208523296058
PRT,Portugal,2007,3309436410.37012,1.37790810197484
PRT,Portugal,2008,3714798403.3398,1.41594674624287
PRT,Portugal,2009,3738315160.38914,1.53406376621365
PRT,Portugal,2010,3540186346.50915,1.48615299877848
PRT,Portugal,2011,3651882589.26399,1.48992161044294
PRT,Portugal,2012,3039982320.30569,1.40383146309083
PRT,Portugal,2013,3262259363.56068,1.43957267155316
PRT,Portugal,2014,3002398602.04712,1.30668261277534
PRT,Portugal,2015,2643894865.25452,1.32892803352448
PRT,Portugal,2016,3178346408.51535,1.54200474856982
PRT,Portugal,2017,2719739269.42303,1.23983975869036
PRT,Portugal,2018,3245871841.17654,1.34147881873726
PRT,Portugal,2019,3299373040.75235,1.37395750042211
PRT,Portugal,2020,3267981306.28063,1.42613611053982
PRT,Portugal,2021,3882450331.12583,1.51644104082545
PRT,Portugal,2022,3566560367.53136,1.38999857860246
PRT,Portugal,2023,4236152825.61441,1.46642848168082
PRT,Portugal,2024,4641618584.64707,1.53226822745255
PRT,Portugal,2025,,
PRY,Paraguay,1960,7088541.5940611,2.52896446576405
PRY,Paraguay,1961,7187461.3157632,2.27914968110271
PRY,Paraguay,1962,8276810.92143356,2.29739211371685
PRY,Paraguay,1963,9208934.8108216,2.39885421989564
PRY,Paraguay,1964,9815376.85933912,2.40376576147081
PRY,Paraguay,1965,11679624.6381152,2.63308768009038
PRY,Paraguay,1966,13588794.0501148,2.91684506016093
PRY,Paraguay,1967,14936443.0468204,3.03155899468327
PRY,Paraguay,1968,16621004.2927024,3.21104958736661
PRY,Paraguay,1969,17856349.2063492,3.16148604879584
PRY,Paraguay,1970,19316666.6666667,3.31587229143819
PRY,Paraguay,1971,20750000.0,3.22522546972088
PRY,Paraguay,1972,28851587.3015873,3.84646313307982
PRY,Paraguay,1973,30915873.015873,3.4174372291334
PRY,Paraguay,1974,31434126.984127,2.56457242017884
PRY,Paraguay,1975,43488888.8888889,3.12500356436095
PRY,Paraguay,1976,46757936.5079365,2.98995650695533
PRY,Paraguay,1977,55486507.9365079,2.88864465534837
PRY,Paraguay,1978,69522222.2222222,2.95853231831292
PRY,Paraguay,1979,63530158.7301587,2.02639826239285
PRY,Paraguay,1980,89326190.4761905,2.18144922143015
PRY,Paraguay,1981,131942063.492063,2.52786018286072
PRY,Paraguay,1982,208026190.47619,3.80329757549991
PRY,Paraguay,1983,221221334.920635,3.64524179869616
PRY,Paraguay,1984,172997512.437811,3.50818517688981
PRY,Paraguay,1985,158363306.126841,3.75763484289285
PRY,Paraguay,1986,191435349.311696,3.80406563785285
PRY,Paraguay,1987,116922830.909091,2.77319233257148
PRY,Paraguay,1988,178435818.181818,3.1954734453196
PRY,Paraguay,1989,98142356.7059893,2.42576375579472
PRY,Paraguay,1990,112234255.698035,2.13187585625298
PRY,Paraguay,1991,197613496.807981,2.8293270046069
PRY,Paraguay,1992,169556285.205336,2.36888997739081
PRY,Paraguay,1993,157930499.273865,2.17854766482964
PRY,Paraguay,1994,161100272.278829,2.04676637090921
PRY,Paraguay,1995,206926409.311294,2.2834245690128
PRY,Paraguay,1996,202012224.837222,2.06378993670781
PRY,Paraguay,1997,167982106.865488,1.68568030658609
PRY,Paraguay,1998,139262988.039667,1.54315371528311
PRY,Paraguay,1999,116553254.85737,1.38876785203796
PRY,Paraguay,2000,110248167.1987,1.24493945384649
PRY,Paraguay,2001,91298893.9250821,1.07463481723327
PRY,Paraguay,2002,69892741.2933427,0.97123693298858
PRY,Paraguay,2003,63511880.0569179,0.825755371784335
PRY,Paraguay,2004,84466986.2603802,0.877630063887399
PRY,Paraguay,2005,77468937.966578,0.721480399782029
PRY,Paraguay,2006,106557406.138984,0.793455134933818
PRY,Paraguay,2007,132393616.175746,0.741436848396038
PRY,Paraguay,2008,168154857.399547,0.683124275184385
PRY,Paraguay,2009,168486261.904906,0.753483712105124
PRY,Paraguay,2010,204605254.822129,0.750544858772042
PRY,Paraguay,2011,285106240.844392,0.844603850849582
PRY,Paraguay,2012,320909756.560571,0.964506788033691
PRY,Paraguay,2013,371215575.362154,0.964167260244977
PRY,Paraguay,2014,398370830.477549,0.986605391734507
PRY,Paraguay,2015,386538864.264704,1.06744934908852
PRY,Paraguay,2016,343232340.562483,0.950953301628568
PRY,Paraguay,2017,348179657.473011,0.892663231219253
PRY,Paraguay,2018,386556389.586348,0.961156152749535
PRY,Paraguay,2019,375779511.383923,0.973840384070445
PRY,Paraguay,2020,364342199.983714,1.02757342677333
PRY,Paraguay,2021,372601369.313781,0.91821461942659
PRY,Paraguay,2022,365688252.57561,0.871127145265658
PRY,Paraguay,2023,397579485.362559,0.922071975751778
PRY,Paraguay,2024,413971348.08491,0.933106143624753
PRY,Paraguay,2025,,
PSE,West Bank and Gaza,1960,,
PSE,West Bank and Gaza,1961,,
PSE,West Bank and Gaza,1962,,
PSE,West Bank and Gaza,1963,,
PSE,West Bank and Gaza,1964,,
PSE,West Bank and Gaza,1965,,
PSE,West Bank and Gaza,1966,,
PSE,West Bank and Gaza,1967,,
PSE,West Bank and Gaza,1968,,
PSE,West Bank and Gaza,1969,,
PSE,West Bank and Gaza,1970,,
PSE,West Bank and Gaza,1971,,
PSE,West Bank and Gaza,1972,,
PSE,West Bank and Gaza,1973,,
PSE,West Bank and Gaza,1974,,
PSE,West Bank and Gaza,1975,,
PSE,West Bank and Gaza,1976,,
PSE,West Bank and Gaza,1977,,
PSE,West Bank and Gaza,1978,,
PSE,West Bank and Gaza,1979,,
PSE,West Bank and Gaza,1980,,
PSE,West Bank and Gaza,1981,,
PSE,West Bank and Gaza,1982,,
PSE,West Bank and Gaza,1983,,
PSE,West Bank and Gaza,1984,,
PSE,West Bank and Gaza,1985,,
PSE,West Bank and Gaza,1986,,
PSE,West Bank and Gaza,1987,,
PSE,West Bank and Gaza,1988,,
PSE,West Bank and Gaza,1989,,
PSE,West Bank and Gaza,1990,,
PSE,West Bank and Gaza,1991,,
PSE,West Bank and Gaza,1992,,
PSE,West Bank and Gaza,1993,,
PSE,West Bank and Gaza,1994,,
PSE,West Bank and Gaza,1995,,
PSE,West Bank and Gaza,1996,,
PSE,West Bank and Gaza,1997,,
PSE,West Bank and Gaza,1998,,
PSE,West Bank and Gaza,1999,,
PSE,West Bank and Gaza,2000,,
PSE,West Bank and Gaza,2001,,
PSE,West Bank and Gaza,2002,,
PSE,West Bank and Gaza,2003,,
PSE,West Bank and Gaza,2004,,
PSE,West Bank and Gaza,2005,,
PSE,West Bank and Gaza,2006,,
PSE,West Bank and Gaza,2007,,
PSE,West Bank and Gaza,2008,,
PSE,West Bank and Gaza,2009,,
PSE,West Bank and Gaza,2010,,
PSE,West Bank and Gaza,2011,,
PSE,West Bank and Gaza,2012,,
PSE,West Bank and Gaza,2013,,
PSE,West Bank and Gaza,2014,,
PSE,West Bank and Gaza,2015,,
PSE,West Bank and Gaza,2016,,
PSE,West Bank and Gaza,2017,,
PSE,West Bank and Gaza,2018,,
PSE,West Bank and Gaza,2019,,
PSE,West Bank and Gaza,2020,,
PSE,West Bank and Gaza,2021,,
PSE,West Bank and Gaza,2022,,
PSE,West Bank and Gaza,2023,,
PSE,West Bank and Gaza,2024,,
PSE,West Bank and Gaza,2025,,
PYF,French Polynesia,1960,,
PYF,French Polynesia,1961,,
PYF,French Polynesia,1962,,
PYF,French Polynesia,1963,,
PYF,French Polynesia,1964,,
PYF,French Polynesia,1965,,
PYF,French Polynesia,1966,,
PYF,French Polynesia,1967,,
PYF,French Polynesia,1968,,
PYF,French Polynesia,1969,,
PYF,French Polynesia,1970,,
PYF,French Polynesia,1971,,
PYF,French Polynesia,1972,,
PYF,French Polynesia,1973,,
PYF,French Polynesia,1974,,
PYF,French Polynesia,1975,,
PYF,French Polynesia,1976,,
PYF,French Polynesia,1977,,
PYF,French Polynesia,1978,,
PYF,French Polynesia,1979,,
PYF,French Polynesia,1980,,
PYF,French Polynesia,1981,,
PYF,French Polynesia,1982,,
PYF,French Polynesia,1983,,
PYF,French Polynesia,1984,,
PYF,French Polynesia,1985,,
PYF,French Polynesia,1986,,
PYF,French Polynesia,1987,,
PYF,French Polynesia,1988,,
PYF,French Polynesia,1989,,
PYF,French Polynesia,1990,,
PYF,French Polynesia,1991,,
PYF,French Polynesia,1992,,
PYF,French Polynesia,1993,,
PYF,French Polynesia,1994,,
PYF,French Polynesia,1995,,
PYF,French Polynesia,1996,,
PYF,French Polynesia,1997,,
PYF,French Polynesia,1998,,
PYF,French Polynesia,1999,,
PYF,French Polynesia,2000,,
PYF,French Polynesia,2001,,
PYF,French Polynesia,2002,,
PYF,French Polynesia,2003,,
PYF,French Polynesia,2004,,
PYF,French Polynesia,2005,,
PYF,French Polynesia,2006,,
PYF,French Polynesia,2007,,
PYF,French Polynesia,2008,,
PYF,French Polynesia,2009,,
PYF,French Polynesia,2010,,
PYF,French Polynesia,2011,,
PYF,French Polynesia,2012,,
PYF,French Polynesia,2013,,
PYF,French Polynesia,2014,,
PYF,French Polynesia,2015,,
PYF,French Polynesia,2016,,
PYF,French Polynesia,2017,,
PYF,French Polynesia,2018,,
PYF,French Polynesia,2019,,
PYF,French Polynesia,2020,,
PYF,French Polynesia,2021,,
PYF,French Polynesia,2022,,
PYF,French Polynesia,2023,,
PYF,French Polynesia,2024,,
PYF,French Polynesia,2025,,
QAT,Qatar,1960,,
QAT,Qatar,1961,,
QAT,Qatar,1962,,
QAT,Qatar,1963,,
QAT,Qatar,1964,,
QAT,Qatar,1965,,
QAT,Qatar,1966,,
QAT,Qatar,1967,,
QAT,Qatar,1968,,
QAT,Qatar,1969,,
QAT,Qatar,1970,,
QAT,Qatar,1971,,
QAT,Qatar,1972,,
QAT,Qatar,1973,,
QAT,Qatar,1974,,
QAT,Qatar,1975,,
QAT,Qatar,1976,,
QAT,Qatar,1977,,
QAT,Qatar,1978,,
QAT,Qatar,1979,,
QAT,Qatar,1980,616740088.105727,7.86868087778669
QAT,Qatar,1981,1059505494.50549,12.2168018246325
QAT,Qatar,1982,1467252747.25275,19.2773867532936
QAT,Qatar,1983,905192307.692308,13.9584833721669
QAT,Qatar,1984,874862637.362637,12.7339251439539
QAT,Qatar,1985,1528873626.37363,24.8464148584695
QAT,Qatar,1986,,
QAT,Qatar,1987,865412087.912088,15.8895334174023
QAT,Qatar,1988,982554945.054945,16.2723508803858
QAT,Qatar,1989,848461538.461538,13.0775745257453
QAT,Qatar,1990,790796703.296703,10.743878769782
QAT,Qatar,1991,895631868.131868,13.011254789272
QAT,Qatar,1992,,
QAT,Qatar,1993,,
QAT,Qatar,1994,,
QAT,Qatar,1995,,
QAT,Qatar,1996,,
QAT,Qatar,1997,,
QAT,Qatar,1998,,
QAT,Qatar,1999,,
QAT,Qatar,2000,,
QAT,Qatar,2001,,
QAT,Qatar,2002,760989010.989011,3.92996992225186
QAT,Qatar,2003,784615384.615385,3.33399484024608
QAT,Qatar,2004,772362637.362637,2.43385968557379
QAT,Qatar,2005,887500000.0,1.99301626863922
QAT,Qatar,2006,1065741758.24176,1.75050764857182
QAT,Qatar,2007,1562225274.72527,1.95984159971877
QAT,Qatar,2008,2317500000.0,2.01050092711317
QAT,Qatar,2009,1948351648.35165,1.99221317692269
QAT,Qatar,2010,1876758241.75824,1.47390908321736
QAT,Qatar,2011,,
QAT,Qatar,2012,,
QAT,Qatar,2013,,
QAT,Qatar,2014,,
QAT,Qatar,2015,,
QAT,Qatar,2016,,
QAT,Qatar,2017,,
QAT,Qatar,2018,,
QAT,Qatar,2019,,
QAT,Qatar,2020,,
QAT,Qatar,2021,11593406593.4066,6.4523551123317
QAT,Qatar,2022,15412087912.0879,6.50020565272303
QAT,Qatar,2023,,
QAT,Qatar,2024,,
QAT,Qatar,2025,,
ROU,Romania,1960,740833333.333333,
ROU,Romania,1961,794666666.666667,
ROU,Romania,1962,902000000.0,
ROU,Romania,1963,904833333.333333,
ROU,Romania,1964,949166666.666667,
ROU,Romania,1965,1034000000.0,
ROU,Romania,1966,1076000000.0,
ROU,Romania,1967,1123833333.33333,
ROU,Romania,1968,1255833333.33333,
ROU,Romania,1969,1380000000.0,
ROU,Romania,1970,1542000000.0,
ROU,Romania,1971,1618333333.33333,
ROU,Romania,1972,1824593128.3906,
ROU,Romania,1973,545381021.804599,
ROU,Romania,1974,565500000.0,
ROU,Romania,1975,635500000.0,
ROU,Romania,1976,691500000.0,
ROU,Romania,1977,717000000.0,
ROU,Romania,1978,834413568.479646,
ROU,Romania,1979,860000000.0,
ROU,Romania,1980,755555555.555556,2.20454265465839
ROU,Romania,1981,915333333.333333,2.20122357890417
ROU,Romania,1982,989333333.333333,2.04021589993593
ROU,Romania,1983,888319701.953023,1.98508713049541
ROU,Romania,1984,731196135.374668,1.90672721791833
ROU,Romania,1985,2050007583.97797,4.29928084311907
ROU,Romania,1986,2307873265.07113,4.44571116472147
ROU,Romania,1987,2272446245.7924,3.9140286216301
ROU,Romania,1988,2524357528.59514,4.20547061246542
ROU,Romania,1989,2572110229.46601,4.79729611491512
ROU,Romania,1990,1739025771.1048,4.54741504925103
ROU,Romania,1991,1377194084.87286,4.77333466430117
ROU,Romania,1992,831620409.60796,4.24768251683067
ROU,Romania,1993,722451519.700652,2.74060801469377
ROU,Romania,1994,936686222.501496,3.11472840805896
ROU,Romania,1995,983140541.391249,2.61344768528808
ROU,Romania,1996,874451238.88698,2.36907292563377
ROU,Romania,1997,1074785782.24706,3.01764996200519
ROU,Romania,1998,1254227892.71236,3.00417486391887
ROU,Romania,1999,955337576.959199,2.64025926740376
ROU,Romania,2000,935569610.340555,2.49891418426016
ROU,Romania,2001,985657655.673622,2.4207451879196
ROU,Romania,2002,1056136062.48903,2.28729607547664
ROU,Romania,2003,1250327559.25434,2.08848713354877
ROU,Romania,2004,1530183903.96058,2.00765756131918
ROU,Romania,2005,1975975151.44235,2.00699360911993
ROU,Romania,2006,2251493424.65948,1.84512546001227
ROU,Romania,2007,2607689941.55644,1.49361825981328
ROU,Romania,2008,3000404945.09421,1.39998436558161
ROU,Romania,2009,2225144539.94812,1.27806961233722
ROU,Romania,2010,2086220460.05224,1.22697660697606
ROU,Romania,2011,2379871482.4133,1.23556866931776
ROU,Romania,2012,2102886223.40119,1.17392522752233
ROU,Romania,2013,2452512981.08128,1.29223076714816
ROU,Romania,2014,2691470287.45885,1.3476637836228
ROU,Romania,2015,2580594158.27577,1.45071824376782
ROU,Romania,2016,2644159836.08537,1.42770454147789
ROU,Romania,2017,3622068491.8065,1.73375510218939
ROU,Romania,2018,4359021208.90509,1.79144423500295
ROU,Romania,2019,4613040396.88164,1.83079024096076
ROU,Romania,2020,5052321470.65755,2.00415209230412
ROU,Romania,2021,5300529355.14918,1.84762902286434
ROU,Romania,2022,5187965337.04387,1.75011695275109
ROU,Romania,2023,5628033535.95184,1.60357956167259
ROU,Romania,2024,8715729594.3219,2.29815245791591
ROU,Romania,2025,,
RUS,Russia,1960,,
RUS,Russia,1961,,
RUS,Russia,1962,,
RUS,Russia,1963,,
RUS,Russia,1964,,
RUS,Russia,1965,,
RUS,Russia,1966,,
RUS,Russia,1967,,
RUS,Russia,1968,,
RUS,Russia,1969,,
RUS,Russia,1970,,
RUS,Russia,1971,,
RUS,Russia,1972,,
RUS,Russia,1973,,
RUS,Russia,1974,,
RUS,Russia,1975,,
RUS,Russia,1976,,
RUS,Russia,1977,,
RUS,Russia,1978,,
RUS,Russia,1979,,
RUS,Russia,1980,,
RUS,Russia,1981,,
RUS,Russia,1982,,
RUS,Russia,1983,,
RUS,Russia,1984,,
RUS,Russia,1985,,
RUS,Russia,1986,,
RUS,Russia,1987,0.0,
RUS,Russia,1988,0.0,
RUS,Russia,1989,0.0,
RUS,Russia,1990,0.0,
RUS,Russia,1991,,
RUS,Russia,1992,0.0,4.42703232125367
RUS,Russia,1993,7766720078.41342,4.18132464712269
RUS,Russia,1994,13547871733.4246,4.5237006553879
RUS,Russia,1995,12741629470.4057,3.78442996742671
RUS,Russia,1996,15826340651.8084,3.75655882080282
RUS,Russia,1997,17577353180.6466,4.03980929678188
RUS,Russia,1998,7955730400.98588,2.73264908865687
RUS,Russia,1999,6469035211.35342,3.07328792235108
RUS,Russia,2000,9228204143.73676,3.30702983667541
RUS,Russia,2001,11683151344.7726,3.54631922908818
RUS,Russia,2002,13943825063.4002,3.75627739108018
RUS,Russia,2003,16973739085.1036,3.67083808960104
RUS,Russia,2004,20955413570.6279,3.30035364660483
RUS,Russia,2005,27336977273.6915,3.33123723441659
RUS,Russia,2006,34517781618.918,3.24635723405838
RUS,Russia,2007,43534994996.2472,3.1185420747754
RUS,Russia,2008,56183785393.2539,3.14948602002222
RUS,Russia,2009,51532116797.5199,3.92406340302834
RUS,Russia,2010,58720227608.7579,3.58508572012112
RUS,Russia,2011,70237523951.4946,3.43304383760131
RUS,Russia,2012,81469399931.2577,3.68924043459907
RUS,Russia,2013,88352896463.5598,3.85404258314373
RUS,Russia,2014,84696504653.4978,4.11299297822323
RUS,Russia,2015,66421822179.9206,4.87151474680202
RUS,Russia,2016,69245294552.8466,5.42514770504505
RUS,Russia,2017,66913033536.7831,4.24899605173948
RUS,Russia,2018,61609204756.4171,3.71982243956434
RUS,Russia,2019,65201335848.3565,3.86033750437073
RUS,Russia,2020,61712537168.9371,4.14471713241985
RUS,Russia,2021,65907705047.1045,3.57591678846302
RUS,Russia,2022,102366636459.68,4.60728884010235
RUS,Russia,2023,109203624738.379,5.40231844120686
RUS,Russia,2024,148967275140.483,7.05233864500366
RUS,Russia,2025,,
RWA,Rwanda,1960,,
RWA,Rwanda,1961,,
RWA,Rwanda,1962,,
RWA,Rwanda,1963,,
RWA,Rwanda,1964,,
RWA,Rwanda,1965,,
RWA,Rwanda,1966,,
RWA,Rwanda,1967,,
RWA,Rwanda,1968,,
RWA,Rwanda,1969,,
RWA,Rwanda,1970,,
RWA,Rwanda,1971,,
RWA,Rwanda,1972,,
RWA,Rwanda,1973,9365839.70830056,1.88489208633094
RWA,Rwanda,1974,7786746.39836091,1.47154471544715
RWA,Rwanda,1975,9319735.1894778,1.62878787878788
RWA,Rwanda,1976,10297663.2859957,1.61389337641357
RWA,Rwanda,1977,16062942.5517876,2.15223463687151
RWA,Rwanda,1978,14393007.3227777,1.58816276202219
RWA,Rwanda,1979,19633017.1517821,1.74743326488706
RWA,Rwanda,1980,23552267.5593367,1.87685185185185
RWA,Rwanda,1981,28682783.331402,2.03915171288744
RWA,Rwanda,1982,28175370.7285622,2.00305576776165
RWA,Rwanda,1983,28024671.7013255,1.89514426460239
RWA,Rwanda,1984,25460676.6234673,1.60402262727844
RWA,Rwanda,1985,27250728.4310336,1.58837075417386
RWA,Rwanda,1986,34889469.1115173,1.79553466509988
RWA,Rwanda,1987,36093359.4762687,1.67523364485981
RWA,Rwanda,1988,36626347.1628316,1.59426066161817
RWA,Rwanda,1989,41622478.1344745,1.75375880559352
RWA,Rwanda,1990,95132735.4335092,3.72916598371212
RWA,Rwanda,1991,105333802.051708,5.50917220341816
RWA,Rwanda,1992,88570170.0027625,4.29060212378114
RWA,Rwanda,1993,89436136.3589093,4.53637540088899
RWA,Rwanda,1994,40510575.3923129,3.437876960193
RWA,Rwanda,1995,56449336.7202935,0.607802874743326
RWA,Rwanda,1996,73658822.7625318,5.32855611635214
RWA,Rwanda,1997,77272576.5263821,4.17352561260538
RWA,Rwanda,1998,87091837.061419,4.37764728159408
RWA,Rwanda,1999,80852363.5840954,4.44810543657331
RWA,Rwanda,2000,61329857.1193956,3.53550295857988
RWA,Rwanda,2001,56885903.1314335,3.39622641509434
RWA,Rwanda,2002,51118614.1175728,3.04893350062735
RWA,Rwanda,2003,45196268.982898,2.44712990936556
RWA,Rwanda,2004,41215761.0455642,1.97346600331675
RWA,Rwanda,2005,44996351.8893986,1.74305555555556
RWA,Rwanda,2006,54557648.039731,1.64391043145822
RWA,Rwanda,2007,55580440.8040881,1.36567834681042
RWA,Rwanda,2008,67660359.6239547,1.30649717514124
RWA,Rwanda,2009,75278486.0541411,1.32690239867659
RWA,Rwanda,2010,74514417.2864531,1.21679268178848
RWA,Rwanda,2011,75383928.5565552,1.09493104282603
RWA,Rwanda,2012,79793910.0920567,1.04224962789709
RWA,Rwanda,2013,82480715.5803265,1.05488528481013
RWA,Rwanda,2014,90937793.2166852,1.10273875155611
RWA,Rwanda,2015,103563214.70551,1.21369473342003
RWA,Rwanda,2016,107278618.685189,1.24050679129546
RWA,Rwanda,2017,115716812.449004,1.24889524304653
RWA,Rwanda,2018,118959174.046815,1.23514702337913
RWA,Rwanda,2019,124073352.626892,1.19793121977431
RWA,Rwanda,2020,147873731.887278,1.47371574450349
RWA,Rwanda,2021,167837803.023925,1.5121767339852
RWA,Rwanda,2022,176431664.557581,1.33346574344023
RWA,Rwanda,2023,179433009.477331,1.25231620743593
RWA,Rwanda,2024,175924380.585353,1.24772078121775
RWA,Rwanda,2025,,
SAU,Saudi Arabia,1960,140888888.888889,
SAU,Saudi Arabia,1961,71555555.5555556,
SAU,Saudi Arabia,1962,84222222.2222222,
SAU,Saudi Arabia,1963,113777777.777778,5.90269771731612
SAU,Saudi Arabia,1964,123555555.555556,5.96630539757485
SAU,Saudi Arabia,1965,177777777.777778,7.69008939728924
SAU,Saudi Arabia,1966,300444444.444444,11.3242315101767
SAU,Saudi Arabia,1967,336222222.222222,11.511831393137
SAU,Saudi Arabia,1968,338666666.666667,8.08745489280408
SAU,Saudi Arabia,1969,429333333.333333,9.5705156784069
SAU,Saudi Arabia,1970,471555555.555556,9.40352743064788
SAU,Saudi Arabia,1971,587274311.70782,8.64019411745418
SAU,Saudi Arabia,1972,930574823.571989,10.0815515709133
SAU,Saudi Arabia,1973,1565589935.76306,10.8404475911154
SAU,Saudi Arabia,1974,,
SAU,Saudi Arabia,1975,,
SAU,Saudi Arabia,1976,,
SAU,Saudi Arabia,1977,11584767351.4777,15.6488183967596
SAU,Saudi Arabia,1978,13404087587.8055,16.7365737918065
SAU,Saudi Arabia,1979,17616726770.6883,15.7688118060346
SAU,Saudi Arabia,1980,20724493047.2475,12.6133592387894
SAU,Saudi Arabia,1981,24399927864.2192,13.2652388797364
SAU,Saudi Arabia,1982,27095797466.2867,17.720246395916
SAU,Saudi Arabia,1983,21872720536.3035,16.9729273217747
SAU,Saudi Arabia,1984,22672050990.2634,19.0043483638924
SAU,Saudi Arabia,1985,17656965219.4559,16.9952008673515
SAU,Saudi Arabia,1986,,
SAU,Saudi Arabia,1987,14460266666.6667,16.896414193661
SAU,Saudi Arabia,1988,13354666666.6667,15.1518818830933
SAU,Saudi Arabia,1989,12749866666.6667,13.3903165819013
SAU,Saudi Arabia,1990,16355466666.6667,14.0242926458954
SAU,Saudi Arabia,1991,16355466666.6667,12.4698079910217
SAU,Saudi Arabia,1992,15360266666.6667,11.2841579833052
SAU,Saudi Arabia,1993,16451200000.0,12.4653722820651
SAU,Saudi Arabia,1994,14279733333.3333,10.644781673538
SAU,Saudi Arabia,1995,13200266666.6667,9.27846839011516
SAU,Saudi Arabia,1996,13340000000.0,8.46807775904447
SAU,Saudi Arabia,1997,18126666666.6667,11.0009354234167
SAU,Saudi Arabia,1998,20861600000.0,14.3110374500593
SAU,Saudi Arabia,1999,18320000000.0,11.3819360225849
SAU,Saudi Arabia,2000,19964266666.6667,10.5344033130193
SAU,Saudi Arabia,2001,21026666666.6667,11.4190048869926
SAU,Saudi Arabia,2002,18501866666.6667,9.75806380053797
SAU,Saudi Arabia,2003,18747466666.6667,8.68711846455737
SAU,Saudi Arabia,2004,20910400000.0,8.08155565898243
SAU,Saudi Arabia,2005,25392038600.7238,7.73059887481948
SAU,Saudi Arabia,2006,29580507343.1242,7.84836521143522
SAU,Saudi Arabia,2007,35469513008.6724,8.52704997826892
SAU,Saudi Arabia,2008,38222933333.3333,7.35343646797829
SAU,Saudi Arabia,2009,41267200000.0,9.61719999229391
SAU,Saudi Arabia,2010,45244533333.3333,8.56567729417753
SAU,Saudi Arabia,2011,48530933333.3333,7.17239914861776
SAU,Saudi Arabia,2012,56497866666.6667,7.61580760228465
SAU,Saudi Arabia,2013,67020000000.0,8.89019141193183
SAU,Saudi Arabia,2014,80762400000.0,10.5350604637453
SAU,Saudi Arabia,2015,87185866666.6667,13.022838193007
SAU,Saudi Arabia,2016,63672800000.0,9.56048239449097
SAU,Saudi Arabia,2017,70400000000.0,9.84622692397792
SAU,Saudi Arabia,2018,74612266666.6667,8.81333517624339
SAU,Saudi Arabia,2019,65362666666.6667,7.79458844216861
SAU,Saudi Arabia,2020,64558400000.0,8.7921741101353
SAU,Saudi Arabia,2021,63194666666.6667,7.22921983667662
SAU,Saudi Arabia,2022,70920000000.0,6.39742215278993
SAU,Saudi Arabia,2023,77765333333.3333,7.28424248969983
SAU,Saudi Arabia,2024,80330666666.6667,7.2981029390103
SAU,Saudi Arabia,2025,,
SDN,Sudan,1960,18667432.5100517,1.91740412979351
SDN,Sudan,1961,20505456.6341183,1.84496124031008
SDN,Sudan,1962,24842044.801838,2.05952380952381
SDN,Sudan,1963,28144744.3997702,2.14912280701754
SDN,Sudan,1964,41872487.0763929,3.14224137931034
SDN,Sudan,1965,56375646.1803561,4.11530398322851
SDN,Sudan,1966,50315910.396324,3.5251509054326
SDN,Sudan,1967,52268811.0281447,3.65461847389558
SDN,Sudan,1968,57725445.1464675,3.75
SDN,Sudan,1969,87018954.6237794,5.19725557461407
SDN,Sudan,1970,108271108.5583,4.95400788436268
SDN,Sudan,1971,109994256.174612,4.60336538461538
SDN,Sudan,1972,107983917.288914,4.1917502787068
SDN,Sudan,1973,113153360.137852,3.16211878009631
SDN,Sudan,1974,111430212.521539,2.56783587028458
SDN,Sudan,1975,119471568.064331,2.25108225108225
SDN,Sudan,1976,179207352.096496,2.66666666666667
SDN,Sudan,1977,216538485.838843,2.61560342734242
SDN,Sudan,1978,175916407.914119,2.04069088450427
SDN,Sudan,1979,239999813.592378,2.59315206445116
SDN,Sudan,1980,228000000.0,2.30270466802674
SDN,Sudan,1981,203987417.197213,1.78180681462957
SDN,Sudan,1982,172214638.244251,2.44047619047619
SDN,Sudan,1983,230769230.769231,3.26868598823273
SDN,Sudan,1984,355384615.384615,4.08451949429759
SDN,Sudan,1985,205293356.8285,3.39969812405664
SDN,Sudan,1986,260000000.0,3.22724790228886
SDN,Sudan,1987,310333333.333333,2.55271311452935
SDN,Sudan,1988,369333333.333333,3.55196512149772
SDN,Sudan,1989,,
SDN,Sudan,1990,1177777777.77778,4.81332473594827
SDN,Sudan,1991,1365798114.91107,4.99230134581934
SDN,Sudan,1992,183718440.712828,4.38936351776834
SDN,Sudan,1993,257981093.940269,4.92111842294319
SDN,Sudan,1994,226167004.478452,3.89783506504326
SDN,Sudan,1995,138756425.66202,2.07304526748971
SDN,Sudan,1996,106332797.671871,1.26932620729147
SDN,Sudan,1997,97731859.3168924,0.954328561690525
SDN,Sudan,1998,259957570.143724,2.37964989059081
SDN,Sudan,1999,429617897.44605,4.00975645811006
SDN,Sudan,2000,587267572.329197,4.47129193686891
SDN,Sudan,2001,388091317.423136,2.46931798617772
SDN,Sudan,2002,484607263.032365,2.67191557081833
SDN,Sudan,2003,398110221.738581,1.86421215057236
SDN,Sudan,2004,1240766949.07039,4.65650965498174
SDN,Sudan,2005,1164995936.06069,3.31128145892401
SDN,Sudan,2006,1647839194.37107,3.64051219402659
SDN,Sudan,2007,2427072594.74802,4.0832306034626
SDN,Sudan,2008,3228000000.0,4.97892177814511
SDN,Sudan,2009,3180483009.73066,5.45391875825013
SDN,Sudan,2010,,
SDN,Sudan,2011,,
SDN,Sudan,2012,,
SDN,Sudan,2013,,
SDN,Sudan,2014,,
SDN,Sudan,2015,2279621639.5619,2.71294023315842
SDN,Sudan,2016,2748511976.24707,2.27850721551928
SDN,Sudan,2017,4382998816.69717,3.28580390103889
SDN,Sudan,2018,1047878719.98741,1.77892402693237
SDN,Sudan,2019,722256177.420763,1.62906799271331
SDN,Sudan,2020,934311153.803525,0.975842222955387
SDN,Sudan,2021,375212619.388697,0.925377247984565
SDN,Sudan,2022,,
SDN,Sudan,2023,,
SDN,Sudan,2024,,
SDN,Sudan,2025,,
SEN,Senegal,1960,,
SEN,Senegal,1961,,
SEN,Senegal,1962,,
SEN,Senegal,1963,,
SEN,Senegal,1964,,
SEN,Senegal,1965,,
SEN,Senegal,1966,,
SEN,Senegal,1967,,
SEN,Senegal,1968,,
SEN,Senegal,1969,,
SEN,Senegal,1970,,
SEN,Senegal,1971,,
SEN,Senegal,1972,,
SEN,Senegal,1973,,
SEN,Senegal,1974,,
SEN,Senegal,1975,,
SEN,Senegal,1976,,
SEN,Senegal,1977,,
SEN,Senegal,1978,,
SEN,Senegal,1979,94390801.1395154,3.43113465481887
SEN,Senegal,1980,96502271.8667172,2.75527027027027
SEN,Senegal,1981,86843238.3496914,2.73441483198146
SEN,Senegal,1982,73072311.5220051,2.34951076320939
SEN,Senegal,1983,70617688.2744721,2.54588457899716
SEN,Senegal,1984,65136844.1288273,2.40795262267343
SEN,Senegal,1985,64966400.5270855,2.19286250939143
SEN,Senegal,1986,85476428.3610449,2.04004135079256
SEN,Senegal,1987,99871230.4974096,1.98118811881188
SEN,Senegal,1988,105288603.583036,2.11178451178451
SEN,Senegal,1989,99602517.8051961,2.02769623484365
SEN,Senegal,1990,118215708.960021,1.63346898573868
SEN,Senegal,1991,110014994.310669,1.54705556651557
SEN,Senegal,1992,109772868.088193,1.4439999325024
SEN,Senegal,1993,119937986.248203,1.66830404428701
SEN,Senegal,1994,66146738.5920516,1.34761973804184
SEN,Senegal,1995,80915880.6606457,1.31009911066192
SEN,Senegal,1996,79774881.1460028,1.24391793737025
SEN,Senegal,1997,70800402.2828007,1.1969122297618
SEN,Senegal,1998,75090854.8492081,1.17914185452607
SEN,Senegal,1999,78285006.1474844,1.20212680514523
SEN,Senegal,2000,62361652.6399766,1.04836027705155
SEN,Senegal,2001,68891286.8210286,1.11566749250516
SEN,Senegal,2002,74361395.0311914,1.10124043617179
SEN,Senegal,2003,96856503.7852718,1.11544277826225
SEN,Senegal,2004,107553687.876809,1.05782487014373
SEN,Senegal,2005,124403755.2989,1.13046452910055
SEN,Senegal,2006,148555145.44168,1.27105687032274
SEN,Senegal,2007,192807975.512606,1.3795917338401
SEN,Senegal,2008,216870289.523342,1.29196686871926
SEN,Senegal,2009,214824242.988992,1.33587587609685
SEN,Senegal,2010,195732892.906394,1.2153093310459
SEN,Senegal,2011,230190350.650397,1.29386015954483
SEN,Senegal,2012,196661489.010376,1.11347959476351
SEN,Senegal,2013,236737915.958222,1.25170125603319
SEN,Senegal,2014,239893634.512306,1.21336600293871
SEN,Senegal,2015,214827965.170344,1.2090991706832
SEN,Senegal,2016,304764264.245112,1.60209745363896
SEN,Senegal,2017,305441261.623352,1.47106251742975
SEN,Senegal,2018,385132363.102436,1.66692756826471
SEN,Senegal,2019,356820796.02975,1.52473710605653
SEN,Senegal,2020,345637478.930266,1.40872642077366
SEN,Senegal,2021,483224913.09553,1.75617528439428
SEN,Senegal,2022,421013743.846819,1.52411336065101
SEN,Senegal,2023,448993705.877196,1.47655823980403
SEN,Senegal,2024,514941285.308382,1.56647768181405
SEN,Senegal,2025,,
SGP,Singapore,1960,,
SGP,Singapore,1961,,
SGP,Singapore,1962,,
SGP,Singapore,1963,,
SGP,Singapore,1964,,
SGP,Singapore,1965,,
SGP,Singapore,1966,,
SGP,Singapore,1967,,
SGP,Singapore,1968,,
SGP,Singapore,1969,,
SGP,Singapore,1970,103635151.998223,5.39908100748809
SGP,Singapore,1971,128085357.458944,5.64170312296964
SGP,Singapore,1972,150044444.444444,5.08580794446587
SGP,Singapore,1973,198891497.820841,4.70463099329079
SGP,Singapore,1974,225904541.481491,4.29417225052068
SGP,Singapore,1975,269156159.068865,4.64925699300699
SGP,Singapore,1976,306272360.816564,5.04436104760064
SGP,Singapore,1977,380523899.319505,5.67716169437207
SGP,Singapore,1978,418861751.435783,5.19523729007696
SGP,Singapore,1979,452160437.053933,4.65201551854656
SGP,Singapore,1980,560080515.222701,4.6368613562022
SGP,Singapore,1981,681003838.707998,4.74135516251602
SGP,Singapore,1982,738310856.90788,4.65119017480232
SGP,Singapore,1983,732945268.687442,4.07146856786832
SGP,Singapore,1984,918624711.684512,4.69881540453695
SGP,Singapore,1985,1049587528.12308,5.65661291547353
SGP,Singapore,1986,1021162660.39625,5.44251155937074
SGP,Singapore,1987,1052360421.27656,4.87061150486237
SGP,Singapore,1988,1205886445.17546,4.54786526287383
SGP,Singapore,1989,1410452965.24566,4.49289825625078
SGP,Singapore,1990,1801901209.91101,4.63214447298365
SGP,Singapore,1991,2022806865.21374,4.44835667304419
SGP,Singapore,1992,2332148535.5777,4.47136864604274
SGP,Singapore,1993,2481448703.11117,4.09176493399803
SGP,Singapore,1994,2797163882.05101,3.79143512807907
SGP,Singapore,1995,3672797697.15955,4.18255823202502
SGP,Singapore,1996,4100238291.11231,4.25807867594854
SGP,Singapore,1997,4457304301.56047,4.45180554322353
SGP,Singapore,1998,4466270315.48757,5.20979627795524
SGP,Singapore,1999,4493173880.20956,5.2072614143348
SGP,Singapore,2000,4330726931.01928,4.50757218998215
SGP,Singapore,2001,4309127542.24991,4.79890680085725
SGP,Singapore,2002,4528116430.89708,4.89323655491523
SGP,Singapore,2003,4723679527.94774,4.83752738541917
SGP,Singapore,2004,5043396460.83669,4.38428661801237
SGP,Singapore,2005,5463830809.90147,4.27504313120819
SGP,Singapore,2006,5830527461.87686,3.92291119365444
SGP,Singapore,2007,6518528962.9089,3.602552791077
SGP,Singapore,2008,7454324102.73808,3.85002679403201
SGP,Singapore,2009,7537761857.94529,3.88242334748021
SGP,Singapore,2010,8108851420.23161,3.38139843984389
SGP,Singapore,2011,8922267805.18056,3.19387456850782
SGP,Singapore,2012,9171948018.69278,3.10816619008299
SGP,Singapore,2013,9345680492.28802,3.03849114883637
SGP,Singapore,2014,9596602344.02747,3.04786038477706
SGP,Singapore,2015,9383830669.35792,3.04671265935693
SGP,Singapore,2016,9873331564.27443,3.09531096262441
SGP,Singapore,2017,10178706550.0118,2.97201085878766
SGP,Singapore,2018,10581915690.0465,2.80776039122786
SGP,Singapore,2019,10402584310.8504,2.75970653894344
SGP,Singapore,2020,9801649746.19289,2.80306272990798
SGP,Singapore,2021,11017572598.6597,2.53704638803611
SGP,Singapore,2022,11996550573.4536,2.40634363671921
SGP,Singapore,2023,14181464336.7468,2.83014132029943
SGP,Singapore,2024,15061025802.2031,2.8417655746547
SGP,Singapore,2025,,
SLB,Solomon Islands,1960,,
SLB,Solomon Islands,1961,,
SLB,Solomon Islands,1962,,
SLB,Solomon Islands,1963,,
SLB,Solomon Islands,1964,,
SLB,Solomon Islands,1965,,
SLB,Solomon Islands,1966,,
SLB,Solomon Islands,1967,,
SLB,Solomon Islands,1968,,
SLB,Solomon Islands,1969,,
SLB,Solomon Islands,1970,,
SLB,Solomon Islands,1971,,
SLB,Solomon Islands,1972,,
SLB,Solomon Islands,1973,,
SLB,Solomon Islands,1974,,
SLB,Solomon Islands,1975,,
SLB,Solomon Islands,1976,,
SLB,Solomon Islands,1977,,
SLB,Solomon Islands,1978,,
SLB,Solomon Islands,1979,,
SLB,Solomon Islands,1980,,
SLB,Solomon Islands,1981,,
SLB,Solomon Islands,1982,,
SLB,Solomon Islands,1983,,
SLB,Solomon Islands,1984,,
SLB,Solomon Islands,1985,,
SLB,Solomon Islands,1986,,
SLB,Solomon Islands,1987,,
SLB,Solomon Islands,1988,,
SLB,Solomon Islands,1989,,
SLB,Solomon Islands,1990,,
SLB,Solomon Islands,1991,,
SLB,Solomon Islands,1992,,
SLB,Solomon Islands,1993,,
SLB,Solomon Islands,1994,,
SLB,Solomon Islands,1995,,
SLB,Solomon Islands,1996,,
SLB,Solomon Islands,1997,,
SLB,Solomon Islands,1998,,
SLB,Solomon Islands,1999,,
SLB,Solomon Islands,2000,,
SLB,Solomon Islands,2001,,
SLB,Solomon Islands,2002,,
SLB,Solomon Islands,2003,,
SLB,Solomon Islands,2004,,
SLB,Solomon Islands,2005,,
SLB,Solomon Islands,2006,,
SLB,Solomon Islands,2007,,
SLB,Solomon Islands,2008,,
SLB,Solomon Islands,2009,,
SLB,Solomon Islands,2010,,
SLB,Solomon Islands,2011,,
SLB,Solomon Islands,2012,,
SLB,Solomon Islands,2013,,
SLB,Solomon Islands,2014,,
SLB,Solomon Islands,2015,,
SLB,Solomon Islands,2016,,
SLB,Solomon Islands,2017,,
SLB,Solomon Islands,2018,,
SLB,Solomon Islands,2019,,
SLB,Solomon Islands,2020,,
SLB,Solomon Islands,2021,,
SLB,Solomon Islands,2022,,
SLB,Solomon Islands,2023,,
SLB,Solomon Islands,2024,,
SLB,Solomon Islands,2025,,
SLE,Sierra Leone,1960,1959999.21600031,0.751072961373391
SLE,Sierra Leone,1961,1930599.22776031,0.726554267650158
SLE,Sierra Leone,1962,1983799.20648032,0.714213709677419
SLE,Sierra Leone,1963,2155999.13760034,0.763131813676908
SLE,Sierra Leone,1964,2353399.05864038,0.780771017185323
SLE,Sierra Leone,1965,2505998.9976004,0.72264836495761
SLE,Sierra Leone,1966,2539598.98416041,0.692630775105002
SLE,Sierra Leone,1967,2883153.57349487,0.796946564885496
SLE,Sierra Leone,1968,2658001.06320043,0.804869186046512
SLE,Sierra Leone,1969,3297601.31904053,0.872657986662432
SLE,Sierra Leone,1970,3986401.59456064,0.934984520123839
SLE,Sierra Leone,1971,3770637.40982604,0.898737808376363
SLE,Sierra Leone,1972,4234610.66807196,0.953063518830804
SLE,Sierra Leone,1973,5022404.82542856,1.04246122552759
SLE,Sierra Leone,1974,6779970.09799395,1.21389702804521
SLE,Sierra Leone,1975,6526389.84449494,1.03020778767243
SLE,Sierra Leone,1976,6020631.89676863,1.0920945395273
SLE,Sierra Leone,1977,7064980.37505451,1.08841709217952
SLE,Sierra Leone,1978,8118123.47188264,0.999882366780379
SLE,Sierra Leone,1979,10785547.3665289,1.10765643218033
SLE,Sierra Leone,1980,15907791.9603734,0.587407667956384
SLE,Sierra Leone,1981,15788111.4657924,0.543833580980684
SLE,Sierra Leone,1982,14128284.8262221,0.432846895869404
SLE,Sierra Leone,1983,10236934.6480457,0.360747663551402
SLE,Sierra Leone,1984,9920516.34494711,0.302184466019417
SLE,Sierra Leone,1985,6281702.96967508,0.224829621302607
SLE,Sierra Leone,1986,7227148.72515085,0.345390829175576
SLE,Sierra Leone,1987,4585444.66475729,0.251559151048297
SLE,Sierra Leone,1988,9011475.02160601,0.301586157915865
SLE,Sierra Leone,1989,14394912.1258326,0.524456356216117
SLE,Sierra Leone,1990,12387253.5425168,0.820769493275465
SLE,Sierra Leone,1991,23179749.7155859,1.27920056504565
SLE,Sierra Leone,1992,26661754.5180421,1.68778296601619
SLE,Sierra Leone,1993,23339131.1090317,1.30662854515732
SLE,Sierra Leone,1994,26495551.6924021,1.25075325983502
SLE,Sierra Leone,1995,25023304.5910044,1.23701082989956
SLE,Sierra Leone,1996,18592815.2817541,0.849855684883699
SLE,Sierra Leone,1997,9490749.70300016,0.48048255613625
SLE,Sierra Leone,1998,10054233.1256955,0.643666734495763
SLE,Sierra Leone,1999,17000426.7843187,1.09319455027975
SLE,Sierra Leone,2000,23310804.3515668,1.57801055285861
SLE,Sierra Leone,2001,29911134.6071545,1.72271852453079
SLE,Sierra Leone,2002,27133961.8776292,1.35970475391743
SLE,Sierra Leone,2003,28467933.5928516,1.27788496760216
SLE,Sierra Leone,2004,22961537.0377226,0.974909894000986
SLE,Sierra Leone,2005,23552130.2330088,0.859492175206273
SLE,Sierra Leone,2006,28022458.4811827,0.890937353042299
SLE,Sierra Leone,2007,29076876.1787357,0.842695620186599
SLE,Sierra Leone,2008,23645736.5563087,0.603658478631646
SLE,Sierra Leone,2009,26405564.6626202,0.695771445150757
SLE,Sierra Leone,2010,25062278.6312024,0.600434938929684
SLE,Sierra Leone,2011,25476183.9067774,0.530893039714345
SLE,Sierra Leone,2012,29758934.0797967,0.517911005474655
SLE,Sierra Leone,2013,31684939.4114253,0.469957196664839
SLE,Sierra Leone,2014,48810630.7877162,0.747309962312162
SLE,Sierra Leone,2015,39226514.2658403,0.581670050305266
SLE,Sierra Leone,2016,37414732.169548,0.714168280060902
SLE,Sierra Leone,2017,39577826.0041243,0.676969771194224
SLE,Sierra Leone,2018,29622478.0996257,0.465679597167025
SLE,Sierra Leone,2019,24557746.8422701,0.37632567182809
SLE,Sierra Leone,2020,32599168.6395998,0.486095493916065
SLE,Sierra Leone,2021,43427852.2644433,0.600261617809604
SLE,Sierra Leone,2022,41795800.3353869,0.582258374348818
SLE,Sierra Leone,2023,37826350.3837256,0.603276275520294
SLE,Sierra Leone,2024,36447048.8625476,0.462539633893509
SLE,Sierra Leone,2025,,
SLV,El Salvador,1960,4384473.69549372,
SLV,El Salvador,1961,4441787.07713416,
SLV,El Salvador,1962,6218501.90798782,
SLV,El Salvador,1963,6103875.14470694,
SLV,El Salvador,1964,5724173.99133902,
SLV,El Salvador,1965,6483576.29807486,0.738683896695399
SLV,El Salvador,1966,6591038.88865068,0.709079835684082
SLV,El Salvador,1967,6777307.37898212,0.694253982686142
SLV,El Salvador,1968,6619695.5794709,0.655571183199067
SLV,El Salvador,1969,7508052.99489773,0.71546150132435
SLV,El Salvador,1970,7135516.01423487,0.629834058383193
SLV,El Salvador,1971,8516583.62989323,0.718020405177658
SLV,El Salvador,1972,11140612.0996441,0.881572824648191
SLV,El Salvador,1973,12475644.1281139,0.864970611800008
SLV,El Salvador,1974,13350320.2846975,0.801397476690848
SLV,El Salvador,1975,15652099.6441281,0.830737938354675
SLV,El Salvador,1976,20531871.886121,0.881847195617408
SLV,El Salvador,1977,28588099.6441281,0.971842225565606
SLV,El Salvador,1978,34987046.2633452,1.11852601258792
SLV,El Salvador,1979,54644241.9928825,1.57765362430514
SLV,El Salvador,1980,62055971.5302491,1.7363364875446
SLV,El Salvador,1981,78352569.3950178,2.27954641554224
SLV,El Salvador,1982,94372953.7366548,2.7763365312517
SLV,El Salvador,1983,124526263.345196,3.55144989362715
SLV,El Salvador,1984,235932384.341637,6.44328243706815
SLV,El Salvador,1985,250433594.30605,6.58971611464278
SLV,El Salvador,1986,163311245.551601,4.32995671803931
SLV,El Salvador,1987,176891743.772242,4.46916395124473
SLV,El Salvador,1988,178963345.195729,4.27132388506901
SLV,El Salvador,1989,213029679.715302,4.87234584982692
SLV,El Salvador,1990,163886690.391459,3.41366598744942
SLV,El Salvador,1991,145127188.6121,2.73257745456787
SLV,El Salvador,1992,134193736.654804,2.25357678228633
SLV,El Salvador,1993,116470035.587189,1.67872879014223
SLV,El Salvador,1994,109334519.572954,1.35222117942445
SLV,El Salvador,1995,111636298.932384,1.17505832785871
SLV,El Salvador,1996,110830676.156584,1.07440915279515
SLV,El Salvador,1997,112211743.772242,1.00776620629422
SLV,El Salvador,1998,110830676.156584,0.922942907935975
SLV,El Salvador,1999,114743701.067616,0.920549239593538
SLV,El Salvador,2000,110370320.284698,0.840331038102095
SLV,El Salvador,2001,150651459.074733,1.09067003863398
SLV,El Salvador,2002,161700000.0,1.13023872990524
SLV,El Salvador,2003,126600000.0,0.841381284888912
SLV,El Salvador,2004,128000000.0,0.810214431044768
SLV,El Salvador,2005,132900000.0,0.90420465369438
SLV,El Salvador,2006,142100000.0,0.888131105901353
SLV,El Salvador,2007,165600000.0,0.973444824900437
SLV,El Salvador,2008,173000000.0,0.961811831487238
SLV,El Salvador,2009,189900000.0,1.07887821146881
SLV,El Salvador,2010,201000000.0,1.08955372746629
SLV,El Salvador,2011,220700000.0,1.08806149544119
SLV,El Salvador,2012,224300000.0,1.04880962679117
SLV,El Salvador,2013,237500000.0,1.07998923193894
SLV,El Salvador,2014,233900000.0,1.03525487674093
SLV,El Salvador,2015,247700000.0,1.05682005889035
SLV,El Salvador,2016,247600000.0,1.02350295230491
SLV,El Salvador,2017,260900000.0,1.04446940079198
SLV,El Salvador,2018,294610000.0,1.13220727885334
SLV,El Salvador,2019,317200000.0,1.18000962074512
SLV,El Salvador,2020,343900000.0,1.37995002386364
SLV,El Salvador,2021,351578000.0,1.21053697201576
SLV,El Salvador,2022,458494000.0,1.43329011743175
SLV,El Salvador,2023,454766666.666667,1.33693500391086
SLV,El Salvador,2024,425200000.0,1.18611916982816
SLV,El Salvador,2025,,
SMR,San Marino,1960,,
SMR,San Marino,1961,,
SMR,San Marino,1962,,
SMR,San Marino,1963,,
SMR,San Marino,1964,,
SMR,San Marino,1965,,
SMR,San Marino,1966,,
SMR,San Marino,1967,,
SMR,San Marino,1968,,
SMR,San Marino,1969,,
SMR,San Marino,1970,,
SMR,San Marino,1971,,
SMR,San Marino,1972,,
SMR,San Marino,1973,,
SMR,San Marino,1974,,
SMR,San Marino,1975,,
SMR,San Marino,1976,,
SMR,San Marino,1977,,
SMR,San Marino,1978,,
SMR,San Marino,1979,,
SMR,San Marino,1980,,
SMR,San Marino,1981,,
SMR,San Marino,1982,,
SMR,San Marino,1983,,
SMR,San Marino,1984,,
SMR,San Marino,1985,,
SMR,San Marino,1986,,
SMR,San Marino,1987,,
SMR,San Marino,1988,,
SMR,San Marino,1989,,
SMR,San Marino,1990,,
SMR,San Marino,1991,,
SMR,San Marino,1992,,
SMR,San Marino,1993,,
SMR,San Marino,1994,,
SMR,San Marino,1995,,
SMR,San Marino,1996,,
SMR,San Marino,1997,,
SMR,San Marino,1998,,
SMR,San Marino,1999,,
SMR,San Marino,2000,,
SMR,San Marino,2001,,
SMR,San Marino,2002,,
SMR,San Marino,2003,,
SMR,San Marino,2004,,
SMR,San Marino,2005,,
SMR,San Marino,2006,,
SMR,San Marino,2007,,
SMR,San Marino,2008,,
SMR,San Marino,2009,,
SMR,San Marino,2010,,
SMR,San Marino,2011,,
SMR,San Marino,2012,,
SMR,San Marino,2013,,
SMR,San Marino,2014,,
SMR,San Marino,2015,,
SMR,San Marino,2016,,
SMR,San Marino,2017,,
SMR,San Marino,2018,,
SMR,San Marino,2019,,
SMR,San Marino,2020,,
SMR,San Marino,2021,,
SMR,San Marino,2022,,
SMR,San Marino,2023,,
SMR,San Marino,2024,,
SMR,San Marino,2025,,
SOM,"Somalia, Fed. Rep.",1960,,
SOM,"Somalia, Fed. Rep.",1961,3160000.0,0.230825420014609
SOM,"Somalia, Fed. Rep.",1962,3700000.0,0.254470426409904
SOM,"Somalia, Fed. Rep.",1963,4480000.0,0.290155440414508
SOM,"Somalia, Fed. Rep.",1964,5420000.0,0.330487804878049
SOM,"Somalia, Fed. Rep.",1965,5170000.0,0.296955772544515
SOM,"Somalia, Fed. Rep.",1966,6500000.0,0.353645266594124
SOM,"Somalia, Fed. Rep.",1967,7530000.0,0.387944358578053
SOM,"Somalia, Fed. Rep.",1968,8340000.0,0.4072265625
SOM,"Somalia, Fed. Rep.",1969,9000000.0,0.41958041958042
SOM,"Somalia, Fed. Rep.",1970,11200000.0,0.496014171833481
SOM,"Somalia, Fed. Rep.",1971,11400000.0,0.483050847457627
SOM,"Somalia, Fed. Rep.",1972,13200000.0,0.45360824742268
SOM,"Somalia, Fed. Rep.",1973,16100000.0,0.505494505494506
SOM,"Somalia, Fed. Rep.",1974,21400000.0,0.72714916751614
SOM,"Somalia, Fed. Rep.",1975,23100000.0,0.516201117318436
SOM,"Somalia, Fed. Rep.",1976,26300000.0,0.517512790240063
SOM,"Somalia, Fed. Rep.",1977,31700000.0,0.460755813953488
SOM,"Somalia, Fed. Rep.",1978,81400000.0,0.994988387727662
SOM,"Somalia, Fed. Rep.",1979,87700000.0,0.97466103578573
SOM,"Somalia, Fed. Rep.",1980,95500000.0,0.549735206078747
SOM,"Somalia, Fed. Rep.",1981,134000000.0,0.607709750566893
SOM,"Somalia, Fed. Rep.",1982,83900000.0,0.288266620855523
SOM,"Somalia, Fed. Rep.",1983,83900000.0,0.239324528624811
SOM,"Somalia, Fed. Rep.",1984,89200000.0,0.143127627483072
SOM,"Somalia, Fed. Rep.",1985,44300000.0,0.050709706959707
SOM,"Somalia, Fed. Rep.",1986,34900000.0,28.9482415394824
SOM,"Somalia, Fed. Rep.",1987,28500000.0,16.9562113279391
SOM,"Somalia, Fed. Rep.",1988,49500000.0,17.4357168016907
SOM,"Somalia, Fed. Rep.",1989,8560000.0,1.52999213555444
SOM,"Somalia, Fed. Rep.",1990,,
SOM,"Somalia, Fed. Rep.",1991,,
SOM,"Somalia, Fed. Rep.",1992,,
SOM,"Somalia, Fed. Rep.",1993,,
SOM,"Somalia, Fed. Rep.",1994,,
SOM,"Somalia, Fed. Rep.",1995,,
SOM,"Somalia, Fed. Rep.",1996,,
SOM,"Somalia, Fed. Rep.",1997,,
SOM,"Somalia, Fed. Rep.",1998,,
SOM,"Somalia, Fed. Rep.",1999,,
SOM,"Somalia, Fed. Rep.",2000,,
SOM,"Somalia, Fed. Rep.",2001,,
SOM,"Somalia, Fed. Rep.",2002,,
SOM,"Somalia, Fed. Rep.",2003,,
SOM,"Somalia, Fed. Rep.",2004,,
SOM,"Somalia, Fed. Rep.",2005,,
SOM,"Somalia, Fed. Rep.",2006,,
SOM,"Somalia, Fed. Rep.",2007,,
SOM,"Somalia, Fed. Rep.",2008,,
SOM,"Somalia, Fed. Rep.",2009,,
SOM,"Somalia, Fed. Rep.",2010,,
SOM,"Somalia, Fed. Rep.",2011,,
SOM,"Somalia, Fed. Rep.",2012,,
SOM,"Somalia, Fed. Rep.",2013,26050000.0,0.443857556653604
SOM,"Somalia, Fed. Rep.",2014,60258000.0,0.935247555486575
SOM,"Somalia, Fed. Rep.",2015,46614000.0,0.681391609413828
SOM,"Somalia, Fed. Rep.",2016,47706000.0,0.6454606954404
SOM,"Somalia, Fed. Rep.",2017,61813000.0,0.749066892874455
SOM,"Somalia, Fed. Rep.",2018,76562000.0,0.972462847707354
SOM,"Somalia, Fed. Rep.",2019,71720000.0,0.828653957250144
SOM,"Somalia, Fed. Rep.",2020,98156600.0,1.1376518312471
SOM,"Somalia, Fed. Rep.",2021,111029000.0,1.17069801771404
SOM,"Somalia, Fed. Rep.",2022,118661000.0,1.16300107811428
SOM,"Somalia, Fed. Rep.",2023,140974000.0,1.28520375603975
SOM,"Somalia, Fed. Rep.",2024,201854000.0,1.58578050121769
SOM,"Somalia, Fed. Rep.",2025,,
SRB,Serbia,1960,,
SRB,Serbia,1961,,
SRB,Serbia,1962,,
SRB,Serbia,1963,,
SRB,Serbia,1964,,
SRB,Serbia,1965,,
SRB,Serbia,1966,,
SRB,Serbia,1967,,
SRB,Serbia,1968,,
SRB,Serbia,1969,,
SRB,Serbia,1970,,
SRB,Serbia,1971,,
SRB,Serbia,1972,,
SRB,Serbia,1973,,
SRB,Serbia,1974,,
SRB,Serbia,1975,,
SRB,Serbia,1976,,
SRB,Serbia,1977,,
SRB,Serbia,1978,,
SRB,Serbia,1979,,
SRB,Serbia,1980,,
SRB,Serbia,1981,,
SRB,Serbia,1982,,
SRB,Serbia,1983,,
SRB,Serbia,1984,,
SRB,Serbia,1985,,
SRB,Serbia,1986,,
SRB,Serbia,1987,,
SRB,Serbia,1988,,
SRB,Serbia,1989,,
SRB,Serbia,1990,,
SRB,Serbia,1991,,
SRB,Serbia,1992,,
SRB,Serbia,1993,,
SRB,Serbia,1994,,
SRB,Serbia,1995,,
SRB,Serbia,1996,0.0,3.16000596260261
SRB,Serbia,1997,914364967.948176,3.36740339732567
SRB,Serbia,1998,642122263.42864,3.05713147460424
SRB,Serbia,1999,737469450.756764,3.53216202139944
SRB,Serbia,2000,337080608.366223,4.60092009205706
SRB,Serbia,2001,494069226.481274,3.6330301730712
SRB,Serbia,2002,678511699.843008,3.7841026418813
SRB,Serbia,2003,730567122.916573,3.09653595251624
SRB,Serbia,2004,739172065.075521,2.75341642219387
SRB,Serbia,2005,629500942.833417,2.22169563091897
SRB,Serbia,2006,705062714.272523,2.11742898352372
SRB,Serbia,2007,971570564.636848,2.16443130635595
SRB,Serbia,2008,1111631537.86105,2.05019989253683
SRB,Serbia,2009,974288479.238125,2.07489736839956
SRB,Serbia,2010,872339631.719991,2.00369125521031
SRB,Serbia,2011,986958193.674369,1.92573079525961
SRB,Serbia,2012,865072419.745536,1.91798161392813
SRB,Serbia,2013,932203595.302429,1.84757469294627
SRB,Serbia,2014,918557178.284071,1.8702430512257
SRB,Serbia,2015,700189351.439888,1.69548003219134
SRB,Serbia,2016,784577943.287821,1.85741974312422
SRB,Serbia,2017,796446637.7762,1.75424084910469
SRB,Serbia,2018,1064747316.85943,2.01722347053086
SRB,Serbia,2019,1178580562.87301,2.18222737795041
SRB,Serbia,2020,1282529332.70972,2.29536613396667
SRB,Serbia,2021,1813007742.38781,2.72904089938996
SRB,Serbia,2022,1451348837.28262,2.17267406821898
SRB,Serbia,2023,1796879440.10484,2.20807318692135
SRB,Serbia,2024,2322830101.6066,2.59513983105714
SRB,Serbia,2025,,
SSD,South Sudan,1960,,
SSD,South Sudan,1961,,
SSD,South Sudan,1962,,
SSD,South Sudan,1963,,
SSD,South Sudan,1964,,
SSD,South Sudan,1965,,
SSD,South Sudan,1966,,
SSD,South Sudan,1967,,
SSD,South Sudan,1968,,
SSD,South Sudan,1969,,
SSD,South Sudan,1970,,
SSD,South Sudan,1971,,
SSD,South Sudan,1972,,
SSD,South Sudan,1973,,
SSD,South Sudan,1974,,
SSD,South Sudan,1975,,
SSD,South Sudan,1976,,
SSD,South Sudan,1977,,
SSD,South Sudan,1978,,
SSD,South Sudan,1979,,
SSD,South Sudan,1980,,
SSD,South Sudan,1981,,
SSD,South Sudan,1982,,
SSD,South Sudan,1983,,
SSD,South Sudan,1984,,
SSD,South Sudan,1985,,
SSD,South Sudan,1986,,
SSD,South Sudan,1987,,
SSD,South Sudan,1988,,
SSD,South Sudan,1989,,
SSD,South Sudan,1990,,
SSD,South Sudan,1991,,
SSD,South Sudan,1992,,
SSD,South Sudan,1993,,
SSD,South Sudan,1994,,
SSD,South Sudan,1995,,
SSD,South Sudan,1996,,
SSD,South Sudan,1997,,
SSD,South Sudan,1998,,
SSD,South Sudan,1999,,
SSD,South Sudan,2000,,
SSD,South Sudan,2001,,
SSD,South Sudan,2002,,
SSD,South Sudan,2003,,
SSD,South Sudan,2004,,
SSD,South Sudan,2005,,
SSD,South Sudan,2006,551454504.427754,
SSD,South Sudan,2007,587966866.722881,
SSD,South Sudan,2008,896390706.931527,5.76128903307145
SSD,South Sudan,2009,609898632.648716,4.96846263299849
SSD,South Sudan,2010,650910667.82307,4.14063254299941
SSD,South Sudan,2011,1052721970.36864,6.09441532228387
SSD,South Sudan,2012,988225988.700565,8.77114861951039
SSD,South Sudan,2013,981983050.847458,6.56986369718549
SSD,South Sudan,2014,1301525423.72881,8.57452320335879
SSD,South Sudan,2015,1151920376.75944,8.60365296803653
SSD,South Sudan,2016,135338143.589744,4.84674935905441
SSD,South Sudan,2017,72388104.5738804,3.9933777725745
SSD,South Sudan,2018,149092424.699547,4.7742494592124
SSD,South Sudan,2019,186498925.22647,3.80125272262975
SSD,South Sudan,2020,128916014.125595,1.86635872996114
SSD,South Sudan,2021,213222017.503455,1.51129459315632
SSD,South Sudan,2022,520445647.167204,1.57467379753671
SSD,South Sudan,2023,1076166129.2799,2.09613379474333
SSD,South Sudan,2024,2027890373.09995,1.9617070809135
SSD,South Sudan,2025,,
STP,Sao Tome and Principe,1960,,
STP,Sao Tome and Principe,1961,,
STP,Sao Tome and Principe,1962,,
STP,Sao Tome and Principe,1963,,
STP,Sao Tome and Principe,1964,,
STP,Sao Tome and Principe,1965,,
STP,Sao Tome and Principe,1966,,
STP,Sao Tome and Principe,1967,,
STP,Sao Tome and Principe,1968,,
STP,Sao Tome and Principe,1969,,
STP,Sao Tome and Principe,1970,,
STP,Sao Tome and Principe,1971,,
STP,Sao Tome and Principe,1972,,
STP,Sao Tome and Principe,1973,,
STP,Sao Tome and Principe,1974,,
STP,Sao Tome and Principe,1975,,
STP,Sao Tome and Principe,1976,,
STP,Sao Tome and Principe,1977,,
STP,Sao Tome and Principe,1978,,
STP,Sao Tome and Principe,1979,,
STP,Sao Tome and Principe,1980,,
STP,Sao Tome and Principe,1981,,
STP,Sao Tome and Principe,1982,,
STP,Sao Tome and Principe,1983,,
STP,Sao Tome and Principe,1984,,
STP,Sao Tome and Principe,1985,,
STP,Sao Tome and Principe,1986,,
STP,Sao Tome and Principe,1987,,
STP,Sao Tome and Principe,1988,,
STP,Sao Tome and Principe,1989,,
STP,Sao Tome and Principe,1990,,
STP,Sao Tome and Principe,1991,,
STP,Sao Tome and Principe,1992,,
STP,Sao Tome and Principe,1993,,
STP,Sao Tome and Principe,1994,,
STP,Sao Tome and Principe,1995,,
STP,Sao Tome and Principe,1996,,
STP,Sao Tome and Principe,1997,,
STP,Sao Tome and Principe,1998,,
STP,Sao Tome and Principe,1999,,
STP,Sao Tome and Principe,2000,,
STP,Sao Tome and Principe,2001,,
STP,Sao Tome and Principe,2002,,
STP,Sao Tome and Principe,2003,,
STP,Sao Tome and Principe,2004,,
STP,Sao Tome and Principe,2005,,
STP,Sao Tome and Principe,2006,,
STP,Sao Tome and Principe,2007,,
STP,Sao Tome and Principe,2008,,
STP,Sao Tome and Principe,2009,,
STP,Sao Tome and Principe,2010,,
STP,Sao Tome and Principe,2011,,
STP,Sao Tome and Principe,2012,,
STP,Sao Tome and Principe,2013,,
STP,Sao Tome and Principe,2014,,
STP,Sao Tome and Principe,2015,,
STP,Sao Tome and Principe,2016,,
STP,Sao Tome and Principe,2017,,
STP,Sao Tome and Principe,2018,,
STP,Sao Tome and Principe,2019,,
STP,Sao Tome and Principe,2020,,
STP,Sao Tome and Principe,2021,,
STP,Sao Tome and Principe,2022,,
STP,Sao Tome and Principe,2023,,
STP,Sao Tome and Principe,2024,,
STP,Sao Tome and Principe,2025,,
SUR,Suriname,1960,,
SUR,Suriname,1961,,
SUR,Suriname,1962,,
SUR,Suriname,1963,,
SUR,Suriname,1964,,
SUR,Suriname,1965,,
SUR,Suriname,1966,,
SUR,Suriname,1967,,
SUR,Suriname,1968,,
SUR,Suriname,1969,,
SUR,Suriname,1970,,
SUR,Suriname,1971,,
SUR,Suriname,1972,,
SUR,Suriname,1973,,
SUR,Suriname,1974,,
SUR,Suriname,1975,,
SUR,Suriname,1976,,
SUR,Suriname,1977,,
SUR,Suriname,1978,,
SUR,Suriname,1979,,
SUR,Suriname,1980,,
SUR,Suriname,1981,,
SUR,Suriname,1982,,
SUR,Suriname,1983,,
SUR,Suriname,1984,,
SUR,Suriname,1985,,
SUR,Suriname,1986,,
SUR,Suriname,1987,,
SUR,Suriname,1988,,
SUR,Suriname,1989,,
SUR,Suriname,1990,,
SUR,Suriname,1991,,
SUR,Suriname,1992,,
SUR,Suriname,1993,,
SUR,Suriname,1994,,
SUR,Suriname,1995,,
SUR,Suriname,1996,,
SUR,Suriname,1997,,
SUR,Suriname,1998,,
SUR,Suriname,1999,,
SUR,Suriname,2000,,
SUR,Suriname,2001,,
SUR,Suriname,2002,,
SUR,Suriname,2003,,
SUR,Suriname,2004,,
SUR,Suriname,2005,,
SUR,Suriname,2006,,
SUR,Suriname,2007,,
SUR,Suriname,2008,,
SUR,Suriname,2009,,
SUR,Suriname,2010,,
SUR,Suriname,2011,,
SUR,Suriname,2012,,
SUR,Suriname,2013,,
SUR,Suriname,2014,,
SUR,Suriname,2015,,
SUR,Suriname,2016,,
SUR,Suriname,2017,,
SUR,Suriname,2018,,
SUR,Suriname,2019,,
SUR,Suriname,2020,,
SUR,Suriname,2021,,
SUR,Suriname,2022,,
SUR,Suriname,2023,,
SUR,Suriname,2024,,
SUR,Suriname,2025,,
SVK,Slovak Republic,1960,,
SVK,Slovak Republic,1961,,
SVK,Slovak Republic,1962,,
SVK,Slovak Republic,1963,,
SVK,Slovak Republic,1964,,
SVK,Slovak Republic,1965,,
SVK,Slovak Republic,1966,,
SVK,Slovak Republic,1967,,
SVK,Slovak Republic,1968,,
SVK,Slovak Republic,1969,,
SVK,Slovak Republic,1970,,
SVK,Slovak Republic,1971,,
SVK,Slovak Republic,1972,,
SVK,Slovak Republic,1973,,
SVK,Slovak Republic,1974,,
SVK,Slovak Republic,1975,,
SVK,Slovak Republic,1976,,
SVK,Slovak Republic,1977,,
SVK,Slovak Republic,1978,,
SVK,Slovak Republic,1979,,
SVK,Slovak Republic,1980,,
SVK,Slovak Republic,1981,,
SVK,Slovak Republic,1982,,
SVK,Slovak Republic,1983,,
SVK,Slovak Republic,1984,,
SVK,Slovak Republic,1985,,
SVK,Slovak Republic,1986,,
SVK,Slovak Republic,1987,,
SVK,Slovak Republic,1988,,
SVK,Slovak Republic,1989,,
SVK,Slovak Republic,1990,,
SVK,Slovak Republic,1991,,
SVK,Slovak Republic,1992,,
SVK,Slovak Republic,1993,266899036.578679,1.99636032146556
SVK,Slovak Republic,1994,299993419.135274,1.93951901446386
SVK,Slovak Republic,1995,629622682.638738,3.10070289089865
SVK,Slovak Republic,1996,641559871.059046,2.93418881478054
SVK,Slovak Republic,1997,499529506.65412,2.26783995445767
SVK,Slovak Republic,1998,397592215.742942,1.7353509879857
SVK,Slovak Republic,1999,327169170.93351,1.56985344586326
SVK,Slovak Republic,2000,342322768.946855,1.65370432455852
SVK,Slovak Republic,2001,393996598.321589,1.84333774482959
SVK,Slovak Republic,2002,440059286.041859,1.77638869541757
SVK,Slovak Republic,2003,624508454.581203,1.84975289310525
SVK,Slovak Republic,2004,711290428.025739,1.65576883362586
SVK,Slovak Republic,2005,823313455.449583,1.68609625574848
SVK,Slovak Republic,2006,911370626.760049,1.594347802785
SVK,Slovak Republic,2007,1139194487.75287,1.47798320217802
SVK,Slovak Republic,2008,1411710284.8947,1.46010645649302
SVK,Slovak Republic,2009,1350294439.2041,1.51744260464589
SVK,Slovak Republic,2010,1137680535.59722,1.24987774042242
SVK,Slovak Republic,2011,1064842810.57336,1.06939130819127
SVK,Slovak Republic,2012,1020180034.79405,1.0769371641209
SVK,Slovak Republic,2013,967923107.869653,0.976653153261356
SVK,Slovak Republic,2014,997703821.802668,0.982206647396956
SVK,Slovak Republic,2015,985915492.957747,1.10604733307789
SVK,Slovak Republic,2016,1003048083.68943,1.11122582751499
SVK,Slovak Republic,2017,1049074346.91029,1.10051309804795
SVK,Slovak Republic,2018,1295988102.40431,1.21627211246117
SVK,Slovak Republic,2019,1802507836.9906,1.702848063096
SVK,Slovak Republic,2020,2047190242.79038,1.9041442947824
SVK,Slovak Republic,2021,2064806054.87228,1.71243604796751
SVK,Slovak Republic,2022,2085664762.25736,1.80127696639016
SVK,Slovak Republic,2023,2441648912.4939,1.83861085562872
SVK,Slovak Republic,2024,2849224738.28021,2.01078152849676
SVK,Slovak Republic,2025,,
SVN,Slovenia,1960,,
SVN,Slovenia,1961,,
SVN,Slovenia,1962,,
SVN,Slovenia,1963,,
SVN,Slovenia,1964,,
SVN,Slovenia,1965,,
SVN,Slovenia,1966,,
SVN,Slovenia,1967,,
SVN,Slovenia,1968,,
SVN,Slovenia,1969,,
SVN,Slovenia,1970,,
SVN,Slovenia,1971,,
SVN,Slovenia,1972,,
SVN,Slovenia,1973,,
SVN,Slovenia,1974,,
SVN,Slovenia,1975,,
SVN,Slovenia,1976,,
SVN,Slovenia,1977,,
SVN,Slovenia,1978,,
SVN,Slovenia,1979,,
SVN,Slovenia,1980,,
SVN,Slovenia,1981,,
SVN,Slovenia,1982,,
SVN,Slovenia,1983,,
SVN,Slovenia,1984,,
SVN,Slovenia,1985,,
SVN,Slovenia,1986,,
SVN,Slovenia,1987,,
SVN,Slovenia,1988,,
SVN,Slovenia,1989,,
SVN,Slovenia,1990,,
SVN,Slovenia,1991,,
SVN,Slovenia,1992,281422738.461992,2.24723333231322
SVN,Slovenia,1993,230303671.569146,1.8173013500764
SVN,Slovenia,1994,237949504.101327,1.65407466226615
SVN,Slovenia,1995,334655022.858287,1.56609458436673
SVN,Slovenia,1996,329972648.331902,1.53702782548185
SVN,Slovenia,1997,290785271.801767,1.40287074092784
SVN,Slovenia,1998,301139822.232736,1.36530877958536
SVN,Slovenia,1999,274841827.849109,1.21560860247362
SVN,Slovenia,2000,222391556.805474,1.1030903407362
SVN,Slovenia,2001,271488790.388659,1.31347656232859
SVN,Slovenia,2002,326959522.812057,1.4084785163184
SVN,Slovenia,2003,416906753.676513,1.41990505481164
SVN,Slovenia,2004,493153892.913731,1.44379021070681
SVN,Slovenia,2005,514172799.466764,1.43040814614095
SVN,Slovenia,2006,608833753.372966,1.55085054600912
SVN,Slovenia,2007,692654912.555876,1.44855400639896
SVN,Slovenia,2008,829384406.928626,1.50018334060673
SVN,Slovenia,2009,798868642.190033,1.60495226217918
SVN,Slovenia,2010,772085107.510148,1.61704968465109
SVN,Slovenia,2011,665679671.372271,1.30187924610493
SVN,Slovenia,2012,543496416.521263,1.17717193840362
SVN,Slovenia,2013,506742932.103314,1.05894724003693
SVN,Slovenia,2014,486194870.396018,0.983232647144707
SVN,Slovenia,2015,400771875.346568,0.938787933833639
SVN,Slovenia,2016,449177539.095701,1.01508115640424
SVN,Slovenia,2017,473796757.208807,0.990668071759246
SVN,Slovenia,2018,529496122.658546,0.986759717956076
SVN,Slovenia,2019,572884012.539185,1.06257823971417
SVN,Slovenia,2020,567650746.608914,1.0654982010929
SVN,Slovenia,2021,762771996.215705,1.23984465824347
SVN,Slovenia,2022,775156293.385613,1.29505522763484
SVN,Slovenia,2023,912917403.122718,1.32131919558764
SVN,Slovenia,2024,951904999.881012,1.31001116486788
SVN,Slovenia,2025,,
SWE,Sweden,1960,526848900.3926,3.77697093998143
SWE,Sweden,1961,564736401.576584,3.72061333129569
SWE,Sweden,1962,636258725.240228,3.8634442931593
SWE,Sweden,1963,697922566.452937,3.96727724240992
SWE,Sweden,1964,758619889.7783,3.86619773810931
SWE,Sweden,1965,844543329.963408,3.91263074939103
SWE,Sweden,1966,906980385.485994,3.85801327117097
SWE,Sweden,1967,921961412.739866,3.61145184983266
SWE,Sweden,1968,941001815.120592,3.47654687767811
SWE,Sweden,1969,1017260076.43223,3.45928073254583
SWE,Sweden,1970,1118164543.87121,3.35866826147039
SWE,Sweden,1971,1238804426.92127,3.41003678543619
SWE,Sweden,1972,1458082235.50212,3.40796434986602
SWE,Sweden,1973,1702215352.91087,3.27858730550753
SWE,Sweden,1974,1855084673.22308,3.21539704912016
SWE,Sweden,1975,2232315958.56644,3.08160313845438
SWE,Sweden,1976,2345444903.33778,3.00311290223018
SWE,Sweden,1977,2560335055.91703,3.10108211536798
SWE,Sweden,1978,2873317738.08391,3.14777548793793
SWE,Sweden,1979,3368143351.65194,3.12335742266503
SWE,Sweden,1980,3791756608.82785,2.92345159602684
SWE,Sweden,1981,3490216137.64555,2.94823714687051
SWE,Sweden,1982,2980130869.17698,2.85375478407458
SWE,Sweden,1983,2629021886.99523,2.73782261810655
SWE,Sweden,1984,2668524384.05184,2.67196132262297
SWE,Sweden,1985,2795295632.68836,2.6730084000738
SWE,Sweden,1986,3577484916.29209,2.58656825639449
SWE,Sweden,1987,4182359583.87746,2.48279607141854
SWE,Sweden,1988,4651754894.2004,2.44551601057075
SWE,Sweden,1989,4880345221.25431,2.43275007538796
SWE,Sweden,1990,5913117377.03145,2.46222087771384
SWE,Sweden,1991,5878822052.85847,2.31988463219988
SWE,Sweden,1992,6141834497.22949,2.33879088257987
SWE,Sweden,1993,4752660459.46324,2.23500815954401
SWE,Sweden,1994,4818836776.19275,2.10703239487222
SWE,Sweden,1995,4653429165.95988,1.74250521093618
SWE,Sweden,1996,4301745511.95255,1.47343176529016
SWE,Sweden,1997,5085207514.45011,1.89568067997443
SWE,Sweden,1998,5035805616.94719,1.85898135400003
SWE,Sweden,1999,5080829731.6891,1.85215824084675
SWE,Sweden,2000,4764337105.33669,1.81219616487946
SWE,Sweden,2001,4283625872.53488,1.76644912426107
SWE,Sweden,2002,4354573015.42961,1.62865223371684
SWE,Sweden,2003,5305640404.14034,1.58816297928906
SWE,Sweden,2004,5514710384.83363,1.43407694057924
SWE,Sweden,2005,5518466925.99715,1.4088832755238
SWE,Sweden,2006,5577203266.3572,1.31996199535912
SWE,Sweden,2007,6386221161.54271,1.30317126242131
SWE,Sweden,2008,6024791006.05362,1.17073406588482
SWE,Sweden,2009,5062962024.19184,1.1657412674695
SWE,Sweden,2010,5885935800.38626,1.19449893581106
SWE,Sweden,2011,6324747364.3036,1.10855139297702
SWE,Sweden,2012,6243671605.39748,1.13574610579856
SWE,Sweden,2013,6528737467.32024,1.11768901606678
SWE,Sweden,2014,6555518063.89502,1.1347022453612
SWE,Sweden,2015,5386942195.8071,1.07374144708625
SWE,Sweden,2016,5427549191.34014,1.05595798245271
SWE,Sweden,2017,5526592999.00266,1.0325978685581
SWE,Sweden,2018,5732822794.38131,1.04000297143706
SWE,Sweden,2019,5839555790.58699,1.09692312001944
SWE,Sweden,2020,6271285838.40139,1.15009466283262
SWE,Sweden,2021,7582555970.14925,1.18992635880485
SWE,Sweden,2022,7722479440.75299,1.33147661923348
SWE,Sweden,2023,8754872951.01216,1.50126036606591
SWE,Sweden,2024,12040289402.7522,1.99771738810168
SWE,Sweden,2025,,
SWZ,Eswatini,1960,,
SWZ,Eswatini,1961,,
SWZ,Eswatini,1962,,
SWZ,Eswatini,1963,,
SWZ,Eswatini,1964,,
SWZ,Eswatini,1965,,
SWZ,Eswatini,1966,,
SWZ,Eswatini,1967,,
SWZ,Eswatini,1968,,
SWZ,Eswatini,1969,,
SWZ,Eswatini,1970,,
SWZ,Eswatini,1971,,
SWZ,Eswatini,1972,,
SWZ,Eswatini,1973,,
SWZ,Eswatini,1974,,
SWZ,Eswatini,1975,,
SWZ,Eswatini,1976,,
SWZ,Eswatini,1977,5390626.34765659,1.78231939163498
SWZ,Eswatini,1978,8259877.06496927,2.43309620596206
SWZ,Eswatini,1979,10183559.4762639,2.45841697734442
SWZ,Eswatini,1980,13135761.8870299,2.42353888796759
SWZ,Eswatini,1981,12379584.2969822,2.1661010181673
SWZ,Eswatini,1982,11074579.5804093,2.1995610023779
SWZ,Eswatini,1983,11735930.3473656,2.25586611456177
SWZ,Eswatini,1984,9116913.39949027,2.03080175147214
SWZ,Eswatini,1985,6646662.94783438,1.8411214953271
SWZ,Eswatini,1986,7341260.28979926,1.63451232583065
SWZ,Eswatini,1987,8349582.27531029,1.42929208004036
SWZ,Eswatini,1988,8720150.2548967,1.26009025614949
SWZ,Eswatini,1989,8731526.53011424,1.25287230550388
SWZ,Eswatini,1990,14223211.6630336,1.27597457759347
SWZ,Eswatini,1991,16006837.3096925,1.38451659383859
SWZ,Eswatini,1992,20976434.1639756,1.63271154292264
SWZ,Eswatini,1993,23724347.7143224,1.74804676490152
SWZ,Eswatini,1994,25804044.1590627,1.818089820086
SWZ,Eswatini,1995,28769619.7226978,1.69333926177873
SWZ,Eswatini,1996,26486561.922151,1.65257773101622
SWZ,Eswatini,1997,25662115.1225271,1.49483917047487
SWZ,Eswatini,1998,25731330.5404213,1.64720895062658
SWZ,Eswatini,1999,25853264.1075836,1.68450591336061
SWZ,Eswatini,2000,24471060.5303012,1.46023215821152
SWZ,Eswatini,2001,19665055.20851,1.25574840528112
SWZ,Eswatini,2002,18338440.521028,1.39355489870954
SWZ,Eswatini,2003,31927690.9349284,1.47739784683142
SWZ,Eswatini,2004,42695547.3095458,1.57952007330623
SWZ,Eswatini,2005,59471673.9027539,2.03322402021397
SWZ,Eswatini,2006,58520575.052979,1.67289344815941
SWZ,Eswatini,2007,61877516.7237491,1.64441175361171
SWZ,Eswatini,2008,66657830.1994137,1.99882032667877
SWZ,Eswatini,2009,75911617.9884277,2.09112187510159
SWZ,Eswatini,2010,102032174.965375,2.36677016665611
SWZ,Eswatini,2011,106629408.921201,2.21867209215692
SWZ,Eswatini,2012,90639795.2733079,1.91455696202532
SWZ,Eswatini,2013,86040376.7558151,1.95189144736842
SWZ,Eswatini,2014,81355664.003534,1.82286935337352
SWZ,Eswatini,2015,73527455.7424242,1.74960240174858
SWZ,Eswatini,2016,80527779.9028584,2.07382569653681
SWZ,Eswatini,2017,87762823.1282349,1.92445503522586
SWZ,Eswatini,2018,95863380.3230956,2.09604400864986
SWZ,Eswatini,2019,86532285.9713475,1.89047734248605
SWZ,Eswatini,2020,76795299.9757105,1.85505471294042
SWZ,Eswatini,2021,82792515.3955471,1.67850436407438
SWZ,Eswatini,2022,83200580.4806773,1.65499533493805
SWZ,Eswatini,2023,70513370.260132,1.38354667632574
SWZ,Eswatini,2024,79655264.6081486,1.4440675502379
SWZ,Eswatini,2025,,
SXM,Sint Maarten (Dutch part),1960,,
SXM,Sint Maarten (Dutch part),1961,,
SXM,Sint Maarten (Dutch part),1962,,
SXM,Sint Maarten (Dutch part),1963,,
SXM,Sint Maarten (Dutch part),1964,,
SXM,Sint Maarten (Dutch part),1965,,
SXM,Sint Maarten (Dutch part),1966,,
SXM,Sint Maarten (Dutch part),1967,,
SXM,Sint Maarten (Dutch part),1968,,
SXM,Sint Maarten (Dutch part),1969,,
SXM,Sint Maarten (Dutch part),1970,,
SXM,Sint Maarten (Dutch part),1971,,
SXM,Sint Maarten (Dutch part),1972,,
SXM,Sint Maarten (Dutch part),1973,,
SXM,Sint Maarten (Dutch part),1974,,
SXM,Sint Maarten (Dutch part),1975,,
SXM,Sint Maarten (Dutch part),1976,,
SXM,Sint Maarten (Dutch part),1977,,
SXM,Sint Maarten (Dutch part),1978,,
SXM,Sint Maarten (Dutch part),1979,,
SXM,Sint Maarten (Dutch part),1980,,
SXM,Sint Maarten (Dutch part),1981,,
SXM,Sint Maarten (Dutch part),1982,,
SXM,Sint Maarten (Dutch part),1983,,
SXM,Sint Maarten (Dutch part),1984,,
SXM,Sint Maarten (Dutch part),1985,,
SXM,Sint Maarten (Dutch part),1986,,
SXM,Sint Maarten (Dutch part),1987,,
SXM,Sint Maarten (Dutch part),1988,,
SXM,Sint Maarten (Dutch part),1989,,
SXM,Sint Maarten (Dutch part),1990,,
SXM,Sint Maarten (Dutch part),1991,,
SXM,Sint Maarten (Dutch part),1992,,
SXM,Sint Maarten (Dutch part),1993,,
SXM,Sint Maarten (Dutch part),1994,,
SXM,Sint Maarten (Dutch part),1995,,
SXM,Sint Maarten (Dutch part),1996,,
SXM,Sint Maarten (Dutch part),1997,,
SXM,Sint Maarten (Dutch part),1998,,
SXM,Sint Maarten (Dutch part),1999,,
SXM,Sint Maarten (Dutch part),2000,,
SXM,Sint Maarten (Dutch part),2001,,
SXM,Sint Maarten (Dutch part),2002,,
SXM,Sint Maarten (Dutch part),2003,,
SXM,Sint Maarten (Dutch part),2004,,
SXM,Sint Maarten (Dutch part),2005,,
SXM,Sint Maarten (Dutch part),2006,,
SXM,Sint Maarten (Dutch part),2007,,
SXM,Sint Maarten (Dutch part),2008,,
SXM,Sint Maarten (Dutch part),2009,,
SXM,Sint Maarten (Dutch part),2010,,
SXM,Sint Maarten (Dutch part),2011,,
SXM,Sint Maarten (Dutch part),2012,,
SXM,Sint Maarten (Dutch part),2013,,
SXM,Sint Maarten (Dutch part),2014,,
SXM,Sint Maarten (Dutch part),2015,,
SXM,Sint Maarten (Dutch part),2016,,
SXM,Sint Maarten (Dutch part),2017,,
SXM,Sint Maarten (Dutch part),2018,,
SXM,Sint Maarten (Dutch part),2019,,
SXM,Sint Maarten (Dutch part),2020,,
SXM,Sint Maarten (Dutch part),2021,,
SXM,Sint Maarten (Dutch part),2022,,
SXM,Sint Maarten (Dutch part),2023,,
SXM,Sint Maarten (Dutch part),2024,,
SXM,Sint Maarten (Dutch part),2025,,
SYC,Seychelles,1960,,
SYC,Seychelles,1961,,
SYC,Seychelles,1962,,
SYC,Seychelles,1963,,
SYC,Seychelles,1964,,
SYC,Seychelles,1965,,
SYC,Seychelles,1966,,
SYC,Seychelles,1967,,
SYC,Seychelles,1968,,
SYC,Seychelles,1969,,
SYC,Seychelles,1970,,
SYC,Seychelles,1971,,
SYC,Seychelles,1972,,
SYC,Seychelles,1973,,
SYC,Seychelles,1974,,
SYC,Seychelles,1975,,
SYC,Seychelles,1976,,
SYC,Seychelles,1977,,
SYC,Seychelles,1978,,
SYC,Seychelles,1979,,
SYC,Seychelles,1980,,
SYC,Seychelles,1981,,
SYC,Seychelles,1982,,
SYC,Seychelles,1983,,
SYC,Seychelles,1984,,
SYC,Seychelles,1985,7246651.05202591,4.29081251556146
SYC,Seychelles,1986,9762352.28978159,4.67441860465116
SYC,Seychelles,1987,11321408.3546279,4.54187262697901
SYC,Seychelles,1988,12148072.7472662,4.28038484193992
SYC,Seychelles,1989,13036424.0522024,4.27683189028996
SYC,Seychelles,1990,14840075.699376,4.02623150831173
SYC,Seychelles,1991,16561706.5363913,4.42401898893995
SYC,Seychelles,1992,20499884.8101711,4.72738733060195
SYC,Seychelles,1993,12949843.0000405,2.75961340736171
SYC,Seychelles,1994,11887196.2435669,2.4436854517362
SYC,Seychelles,1995,11591841.1917757,2.28118026283164
SYC,Seychelles,1996,10543301.9851187,2.09574851017878
SYC,Seychelles,1997,11398353.4738995,2.02481003710903
SYC,Seychelles,1998,10542378.7434509,1.73291558768129
SYC,Seychelles,1999,11090147.4568467,1.78292544212037
SYC,Seychelles,2000,10325841.5560868,1.67933282099451
SYC,Seychelles,2001,11065396.0536334,1.77826552168784
SYC,Seychelles,2002,11699935.9492558,1.67737547090833
SYC,Seychelles,2003,12239108.8595595,1.73431637499016
SYC,Seychelles,2004,15927272.7272727,1.89764022742369
SYC,Seychelles,2005,14727272.7272727,1.60235235107661
SYC,Seychelles,2006,14366386.5180834,1.41343002330889
SYC,Seychelles,2007,15176703.3872253,1.46828358935559
SYC,Seychelles,2008,11124810.1983242,1.15019319695979
SYC,Seychelles,2009,8651202.43352266,1.02087833561425
SYC,Seychelles,2010,7157559.78720231,0.737915363270446
SYC,Seychelles,2011,8712704.9511348,0.855504063317464
SYC,Seychelles,2012,9924109.7489784,0.936679584641367
SYC,Seychelles,2013,13766451.3239843,1.03655893266994
SYC,Seychelles,2014,30909152.7178874,2.22757343262158
SYC,Seychelles,2015,18101348.7758118,1.26370471979916
SYC,Seychelles,2016,21920004.3921913,1.39771684213413
SYC,Seychelles,2017,22290935.2644799,1.32734497333997
SYC,Seychelles,2018,21561447.814228,1.20539204484215
SYC,Seychelles,2019,23496255.1154351,1.1603964906236
SYC,Seychelles,2020,19413071.3619403,1.36712279790406
SYC,Seychelles,2021,40106698.6265872,2.46023265148376
SYC,Seychelles,2022,24505837.1537579,1.1392449640985
SYC,Seychelles,2023,33226261.1275964,1.4864216122769
SYC,Seychelles,2024,26860869.6918082,1.17906851761683
SYC,Seychelles,2025,,
SYR,Syrian Arab Republic,1960,90223463.6871508,10.517746662325
SYR,Syrian Arab Republic,1961,90223463.6871508,9.54491725768322
SYR,Syrian Arab Republic,1962,149593495.934959,13.4699853587116
SYR,Syrian Arab Republic,1963,,
SYR,Syrian Arab Republic,1964,112041884.816754,8.64297253634895
SYR,Syrian Arab Republic,1965,118062827.225131,8.87795275590551
SYR,Syrian Arab Republic,1966,102356020.942408,7.74717654051912
SYR,Syrian Arab Republic,1967,118586387.434555,8.21396192203083
SYR,Syrian Arab Republic,1968,190052356.020942,12.1648793565684
SYR,Syrian Arab Republic,1969,194502617.801047,10.8261693137112
SYR,Syrian Arab Republic,1970,199738219.895288,11.2205882352941
SYR,Syrian Arab Republic,1971,176963350.78534,8.43629102708099
SYR,Syrian Arab Republic,1972,260209424.08377,10.7715648027742
SYR,Syrian Arab Republic,1973,388674556.986857,15.0694655714431
SYR,Syrian Arab Republic,1974,537380924.316621,12.6601451562007
SYR,Syrian Arab Republic,1975,887837837.837838,15.94892460067
SYR,Syrian Arab Republic,1976,945058881.243397,14.7259858442872
SYR,Syrian Arab Republic,1977,998216560.509554,14.5041276422463
SYR,Syrian Arab Republic,1978,1213503184.71338,14.705609929297
SYR,Syrian Arab Republic,1979,1581656050.95541,15.9285677631241
SYR,Syrian Arab Republic,1980,2253248407.64331,17.2498537156232
SYR,Syrian Arab Republic,1981,2437707006.36943,14.5461179439622
SYR,Syrian Arab Republic,1982,2726878980.89172,15.5593998953306
SYR,Syrian Arab Republic,1983,2733503184.71338,14.6389051861757
SYR,Syrian Arab Republic,1984,3394904458.59873,17.6860184226593
SYR,Syrian Arab Republic,1985,3510318471.33758,16.5551216581556
SYR,Syrian Arab Republic,1986,3678980891.71975,14.4496812864619
SYR,Syrian Arab Republic,1987,3650191082.80255,11.2182097218742
SYR,Syrian Arab Republic,1988,3722802547.7707,7.85392938343537
SYR,Syrian Arab Republic,1989,1483652561.24722,7.97254083449821
SYR,Syrian Arab Republic,1990,1641781737.19376,6.8680868191169
SYR,Syrian Arab Republic,1991,2893808463.25167,10.4257873181754
SYR,Syrian Arab Republic,1992,2976570155.902,8.99066275596696
SYR,Syrian Arab Republic,1993,1426095238.09524,7.23809984169376
SYR,Syrian Arab Republic,1994,1636299776.08992,7.36414273040362
SYR,Syrian Arab Republic,1995,957899818.94991,6.94969131748325
SYR,Syrian Arab Republic,1996,995089040.932605,6.04191605498678
SYR,Syrian Arab Republic,1997,1046927961.04454,5.88275531842123
SYR,Syrian Arab Republic,1998,1096039533.05164,5.80838111238747
SYR,Syrian Arab Republic,1999,1127632857.10901,5.81058049645217
SYR,Syrian Arab Republic,2000,897044908.654196,5.45365642119423
SYR,Syrian Arab Republic,2001,1022526577.91399,5.48055046775797
SYR,Syrian Arab Republic,2002,1102912156.90965,5.41250122273305
SYR,Syrian Arab Republic,2003,1436210733.54447,6.24832427198928
SYR,Syrian Arab Republic,2004,1388544983.48595,5.54183867581242
SYR,Syrian Arab Republic,2005,1450324656.66839,5.02641990387935
SYR,Syrian Arab Republic,2006,1435215692.28412,4.39444682311126
SYR,Syrian Arab Republic,2007,1599033723.06503,4.10054365333056
SYR,Syrian Arab Republic,2008,1732416847.90199,3.5523398057458
SYR,Syrian Arab Republic,2009,2181974581.1918,4.02770775856936
SYR,Syrian Arab Republic,2010,2346021283.01237,4.05614173609585
SYR,Syrian Arab Republic,2011,2494887483.1484,
SYR,Syrian Arab Republic,2012,,
SYR,Syrian Arab Republic,2013,,
SYR,Syrian Arab Republic,2014,,
SYR,Syrian Arab Republic,2015,,
SYR,Syrian Arab Republic,2016,,
SYR,Syrian Arab Republic,2017,,
SYR,Syrian Arab Republic,2018,,
SYR,Syrian Arab Republic,2019,,
SYR,Syrian Arab Republic,2020,,
SYR,Syrian Arab Republic,2021,,
SYR,Syrian Arab Republic,2022,,
SYR,Syrian Arab Republic,2023,,
SYR,Syrian Arab Republic,2024,,
SYR,Syrian Arab Republic,2025,,
TCA,Turks and Caicos Islands,1960,,
TCA,Turks and Caicos Islands,1961,,
TCA,Turks and Caicos Islands,1962,,
TCA,Turks and Caicos Islands,1963,,
TCA,Turks and Caicos Islands,1964,,
TCA,Turks and Caicos Islands,1965,,
TCA,Turks and Caicos Islands,1966,,
TCA,Turks and Caicos Islands,1967,,
TCA,Turks and Caicos Islands,1968,,
TCA,Turks and Caicos Islands,1969,,
TCA,Turks and Caicos Islands,1970,,
TCA,Turks and Caicos Islands,1971,,
TCA,Turks and Caicos Islands,1972,,
TCA,Turks and Caicos Islands,1973,,
TCA,Turks and Caicos Islands,1974,,
TCA,Turks and Caicos Islands,1975,,
TCA,Turks and Caicos Islands,1976,,
TCA,Turks and Caicos Islands,1977,,
TCA,Turks and Caicos Islands,1978,,
TCA,Turks and Caicos Islands,1979,,
TCA,Turks and Caicos Islands,1980,,
TCA,Turks and Caicos Islands,1981,,
TCA,Turks and Caicos Islands,1982,,
TCA,Turks and Caicos Islands,1983,,
TCA,Turks and Caicos Islands,1984,,
TCA,Turks and Caicos Islands,1985,,
TCA,Turks and Caicos Islands,1986,,
TCA,Turks and Caicos Islands,1987,,
TCA,Turks and Caicos Islands,1988,,
TCA,Turks and Caicos Islands,1989,,
TCA,Turks and Caicos Islands,1990,,
TCA,Turks and Caicos Islands,1991,,
TCA,Turks and Caicos Islands,1992,,
TCA,Turks and Caicos Islands,1993,,
TCA,Turks and Caicos Islands,1994,,
TCA,Turks and Caicos Islands,1995,,
TCA,Turks and Caicos Islands,1996,,
TCA,Turks and Caicos Islands,1997,,
TCA,Turks and Caicos Islands,1998,,
TCA,Turks and Caicos Islands,1999,,
TCA,Turks and Caicos Islands,2000,,
TCA,Turks and Caicos Islands,2001,,
TCA,Turks and Caicos Islands,2002,,
TCA,Turks and Caicos Islands,2003,,
TCA,Turks and Caicos Islands,2004,,
TCA,Turks and Caicos Islands,2005,,
TCA,Turks and Caicos Islands,2006,,
TCA,Turks and Caicos Islands,2007,,
TCA,Turks and Caicos Islands,2008,,
TCA,Turks and Caicos Islands,2009,,
TCA,Turks and Caicos Islands,2010,,
TCA,Turks and Caicos Islands,2011,,
TCA,Turks and Caicos Islands,2012,,
TCA,Turks and Caicos Islands,2013,,
TCA,Turks and Caicos Islands,2014,,
TCA,Turks and Caicos Islands,2015,,
TCA,Turks and Caicos Islands,2016,,
TCA,Turks and Caicos Islands,2017,,
TCA,Turks and Caicos Islands,2018,,
TCA,Turks and Caicos Islands,2019,,
TCA,Turks and Caicos Islands,2020,,
TCA,Turks and Caicos Islands,2021,,
TCA,Turks and Caicos Islands,2022,,
TCA,Turks and Caicos Islands,2023,,
TCA,Turks and Caicos Islands,2024,,
TCA,Turks and Caicos Islands,2025,,
TCD,Chad,1960,,
TCD,Chad,1961,,
TCD,Chad,1962,,
TCD,Chad,1963,,
TCD,Chad,1964,,
TCD,Chad,1965,,
TCD,Chad,1966,,
TCD,Chad,1967,,
TCD,Chad,1968,,
TCD,Chad,1969,,
TCD,Chad,1970,,
TCD,Chad,1971,,
TCD,Chad,1972,,
TCD,Chad,1973,,
TCD,Chad,1974,,
TCD,Chad,1975,,
TCD,Chad,1976,,
TCD,Chad,1977,,
TCD,Chad,1978,,
TCD,Chad,1979,,
TCD,Chad,1980,,
TCD,Chad,1981,,
TCD,Chad,1982,,
TCD,Chad,1983,39363259.9077325,3.1245638629608
TCD,Chad,1984,40049707.4082804,2.95200711180685
TCD,Chad,1985,37839750.8808871,2.82431904837062
TCD,Chad,1986,48800771.5719624,2.95842450765864
TCD,Chad,1987,34271986.4775385,1.83306638191849
TCD,Chad,1988,77892079.1813274,3.56275204167191
TCD,Chad,1989,56424917.2434547,2.73314069752787
TCD,Chad,1990,34341542.2474428,1.38028771986802
TCD,Chad,1991,,
TCD,Chad,1992,35324074.7736992,1.37465027279824
TCD,Chad,1993,39200036.7279623,1.74558218311
TCD,Chad,1994,22153979.1608505,1.21772291754531
TCD,Chad,1995,20034138.1714441,0.89855575134087
TCD,Chad,1996,24826410.6092831,1.00166734233204
TCD,Chad,1997,16619008.3763229,0.697722260505036
TCD,Chad,1998,16103004.9902365,0.598524353955962
TCD,Chad,1999,20951796.2510902,0.885368766386186
TCD,Chad,2000,21349034.2371091,0.999606076289673
TCD,Chad,2001,26192330.8309653,0.99371784003006
TCD,Chad,2002,34290403.8520032,1.11881329019114
TCD,Chad,2003,40949759.119064,0.97060058970103
TCD,Chad,2004,50540901.2180925,0.742432609642281
TCD,Chad,2005,55491517.9688626,0.610589376245507
TCD,Chad,2006,222991451.356882,2.17784149012173
TCD,Chad,2007,389135909.628662,3.24949802660511
TCD,Chad,2008,611426848.739965,4.27645851757143
TCD,Chad,2009,738903737.086657,5.70148439592454
TCD,Chad,2010,615817007.452395,4.31747390688638
TCD,Chad,2011,609706993.08702,3.75931302180558
TCD,Chad,2012,,
TCD,Chad,2013,726459396.000324,4.29488547231355
TCD,Chad,2014,392382954.592792,2.15784238896733
TCD,Chad,2015,220982331.558035,1.52397076587984
TCD,Chad,2016,309567431.726812,2.31170355001725
TCD,Chad,2017,219081031.370278,1.65961164003921
TCD,Chad,2018,253174123.337364,1.65270267984506
TCD,Chad,2019,234709654.958205,1.57360148213511
TCD,Chad,2020,322866526.49139,2.21192688117357
TCD,Chad,2021,330998078.191986,2.07913556881174
TCD,Chad,2022,331746766.049468,2.0442448086408
TCD,Chad,2023,372751855.723359,2.11758982875058
TCD,Chad,2024,557711240.140698,2.98484990097129
TCD,Chad,2025,,
TGO,Togo,1960,,
TGO,Togo,1961,326999.918453886,0.265562913907285
TGO,Togo,1962,714244.900291412,0.546875
TGO,Togo,1963,1134619.77993274,0.839955282956159
TGO,Togo,1964,3383300.6158505,2.15711274752153
TGO,Togo,1965,3362428.13013903,1.89538574780328
TGO,Togo,1966,2889961.65712844,1.33747763021569
TGO,Togo,1967,3105678.43220149,1.3397397678252
TGO,Togo,1968,3288025.36707531,1.35886349598518
TGO,Togo,1969,3435130.65421352,1.28223536844524
TGO,Togo,1970,3650466.89073563,1.36839535640664
TGO,Togo,1971,4183674.95169889,1.40831295843521
TGO,Togo,1972,5126414.5253702,1.47564388098909
TGO,Togo,1973,6873376.43400975,1.69491525423729
TGO,Togo,1974,8097048.25408695,1.49195462130839
TGO,Togo,1975,11114584.7428761,1.85658612626656
TGO,Togo,1976,14233103.1596568,2.49523110785033
TGO,Togo,1977,21108759.3617714,3.07227488151659
TGO,Togo,1978,22733718.5804942,2.71428571428571
TGO,Togo,1979,22498848.2620509,2.24906015037594
TGO,Togo,1980,24763347.2169633,2.19463087248322
TGO,Togo,1981,22525953.976543,2.37248062015504
TGO,Togo,1982,18541962.1065957,2.25917686318131
TGO,Togo,1983,16398734.0775614,2.09697986577181
TGO,Togo,1984,15692619.6399188,2.18514977692798
TGO,Togo,1985,18879809.8218638,2.50798344175044
TGO,Togo,1986,30011030.706947,2.84505885573501
TGO,Togo,1987,43412291.9973248,3.50349087003222
TGO,Togo,1988,43089092.4229808,3.12490869247626
TGO,Togo,1989,41861019.1593941,3.09406858202039
TGO,Togo,1990,50748351.7896167,3.12248587570621
TGO,Togo,1991,45904568.1248604,2.85935085007728
TGO,Togo,1992,49113686.8511326,2.93122886133033
TGO,Togo,1993,50147794.7330689,4.0306556911723
TGO,Togo,1994,25396024.8917067,2.58431085043988
TGO,Togo,1995,30852572.784024,1.85752563400778
TGO,Togo,1996,,
TGO,Togo,1997,,
TGO,Togo,1998,,
TGO,Togo,1999,,
TGO,Togo,2000,,
TGO,Togo,2001,,
TGO,Togo,2002,,
TGO,Togo,2003,28831211.2869924,1.36569983895261
TGO,Togo,2004,31719621.0378868,1.40604809612512
TGO,Togo,2005,33238035.2931363,1.45744020230587
TGO,Togo,2006,,
TGO,Togo,2007,,
TGO,Togo,2008,57009189.26765,1.72218624355757
TGO,Togo,2009,55130817.0932641,1.63801256321406
TGO,Togo,2010,56832843.0353116,1.65885798813081
TGO,Togo,2011,59018874.0023651,1.52606374846498
TGO,Togo,2012,62931049.6800365,1.62464311756716
TGO,Togo,2013,72419237.3087199,1.67620536115859
TGO,Togo,2014,83080011.5611006,1.81828886251592
TGO,Togo,2015,69977174.7400457,1.67442289494562
TGO,Togo,2016,82019690.4123156,1.36106759176365
TGO,Togo,2017,88414114.9221704,1.39797941282441
TGO,Togo,2018,104378994.645016,1.46839079223187
TGO,Togo,2019,170566832.435089,2.36248167773665
TGO,Togo,2020,163926877.161277,2.16399918335325
TGO,Togo,2021,198773240.635232,2.38551286600829
TGO,Togo,2022,336608323.297713,4.14153649480957
TGO,Togo,2023,276349076.678811,3.04669540490778
TGO,Togo,2024,195347349.222552,1.99877193389434
TGO,Togo,2025,,
THA,Thailand,1960,62825161.2233144,2.46526491293072
THA,Thailand,1961,58741404.8550697,2.09767678480583
THA,Thailand,1962,80303734.1775183,2.62854679416837
THA,Thailand,1963,85501269.7970725,2.61603995299647
THA,Thailand,1964,87235576.9230769,2.43002544529262
THA,Thailand,1965,94266826.9230769,2.32591933570581
THA,Thailand,1966,105540865.384615,2.16536792266719
THA,Thailand,1967,126346153.846154,2.42681688059839
THA,Thailand,1968,154639423.076923,2.75456024663869
THA,Thailand,1969,184903846.153846,2.99136657073967
THA,Thailand,1970,217223557.692308,3.06529850746269
THA,Thailand,1971,262656250.0,3.56097640464086
THA,Thailand,1972,284086538.461538,3.47424741298213
THA,Thailand,1973,312408499.092311,2.88224303273153
THA,Thailand,1974,363887784.59983,2.65543855879087
THA,Thailand,1975,416034898.156463,2.79523275748385
THA,Thailand,1976,531909157.308053,3.13142098580169
THA,Thailand,1977,688722114.107284,3.48177335018462
THA,Thailand,1978,942007071.169005,3.9237142330459
THA,Thailand,1979,1199048430.62065,4.38091940571985
THA,Thailand,1980,1373227227.44232,4.24445494368149
THA,Thailand,1981,1415853971.5129,4.0631625186097
THA,Thailand,1982,1507634749.41413,4.1203692151208
THA,Thailand,1983,1583036595.49306,3.95335883490465
THA,Thailand,1984,1698837533.94756,4.06443875433927
THA,Thailand,1985,1629594718.49007,4.1891150023663
THA,Thailand,1986,1635667271.25469,3.79532821598729
THA,Thailand,1987,1698687545.67932,3.36138655753091
THA,Thailand,1988,1809003356.54051,2.93350108988332
THA,Thailand,1989,1939693409.07322,2.68466712260163
THA,Thailand,1990,2214017705.34092,2.59425018891255
THA,Thailand,1991,2598337173.94031,2.64502481409377
THA,Thailand,1992,2961769835.55183,2.65742287815579
THA,Thailand,1993,3156299862.55707,2.52482449877102
THA,Thailand,1994,3611133200.79523,2.50238335344718
THA,Thailand,1995,3849025895.83868,2.2737823729037
THA,Thailand,1996,3938047248.32003,2.15152508135528
THA,Thailand,1997,3264802657.79883,2.17392250470724
THA,Thailand,1998,2110239752.02735,1.85636828124458
THA,Thailand,1999,2056847121.54589,1.62379763252113
THA,Thailand,2000,1880858625.14273,1.48811161651995
THA,Thailand,2001,1720105374.74202,1.42988520327266
THA,Thailand,2002,1783890749.78876,1.32827955528117
THA,Thailand,2003,1877476822.72458,1.23290567713875
THA,Thailand,2004,1950877496.12156,1.12835658834693
THA,Thailand,2005,1867044089.89535,0.986191840708362
THA,Thailand,2006,2106976928.35648,0.950123246459469
THA,Thailand,2007,2679881917.36533,1.01918920071311
THA,Thailand,2008,3650043676.24943,1.25266188719419
THA,Thailand,2009,4339318318.37087,1.54034760915174
THA,Thailand,2010,5193510006.09108,1.5225558657538
THA,Thailand,2011,5156739374.97745,1.39063450331731
THA,Thailand,2012,5408091535.27158,1.38988888346862
THA,Thailand,2013,5555742693.48435,1.34525091985427
THA,Thailand,2014,5582641023.40427,1.37997604796617
THA,Thailand,2015,5434004602.73993,1.33732679725458
THA,Thailand,2016,5562167772.71979,1.32516695969445
THA,Thailand,2017,6114994058.34986,1.33627619959584
THA,Thailand,2018,6661985270.48746,1.32639351547521
THA,Thailand,2019,7091211579.58571,1.32729814008386
THA,Thailand,2020,7295669542.98498,1.46077928107965
THA,Thailand,2021,7123128719.07297,1.41836848663438
THA,Thailand,2022,6030950056.63075,1.24105269630565
THA,Thailand,2023,5745692331.57405,1.1309417952786
THA,Thailand,2024,5522411647.48004,1.07876078016919
THA,Thailand,2025,,
TJK,Tajikistan,1960,,
TJK,Tajikistan,1961,,
TJK,Tajikistan,1962,,
TJK,Tajikistan,1963,,
TJK,Tajikistan,1964,,
TJK,Tajikistan,1965,,
TJK,Tajikistan,1966,,
TJK,Tajikistan,1967,,
TJK,Tajikistan,1968,,
TJK,Tajikistan,1969,,
TJK,Tajikistan,1970,,
TJK,Tajikistan,1971,,
TJK,Tajikistan,1972,,
TJK,Tajikistan,1973,,
TJK,Tajikistan,1974,,
TJK,Tajikistan,1975,,
TJK,Tajikistan,1976,,
TJK,Tajikistan,1977,,
TJK,Tajikistan,1978,,
TJK,Tajikistan,1979,,
TJK,Tajikistan,1980,,
TJK,Tajikistan,1981,,
TJK,Tajikistan,1982,,
TJK,Tajikistan,1983,,
TJK,Tajikistan,1984,,
TJK,Tajikistan,1985,,
TJK,Tajikistan,1986,,
TJK,Tajikistan,1987,,
TJK,Tajikistan,1988,,
TJK,Tajikistan,1989,,
TJK,Tajikistan,1990,,
TJK,Tajikistan,1991,,
TJK,Tajikistan,1992,1037058.64242542,0.0003657142857142
TJK,Tajikistan,1993,23498175.2177187,0.0034768571428571
TJK,Tajikistan,1994,14182891.5298661,0.001719801980198
TJK,Tajikistan,1995,5803400.6462693,1.09861325115562
TJK,Tajikistan,1996,13458544.8392555,1.28914100486224
TJK,Tajikistan,1997,19050989.3603968,1.69509493670886
TJK,Tajikistan,1998,22613230.3235152,1.71303160358954
TJK,Tajikistan,1999,15126152.2552291,1.39204460966543
TJK,Tajikistan,2000,10353281.1559302,0.598174532502226
TJK,Tajikistan,2001,12468225.5637196,0.580783882496171
TJK,Tajikistan,2002,25577668.1993973,1.04883693330169
TJK,Tajikistan,2003,34788346.3939347,1.11879149508362
TJK,Tajikistan,2004,45110098.9392394,1.13133632771605
TJK,Tajikistan,2005,,
TJK,Tajikistan,2006,,
TJK,Tajikistan,2007,,
TJK,Tajikistan,2008,52467120.6044212,1.02218713975002
TJK,Tajikistan,2009,47529274.315605,0.954768508640922
TJK,Tajikistan,2010,53756933.7081551,0.95285512473335
TJK,Tajikistan,2011,71342116.7937044,1.09380663999495
TJK,Tajikistan,2012,76260471.8313278,0.999142722822931
TJK,Tajikistan,2013,,
TJK,Tajikistan,2014,104280689.192818,1.1283850454994
TJK,Tajikistan,2015,100679580.407099,1.28197181934631
TJK,Tajikistan,2016,84590183.6280486,1.20806716554116
TJK,Tajikistan,2017,78305241.6354699,1.03718533693392
TJK,Tajikistan,2018,81419635.2813393,1.04856527674186
TJK,Tajikistan,2019,82768391.2267814,0.996966249525976
TJK,Tajikistan,2020,77497565.7254138,0.947973986993497
TJK,Tajikistan,2021,89992007.8145813,1.00261189599905
TJK,Tajikistan,2022,203942083.295576,1.93089624067946
TJK,Tajikistan,2023,285063449.904087,2.39642126155182
TJK,Tajikistan,2024,246393473.020582,1.84774975839365
TJK,Tajikistan,2025,,
TKM,Turkmenistan,1960,,
TKM,Turkmenistan,1961,,
TKM,Turkmenistan,1962,,
TKM,Turkmenistan,1963,,
TKM,Turkmenistan,1964,,
TKM,Turkmenistan,1965,,
TKM,Turkmenistan,1966,,
TKM,Turkmenistan,1967,,
TKM,Turkmenistan,1968,,
TKM,Turkmenistan,1969,,
TKM,Turkmenistan,1970,,
TKM,Turkmenistan,1971,,
TKM,Turkmenistan,1972,,
TKM,Turkmenistan,1973,,
TKM,Turkmenistan,1974,,
TKM,Turkmenistan,1975,,
TKM,Turkmenistan,1976,,
TKM,Turkmenistan,1977,,
TKM,Turkmenistan,1978,,
TKM,Turkmenistan,1979,,
TKM,Turkmenistan,1980,,
TKM,Turkmenistan,1981,,
TKM,Turkmenistan,1982,,
TKM,Turkmenistan,1983,,
TKM,Turkmenistan,1984,,
TKM,Turkmenistan,1985,,
TKM,Turkmenistan,1986,,
TKM,Turkmenistan,1987,,
TKM,Turkmenistan,1988,,
TKM,Turkmenistan,1989,,
TKM,Turkmenistan,1990,,
TKM,Turkmenistan,1991,,
TKM,Turkmenistan,1992,,
TKM,Turkmenistan,1993,,
TKM,Turkmenistan,1994,79583333.3333333,1.79764705882353
TKM,Turkmenistan,1995,135612612.612613,2.31584615384615
TKM,Turkmenistan,1996,48549386.5030675,2.04174435876061
TKM,Turkmenistan,1997,106190591.073583,3.96227021447804
TKM,Turkmenistan,1998,87510040.1606426,3.11402734984911
TKM,Turkmenistan,1999,111923076.923077,2.90187475069805
TKM,Turkmenistan,2000,,
TKM,Turkmenistan,2001,,
TKM,Turkmenistan,2002,,
TKM,Turkmenistan,2003,,
TKM,Turkmenistan,2004,,
TKM,Turkmenistan,2005,,
TKM,Turkmenistan,2006,,
TKM,Turkmenistan,2007,,
TKM,Turkmenistan,2008,,
TKM,Turkmenistan,2009,,
TKM,Turkmenistan,2010,,
TKM,Turkmenistan,2011,,
TKM,Turkmenistan,2012,,
TKM,Turkmenistan,2013,,
TKM,Turkmenistan,2014,,
TKM,Turkmenistan,2015,,
TKM,Turkmenistan,2016,,
TKM,Turkmenistan,2017,,
TKM,Turkmenistan,2018,,
TKM,Turkmenistan,2019,,
TKM,Turkmenistan,2020,,
TKM,Turkmenistan,2021,,
TKM,Turkmenistan,2022,,
TKM,Turkmenistan,2023,,
TKM,Turkmenistan,2024,,
TKM,Turkmenistan,2025,,
TLS,Timor-Leste,1960,,
TLS,Timor-Leste,1961,,
TLS,Timor-Leste,1962,,
TLS,Timor-Leste,1963,,
TLS,Timor-Leste,1964,,
TLS,Timor-Leste,1965,,
TLS,Timor-Leste,1966,,
TLS,Timor-Leste,1967,,
TLS,Timor-Leste,1968,,
TLS,Timor-Leste,1969,,
TLS,Timor-Leste,1970,,
TLS,Timor-Leste,1971,,
TLS,Timor-Leste,1972,,
TLS,Timor-Leste,1973,,
TLS,Timor-Leste,1974,,
TLS,Timor-Leste,1975,,
TLS,Timor-Leste,1976,,
TLS,Timor-Leste,1977,,
TLS,Timor-Leste,1978,,
TLS,Timor-Leste,1979,,
TLS,Timor-Leste,1980,,
TLS,Timor-Leste,1981,,
TLS,Timor-Leste,1982,,
TLS,Timor-Leste,1983,,
TLS,Timor-Leste,1984,,
TLS,Timor-Leste,1985,,
TLS,Timor-Leste,1986,,
TLS,Timor-Leste,1987,,
TLS,Timor-Leste,1988,,
TLS,Timor-Leste,1989,,
TLS,Timor-Leste,1990,,
TLS,Timor-Leste,1991,,
TLS,Timor-Leste,1992,,
TLS,Timor-Leste,1993,,
TLS,Timor-Leste,1994,,
TLS,Timor-Leste,1995,,
TLS,Timor-Leste,1996,,
TLS,Timor-Leste,1997,,
TLS,Timor-Leste,1998,,
TLS,Timor-Leste,1999,,
TLS,Timor-Leste,2000,,
TLS,Timor-Leste,2001,,
TLS,Timor-Leste,2002,,
TLS,Timor-Leste,2003,,
TLS,Timor-Leste,2004,,
TLS,Timor-Leste,2005,8230000.0,1.7802292883409
TLS,Timor-Leste,2006,17105000.0,3.76928162185985
TLS,Timor-Leste,2007,23735000.0,4.37269712601326
TLS,Timor-Leste,2008,23651000.0,3.64703161141095
TLS,Timor-Leste,2009,36481000.0,5.01870958866419
TLS,Timor-Leste,2010,26389000.0,2.9926287139941
TLS,Timor-Leste,2011,20530000.0,1.96949347659248
TLS,Timor-Leste,2012,33388000.0,2.87728369527749
TLS,Timor-Leste,2013,31683000.0,2.27036904335364
TLS,Timor-Leste,2014,29624000.0,2.04684585089477
TLS,Timor-Leste,2015,36959000.0,2.32446540880503
TLS,Timor-Leste,2016,26217000.0,1.59859756097561
TLS,Timor-Leste,2017,25442000.0,1.60517350157729
TLS,Timor-Leste,2018,20610000.0,1.3245501285347
TLS,Timor-Leste,2019,34400000.0,1.69208066896212
TLS,Timor-Leste,2020,38456000.0,1.77790106333796
TLS,Timor-Leste,2021,39222000.0,1.08198620689655
TLS,Timor-Leste,2022,44311000.0,1.38083515113743
TLS,Timor-Leste,2023,55111000.0,2.64956730769231
TLS,Timor-Leste,2024,46400000.0,2.66415662650602
TLS,Timor-Leste,2025,,
TON,Tonga,1960,,
TON,Tonga,1961,,
TON,Tonga,1962,,
TON,Tonga,1963,,
TON,Tonga,1964,,
TON,Tonga,1965,,
TON,Tonga,1966,,
TON,Tonga,1967,,
TON,Tonga,1968,,
TON,Tonga,1969,,
TON,Tonga,1970,,
TON,Tonga,1971,,
TON,Tonga,1972,,
TON,Tonga,1973,,
TON,Tonga,1974,,
TON,Tonga,1975,,
TON,Tonga,1976,,
TON,Tonga,1977,,
TON,Tonga,1978,,
TON,Tonga,1979,,
TON,Tonga,1980,,
TON,Tonga,1981,,
TON,Tonga,1982,,
TON,Tonga,1983,,
TON,Tonga,1984,,
TON,Tonga,1985,,
TON,Tonga,1986,,
TON,Tonga,1987,,
TON,Tonga,1988,,
TON,Tonga,1989,,
TON,Tonga,1990,,
TON,Tonga,1991,,
TON,Tonga,1992,,
TON,Tonga,1993,,
TON,Tonga,1994,,
TON,Tonga,1995,,
TON,Tonga,1996,,
TON,Tonga,1997,,
TON,Tonga,1998,,
TON,Tonga,1999,,
TON,Tonga,2000,,
TON,Tonga,2001,,
TON,Tonga,2002,,
TON,Tonga,2003,,
TON,Tonga,2004,,
TON,Tonga,2005,,
TON,Tonga,2006,,
TON,Tonga,2007,,
TON,Tonga,2008,,
TON,Tonga,2009,,
TON,Tonga,2010,,
TON,Tonga,2011,,
TON,Tonga,2012,,
TON,Tonga,2013,,
TON,Tonga,2014,,
TON,Tonga,2015,,
TON,Tonga,2016,,
TON,Tonga,2017,,
TON,Tonga,2018,,
TON,Tonga,2019,,
TON,Tonga,2020,,
TON,Tonga,2021,,
TON,Tonga,2022,,
TON,Tonga,2023,,
TON,Tonga,2024,,
TON,Tonga,2025,,
TTO,Trinidad and Tobago,1960,,
TTO,Trinidad and Tobago,1961,,
TTO,Trinidad and Tobago,1962,,
TTO,Trinidad and Tobago,1963,,
TTO,Trinidad and Tobago,1964,,
TTO,Trinidad and Tobago,1965,,
TTO,Trinidad and Tobago,1966,,
TTO,Trinidad and Tobago,1967,,
TTO,Trinidad and Tobago,1968,5087500.0,0.670378178943207
TTO,Trinidad and Tobago,1969,5262500.0,0.675372176591376
TTO,Trinidad and Tobago,1970,6200000.0,0.754395570967938
TTO,Trinidad and Tobago,1971,8620776.95860002,0.961321287408244
TTO,Trinidad and Tobago,1972,9121523.15123251,0.841940907999039
TTO,Trinidad and Tobago,1973,8944886.23023448,0.6834490289369
TTO,Trinidad and Tobago,1974,8584035.88492278,0.420373506332435
TTO,Trinidad and Tobago,1975,10703751.4978339,0.438199279258882
TTO,Trinidad and Tobago,1976,12613977.3954241,0.504474181101716
TTO,Trinidad and Tobago,1977,15364583.3333333,0.489525807136788
TTO,Trinidad and Tobago,1978,18312500.0,0.51405913726958
TTO,Trinidad and Tobago,1979,27218750.0,0.591401256586214
TTO,Trinidad and Tobago,1980,36927083.3333333,0.592171641242541
TTO,Trinidad and Tobago,1981,35166666.6666667,0.513444457963256
TTO,Trinidad and Tobago,1982,,
TTO,Trinidad and Tobago,1983,,
TTO,Trinidad and Tobago,1984,,
TTO,Trinidad and Tobago,1985,,
TTO,Trinidad and Tobago,1986,,
TTO,Trinidad and Tobago,1987,,
TTO,Trinidad and Tobago,1988,,
TTO,Trinidad and Tobago,1989,,
TTO,Trinidad and Tobago,1990,,
TTO,Trinidad and Tobago,1991,,
TTO,Trinidad and Tobago,1992,,
TTO,Trinidad and Tobago,1993,22644876.7543122,0.494773590298477
TTO,Trinidad and Tobago,1994,24202817.5860306,0.489219432314411
TTO,Trinidad and Tobago,1995,,
TTO,Trinidad and Tobago,1996,,
TTO,Trinidad and Tobago,1997,,
TTO,Trinidad and Tobago,1998,,
TTO,Trinidad and Tobago,1999,,
TTO,Trinidad and Tobago,2000,,
TTO,Trinidad and Tobago,2001,13945440.719243,0.155634799309892
TTO,Trinidad and Tobago,2002,19492116.7350544,0.213074265946209
TTO,Trinidad and Tobago,2003,33736557.0046544,0.294294112206887
TTO,Trinidad and Tobago,2004,75889150.4828552,0.56332687432576
TTO,Trinidad and Tobago,2005,97752858.92983,0.604538000333575
TTO,Trinidad and Tobago,2006,115560463.097328,0.621275873847403
TTO,Trinidad and Tobago,2007,124750514.77316,0.568668581528334
TTO,Trinidad and Tobago,2008,139098455.662914,0.493375226495272
TTO,Trinidad and Tobago,2009,138523710.218802,0.709658644481144
TTO,Trinidad and Tobago,2010,143063064.758741,0.635217366605715
TTO,Trinidad and Tobago,2011,146080695.23973,0.566437190906244
TTO,Trinidad and Tobago,2012,168762442.453652,0.641229257894688
TTO,Trinidad and Tobago,2013,211176025.939717,0.76306904134769
TTO,Trinidad and Tobago,2014,188885806.75642,0.656301051048555
TTO,Trinidad and Tobago,2015,202106905.459739,0.752974392707466
TTO,Trinidad and Tobago,2016,216276660.00375,0.914265892901233
TTO,Trinidad and Tobago,2017,201814603.265352,0.845376415248969
TTO,Trinidad and Tobago,2018,166008530.068204,0.694747131148301
TTO,Trinidad and Tobago,2019,172525849.335303,0.733109759963043
TTO,Trinidad and Tobago,2020,170175114.526378,0.812607258583509
TTO,Trinidad and Tobago,2021,210674621.041573,0.859057055256023
TTO,Trinidad and Tobago,2022,217163250.585468,0.765634931845469
TTO,Trinidad and Tobago,2023,243294649.278985,0.959389724160016
TTO,Trinidad and Tobago,2024,234544782.155796,0.921416388185832
TTO,Trinidad and Tobago,2025,,
TUN,Tunisia,1960,15952380.952381,2.00478755236385
TUN,Tunisia,1961,18571428.5714286,2.21590909090909
TUN,Tunisia,1962,14285714.2857143,1.72960507350822
TUN,Tunisia,1963,15238095.2380952,1.50801131008483
TUN,Tunisia,1964,17478991.5966387,1.74418604651163
TUN,Tunisia,1965,12761904.7619048,1.28771862387084
TUN,Tunisia,1966,13714285.7142857,1.31747483989021
TUN,Tunisia,1967,15428571.4285714,1.42105263157895
TUN,Tunisia,1968,17523809.5238095,1.44268464795358
TUN,Tunisia,1969,16952380.952381,1.31423508564678
TUN,Tunisia,1970,22476190.4761905,1.56167284277395
TUN,Tunisia,1971,24860541.9215669,1.47526100771675
TUN,Tunisia,1972,31650677.1358443,1.41451990632319
TUN,Tunisia,1973,38188218.1045361,1.39841917832016
TUN,Tunisia,1974,46505447.7810258,1.31153895852177
TUN,Tunisia,1975,75323106.2950727,1.73997932697829
TUN,Tunisia,1976,83960118.9435018,1.86239006725297
TUN,Tunisia,1977,121692504.953957,2.38149550618185
TUN,Tunisia,1978,148496651.616763,2.48802286726519
TUN,Tunisia,1979,160900649.999262,2.23819301848049
TUN,Tunisia,1980,194096119.559259,2.02871934365134
TUN,Tunisia,1981,228835732.395849,2.48107779270096
TUN,Tunisia,1982,328600426.283294,3.69190356881172
TUN,Tunisia,1983,383489474.296776,4.16725834904527
TUN,Tunisia,1984,249474468.772568,2.75534145974237
TUN,Tunisia,1985,215938722.294654,2.33557342734384
TUN,Tunisia,1986,206793454.647122,2.08667610288203
TUN,Tunisia,1987,194409783.482288,1.82318459308297
TUN,Tunisia,1988,232920340.777147,2.10347585171822
TUN,Tunisia,1989,234062029.597997,2.11455039063035
TUN,Tunisia,1990,247855881.539234,1.83945658886675
TUN,Tunisia,1991,260431030.66013,1.83370852776507
TUN,Tunisia,1992,289677115.168701,1.70612587759433
TUN,Tunisia,1993,276167134.915416,1.73211395510226
TUN,Tunisia,1994,297068854.727893,1.74212321164965
TUN,Tunisia,1995,342902458.366376,1.74470758582503
TUN,Tunisia,1996,397469509.188336,1.86753522903203
TUN,Tunisia,1997,358166577.75045,1.72638454432232
TUN,Tunisia,1998,365849374.736546,1.67797151546674
TUN,Tunisia,1999,357013395.378637,1.55607575730874
TUN,Tunisia,2000,332389762.745499,1.5479040325129
TUN,Tunisia,2001,335647906.805402,1.52111247336458
TUN,Tunisia,2002,345424236.66941,1.49264292624339
TUN,Tunisia,2003,407385561.057386,1.48388570363995
TUN,Tunisia,2004,444651416.734245,1.42590206296513
TUN,Tunisia,2005,468464579.97734,1.45160141621028
TUN,Tunisia,2006,497212663.971991,1.44636242435988
TUN,Tunisia,2007,490650558.781295,1.26099385636655
TUN,Tunisia,2008,578911487.330985,1.29062492574542
TUN,Tunisia,2009,564775933.702148,1.2949496088007
TUN,Tunisia,2010,571189045.689535,1.23617052057621
TUN,Tunisia,2011,715239597.096137,1.48625780102894
TUN,Tunisia,2012,681225950.611119,1.43987394498013
TUN,Tunisia,2013,759358881.242845,1.5597373837127
TUN,Tunisia,2014,908359962.890424,1.8068874807375
TUN,Tunisia,2015,979306829.765545,2.13959162946471
TUN,Tunisia,2016,987734705.2158,2.22498472970201
TUN,Tunisia,2017,858949581.256569,2.03182932622148
TUN,Tunisia,2018,844227367.128514,1.97644872011962
TUN,Tunisia,2019,1000922131.14754,2.38327777746153
TUN,Tunisia,2020,1157372367.01178,2.71275567542328
TUN,Tunisia,2021,1250454380.22537,2.62965981069507
TUN,Tunisia,2022,1156186915.69354,2.5712401122127
TUN,Tunisia,2023,1208204189.72994,2.48712212584858
TUN,Tunisia,2024,1313683263.15451,2.50636792573464
TUN,Tunisia,2025,,
TUR,Turkiye,1960,468810916.179337,3.53157121879589
TUR,Turkiye,1961,301330376.940133,3.76454293628809
TUR,Turkiye,1962,330376940.133038,3.71108343711083
TUR,Turkiye,1963,350000000.0,3.38733905579399
TUR,Turkiye,1964,380897803.670027,3.42246520874751
TUR,Turkiye,1965,422676991.150442,3.55441860465116
TUR,Turkiye,1966,442035398.230089,3.14398111723053
TUR,Turkiye,1967,508407079.646018,3.25957446808511
TUR,Turkiye,1968,570685840.707965,3.27555555555556
TUR,Turkiye,1969,596792035.39823,3.07933789954338
TUR,Turkiye,1970,564858542.613762,3.25648854961832
TUR,Turkiye,1971,570873159.477221,3.49979381443299
TUR,Turkiye,1972,703957597.173145,3.4455205811138
TUR,Turkiye,1973,861625441.696113,3.34945054945055
TUR,Turkiye,1974,1136704698.03477,3.19302137958854
TUR,Turkiye,1975,2284986255.46146,5.11945392491468
TUR,Turkiye,1976,2534775214.75603,4.94302721088435
TUR,Turkiye,1977,2765773072.18007,4.71362302376219
TUR,Turkiye,1978,2727882976.00712,4.18730640369176
TUR,Turkiye,1979,3001142305.52651,3.35725855800727
TUR,Turkiye,1980,2671976285.57263,3.90031329667967
TUR,Turkiye,1981,2814869761.46162,3.82453186997909
TUR,Turkiye,1982,2754732302.69512,4.29815131212686
TUR,Turkiye,1983,2469375535.02442,3.93760520546007
TUR,Turkiye,1984,2190052307.47413,3.59709381495019
TUR,Turkiye,1985,2365977436.04677,3.53104315878258
TUR,Turkiye,1986,2769409587.96878,3.63799248252089
TUR,Turkiye,1987,2889593497.07308,3.32858525048377
TUR,Turkiye,1988,2663901290.11847,2.93220863643399
TUR,Turkiye,1989,3373741563.28947,3.14872652091673
TUR,Turkiye,1990,5315413395.48577,3.52770569378721
TUR,Turkiye,1991,5670666519.6485,3.75436424807973
TUR,Turkiye,1992,6157947273.30402,3.87056650021036
TUR,Turkiye,1993,7075086939.89767,3.9214172544983
TUR,Turkiye,1994,5293173965.76006,4.05135933699201
TUR,Turkiye,1995,6606245814.71084,3.90164973474904
TUR,Turkiye,1996,7512090795.51722,4.13969694261893
TUR,Turkiye,1997,7791986303.62493,4.10367223056831
TUR,Turkiye,1998,8781048158.20561,3.18220800142332
TUR,Turkiye,1999,9951788873.95143,3.88141296380978
TUR,Turkiye,2000,9993730196.93899,3.64342934046749
TUR,Turkiye,2001,7216051044.80291,3.57667970794229
TUR,Turkiye,2002,9050377181.98284,3.76709151041563
TUR,Turkiye,2003,10277901778.2782,3.26703119500148
TUR,Turkiye,2004,10920773882.178,2.67100029372768
TUR,Turkiye,2005,12081156313.729,2.38609105306995
TUR,Turkiye,2006,13036508103.1888,2.34016133817719
TUR,Turkiye,2007,14987758360.004,2.19980660446648
TUR,Turkiye,2008,16809576495.1749,2.18178699504167
TUR,Turkiye,2009,16047510903.5072,2.47155127527395
TUR,Turkiye,2010,17650464118.1755,2.27171515093383
TUR,Turkiye,2011,17006477805.3076,2.0275060358965
TUR,Turkiye,2012,17694320712.6949,2.00944811786941
TUR,Turkiye,2013,18427646196.757,1.92395966496054
TUR,Turkiye,2014,17576538470.5059,1.87196639443904
TUR,Turkiye,2015,15668750000.0,1.81284855723729
TUR,Turkiye,2016,17827702150.7967,2.05032437865497
TUR,Turkiye,2017,17822738263.1645,2.05006599219326
TUR,Turkiye,2018,19648693823.8514,2.52209022414858
TUR,Turkiye,2019,20436917121.2388,2.68985897943633
TUR,Turkiye,2020,15782990905.8308,2.19555218691023
TUR,Turkiye,2021,15254829834.6664,1.85888321091456
TUR,Turkiye,2022,15036835693.6064,1.65879843534611
TUR,Turkiye,2023,19577831923.5437,1.71991880187465
TUR,Turkiye,2024,24978735534.6038,1.92255231276371
TUR,Turkiye,2025,,
TUV,Tuvalu,1960,,
TUV,Tuvalu,1961,,
TUV,Tuvalu,1962,,
TUV,Tuvalu,1963,,
TUV,Tuvalu,1964,,
TUV,Tuvalu,1965,,
TUV,Tuvalu,1966,,
TUV,Tuvalu,1967,,
TUV,Tuvalu,1968,,
TUV,Tuvalu,1969,,
TUV,Tuvalu,1970,,
TUV,Tuvalu,1971,,
TUV,Tuvalu,1972,,
TUV,Tuvalu,1973,,
TUV,Tuvalu,1974,,
TUV,Tuvalu,1975,,
TUV,Tuvalu,1976,,
TUV,Tuvalu,1977,,
TUV,Tuvalu,1978,,
TUV,Tuvalu,1979,,
TUV,Tuvalu,1980,,
TUV,Tuvalu,1981,,
TUV,Tuvalu,1982,,
TUV,Tuvalu,1983,,
TUV,Tuvalu,1984,,
TUV,Tuvalu,1985,,
TUV,Tuvalu,1986,,
TUV,Tuvalu,1987,,
TUV,Tuvalu,1988,,
TUV,Tuvalu,1989,,
TUV,Tuvalu,1990,,
TUV,Tuvalu,1991,,
TUV,Tuvalu,1992,,
TUV,Tuvalu,1993,,
TUV,Tuvalu,1994,,
TUV,Tuvalu,1995,,
TUV,Tuvalu,1996,,
TUV,Tuvalu,1997,,
TUV,Tuvalu,1998,,
TUV,Tuvalu,1999,,
TUV,Tuvalu,2000,,
TUV,Tuvalu,2001,,
TUV,Tuvalu,2002,,
TUV,Tuvalu,2003,,
TUV,Tuvalu,2004,,
TUV,Tuvalu,2005,,
TUV,Tuvalu,2006,,
TUV,Tuvalu,2007,,
TUV,Tuvalu,2008,,
TUV,Tuvalu,2009,,
TUV,Tuvalu,2010,,
TUV,Tuvalu,2011,,
TUV,Tuvalu,2012,,
TUV,Tuvalu,2013,,
TUV,Tuvalu,2014,,
TUV,Tuvalu,2015,,
TUV,Tuvalu,2016,,
TUV,Tuvalu,2017,,
TUV,Tuvalu,2018,,
TUV,Tuvalu,2019,,
TUV,Tuvalu,2020,,
TUV,Tuvalu,2021,,
TUV,Tuvalu,2022,,
TUV,Tuvalu,2023,,
TUV,Tuvalu,2024,,
TUV,Tuvalu,2025,,
TZA,Tanzania,1960,,
TZA,Tanzania,1961,,
TZA,Tanzania,1962,,
TZA,Tanzania,1963,,
TZA,Tanzania,1964,,
TZA,Tanzania,1965,,
TZA,Tanzania,1966,,
TZA,Tanzania,1967,14629994.1480023,1.42312406373417
TZA,Tanzania,1968,16239993.5040026,1.47320294640589
TZA,Tanzania,1969,20089991.9640032,1.73497763269254
TZA,Tanzania,1970,29539988.1840047,2.29997819925877
TZA,Tanzania,1971,42559982.9760068,3.09761565111066
TZA,Tanzania,1972,53689677.8619328,3.43268886501969
TZA,Tanzania,1973,77916010.2444597,4.17461650003816
TZA,Tanzania,1974,120044738.214172,5.3551331749406
TZA,Tanzania,1975,138323476.032302,5.36005470517069
TZA,Tanzania,1976,136687529.91905,4.68897170236291
TZA,Tanzania,1977,190729876.550359,5.47665234862131
TZA,Tanzania,1978,421677764.018646,10.1091112561783
TZA,Tanzania,1979,375458521.873958,8.50260452553537
TZA,Tanzania,1980,232291721.313375,4.52063250866613
TZA,Tanzania,1981,331019096.977006,5.58429391878131
TZA,Tanzania,1982,366761862.799068,5.49760201527605
TZA,Tanzania,1983,332950425.386797,5.41431948863139
TZA,Tanzania,1984,293025202.390761,5.24756417462994
TZA,Tanzania,1985,345976202.331691,5.38707636370118
TZA,Tanzania,1986,260704018.594409,5.74462063063124
TZA,Tanzania,1987,161608082.115891,3.15187898727108
TZA,Tanzania,1988,124833697.746346,2.44754416242452
TZA,Tanzania,1989,105316752.338241,2.38263547886239
TZA,Tanzania,1990,87154458.2068739,2.04648408015958
TZA,Tanzania,1991,108141651.87514,2.18177801099174
TZA,Tanzania,1992,96907036.4249533,2.10603925919978
TZA,Tanzania,1993,58725701.6240864,1.37927837082884
TZA,Tanzania,1994,58375569.7749941,1.29411406473615
TZA,Tanzania,1995,85513656.0872152,1.62721403741102
TZA,Tanzania,1996,101038489.457341,1.55535029886083
TZA,Tanzania,1997,118603807.737673,1.54354453955173
TZA,Tanzania,1998,134276958.073994,1.60197154683142
TZA,Tanzania,1999,128497943.630087,1.48766265966724
TZA,Tanzania,2000,135055952.644211,1.48726401206321
TZA,Tanzania,2001,150728196.327755,1.45160464399204
TZA,Tanzania,2002,140753561.773795,1.30259845652854
TZA,Tanzania,2003,125254713.892259,1.07430696847071
TZA,Tanzania,2004,127567862.814758,0.994614572583098
TZA,Tanzania,2005,139493591.276696,0.823941300163293
TZA,Tanzania,2006,147417924.754373,0.792124010730679
TZA,Tanzania,2007,166215543.275718,0.762064569335019
TZA,Tanzania,2008,194000300.925345,0.698278989715238
TZA,Tanzania,2009,219476865.281638,0.757193066304469
TZA,Tanzania,2010,282725098.810022,0.896024084275438
TZA,Tanzania,2011,307473984.174236,0.903150747306732
TZA,Tanzania,2012,359739418.825016,0.91379934806313
TZA,Tanzania,2013,443379945.514983,0.972362603264413
TZA,Tanzania,2014,507285798.994075,1.0157610032095
TZA,Tanzania,2015,517075761.799188,1.09136986722986
TZA,Tanzania,2016,544218297.944157,1.09369193376988
TZA,Tanzania,2017,562697119.586873,1.05581731620716
TZA,Tanzania,2018,599968275.122704,1.10090687427422
TZA,Tanzania,2019,618943445.56818,1.06113270582911
TZA,Tanzania,2020,676410078.539629,1.07713241782149
TZA,Tanzania,2021,759492508.121023,1.12240771800076
TZA,Tanzania,2022,874979057.71882,1.19134153738855
TZA,Tanzania,2023,946249875.74141,1.210113658261
TZA,Tanzania,2024,920849885.868755,1.154617473534
TZA,Tanzania,2025,,
UGA,Uganda,1960,,
UGA,Uganda,1961,139997.200055999,0.0221238938053097
UGA,Uganda,1962,727985.440291194,0.113289760348584
UGA,Uganda,1963,2729945.40109198,0.369318181818182
UGA,Uganda,1964,5487890.24219516,0.651162790697674
UGA,Uganda,1965,10737785.2442951,1.13293943870015
UGA,Uganda,1966,14265714.6857063,1.43723554301834
UGA,Uganda,1967,16841663.1667367,1.62348178137652
UGA,Uganda,1968,19942601.147977,1.79408060453401
UGA,Uganda,1969,22861542.7691446,1.82458100558659
UGA,Uganda,1970,26627467.450651,1.97302904564315
UGA,Uganda,1971,52687946.2410752,3.46866359447005
UGA,Uganda,1972,64944701.1059779,4.06217162872154
UGA,Uganda,1973,64872640.2666116,3.49577897160399
UGA,Uganda,1974,80157512.314408,3.62484157160963
UGA,Uganda,1975,86567896.1778084,2.82293497363796
UGA,Uganda,1976,101074621.015537,3.18528402592451
UGA,Uganda,1977,131916696.936675,2.03606802466829
UGA,Uganda,1978,151699852.760007,1.96664990782638
UGA,Uganda,1979,206806782.995204,1.68720017444396
UGA,Uganda,1980,398813536.470271,2.21722509557005
UGA,Uganda,1981,108146878.36523,1.88803627485176
UGA,Uganda,1982,87488449.8871305,1.9759846301633
UGA,Uganda,1983,93723596.4695636,2.21853846153846
UGA,Uganda,1984,75215039.1157124,2.62669902912621
UGA,Uganda,1985,104818308.978899,2.66172914147521
UGA,Uganda,1986,131071428.571429,2.90591793751089
UGA,Uganda,1987,130971749.223296,2.5860002949635
UGA,Uganda,1988,140904123.011985,2.45988196514221
UGA,Uganda,1989,139821239.66794,2.72997785771173
UGA,Uganda,1990,107006214.22159,2.96852622114122
UGA,Uganda,1991,73561599.9782019,2.50799847648067
UGA,Uganda,1992,52331345.9689724,1.65917772135475
UGA,Uganda,1993,62636650.4326287,1.93136675611518
UGA,Uganda,1994,104127847.91387,2.01578234788366
UGA,Uganda,1995,127002622.515654,2.10151053274244
UGA,Uganda,1996,135393564.545733,2.21091090169168
UGA,Uganda,1997,139615977.691803,2.11670724007935
UGA,Uganda,1998,154712531.544533,2.44235581316614
UGA,Uganda,1999,159704570.293436,2.65573403225382
UGA,Uganda,2000,141303025.880522,1.76460770822564
UGA,Uganda,2001,136157342.537849,1.68324514574881
UGA,Uganda,2002,142191594.114211,1.63467473652418
UGA,Uganda,2003,152379921.781109,1.69168784576439
UGA,Uganda,2004,196015853.725902,1.76615583020933
UGA,Uganda,2005,216667041.057579,1.68432268847927
UGA,Uganda,2006,218533948.510743,1.50342601664363
UGA,Uganda,2007,252119246.412802,1.39447189004469
UGA,Uganda,2008,311856269.326451,1.34734497189712
UGA,Uganda,2009,293527670.660776,1.43231723283534
UGA,Uganda,2010,608685868.586859,2.46009387698207
UGA,Uganda,2011,607135070.855218,2.538786699798
UGA,Uganda,2012,351838247.037404,1.17612274538488
UGA,Uganda,2013,300075573.371887,0.937840989830747
UGA,Uganda,2014,325663027.213463,0.924476429892299
UGA,Uganda,2015,306144695.426773,0.986680287683281
UGA,Uganda,2016,318551679.284802,1.00333547376504
UGA,Uganda,2017,346762883.760461,1.03901851871998
UGA,Uganda,2018,408367566.71345,1.15245192326926
UGA,Uganda,2019,647606606.9308,1.71775245377408
UGA,Uganda,2020,984759731.680869,2.46768517919382
UGA,Uganda,2021,1066564382.52959,2.33814515074458
UGA,Uganda,2022,924755885.70222,1.84520857089792
UGA,Uganda,2023,976660986.243341,1.80686571158733
UGA,Uganda,2024,1116761828.70832,1.88159798311992
UGA,Uganda,2025,,
UKR,Ukraine,1960,,
UKR,Ukraine,1961,,
UKR,Ukraine,1962,,
UKR,Ukraine,1963,,
UKR,Ukraine,1964,,
UKR,Ukraine,1965,,
UKR,Ukraine,1966,,
UKR,Ukraine,1967,,
UKR,Ukraine,1968,,
UKR,Ukraine,1969,,
UKR,Ukraine,1970,,
UKR,Ukraine,1971,,
UKR,Ukraine,1972,,
UKR,Ukraine,1973,,
UKR,Ukraine,1974,,
UKR,Ukraine,1975,,
UKR,Ukraine,1976,,
UKR,Ukraine,1977,,
UKR,Ukraine,1978,,
UKR,Ukraine,1979,,
UKR,Ukraine,1980,,
UKR,Ukraine,1981,,
UKR,Ukraine,1982,,
UKR,Ukraine,1983,,
UKR,Ukraine,1984,,
UKR,Ukraine,1985,,
UKR,Ukraine,1986,,
UKR,Ukraine,1987,,
UKR,Ukraine,1988,,
UKR,Ukraine,1989,,
UKR,Ukraine,1990,,
UKR,Ukraine,1991,,
UKR,Ukraine,1992,,
UKR,Ukraine,1993,152233866.519581,0.434645819133778
UKR,Ukraine,1994,919044682.059393,2.41777179479269
UKR,Ukraine,1995,1046793431.40516,2.73494760851588
UKR,Ukraine,1996,1464905136.46029,3.17883449282933
UKR,Ukraine,1997,2068583951.95686,3.98824090389786
UKR,Ukraine,1998,1405161785.47809,3.24403179965191
UKR,Ukraine,1999,941788284.056904,2.88352763946873
UKR,Ukraine,2000,1136716646.17121,3.51108284883721
UKR,Ukraine,2001,1088575172.74243,2.76926719545401
UKR,Ukraine,2002,1176355737.78494,2.67619950627408
UKR,Ukraine,2003,1427984750.66055,2.74557877088929
UKR,Ukraine,2004,1685034159.40051,2.50682433490703
UKR,Ukraine,2005,2405492582.04823,2.79248933066336
UKR,Ukraine,2006,2986475247.52475,2.77159181333191
UKR,Ukraine,2007,4096039603.9604,2.87000281658483
UKR,Ukraine,2008,4811038840.22312,2.67292227463357
UKR,Ukraine,2009,3452511294.73614,2.8403538702613
UKR,Ukraine,2010,3729457233.44305,2.74199654235065
UKR,Ukraine,2011,3684633313.08456,2.25828771122262
UKR,Ukraine,2012,4136914809.35499,2.35345197687142
UKR,Ukraine,2013,4386419892.40586,2.3928953083474
UKR,Ukraine,2014,3961551378.68037,2.96736825853937
UKR,Ukraine,2015,3502733744.23874,3.84784847607093
UKR,Ukraine,2016,3423286810.50984,3.66861786886462
UKR,Ukraine,2017,3647565195.54035,3.24149291547879
UKR,Ukraine,2018,4750219031.04009,3.63516607992805
UKR,Ukraine,2019,6262432160.71221,4.06793765037597
UKR,Ukraine,2020,6838766421.17752,4.40031470276707
UKR,Ukraine,2021,6898123104.35939,3.42549199562857
UKR,Ukraine,2022,41183927472.8119,25.6424104715416
UKR,Ukraine,2023,64908025327.0477,36.5281725077224
UKR,Ukraine,2024,64704990025.4782,34.4815297701892
UKR,Ukraine,2025,,
URY,Uruguay,1960,,
URY,Uruguay,1961,,
URY,Uruguay,1962,,
URY,Uruguay,1963,,
URY,Uruguay,1964,,
URY,Uruguay,1965,,
URY,Uruguay,1966,,
URY,Uruguay,1967,,
URY,Uruguay,1968,,
URY,Uruguay,1969,,
URY,Uruguay,1970,,
URY,Uruguay,1971,,
URY,Uruguay,1972,51429281.9115868,2.19806763285024
URY,Uruguay,1973,112465598.243483,3.76415462709879
URY,Uruguay,1974,187557473.61904,4.53145622525297
URY,Uruguay,1975,156541418.623062,4.28606416850355
URY,Uruguay,1976,133232399.697199,3.48156353853458
URY,Uruguay,1977,160545078.518595,3.7459201606829
URY,Uruguay,1978,185943655.751885,3.62107985774329
URY,Uruguay,1979,279396248.945885,3.80043383947939
URY,Uruguay,1980,477266464.590796,4.6961086286929
URY,Uruguay,1981,709699535.82315,6.25546127902134
URY,Uruguay,1982,599135224.098229,6.44930689376515
URY,Uruguay,1983,274611790.852867,5.38198403648803
URY,Uruguay,1984,221851277.344512,4.57564575645756
URY,Uruguay,1985,203645853.928586,4.30422064354367
URY,Uruguay,1986,242349802.554248,4.12128017967434
URY,Uruguay,1987,223924938.586923,3.03942220884743
URY,Uruguay,1988,259967029.93247,3.15664690939881
URY,Uruguay,1989,297821236.424986,3.52912674143328
URY,Uruguay,1990,328351062.010466,3.52740166449266
URY,Uruguay,1991,268628014.63081,2.39471219270806
URY,Uruguay,1992,366965197.814078,2.84951481234276
URY,Uruguay,1993,418919638.983124,2.79239845208779
URY,Uruguay,1994,450443306.000095,2.57770556975008
URY,Uruguay,1995,523862025.515829,2.71463667452926
URY,Uruguay,1996,575652014.65661,2.80593839042227
URY,Uruguay,1997,575206289.458717,2.39972074691363
URY,Uruguay,1998,573248407.643312,2.2581336824168
URY,Uruguay,1999,574285890.663445,2.3944609705068
URY,Uruguay,2000,555968792.356772,2.43597728787045
URY,Uruguay,2001,523008311.37239,2.50257766217716
URY,Uruguay,2002,344263066.284048,2.53014006008996
URY,Uruguay,2003,269526777.199942,2.23754532184395
URY,Uruguay,2004,279301971.522835,2.0407280132366
URY,Uruguay,2005,347323784.856977,2.00038586601038
URY,Uruguay,2006,392798690.671031,2.00617807800672
URY,Uruguay,2007,416045332.538026,1.77716708828507
URY,Uruguay,2008,567703932.828305,1.86952468832085
URY,Uruguay,2009,577056008.507621,1.82261337958887
URY,Uruguay,2010,755659469.672421,1.87580785777619
URY,Uruguay,2011,824833542.16069,1.71974893241654
URY,Uruguay,2012,924640335.588313,1.60724459656554
URY,Uruguay,2013,1045084368.40872,1.68721815702608
URY,Uruguay,2014,1034499446.67959,1.74099456885648
URY,Uruguay,2015,969906845.518716,1.76584061733326
URY,Uruguay,2016,988223629.628739,1.8091708739885
URY,Uruguay,2017,1165710348.53799,1.91114379023487
URY,Uruguay,2018,1271117731.00881,2.07741613248953
URY,Uruguay,2019,1154916148.80395,2.0057166464094
URY,Uruguay,2020,1091535359.61401,2.05692189335606
URY,Uruguay,2021,1258231388.03514,2.26205420416101
URY,Uruguay,2022,1297897836.81388,2.04278364297671
URY,Uruguay,2023,1511449760.30372,2.11561237275002
URY,Uruguay,2024,1736764487.451,2.31053827798919
URY,Uruguay,2025,,
USA,United States,1960,47346552670.2126,8.99312458715278
USA,United States,1961,49879770605.0578,9.15603150017123
USA,United States,1962,54650942605.0773,9.33167294545842
USA,United States,1963,54561215775.4246,8.83189118618018
USA,United States,1964,53432327058.1665,8.0512811057284
USA,United States,1965,54561791263.2266,7.58724717722602
USA,United States,1966,66442751527.3178,8.43530028594507
USA,United States,1967,78398442240.5239,9.41779593255137
USA,United States,1968,84329031218.2481,9.26845427468793
USA,United States,1969,84990165430.7737,8.63326379509104
USA,United States,1970,83407993004.8882,8.03274358404085
USA,United States,1971,78237979893.08,6.94306960936061
USA,United States,1972,80708070966.4935,6.51975692434716
USA,United States,1973,81469794407.5887,5.8938705911674
USA,United States,1974,89278920339.82,5.95411119676015
USA,United States,1975,92080928753.6472,5.62267909613336
USA,United States,1976,94715251079.7143,5.19107142902555
USA,United States,1977,104665218971.628,5.15561735127125
USA,United States,1978,113382063749.093,4.94308724791688
USA,United States,1979,126879927116.756,4.95199153527265
USA,United States,1980,143688354872.676,5.15353746651636
USA,United States,1981,176558875270.821,5.64654125624258
USA,United States,1982,221673542584.02,6.81405709441284
USA,United States,1983,223427165005.73,6.32114425976717
USA,United States,1984,245149168288.537,6.23641652963897
USA,United States,1985,272163229313.057,6.4532192046686
USA,United States,1986,295546223803.599,6.62652265789842
USA,United States,1987,304086648682.908,6.42027402288488
USA,United States,1988,309661269300.954,6.0712777020948
USA,United States,1989,321866558808.32,5.87120600804653
USA,United States,1990,325129313986.031,5.60517529438794
USA,United States,1991,299372779114.591,4.88342939776313
USA,United States,1992,325033735954.804,4.97046680768284
USA,United States,1993,316719443747.423,4.60435029507644
USA,United States,1994,308084000000.0,4.2152646751779
USA,United States,1995,295853097724.661,3.8602457917389
USA,United States,1996,287960668678.94,3.55498220635218
USA,United States,1997,293167825790.971,3.40556224418855
USA,United States,1998,290996055088.378,3.20155849896996
USA,United States,1999,298094891322.404,3.08567678324746
USA,United States,2000,320086324211.196,3.11224214697679
USA,United States,2001,331805610572.137,3.12380980266703
USA,United States,2002,378463138753.841,3.44761809928778
USA,United States,2003,440532069586.192,3.82716104473623
USA,United States,2004,492999376159.397,4.01631273640692
USA,United States,2005,533203000000.0,4.08923187524508
USA,United States,2006,558335000000.0,4.04134230166038
USA,United States,2007,589586000000.0,4.07335051467688
USA,United States,2008,656756000000.0,4.44659552156261
USA,United States,2009,705917000000.0,4.87576835879774
USA,United States,2010,738005000000.0,4.90402300595835
USA,United States,2011,752288000000.0,4.82244197600452
USA,United States,2012,725205000000.0,4.4617099699335
USA,United States,2013,679229000000.0,4.02370560438155
USA,United States,2014,647789000000.0,3.67891817387645
USA,United States,2015,633829639000.0,3.46449292564277
USA,United States,2016,639856443000.0,3.40260233575118
USA,United States,2017,646752927000.0,3.2977234873792
USA,United States,2018,682491400000.0,3.3040005391035
USA,United States,2019,734344100000.0,3.40921408383721
USA,United States,2020,778397200000.0,3.64518757294704
USA,United States,2021,806230200000.0,3.40451991574826
USA,United States,2022,860692200000.0,3.30947715843109
USA,United States,2023,916014700000.0,3.304441637598
USA,United States,2024,997309000000.0,3.41921653228044
USA,United States,2025,,
UZB,Uzbekistan,1960,,
UZB,Uzbekistan,1961,,
UZB,Uzbekistan,1962,,
UZB,Uzbekistan,1963,,
UZB,Uzbekistan,1964,,
UZB,Uzbekistan,1965,,
UZB,Uzbekistan,1966,,
UZB,Uzbekistan,1967,,
UZB,Uzbekistan,1968,,
UZB,Uzbekistan,1969,,
UZB,Uzbekistan,1970,,
UZB,Uzbekistan,1971,,
UZB,Uzbekistan,1972,,
UZB,Uzbekistan,1973,,
UZB,Uzbekistan,1974,,
UZB,Uzbekistan,1975,,
UZB,Uzbekistan,1976,,
UZB,Uzbekistan,1977,,
UZB,Uzbekistan,1978,,
UZB,Uzbekistan,1979,,
UZB,Uzbekistan,1980,,
UZB,Uzbekistan,1981,,
UZB,Uzbekistan,1982,,
UZB,Uzbekistan,1983,,
UZB,Uzbekistan,1984,,
UZB,Uzbekistan,1985,,
UZB,Uzbekistan,1986,,
UZB,Uzbekistan,1987,,
UZB,Uzbekistan,1988,,
UZB,Uzbekistan,1989,,
UZB,Uzbekistan,1990,,
UZB,Uzbekistan,1991,,
UZB,Uzbekistan,1992,,
UZB,Uzbekistan,1993,,
UZB,Uzbekistan,1994,86929824.5614035,1.52748235149049
UZB,Uzbekistan,1995,112678421.494542,0.883906988706055
UZB,Uzbekistan,1996,172211545.661018,0.984546296961412
UZB,Uzbekistan,1997,217747190.74336,1.11881208629618
UZB,Uzbekistan,1998,,
UZB,Uzbekistan,1999,250071736.011478,1.30640163668501
UZB,Uzbekistan,2000,115375384.615385,0.91880954113644
UZB,Uzbekistan,2001,59760610.4651163,0.665921193229433
UZB,Uzbekistan,2002,45914432.9896907,0.476876688257673
UZB,Uzbekistan,2003,54133695.4635028,0.429913341474552
UZB,Uzbekistan,2004,,
UZB,Uzbekistan,2005,,
UZB,Uzbekistan,2006,,
UZB,Uzbekistan,2007,,
UZB,Uzbekistan,2008,,
UZB,Uzbekistan,2009,,
UZB,Uzbekistan,2010,,
UZB,Uzbekistan,2011,,
UZB,Uzbekistan,2012,,
UZB,Uzbekistan,2013,,
UZB,Uzbekistan,2014,,
UZB,Uzbekistan,2015,,
UZB,Uzbekistan,2016,,
UZB,Uzbekistan,2017,,
UZB,Uzbekistan,2018,1440385072.20752,2.86661981035524
UZB,Uzbekistan,2019,,
UZB,Uzbekistan,2020,,
UZB,Uzbekistan,2021,,
UZB,Uzbekistan,2022,,
UZB,Uzbekistan,2023,,
UZB,Uzbekistan,2024,,
UZB,Uzbekistan,2025,,
VCT,St. Vincent and the Grenadines,1960,,
VCT,St. Vincent and the Grenadines,1961,,
VCT,St. Vincent and the Grenadines,1962,,
VCT,St. Vincent and the Grenadines,1963,,
VCT,St. Vincent and the Grenadines,1964,,
VCT,St. Vincent and the Grenadines,1965,,
VCT,St. Vincent and the Grenadines,1966,,
VCT,St. Vincent and the Grenadines,1967,,
VCT,St. Vincent and the Grenadines,1968,,
VCT,St. Vincent and the Grenadines,1969,,
VCT,St. Vincent and the Grenadines,1970,,
VCT,St. Vincent and the Grenadines,1971,,
VCT,St. Vincent and the Grenadines,1972,,
VCT,St. Vincent and the Grenadines,1973,,
VCT,St. Vincent and the Grenadines,1974,,
VCT,St. Vincent and the Grenadines,1975,,
VCT,St. Vincent and the Grenadines,1976,,
VCT,St. Vincent and the Grenadines,1977,,
VCT,St. Vincent and the Grenadines,1978,,
VCT,St. Vincent and the Grenadines,1979,,
VCT,St. Vincent and the Grenadines,1980,,
VCT,St. Vincent and the Grenadines,1981,,
VCT,St. Vincent and the Grenadines,1982,,
VCT,St. Vincent and the Grenadines,1983,,
VCT,St. Vincent and the Grenadines,1984,,
VCT,St. Vincent and the Grenadines,1985,,
VCT,St. Vincent and the Grenadines,1986,,
VCT,St. Vincent and the Grenadines,1987,,
VCT,St. Vincent and the Grenadines,1988,,
VCT,St. Vincent and the Grenadines,1989,,
VCT,St. Vincent and the Grenadines,1990,,
VCT,St. Vincent and the Grenadines,1991,,
VCT,St. Vincent and the Grenadines,1992,,
VCT,St. Vincent and the Grenadines,1993,,
VCT,St. Vincent and the Grenadines,1994,,
VCT,St. Vincent and the Grenadines,1995,,
VCT,St. Vincent and the Grenadines,1996,,
VCT,St. Vincent and the Grenadines,1997,,
VCT,St. Vincent and the Grenadines,1998,,
VCT,St. Vincent and the Grenadines,1999,,
VCT,St. Vincent and the Grenadines,2000,,
VCT,St. Vincent and the Grenadines,2001,,
VCT,St. Vincent and the Grenadines,2002,,
VCT,St. Vincent and the Grenadines,2003,,
VCT,St. Vincent and the Grenadines,2004,,
VCT,St. Vincent and the Grenadines,2005,,
VCT,St. Vincent and the Grenadines,2006,,
VCT,St. Vincent and the Grenadines,2007,,
VCT,St. Vincent and the Grenadines,2008,,
VCT,St. Vincent and the Grenadines,2009,,
VCT,St. Vincent and the Grenadines,2010,,
VCT,St. Vincent and the Grenadines,2011,,
VCT,St. Vincent and the Grenadines,2012,,
VCT,St. Vincent and the Grenadines,2013,,
VCT,St. Vincent and the Grenadines,2014,,
VCT,St. Vincent and the Grenadines,2015,,
VCT,St. Vincent and the Grenadines,2016,,
VCT,St. Vincent and the Grenadines,2017,,
VCT,St. Vincent and the Grenadines,2018,,
VCT,St. Vincent and the Grenadines,2019,,
VCT,St. Vincent and the Grenadines,2020,,
VCT,St. Vincent and the Grenadines,2021,,
VCT,St. Vincent and the Grenadines,2022,,
VCT,St. Vincent and the Grenadines,2023,,
VCT,St. Vincent and the Grenadines,2024,,
VCT,St. Vincent and the Grenadines,2025,,
VEN,"Venezuela, RB",1960,234357740.37342,3.05804440981691
VEN,"Venezuela, RB",1961,114632682.852563,1.42222222222222
VEN,"Venezuela, RB",1962,203900682.753824,2.31290213342364
VEN,"Venezuela, RB",1963,245397307.794499,2.55358807082945
VEN,"Venezuela, RB",1964,200459770.114943,2.44668911335578
VEN,"Venezuela, RB",1965,227272727.272727,2.63643553915107
VEN,"Venezuela, RB",1966,238636363.636364,2.65688259109312
VEN,"Venezuela, RB",1967,270454545.454545,2.8585154936344
VEN,"Venezuela, RB",1968,272727272.727273,2.67737617135208
VEN,"Venezuela, RB",1969,263636363.636364,2.4989228780698
VEN,"Venezuela, RB",1970,272727272.727273,2.29401644045116
VEN,"Venezuela, RB",1971,352272727.272727,2.69940787182167
VEN,"Venezuela, RB",1972,404651162.790698,2.82926829268293
VEN,"Venezuela, RB",1973,420930232.55814,2.47098976109215
VEN,"Venezuela, RB",1974,602325581.395349,2.30776084825804
VEN,"Venezuela, RB",1975,711627906.976744,2.59102455546147
VEN,"Venezuela, RB",1976,593023255.813953,1.88749074759437
VEN,"Venezuela, RB",1977,748837209.302326,2.06794682422452
VEN,"Venezuela, RB",1978,827906976.744186,2.10576126818881
VEN,"Venezuela, RB",1979,925581395.348837,1.91585635891018
VEN,"Venezuela, RB",1980,1002325581.39535,1.6955153422502
VEN,"Venezuela, RB",1981,1009302325.5814,1.52168577539357
VEN,"Venezuela, RB",1982,1523255813.95349,2.24877261647269
VEN,"Venezuela, RB",1983,2006976744.18605,2.97074010327022
VEN,"Venezuela, RB",1984,1325415047.30877,2.29205175600739
VEN,"Venezuela, RB",1985,820000000.0,1.36961895641717
VEN,"Venezuela, RB",1986,1004536496.71608,1.64997053624042
VEN,"Venezuela, RB",1987,765517241.37931,1.63369833980925
VEN,"Venezuela, RB",1988,1096551724.13793,1.81610508280982
VEN,"Venezuela, RB",1989,1196251552.96512,2.79359694117964
VEN,"Venezuela, RB",1990,737870454.68601,1.51803655572423
VEN,"Venezuela, RB",1991,983721953.365596,1.84033527682396
VEN,"Venezuela, RB",1992,992932484.978058,1.64347885019412
VEN,"Venezuela, RB",1993,1287954760.86423,2.14525385503951
VEN,"Venezuela, RB",1994,939683231.420828,1.59074692484412
VEN,"Venezuela, RB",1995,1198810237.38705,1.54906215977261
VEN,"Venezuela, RB",1996,733197556.008147,1.03948338355238
VEN,"Venezuela, RB",1997,1541033863.86102,1.79528505216579
VEN,"Venezuela, RB",1998,1450963991.62112,1.58855520454273
VEN,"Venezuela, RB",1999,1408064715.83639,1.43719900378467
VEN,"Venezuela, RB",2000,1788322080.33625,1.52657012884905
VEN,"Venezuela, RB",2001,1911400136.52858,1.55510791113255
VEN,"Venezuela, RB",2002,1071363969.16319,1.15337359551171
VEN,"Venezuela, RB",2003,987890177.726888,1.18269062721142
VEN,"Venezuela, RB",2004,1448715982.93265,1.28830181236512
VEN,"Venezuela, RB",2005,2665390596.96136,1.83171374924625
VEN,"Venezuela, RB",2006,3630088495.57522,1.9784922172232
VEN,"Venezuela, RB",2007,4351560316.72101,1.88899310620025
VEN,"Venezuela, RB",2008,5660456450.86167,1.79355285179574
VEN,"Venezuela, RB",2009,4055379599.44108,1.23107041540807
VEN,"Venezuela, RB",2010,3991194834.74435,1.01348862784929
VEN,"Venezuela, RB",2011,3577531587.43851,1.13040534078431
VEN,"Venezuela, RB",2012,5114847099.99301,1.34147173233053
VEN,"Venezuela, RB",2013,6199698500.15542,1.66955178280415
VEN,"Venezuela, RB",2014,1554727108.23932,1.16181680999136
VEN,"Venezuela, RB",2015,320539157.963524,0.941375968866619
VEN,"Venezuela, RB",2016,218154892.929075,0.454046014282467
VEN,"Venezuela, RB",2017,2127936596.43571,2.23333219917076
VEN,"Venezuela, RB",2018,763623333.345644,0.150853892569221
VEN,"Venezuela, RB",2019,4112702.17652861,1.79230375763991
VEN,"Venezuela, RB",2020,2591576.73264645,1.57552271230291
VEN,"Venezuela, RB",2021,2024833.03910593,0.313630729266034
VEN,"Venezuela, RB",2022,4627333.50193864,0.649886788939365
VEN,"Venezuela, RB",2023,3917057.34020454,0.500704497643446
VEN,"Venezuela, RB",2024,0.0,
VEN,"Venezuela, RB",2025,,
VGB,British Virgin Islands,1960,,
VGB,British Virgin Islands,1961,,
VGB,British Virgin Islands,1962,,
VGB,British Virgin Islands,1963,,
VGB,British Virgin Islands,1964,,
VGB,British Virgin Islands,1965,,
VGB,British Virgin Islands,1966,,
VGB,British Virgin Islands,1967,,
VGB,British Virgin Islands,1968,,
VGB,British Virgin Islands,1969,,
VGB,British Virgin Islands,1970,,
VGB,British Virgin Islands,1971,,
VGB,British Virgin Islands,1972,,
VGB,British Virgin Islands,1973,,
VGB,British Virgin Islands,1974,,
VGB,British Virgin Islands,1975,,
VGB,British Virgin Islands,1976,,
VGB,British Virgin Islands,1977,,
VGB,British Virgin Islands,1978,,
VGB,British Virgin Islands,1979,,
VGB,British Virgin Islands,1980,,
VGB,British Virgin Islands,1981,,
VGB,British Virgin Islands,1982,,
VGB,British Virgin Islands,1983,,
VGB,British Virgin Islands,1984,,
VGB,British Virgin Islands,1985,,
VGB,British Virgin Islands,1986,,
VGB,British Virgin Islands,1987,,
VGB,British Virgin Islands,1988,,
VGB,British Virgin Islands,1989,,
VGB,British Virgin Islands,1990,,
VGB,British Virgin Islands,1991,,
VGB,British Virgin Islands,1992,,
VGB,British Virgin Islands,1993,,
VGB,British Virgin Islands,1994,,
VGB,British Virgin Islands,1995,,
VGB,British Virgin Islands,1996,,
VGB,British Virgin Islands,1997,,
VGB,British Virgin Islands,1998,,
VGB,British Virgin Islands,1999,,
VGB,British Virgin Islands,2000,,
VGB,British Virgin Islands,2001,,
VGB,British Virgin Islands,2002,,
VGB,British Virgin Islands,2003,,
VGB,British Virgin Islands,2004,,
VGB,British Virgin Islands,2005,,
VGB,British Virgin Islands,2006,,
VGB,British Virgin Islands,2007,,
VGB,British Virgin Islands,2008,,
VGB,British Virgin Islands,2009,,
VGB,British Virgin Islands,2010,,
VGB,British Virgin Islands,2011,,
VGB,British Virgin Islands,2012,,
VGB,British Virgin Islands,2013,,
VGB,British Virgin Islands,2014,,
VGB,British Virgin Islands,2015,,
VGB,British Virgin Islands,2016,,
VGB,British Virgin Islands,2017,,
VGB,British Virgin Islands,2018,,
VGB,British Virgin Islands,2019,,
VGB,British Virgin Islands,2020,,
VGB,British Virgin Islands,2021,,
VGB,British Virgin Islands,2022,,
VGB,British Virgin Islands,2023,,
VGB,British Virgin Islands,2024,,
VGB,British Virgin Islands,2025,,
VIR,Virgin Islands (U.S.),1960,,
VIR,Virgin Islands (U.S.),1961,,
VIR,Virgin Islands (U.S.),1962,,
VIR,Virgin Islands (U.S.),1963,,
VIR,Virgin Islands (U.S.),1964,,
VIR,Virgin Islands (U.S.),1965,,
VIR,Virgin Islands (U.S.),1966,,
VIR,Virgin Islands (U.S.),1967,,
VIR,Virgin Islands (U.S.),1968,,
VIR,Virgin Islands (U.S.),1969,,
VIR,Virgin Islands (U.S.),1970,,
VIR,Virgin Islands (U.S.),1971,,
VIR,Virgin Islands (U.S.),1972,,
VIR,Virgin Islands (U.S.),1973,,
VIR,Virgin Islands (U.S.),1974,,
VIR,Virgin Islands (U.S.),1975,,
VIR,Virgin Islands (U.S.),1976,,
VIR,Virgin Islands (U.S.),1977,,
VIR,Virgin Islands (U.S.),1978,,
VIR,Virgin Islands (U.S.),1979,,
VIR,Virgin Islands (U.S.),1980,,
VIR,Virgin Islands (U.S.),1981,,
VIR,Virgin Islands (U.S.),1982,,
VIR,Virgin Islands (U.S.),1983,,
VIR,Virgin Islands (U.S.),1984,,
VIR,Virgin Islands (U.S.),1985,,
VIR,Virgin Islands (U.S.),1986,,
VIR,Virgin Islands (U.S.),1987,,
VIR,Virgin Islands (U.S.),1988,,
VIR,Virgin Islands (U.S.),1989,,
VIR,Virgin Islands (U.S.),1990,,
VIR,Virgin Islands (U.S.),1991,,
VIR,Virgin Islands (U.S.),1992,,
VIR,Virgin Islands (U.S.),1993,,
VIR,Virgin Islands (U.S.),1994,,
VIR,Virgin Islands (U.S.),1995,,
VIR,Virgin Islands (U.S.),1996,,
VIR,Virgin Islands (U.S.),1997,,
VIR,Virgin Islands (U.S.),1998,,
VIR,Virgin Islands (U.S.),1999,,
VIR,Virgin Islands (U.S.),2000,,
VIR,Virgin Islands (U.S.),2001,,
VIR,Virgin Islands (U.S.),2002,,
VIR,Virgin Islands (U.S.),2003,,
VIR,Virgin Islands (U.S.),2004,,
VIR,Virgin Islands (U.S.),2005,,
VIR,Virgin Islands (U.S.),2006,,
VIR,Virgin Islands (U.S.),2007,,
VIR,Virgin Islands (U.S.),2008,,
VIR,Virgin Islands (U.S.),2009,,
VIR,Virgin Islands (U.S.),2010,,
VIR,Virgin Islands (U.S.),2011,,
VIR,Virgin Islands (U.S.),2012,,
VIR,Virgin Islands (U.S.),2013,,
VIR,Virgin Islands (U.S.),2014,,
VIR,Virgin Islands (U.S.),2015,,
VIR,Virgin Islands (U.S.),2016,,
VIR,Virgin Islands (U.S.),2017,,
VIR,Virgin Islands (U.S.),2018,,
VIR,Virgin Islands (U.S.),2019,,
VIR,Virgin Islands (U.S.),2020,,
VIR,Virgin Islands (U.S.),2021,,
VIR,Virgin Islands (U.S.),2022,,
VIR,Virgin Islands (U.S.),2023,,
VIR,Virgin Islands (U.S.),2024,,
VIR,Virgin Islands (U.S.),2025,,
VNM,Viet Nam,1960,,
VNM,Viet Nam,1961,,
VNM,Viet Nam,1962,,
VNM,Viet Nam,1963,,
VNM,Viet Nam,1964,,
VNM,Viet Nam,1965,,
VNM,Viet Nam,1966,,
VNM,Viet Nam,1967,,
VNM,Viet Nam,1968,,
VNM,Viet Nam,1969,,
VNM,Viet Nam,1970,,
VNM,Viet Nam,1971,,
VNM,Viet Nam,1972,,
VNM,Viet Nam,1973,,
VNM,Viet Nam,1974,,
VNM,Viet Nam,1975,,
VNM,Viet Nam,1976,,
VNM,Viet Nam,1977,,
VNM,Viet Nam,1978,,
VNM,Viet Nam,1979,,
VNM,Viet Nam,1980,,
VNM,Viet Nam,1981,,
VNM,Viet Nam,1982,,
VNM,Viet Nam,1983,,
VNM,Viet Nam,1984,,
VNM,Viet Nam,1985,,
VNM,Viet Nam,1986,,
VNM,Viet Nam,1987,1315597881.75968,3.95376778715678
VNM,Viet Nam,1988,1305814501.79549,7.10161041569528
VNM,Viet Nam,1989,458562483.898789,7.28651265439789
VNM,Viet Nam,1990,511970136.360832,7.91085687045644
VNM,Viet Nam,1991,427617814.087875,5.59531724614442
VNM,Viet Nam,1992,332970309.40351,3.37458835450367
VNM,Viet Nam,1993,297716380.03947,2.25869469121191
VNM,Viet Nam,1994,431345012.174325,2.6493553048719
VNM,Viet Nam,1995,,
VNM,Viet Nam,1996,,
VNM,Viet Nam,1997,,
VNM,Viet Nam,1998,,
VNM,Viet Nam,1999,,
VNM,Viet Nam,2000,,
VNM,Viet Nam,2001,,
VNM,Viet Nam,2002,,
VNM,Viet Nam,2003,841930159.385155,2.12864112884164
VNM,Viet Nam,2004,915089546.551505,2.01437983970519
VNM,Viet Nam,2005,1026426801.35444,1.78096085234042
VNM,Viet Nam,2006,1286528866.71418,1.93836458436365
VNM,Viet Nam,2007,1784217421.81048,2.30475733676407
VNM,Viet Nam,2008,2137625596.54525,2.15637292727254
VNM,Viet Nam,2009,2401450914.43941,2.26520866993266
VNM,Viet Nam,2010,2672286425.00631,1.81539587772715
VNM,Viet Nam,2011,2686520590.1569,1.55654936250578
VNM,Viet Nam,2012,3360860380.25735,1.71831331991755
VNM,Viet Nam,2013,3727249276.27619,1.74407703676771
VNM,Viet Nam,2014,4255721581.237,1.82295771785959
VNM,Viet Nam,2015,4562632500.69131,1.90702805588388
VNM,Viet Nam,2016,5017401787.37234,1.95056176952778
VNM,Viet Nam,2017,5073853533.65223,1.80387228671057
VNM,Viet Nam,2018,5500000000.0,1.80650138874311
VNM,Viet Nam,2019,,
VNM,Viet Nam,2020,,
VNM,Viet Nam,2021,,
VNM,Viet Nam,2022,,
VNM,Viet Nam,2023,,
VNM,Viet Nam,2024,,
VNM,Viet Nam,2025,,
VUT,Vanuatu,1960,,
VUT,Vanuatu,1961,,
VUT,Vanuatu,1962,,
VUT,Vanuatu,1963,,
VUT,Vanuatu,1964,,
VUT,Vanuatu,1965,,
VUT,Vanuatu,1966,,
VUT,Vanuatu,1967,,
VUT,Vanuatu,1968,,
VUT,Vanuatu,1969,,
VUT,Vanuatu,1970,,
VUT,Vanuatu,1971,,
VUT,Vanuatu,1972,,
VUT,Vanuatu,1973,,
VUT,Vanuatu,1974,,
VUT,Vanuatu,1975,,
VUT,Vanuatu,1976,,
VUT,Vanuatu,1977,,
VUT,Vanuatu,1978,,
VUT,Vanuatu,1979,,
VUT,Vanuatu,1980,,
VUT,Vanuatu,1981,,
VUT,Vanuatu,1982,,
VUT,Vanuatu,1983,,
VUT,Vanuatu,1984,,
VUT,Vanuatu,1985,,
VUT,Vanuatu,1986,,
VUT,Vanuatu,1987,,
VUT,Vanuatu,1988,,
VUT,Vanuatu,1989,,
VUT,Vanuatu,1990,,
VUT,Vanuatu,1991,,
VUT,Vanuatu,1992,,
VUT,Vanuatu,1993,,
VUT,Vanuatu,1994,,
VUT,Vanuatu,1995,,
VUT,Vanuatu,1996,,
VUT,Vanuatu,1997,,
VUT,Vanuatu,1998,,
VUT,Vanuatu,1999,,
VUT,Vanuatu,2000,,
VUT,Vanuatu,2001,,
VUT,Vanuatu,2002,,
VUT,Vanuatu,2003,,
VUT,Vanuatu,2004,,
VUT,Vanuatu,2005,,
VUT,Vanuatu,2006,,
VUT,Vanuatu,2007,,
VUT,Vanuatu,2008,,
VUT,Vanuatu,2009,,
VUT,Vanuatu,2010,,
VUT,Vanuatu,2011,,
VUT,Vanuatu,2012,,
VUT,Vanuatu,2013,,
VUT,Vanuatu,2014,,
VUT,Vanuatu,2015,,
VUT,Vanuatu,2016,,
VUT,Vanuatu,2017,,
VUT,Vanuatu,2018,,
VUT,Vanuatu,2019,,
VUT,Vanuatu,2020,,
VUT,Vanuatu,2021,,
VUT,Vanuatu,2022,,
VUT,Vanuatu,2023,,
VUT,Vanuatu,2024,,
VUT,Vanuatu,2025,,
WSM,Samoa,1960,,
WSM,Samoa,1961,,
WSM,Samoa,1962,,
WSM,Samoa,1963,,
WSM,Samoa,1964,,
WSM,Samoa,1965,,
WSM,Samoa,1966,,
WSM,Samoa,1967,,
WSM,Samoa,1968,,
WSM,Samoa,1969,,
WSM,Samoa,1970,,
WSM,Samoa,1971,,
WSM,Samoa,1972,,
WSM,Samoa,1973,,
WSM,Samoa,1974,,
WSM,Samoa,1975,,
WSM,Samoa,1976,,
WSM,Samoa,1977,,
WSM,Samoa,1978,,
WSM,Samoa,1979,,
WSM,Samoa,1980,,
WSM,Samoa,1981,,
WSM,Samoa,1982,,
WSM,Samoa,1983,,
WSM,Samoa,1984,,
WSM,Samoa,1985,,
WSM,Samoa,1986,,
WSM,Samoa,1987,,
WSM,Samoa,1988,,
WSM,Samoa,1989,,
WSM,Samoa,1990,,
WSM,Samoa,1991,,
WSM,Samoa,1992,,
WSM,Samoa,1993,,
WSM,Samoa,1994,,
WSM,Samoa,1995,,
WSM,Samoa,1996,,
WSM,Samoa,1997,,
WSM,Samoa,1998,,
WSM,Samoa,1999,,
WSM,Samoa,2000,,
WSM,Samoa,2001,,
WSM,Samoa,2002,,
WSM,Samoa,2003,,
WSM,Samoa,2004,,
WSM,Samoa,2005,,
WSM,Samoa,2006,,
WSM,Samoa,2007,,
WSM,Samoa,2008,,
WSM,Samoa,2009,,
WSM,Samoa,2010,,
WSM,Samoa,2011,,
WSM,Samoa,2012,,
WSM,Samoa,2013,,
WSM,Samoa,2014,,
WSM,Samoa,2015,,
WSM,Samoa,2016,,
WSM,Samoa,2017,,
WSM,Samoa,2018,,
WSM,Samoa,2019,,
WSM,Samoa,2020,,
WSM,Samoa,2021,,
WSM,Samoa,2022,,
WSM,Samoa,2023,,
WSM,Samoa,2024,,
WSM,Samoa,2025,,
XKX,Kosovo,1960,,
XKX,Kosovo,1961,,
XKX,Kosovo,1962,,
XKX,Kosovo,1963,,
XKX,Kosovo,1964,,
XKX,Kosovo,1965,,
XKX,Kosovo,1966,,
XKX,Kosovo,1967,,
XKX,Kosovo,1968,,
XKX,Kosovo,1969,,
XKX,Kosovo,1970,,
XKX,Kosovo,1971,,
XKX,Kosovo,1972,,
XKX,Kosovo,1973,,
XKX,Kosovo,1974,,
XKX,Kosovo,1975,,
XKX,Kosovo,1976,,
XKX,Kosovo,1977,,
XKX,Kosovo,1978,,
XKX,Kosovo,1979,,
XKX,Kosovo,1980,,
XKX,Kosovo,1981,,
XKX,Kosovo,1982,,
XKX,Kosovo,1983,,
XKX,Kosovo,1984,,
XKX,Kosovo,1985,,
XKX,Kosovo,1986,,
XKX,Kosovo,1987,,
XKX,Kosovo,1988,,
XKX,Kosovo,1989,,
XKX,Kosovo,1990,,
XKX,Kosovo,1991,,
XKX,Kosovo,1992,,
XKX,Kosovo,1993,,
XKX,Kosovo,1994,,
XKX,Kosovo,1995,,
XKX,Kosovo,1996,,
XKX,Kosovo,1997,,
XKX,Kosovo,1998,,
XKX,Kosovo,1999,,
XKX,Kosovo,2000,,
XKX,Kosovo,2001,,
XKX,Kosovo,2002,,
XKX,Kosovo,2003,,
XKX,Kosovo,2004,,
XKX,Kosovo,2005,,
XKX,Kosovo,2006,,
XKX,Kosovo,2007,,
XKX,Kosovo,2008,927234.774966126,0.0163027941392356
XKX,Kosovo,2009,27227085.628394,0.481597270513536
XKX,Kosovo,2010,38578120.5093736,0.722607027057869
XKX,Kosovo,2011,50968863.7737974,0.804774182927632
XKX,Kosovo,2012,43390403.8833654,0.703950801287396
XKX,Kosovo,2013,48597681.233312,0.721739287326993
XKX,Kosovo,2014,53575787.7448802,0.758327843608571
XKX,Kosovo,2015,49984164.356216,0.794280304031609
XKX,Kosovo,2016,51937624.4193762,0.777866853947473
XKX,Kosovo,2017,57262629.2715651,0.802900990332654
XKX,Kosovo,2018,63344074.218335,0.804420588442497
XKX,Kosovo,2019,65705329.153605,0.831725992996201
XKX,Kosovo,2020,78965006.2692351,1.02303890223714
XKX,Kosovo,2021,79609744.5600757,0.845929878221182
XKX,Kosovo,2022,107601580.182924,1.15004614573509
XKX,Kosovo,2023,133185465.922792,1.27351351798076
XKX,Kosovo,2024,165554668.553169,1.47659639574127
XKX,Kosovo,2025,,
YEM,"Yemen, Rep.",1960,,
YEM,"Yemen, Rep.",1961,,
YEM,"Yemen, Rep.",1962,,
YEM,"Yemen, Rep.",1963,,
YEM,"Yemen, Rep.",1964,,
YEM,"Yemen, Rep.",1965,,
YEM,"Yemen, Rep.",1966,,
YEM,"Yemen, Rep.",1967,,
YEM,"Yemen, Rep.",1968,,
YEM,"Yemen, Rep.",1969,,
YEM,"Yemen, Rep.",1970,,
YEM,"Yemen, Rep.",1971,,
YEM,"Yemen, Rep.",1972,,
YEM,"Yemen, Rep.",1973,,
YEM,"Yemen, Rep.",1974,,
YEM,"Yemen, Rep.",1975,,
YEM,"Yemen, Rep.",1976,,
YEM,"Yemen, Rep.",1977,,
YEM,"Yemen, Rep.",1978,,
YEM,"Yemen, Rep.",1979,,
YEM,"Yemen, Rep.",1980,,
YEM,"Yemen, Rep.",1981,,
YEM,"Yemen, Rep.",1982,,
YEM,"Yemen, Rep.",1983,,
YEM,"Yemen, Rep.",1984,,
YEM,"Yemen, Rep.",1985,,
YEM,"Yemen, Rep.",1986,,
YEM,"Yemen, Rep.",1987,,
YEM,"Yemen, Rep.",1988,,
YEM,"Yemen, Rep.",1989,,
YEM,"Yemen, Rep.",1990,807070715.481137,6.55118344395031
YEM,"Yemen, Rep.",1991,1028217916.58687,7.01121885858333
YEM,"Yemen, Rep.",1992,1306900025.81161,7.27704319121711
YEM,"Yemen, Rep.",1993,1535457656.47247,7.06392041645758
YEM,"Yemen, Rep.",1994,2353269331.64586,8.3987590412286
YEM,"Yemen, Rep.",1995,805892377.911418,6.35057848305458
YEM,"Yemen, Rep.",1996,416008632.418086,5.28134594096812
YEM,"Yemen, Rep.",1997,397073042.442432,5.80575259672107
YEM,"Yemen, Rep.",1998,384502730.310122,6.08156870413826
YEM,"Yemen, Rep.",1999,395252957.268909,5.17272243639362
YEM,"Yemen, Rep.",2000,473664032.451552,4.91539236509943
YEM,"Yemen, Rep.",2001,540101498.766837,5.4810146916463
YEM,"Yemen, Rep.",2002,737366548.042705,6.8956079503431
YEM,"Yemen, Rep.",2003,807313244.080066,6.85455205201499
YEM,"Yemen, Rep.",2004,735485127.938693,5.301366496456
YEM,"Yemen, Rep.",2005,815627463.983416,4.8683170115889
YEM,"Yemen, Rep.",2006,822130536.059559,4.30846709527936
YEM,"Yemen, Rep.",2007,1050499364.17144,4.85072305945547
YEM,"Yemen, Rep.",2008,1196411765.88374,4.44582924481359
YEM,"Yemen, Rep.",2009,1420775264.11532,5.65364869262807
YEM,"Yemen, Rep.",2010,1448153376.74758,4.68555712379286
YEM,"Yemen, Rep.",2011,1612254443.40505,4.92646180284206
YEM,"Yemen, Rep.",2012,1618840126.70806,4.57388404478979
YEM,"Yemen, Rep.",2013,1648750523.52366,4.07952717554633
YEM,"Yemen, Rep.",2014,1714830843.68747,3.96689083277903
YEM,"Yemen, Rep.",2015,,
YEM,"Yemen, Rep.",2016,,
YEM,"Yemen, Rep.",2017,,
YEM,"Yemen, Rep.",2018,,
YEM,"Yemen, Rep.",2019,,
YEM,"Yemen, Rep.",2020,,
YEM,"Yemen, Rep.",2021,,
YEM,"Yemen, Rep.",2022,,
YEM,"Yemen, Rep.",2023,,
YEM,"Yemen, Rep.",2024,,
YEM,"Yemen, Rep.",2025,,
ZAF,South Africa,1960,69999972.0000112,0.950977129000048
ZAF,South Africa,1961,113749954.500018,1.46784913582076
ZAF,South Africa,1962,186199925.52003,2.25483730416399
ZAF,South Africa,1963,188999924.40003,2.06460848141164
ZAF,South Africa,1964,271599891.360043,2.695608797689
ZAF,South Africa,1965,289449884.220046,2.63082886060615
ZAF,South Africa,1966,324449870.220052,2.704872973096
ZAF,South Africa,1967,373099850.76006,2.78801852960007
ZAF,South Africa,1968,399699840.120064,2.76117526451189
ZAF,South Africa,1969,425599829.760068,2.60847927374445
ZAF,South Africa,1970,417899832.840067,2.33374509405345
ZAF,South Africa,1971,485866527.221808,2.45819303358705
ZAF,South Africa,1972,492386546.204331,2.37266886068014
ZAF,South Africa,1973,752926325.61866,2.64690982776089
ZAF,South Africa,1974,1102318400.77,3.0851992816305
ZAF,South Africa,1975,1431695127.0304,3.87495470832159
ZAF,South Africa,1976,1677275419.31885,4.72799061209406
ZAF,South Africa,1977,2073738018.4345,5.2633345592313
ZAF,South Africa,1978,2067988016.997,4.56219888726238
ZAF,South Africa,1979,2160867339.72825,3.86307372855086
ZAF,South Africa,1980,2661671164.84386,3.30463366071471
ZAF,South Africa,1981,3011979548.27998,3.63812916270383
ZAF,South Africa,1982,2744699858.1717,3.61409329641932
ZAF,South Africa,1983,3052688268.55758,3.60464820498906
ZAF,South Africa,1984,2770152106.71872,3.69560695941547
ZAF,South Africa,1985,2117406345.48856,3.69833382968385
ZAF,South Africa,1986,2497888430.34884,3.82057632450885
ZAF,South Africa,1987,3595968625.21672,4.19217049247912
ZAF,South Africa,1988,4263086823.22617,4.62375902257971
ZAF,South Africa,1989,4181886467.27775,4.35788474069836
ZAF,South Africa,1990,4364458203.85573,3.89635147817926
ZAF,South Africa,1991,3874415134.79061,3.22263389360805
ZAF,South Africa,1992,3677406460.70666,2.81765061454765
ZAF,South Africa,1993,3254313378.66538,2.49552369800039
ZAF,South Africa,1994,3478582291.31463,2.56196590060566
ZAF,South Africa,1995,3292446561.84434,2.11786404667743
ZAF,South Africa,1996,2591787130.61277,1.75587879819291
ZAF,South Africa,1997,2414137709.52873,1.58213355671958
ZAF,South Africa,1998,1905656008.74051,1.38316672312245
ZAF,South Africa,1999,1738036625.04829,1.27205293062738
ZAF,South Africa,2000,1891725013.43693,1.38728913141799
ZAF,South Africa,2001,1802262236.357,1.48316101798605
ZAF,South Africa,2002,1766082897.72027,1.52930955872386
ZAF,South Africa,2003,2574176278.13213,1.4688112381823
ZAF,South Africa,2004,3099065125.41623,1.35572857797827
ZAF,South Africa,2005,3566963815.37049,1.23481125272958
ZAF,South Africa,2006,3506139657.83314,1.15387200554978
ZAF,South Africa,2007,3525684243.6948,1.05851963686616
ZAF,South Africa,2008,3285925081.28339,1.03941759302272
ZAF,South Africa,2009,3592687702.02285,1.08950470906387
ZAF,South Africa,2010,4188168092.20321,1.00348106887351
ZAF,South Africa,2011,4594154077.94655,1.00265340405471
ZAF,South Africa,2012,4489590095.94432,1.03352274081458
ZAF,South Africa,2013,4118208483.42734,1.02779402383821
ZAF,South Africa,2014,3892485091.06944,1.02189399625968
ZAF,South Africa,2015,3488867947.83997,1.00692862196088
ZAF,South Africa,2016,3139312128.41824,0.971046764986093
ZAF,South Africa,2017,3591507613.36993,0.943568494750462
ZAF,South Africa,2018,3622918742.55151,0.894757064750116
ZAF,South Africa,2019,3435429787.52855,0.882430271670915
ZAF,South Africa,2020,3231017731.35778,0.956510732317856
ZAF,South Africa,2021,3392816053.05901,0.805965112062888
ZAF,South Africa,2022,3247390718.21223,0.798457056094626
ZAF,South Africa,2023,2876466038.91346,0.754561053349382
ZAF,South Africa,2024,2835956043.23652,0.700150834276412
ZAF,South Africa,2025,,
ZMB,Zambia,1960,,
ZMB,Zambia,1961,,
ZMB,Zambia,1962,,
ZMB,Zambia,1963,,
ZMB,Zambia,1964,,
ZMB,Zambia,1965,,
ZMB,Zambia,1966,,
ZMB,Zambia,1967,,
ZMB,Zambia,1968,,
ZMB,Zambia,1969,,
ZMB,Zambia,1970,,
ZMB,Zambia,1971,,
ZMB,Zambia,1972,,
ZMB,Zambia,1973,,
ZMB,Zambia,1974,,
ZMB,Zambia,1975,,
ZMB,Zambia,1976,,
ZMB,Zambia,1977,,
ZMB,Zambia,1978,,
ZMB,Zambia,1979,,
ZMB,Zambia,1980,,
ZMB,Zambia,1981,,
ZMB,Zambia,1982,,
ZMB,Zambia,1983,,
ZMB,Zambia,1984,81624098.9637049,3.00141959034679
ZMB,Zambia,1985,53190811.6854162,2.36145873103409
ZMB,Zambia,1986,61629720.9329199,3.66412213740458
ZMB,Zambia,1987,66915490.0430381,3.22068519192655
ZMB,Zambia,1988,86740656.3255351,2.38834408143687
ZMB,Zambia,1989,167587250.338432,4.19526940334752
ZMB,Zambia,1990,139324047.264528,3.41082508884576
ZMB,Zambia,1991,86247306.2220276,2.3374458851178
ZMB,Zambia,1992,97756279.9772376,2.7050497634892
ZMB,Zambia,1993,51128294.4940289,1.42939824259298
ZMB,Zambia,1994,62869469.9949654,1.71924538560915
ZMB,Zambia,1995,55265536.3439526,1.45168841419497
ZMB,Zambia,1996,37835913.5690041,1.0518095531385
ZMB,Zambia,1997,43362495.2453404,1.00766103765507
ZMB,Zambia,1998,,
ZMB,Zambia,1999,56113432.8858217,1.64831846043945
ZMB,Zambia,2000,,
ZMB,Zambia,2001,,
ZMB,Zambia,2002,,
ZMB,Zambia,2003,,
ZMB,Zambia,2004,98349404.0444623,1.58089960446516
ZMB,Zambia,2005,139509353.646242,1.84832294449392
ZMB,Zambia,2006,205852231.56919,1.7439454502704
ZMB,Zambia,2007,232278664.441402,2.06370699223085
ZMB,Zambia,2008,278055135.810511,2.08008787697224
ZMB,Zambia,2009,220962285.800349,1.73163534710359
ZMB,Zambia,2010,280187778.551387,1.38259276517524
ZMB,Zambia,2011,309113764.151856,1.3176391076812
ZMB,Zambia,2012,346301423.09,1.3578688500397
ZMB,Zambia,2013,381345802.082696,1.35973638684875
ZMB,Zambia,2014,443604666.534936,1.6338689575111
ZMB,Zambia,2015,372447569.820527,1.75323445099498
ZMB,Zambia,2016,299504759.876729,1.42930472392762
ZMB,Zambia,2017,339664531.368041,1.30136750851783
ZMB,Zambia,2018,378025430.958942,1.43749939178333
ZMB,Zambia,2019,292072462.646125,1.25568409370479
ZMB,Zambia,2020,212142427.391566,1.16572196732911
ZMB,Zambia,2021,217577244.72933,0.982237890875063
ZMB,Zambia,2022,326078759.598148,1.1165478995702
ZMB,Zambia,2023,377172056.162625,1.33879038934617
ZMB,Zambia,2024,349668209.787907,1.33268361976463
ZMB,Zambia,2025,,
ZWE,Zimbabwe,1960,,
ZWE,Zimbabwe,1961,,
ZWE,Zimbabwe,1962,,
ZWE,Zimbabwe,1963,,
ZWE,Zimbabwe,1964,12650000.0,1.03935584586312
ZWE,Zimbabwe,1965,15600000.0,1.18956840018301
ZWE,Zimbabwe,1966,16950000.0,1.32246235468518
ZWE,Zimbabwe,1967,19000000.0,1.36005726556908
ZWE,Zimbabwe,1968,30600000.0,2.06812652068127
ZWE,Zimbabwe,1969,42350000.0,2.42276887871854
ZWE,Zimbabwe,1970,45950000.0,2.43870077486466
ZWE,Zimbabwe,1971,49850000.0,2.28806168816267
ZWE,Zimbabwe,1972,58450000.0,2.18284348508048
ZWE,Zimbabwe,1973,86900000.0,2.62585362905663
ZWE,Zimbabwe,1974,118550000.0,2.97699763949576
ZWE,Zimbabwe,1975,148600000.0,3.39944638894608
ZWE,Zimbabwe,1976,199800000.0,4.62671359762875
ZWE,Zimbabwe,1977,285350000.0,6.53812666116763
ZWE,Zimbabwe,1978,347750000.0,7.99131353984741
ZWE,Zimbabwe,1979,441150000.0,8.52052148720425
ZWE,Zimbabwe,1980,442750000.0,6.62908562787285
ZWE,Zimbabwe,1981,389700000.0,4.86431834635644
ZWE,Zimbabwe,1982,437450000.0,5.12254528847618
ZWE,Zimbabwe,1983,431750000.0,5.56085058152265
ZWE,Zimbabwe,1984,360650000.0,5.67764991105304
ZWE,Zimbabwe,1985,309300000.0,5.48666915012506
ZWE,Zimbabwe,1986,342200000.0,5.5038198632891
ZWE,Zimbabwe,1987,392600000.0,5.82388892185368
ZWE,Zimbabwe,1988,407050000.0,5.20870655678968
ZWE,Zimbabwe,1989,408600000.0,4.93103073748235
ZWE,Zimbabwe,1990,416300000.0,4.10390378548896
ZWE,Zimbabwe,1991,376050000.0,3.97936507936508
ZWE,Zimbabwe,1992,296350000.0,3.80277171820865
ZWE,Zimbabwe,1993,249800000.0,3.30030387105298
ZWE,Zimbabwe,1994,247900000.0,3.11471290363111
ZWE,Zimbabwe,1995,262900000.0,3.18165315260801
ZWE,Zimbabwe,1996,291650000.0,2.88277157260057
ZWE,Zimbabwe,1997,311400000.0,2.99826689774697
ZWE,Zimbabwe,1998,,
ZWE,Zimbabwe,1999,263400000.0,2.23808309966862
ZWE,Zimbabwe,2000,346300000.0,3.05379188712522
ZWE,Zimbabwe,2001,286700000.0,2.54980434009249
ZWE,Zimbabwe,2002,677000000.0,6.30647414997671
ZWE,Zimbabwe,2003,194800000.0,2.03467725088782
ZWE,Zimbabwe,2004,256100000.0,2.70575805599577
ZWE,Zimbabwe,2005,131400000.0,1.45257572407694
ZWE,Zimbabwe,2006,161700000.0,1.98624247635426
ZWE,Zimbabwe,2007,,
ZWE,Zimbabwe,2008,,
ZWE,Zimbabwe,2009,,
ZWE,Zimbabwe,2010,98293000.0,0.816251453246969
ZWE,Zimbabwe,2011,198438000.0,1.407162104666
ZWE,Zimbabwe,2012,318272000.0,1.85949988315027
ZWE,Zimbabwe,2013,356700000.0,1.86822395642382
ZWE,Zimbabwe,2014,368100000.0,1.88778911739064
ZWE,Zimbabwe,2015,376677000.0,1.88630877860684
ZWE,Zimbabwe,2016,358065000.0,1.74198491851131
ZWE,Zimbabwe,2017,340522000.0,1.47256736668559
ZWE,Zimbabwe,2018,420364000.0,1.17941734860884
ZWE,Zimbabwe,2019,546939000.0,0.653123880490076
ZWE,Zimbabwe,2020,242179591.836735,0.974989311324521
ZWE,Zimbabwe,2021,473945274.725275,1.56777878168608
ZWE,Zimbabwe,2022,332717337.278107,0.994988109351456
ZWE,Zimbabwe,2023,870433537.886873,0.209793581326229
ZWE,Zimbabwe,2024,98394292.7162675,0.351195023855751
ZWE,Zimbabwe,2025,,
